# C0-terminated main-dialogue review catalog; generated from the verified Japanese ROM.
# id	file offset	length	raw bytes	Japanese	Korean translation	status
C0-05806C	0x05806C	0021	D7 C3 02 DC 07 20 7E 7E 7E 7E 7E 7E 7E 7E 7E CD DC 00 20 3B 3C 50 42 20 80 E8 80 E9 53 60 3D 0A 1F	[DFT][PAL:02][NXT]ず ·········\n[NXT]が あいにく 留守のようだ˳		pending
C0-0580FE	0x0580FE	0042	D0 1E 00 02 41 28 02 D0 30 00 02 01 02 1A 39 01 15 81 02 1D 1A 81 6B 02 1D 41 81 6B D7 20 C2 00 54 CD 20 D4 1D 47 4E D5 53 80 1C 67 20 53 09 3C 4A CD 20 0A 00 80 EA 5D 80 31 6E 4D 3C 4F 40 6E 4A 1F	[CLR]ˎがぐきHぐ[CLR]PがぐぎぐぴYぎび子ぽぴ造ぐぽき造[DFT] [NAM:00]は\n [KATAKANA]ポスト[HIRAGANA]の中を のぞいた\n だが何も入っていなかった˳		pending
C0-058141	0x058141	007E	D7 20 C2 00 54 CD 20 D4 1D 47 4E D5 53 80 1C 67 20 53 09 3C 4A CD C9 0A 20 D4 1D 47 4E D5 53 80 1C 50 54 CD C3 03 20 D4 61 16 64 4A 73 D5 C3 00 00 20 80 31 6E 4D 3C 4A 7D D1 C3 02 20 D4 1D 65 68 D5 45 68 20 3B 4F 4A 54 80 CE 53 80 EB 80 EC 0A CD 20 80 CE 54 20 49 53 80 EB 80 EC 67 CD 20 3C 4C 0D 5D 20 5A 4C 5C 4D 3C 4A 3C 4E 80 7A 3D CD CE 12 3B 4F 4A 53 D4 56 69 68 D5 60 62	[DFT] [NAM:00]は\n [KATAKANA]ポスト[HIRAGANA]の中を のぞいた\n[PAU:0A] [KATAKANA]ポスト[HIRAGANA]の中には\n[PAL:03] [KATAKANA]ラブレター[HIRAGANA][PAL:00]が 入っていた![FIN][PAL:02] [KATAKANA]ポロン[HIRAGANA]さん あなたは私の太陽だ\n 私は その太陽を\n いつでも みつめていたいと思う\n[SKP:12]あなたの[KATAKANA]ファン[HIRAGANA]より		pending
C0-0581C0	0x0581C0	0049	D7 E0 01 C2 00 20 41 44 3E 63 0F CD C9 14 80 26 20 3F 4E 3D 45 59 00 20 44 44 50 CD 80 10 4D 3C 63 68 0A 43 0E 7E 7E 7E D1 4E 50 40 42 20 80 ED 80 EE 3F 3D 4B 50 CD 80 EF 6E 4D 41 4D 4B 71 3D 0A 3C CD 3F 52 00 3C 60 1F	[DFT][E2:01C2]が きこえる?\n[PAU:14]今 おとうさまが ここに\n来ているんだけど···[FIN]とにかく 一度おうちに\n帰ってきてちょうだい\nおねがいよ˳		pending
C0-05828C	0x05828C	0034	D7 C3 02 20 20 20 D4 42 62 47 1A 73 D5 53 80 F0 CD CD 20 3B 4F 4A 53 20 42 61 46 67 3F 4A 47 43 47 63 CD 20 17 68 62 4F 20 80 5F 80 A3 80 A4 0D 47 1F C3 00	[DFT][PAL:02]   [KATAKANA]クリスピー[HIRAGANA]の店\n\n あなたの くらしをおたすけする\n べんりな 道具屋です˳[PAL:00]		pending
C0-0582C1	0x0582C1	0056	D7 10 80 99 53 80 F1 80 F2 50 C3 02 D4 54 6E 40 73 D5 C3 00 4E 4F 53 63 CD 20 3B 5E 46 3C 80 46 80 F3 00 20 80 F4 64 4D 3C 59 47 CD 20 56 46 68 4F 80 46 80 6D 67 80 54 40 43 59 46 4A 61 CD 20 80 3C 80 F5 67 7D 20 20 20 20 D4 65 44 44 80 99 80 A1 80 A2 D5 11	[DFT]┌町の近辺に[PAL:02][KATAKANA]ハッカー[HIRAGANA][PAL:00]となのる\n あやしい人々が 現れています\n ふしんな人物を見かけましたら\n 通報を!    [KATAKANA]ロココ町警察[HIRAGANA]┘		pending
C0-058318	0x058318	004B	D7 C3 02 20 10 80 99 80 F6 80 18 40 61 53 3F 46 61 48 11 CD 20 80 BD 80 59 53 80 65 46 68 0D 20 80 AE 53 80 F1 42 54 CD 20 80 64 80 F7 42 07 64 53 80 F8 80 34 00 3B 62 59 47 CD 20 80 F9 80 31 62 67 55 40 3E 4D 42 0A 45 3C 1F	[DFT][PAL:02] ┌町役場からのおしらせ┘\n 先日の地しんで 河の近くは\n 土砂くずれの危険があります\n 立入りをひかえてください˳		pending
C0-058364	0x058364	0054	D7 C3 02 20 10 80 99 80 F6 80 18 40 61 53 3F 46 61 48 11 CD 20 80 88 80 FA 80 27 80 14 80 55 20 D4 1C 6E 19 73 D5 45 68 00 CD 20 D4 54 6E 40 73 80 FB 80 FC D5 53 4A 5C 20 80 10 80 FD 7D CD 20 80 99 80 82 4E 20 80 D8 80 FE 4F 45 63 80 FF 81 00 0D 47 1F	[DFT][PAL:02] ┌町役場からのおしらせ┘\n 天才発明家 [KATAKANA]ペッパー[HIRAGANA]さんが\n [KATAKANA]ハッカー対策[HIRAGANA]のため 来訪!\n 町長と 会談なさる予定です˳		pending
C0-0583B9	0x0583B9	0051	D7 C3 02 20 10 80 99 80 F6 80 18 40 61 53 3F 52 00 3C 11 CD 20 80 AE 80 AF 53 0E 3D 42 4C 50 20 81 01 15 50 80 1E 6E 4A CD 20 81 02 81 03 4A 4B 00 80 1E 81 04 80 60 80 14 50 4F 6E 4D 59 47 CD 20 49 3D 45 42 50 20 04 81 05 80 32 42 0A 45 3C 1F	[DFT][PAL:02] ┌町役場からのおねがい┘\n 河原のどうくつに 遊びに行った\n 子供たちが行方不明になってます\n そうさくに ご協力ください˳		pending
C0-05840B	0x05840B	0086	D7 C3 02 20 10 80 99 80 F6 80 18 40 61 53 3F 46 61 48 11 CD 20 80 BD 80 59 20 80 1E 81 04 80 60 80 14 50 4F 6E 4D 3C 4A CD 20 81 02 81 03 4A 4B 54 20 D4 65 44 44 80 99 D5 50 47 5B CD 20 80 27 80 14 80 55 C2 00 45 68 53 80 36 0D D1 20 16 06 20 80 9A 43 61 64 59 46 4A CD 20 4F 3F 20 C2 00 45 68 50 54 CD 20 80 99 80 82 40 61 20 58 3D 46 71 3D 81 06 00 CD 20 80 36 66 4A 45 64 63 20 80 FF 81 00 0D 47 1F	[DFT][PAL:02] ┌町役場からのおしらせ┘\n 先日 行方不明になっていた\n 子供たちは [KATAKANA]ロココ町[HIRAGANA]にすむ\n 発明家[NAM:00]さんの手で[FIN] ぶじ 助けられました\n なお [NAM:00]さんには\n 町長から ほうしょう金が\n 手わたされる 予定です˳		pending
C0-058743	0x058743	01C6	D7 10 44 68 50 4B 54 20 D4 5A 68 4E D5 0D 47 CD 20 81 1D 80 F1 44 53 80 99 50 4E 4C 08 68 3B 61 66 64 4A CD 20 D4 54 6E 40 73 D5 53 20 81 1E 53 80 8F 81 1F 4E 54 0F 7D CD 20 49 53 80 ED 80 79 00 20 3B 41 61 40 50 4F 6E 4A 66 D1 20 81 20 61 54 20 C3 02 D4 4D 6A 3B 4E 65 68 D5 C3 00 4E 3C 3D 80 75 67 CD 20 45 00 46 4D 3C 63 61 46 3C 53 60 CD 20 0D 5D 20 49 53 80 75 53 81 21 81 22 54 59 0A CD 20 54 6E 41 62 4E 54 20 66 40 61 4F 3C 66 D1 20 59 0A 20 D4 54 6E 40 73 D5 50 4C 3C 4D 54 CD 20 80 60 80 14 4F 44 4E 00 20 81 23 3C 43 0E CD 20 55 41 4C 0C 41 20 44 53 81 18 81 19 54 CD 20 5E 6E 4D 3C 42 4C 5D 62 60 D1 D3 2B 87 D7 10 44 68 50 4B 54 20 D4 5A 68 4E D5 0D 47 CD 20 4F 68 4E 20 80 99 80 82 80 CD 80 38 53 D4 65 73 07 D5 45 68 54 CD 20 3B 53 D4 54 6E 40 73 D5 53 80 ED 80 98 0A 6E 4A 44 4E 00 CD 20 3B 41 61 40 50 4F 6E 4A 66 7D D1 20 49 64 50 D4 54 6E 40 73 D5 53 80 36 50 60 6E 4D CD 20 80 D9 80 6D 53 80 99 80 82 54 20 40 68 41 68 45 64 CD 20 50 48 5D 53 00 20 80 99 80 82 53 40 66 62 50 CD 20 80 99 80 82 53 81 09 80 56 67 80 1E 6E 4D 3C 4A 53 60 D1 20 D4 65 44 44 80 99 D5 67 D4 54 6E 40 73 D5 53 80 36 40 61 CD 20 81 9C 6E 4A 53 54 20 D4 65 44 44 80 99 80 8A 80 DD D5 53 CD 20 C2 00 42 68 7D CD 20 81 20 53 80 36 0D 20 80 99 80 82 5D 81 9C 80 45 45 64 4A 66 D1 D3 D5 87 C3 03 20 D4 65 44 44 80 99 80 56 81 24 81 25 81 26 D5 20 D4 5A 68 4E D5 C3 00 11	[DFT]┌こんにちは [KATAKANA]ミント[HIRAGANA]です\n 最近この町にとつぜんあらわれた\n [KATAKANA]ハッカー[HIRAGANA]の 真の目的とは?!\n その一部が あきらかになったわ[FIN] 彼らは [PAL:02][KATAKANA]ティアトロン[HIRAGANA][PAL:00]という石を\n さがしているらしいのよ\n でも その石の正体はまだ\n はっきりとは わからないわ[FIN] まだ [KATAKANA]ハッカー[HIRAGANA]については\n 不明なことが 多いけど\n ひきつづき この取材は\n やっていくつもりよ[FIN][JMP]K[BYTE:87][DFT]┌こんにちは [KATAKANA]ミント[HIRAGANA]です\n なんと 町長秘書の[KATAKANA]ローズ[HIRAGANA]さんは\n あの[KATAKANA]ハッカー[HIRAGANA]の一員だったことが\n あきらかになったわ![FIN] それに[KATAKANA]ハッカー[HIRAGANA]の手によって\n 本物の町長は かんきんされ\n にせものが 町長のかわりに\n 町長の仕事を行っていたのよ[FIN] [KATAKANA]ロココ町[HIRAGANA]を[KATAKANA]ハッカー[HIRAGANA]の手から\n 救ったのは [KATAKANA]ロココ町在住[HIRAGANA]の\n [NAM:00]くん!\n 彼の手で 町長も救出されたわ[FIN][JMP][HIRAGANA][BYTE:87][PAL:03] [KATAKANA]ロココ町事件記者[HIRAGANA] [KATAKANA]ミント[HIRAGANA][PAL:00]┘		pending
C0-058AA3	0x058AA3	007B	D7 50 3C 4B 6F 68 20 49 53 80 55 50 CD 55 6E 44 46 4D 41 4A 68 0A 65 0F CD 06 6F 3B 20 44 53 80 99 67 80 63 42 80 B0 80 D9 67 CD D4 18 42 D5 00 81 1A 81 27 50 20 80 DB 3E 4E 3C 4D 5E 63 60 D1 80 46 53 80 55 50 80 31 63 80 87 54 C3 02 E2 80 00 D4 18 4A 68 D5 0D CD D4 4B 6F 3C 5B D5 67 4F 61 47 C3 00 68 0A 08 CD CD 81 28 4F 61 20 55 6E 44 46 49 14 0D 3C 3C 40 61 4F 1F	[DFT]にいちゃん その家に\nひっこしてきたんだろ?\nじゃあ この町を步く幽本を\n[KATAKANA]ボク[HIRAGANA]が特別に 教えといてやるよ[FIN]人の家に入る時は[PAL:02][CMD:E2]名[KATAKANA]ボタン[HIRAGANA]で\n[KATAKANA]チャイム[HIRAGANA]をならす[PAL:00]んだぜ\n\n礼なら ひっこしそばでいいからな˳		pending
C0-058B1F	0x058B1F	001E	D7 80 26 20 81 01 15 50 80 1E 42 81 29 80 FE 46 4D 63 53 CD 3B 6E 4B 80 1E 6E 4D 4D 60 1F	[DFT]今 遊びに行く相談してるの\nあっち行っててよ˳		pending
C0-058B3E	0x058B3E	0035	D7 44 53 3B 3C 0A 54 20 3B 62 00 4E 3D CD 80 50 4F 81 2A 0A 4E 80 7A 6E 4D 4A 68 0A 43 0E CD 50 3C 4B 6F 68 6E 4D CD 43 6E 44 3D 4A 60 62 50 4F 63 06 6F 68 7D	[DFT]このあいだは ありがとう\n変な奴だと思ってたんだけど\nにいちゃんって\nけっこうたよりになるじゃん!		pending
C0-058B74	0x058B74	0029	D7 3E 0F 44 53 81 2B 53 80 27 80 14 80 8C 67 81 6C 48 0F CD 5E D4 73 D5 0A 60 CD 0A 6E 4D 20 80 21 81 2D 3C 68 0A 5D 68 1F	[DFT]え?この間の発明品を返せ?\nや[KATAKANA]ー[HIRAGANA]だよ\nだって 面白いんだもん˳		pending
C0-058BA8	0x058BA8	006F	D7 3D 7E C9 1E 3D 66 D4 73 D5 68 20 04 5C 68 4F 45 3C 7D CD 5D 3D 20 66 63 45 46 4F 3C 60 6D 6E 7D CD 44 64 5D 20 81 6C 46 59 47 6B 6E 7D 7D D1 20 C2 00 54 20 C3 02 15 6E 42 62 D4 58 73 68 D5 C3 00 67 CD 20 4E 62 40 3E 46 4A 7D CC D7 18 7E 18 42 20 5D 3D 3C 4A 07 61 54 CD 3B 59 62 46 4F 3C 44 4E 50 46 4A 68 0A CD 58 68 4E 0A 60 7D	[DFT]う·[PAU:1E]うわ[KATAKANA]ー[HIRAGANA]ん ごめんなさい!\nもう わるさしないよぉっ!\nこれも 返しますぅっ!![FIN] [NAM:00]は [PAL:02]びっくり[KATAKANA]ホーン[HIRAGANA][PAL:00]を\n とりかえした![TER][DFT]ぼ·ぼく もういたずらは\nあまりしないことにしたんだ\nほんとだよ!		pending
C0-058C86	0x058C86	003F	D7 47 03 3E 20 80 43 41 4F 80 7C 00 CD 80 AE 80 AF 53 81 04 50 3F 4B 4A 68 0A 08 6E 7D 7D CD 41 6E 4E 3B 64 20 35 26 2F 0A 60 7D CD 80 54 50 80 1E 41 4A 3C 4F 3B C9 1E 20 42 D4 73 D5 6E 7D	[DFT]すげえ 大きな光が\n河原の方におちたんだぜっ!!\nきっとあれ UFOだよ!\n見に行きたいなあ[PAU:1E] く[KATAKANA]ー[HIRAGANA]っ!		pending
C0-058DB6	0x058DB6	003F	D7 81 2C 53 80 A5 0D 20 3C 52 5B 62 46 4D 63 CD 06 3C 4B 6F 68 53 80 52 6E 4D 20 80 21 81 2D 3C 68 0A 08 CD 41 3C 4A 44 4E 3B 63 0F CD 3C 65 68 4F 20 81 2E 80 52 67 46 4D 42 64 63 68 0A 1F	[DFT]木の下で いねむりしてる\nじいちゃんの話って 面白いんだぜ\nきいたことある?\nいろんな 昔話をしてくれるんだ˳		pending
C0-058DF6	0x058DF6	0034	D7 18 42 4A 4B CD 80 33 80 34 53 80 04 80 20 67 81 2F 6E 4D 3C 63 68 0A CD 0D 5D 20 42 66 46 3C 44 4E 54 CD 80 DB 3E 4D 3B 03 4F 3C 60 20 C9 1E 56 56 68 1F	[DFT]ぼくたち\n冒険の計画を練っているんだ\nでも くわしいことは\n教えてあげないよ [PAU:1E]ふふん˳		pending
C0-058E2B	0x058E2B	0039	D7 D4 40 73 63 D5 00 20 D4 54 6E 40 73 D5 53 D4 3B 06 4E D5 67 CD 45 00 46 50 80 1E 44 3D 6E 4D 81 10 3C 0A 46 4A 68 0A CD 80 42 3C 53 54 20 D4 18 42 D5 06 6F 4F 3C 60 7D	[DFT][KATAKANA]カール[HIRAGANA]が [KATAKANA]ハッカー[HIRAGANA]の[KATAKANA]アジト[HIRAGANA]を\nさがしに行こうって言いだしたんだ\n悪いのは [KATAKANA]ボク[HIRAGANA]じゃないよ!		pending
C0-058E65	0x058E65	0056	D7 3E 0F D4 40 73 63 D5 0F 81 0E 61 4F 3C 60 CD 59 0A 20 0E 3D 42 4C 0D CD 55 4E 62 0D CD 00 68 14 6E 4D 3C 63 40 5D 46 64 4F 3C 08 D1 3B 3C 4C 20 08 6E 4A 3C 50 CD D4 54 6E 40 73 D5 53 D4 3B 06 4E D5 67 20 45 00 47 6E 4D CD 54 62 41 6E 4D 4A 5D 68 4F 3B 1F	[DFT]え?[KATAKANA]カール[HIRAGANA]?知らないよ\nまだ どうくつで\nひとりで\nがんばっているかもしれないぜ[FIN]あいつ ぜったいに\n[KATAKANA]ハッカー[HIRAGANA]の[KATAKANA]アジト[HIRAGANA]を さがすって\nはりきってたもんなあ˳		pending
C0-058EBC	0x058EBC	0040	D7 80 26 80 EE 54 20 D4 18 42 D5 4A 4B CD 80 B7 3C 53 80 5D 53 80 BD 50 3B 63 6E 4D 3C 3D CD C3 02 80 B8 80 B9 5E 46 41 C3 00 50 20 4A 68 43 68 50 CD 80 1E 44 3D 40 4E 80 7A 6E 4D 63 68 0A 1F	[DFT]今度は [KATAKANA]ボク[HIRAGANA]たち\n迷いの森の先にあるっていう\n[PAL:02]幽霊やしき[PAL:00]に たんけんに\n行こうかと思ってるんだ˳		pending
C0-058EFD	0x058EFD	003A	D7 3E 0F 44 53 81 2B 5D 61 6E 4A 20 80 27 80 14 80 8C 0F CD 06 6F 68 43 68 50 82 03 43 4D CD 80 99 53 80 31 80 A8 50 3C 63 81 02 50 CD 4E 61 64 4B 6F 6E 4A 68 0A 7E 7E 7E 1F	[DFT]え?この間もらった 発明品?\nじゃんけんに負けて\n町の入口にいる子に\nとられちゃったんだ···˳		pending
C0-059091	0x059091	002D	D7 3F 80 01 20 81 0E 6E 4D 63 40 0F CD E2 00 80 D4 18 4A 68 D5 67 20 3F 46 4F 00 61 80 63 42 4E CD 81 30 42 20 80 63 43 63 68 0A 09 7D	[DFT]お前 知ってるか?\n[CMD:E2]が雪ぼたん[HIRAGANA]を おしながら步くと\n早く 步けるんだぞ!		pending
C0-0590BF	0x0590BF	003F	D7 80 99 80 82 50 20 80 D8 3C 50 80 1E 42 68 0A 65 0F CD 0A 6E 4A 61 20 81 31 67 4C 64 4D 80 1E 42 4E CD 60 65 44 16 4E 80 7A 3D 60 CD 80 99 80 82 54 20 81 31 00 80 43 81 0B 41 4F 68 0A 1F	[DFT]町長に 会いに行くんだろ?\nだったら 犬をつれて行くと\nよろこぶと思うよ\n町長は 犬が大好きなんだ˳		pending
C0-0590FF	0x0590FF	003A	D7 80 D9 81 15 50 20 80 99 80 82 50 80 D8 3D 53 50 CD 81 31 67 20 4C 64 4D 80 1E 6E 4A 53 0F CD 50 3C 4B 6F 68 6E 4D CD 0A 59 45 64 5E 47 3C 68 0A 52 20 C9 1E 56 56 68 6E 1F	[DFT]本当に 町長に会うのに\n犬を つれて行ったの?\nにいちゃんって\nだまされやすいんだね [PAU:1E]ふふんっ˳		pending
C0-05913A	0x05913A	0029	D7 4F 68 0A 60 3F CD 80 26 20 81 32 80 43 80 D8 80 7B 80 1C 4F 68 0A 60 CD 80 52 0A 6E 4A 61 20 81 33 50 46 4D 42 64 60 1F	[DFT]なんだよお\n今 重大会誄中なんだよ\n話だったら 後にしてくれよ˳		pending
C0-059164	0x059164	0037	D7 3B 7D 80 27 80 14 80 55 53 50 3C 4B 6F 68 0A 7D CD 80 27 80 14 80 55 6E 4D 20 47 04 3C 68 0A 52 3E 7D CD 3B 44 00 64 4B 6F 3D 4F D4 73 D5 CD D4 0E 41 0E 41 D5 1F	[DFT]あ!発明家のにいちゃんだ!\n発明家って すごいんだねえ!\nあこがれちゃうな[KATAKANA]ー[HIRAGANA]\n[KATAKANA]ドキドキ[HIRAGANA]˳		pending
C0-059216	0x059216	0086	D7 58 3F 20 C9 1E 18 3D 5E 00 20 D4 3B 41 54 14 61 D5 45 68 53 CD 80 E3 81 02 45 68 40 52 0F CD D4 3B 41 54 14 61 D5 45 68 5D 20 81 34 80 01 54 CD 44 53 80 99 50 20 80 DD 68 0D 3F 6E 4A 68 0A 60 D1 4F 68 0D 5D 20 80 27 80 14 4E 40 50 81 12 81 13 46 4D CD 80 43 45 66 01 50 4F 6E 4A 44 4E 00 3B 6E 4D 4F CD C9 1E 49 64 40 61 20 80 99 40 61 54 4F 64 4A 80 3B 50 CD 3D 4C 62 4F 45 6E 4A 60 3D 0A 00 4F 1F	[DFT]ほお [PAU:1E]ぼうやが [KATAKANA]アキハバラ[HIRAGANA]さんの\n息子さんかね?\n[KATAKANA]アキハバラ[HIRAGANA]さんも 以前は\nこの町に 住んでおったんだよ[FIN]なんでも 発明とかに失敗して\n大さわぎになったことがあってな\n[PAU:1E]それから 町からはなれた所に\nうつりなさったようだがな˳		pending
C0-05929D	0x05929D	0027	D7 59 3B 20 81 35 3C 3D 4B 54 CD 81 12 81 13 67 3F 49 64 07 50 20 3C 65 3C 65 4E CD 5E 6E 4D 5A 63 44 4E 06 6F 60 1F	[DFT]まあ 若いうちは\n失敗をおそれずに いろいろと\nやってみることじゃよ˳		pending
C0-0592C5	0x0592C5	0064	D7 3C 3C 80 88 80 89 06 6F 53 3F 20 18 3D 5E CD 80 52 0D 5D 46 4D 3C 40 68 40 52 0F CD 20 3D 68 20 80 52 49 3D CD 20 80 26 54 20 3C 3C 60 CC D7 3E 0F 4F 68 0D 81 C1 50 51 64 4D 63 40 6E 4D 0F CD 58 64 20 60 42 3C 3D 06 6F 65 CD 80 A6 5D 46 4A 4A 63 20 3C 3C 81 3E 4E 4F CD 58 6E 58 6E 58 6E 58 6E 1F	[DFT]いい天気じゃのお ぼうや\n話でもしていかんかね?\n うん 話そう\n 今は いいよ[TER][DFT]え?なんで雨にぬれてるかって?\nほれ よくいうじゃろ\n水もしたたる いい男とな\nほっほっほっほっ˳		pending
C0-05932A	0x05932A	0076	D0 18 3D 5E 50 20 3C 3C 44 4E 67 CD 80 DB 3E 4D 3F 3C 4D 5E 65 3D CD D4 48 73 16 0D 73 4A D5 67 20 D4 65 73 0E D5 46 4A 80 87 CD 40 61 0A 00 20 81 B5 5C 4C 47 63 06 6F 65 0F D1 3B 53 80 87 54 20 C3 02 81 48 80 53 80 40 80 41 C3 00 4F 68 06 6F 60 CD 80 53 50 20 40 44 59 64 4A 62 46 4A 61 CD 49 53 47 41 50 20 47 14 5E 42 CD 50 03 0A 47 44 4E 06 6F 4F 1F	[CLR]ぼうやに いいことを\n教えておいてやろう\n[KATAKANA]セーブデータ[HIRAGANA]を [KATAKANA]ロード[HIRAGANA]した時\nからだが 点めつするじゃろ?[FIN]あの時は [PAL:02]無敵状態[PAL:00]なんじゃよ\n敵に かこまれたりしたら\nそのすきに すばやく\nにげだすことじゃな˳		pending
C0-0593A1	0x0593A1	0012	D0 49 3D 40 7E 7E 7E CD 45 15 46 3C 53 3F 7E 7E 7E 1F	[CLR]そうか···\nさびしいのお···˳		pending
C0-0593B4	0x0593B4	001A	D7 DC 09 7E 7E 7E 7E 7E 7E DC 00 54 4D 0F CD 0A 64 40 20 60 68 0A 40 53 3D 0F	[DFT][NXT]ぞ······[NXT]がはて?\nだれか よんだかのう?		pending
C0-0593CF	0x0593CF	0014	D7 58 3F 20 52 07 5A 40 CD 40 66 3C 3C 5D 68 06 6F 53 3F 1F	[DFT]ほお ねずみか\nかわいいもんじゃのお˳		pending
C0-059562	0x059562	0095	D7 5B 5B 6E 20 3F 80 01 00 CD D4 3B 41 54 14 61 D5 53 80 E3 81 02 40 0F CD 80 26 80 EE CD 44 53 80 99 50 44 46 4D 41 4A 49 3D 0A 4F D1 3F 80 01 53 20 3F 5E 06 50 54 CD 80 27 80 14 80 8C 4E 40 3C 3D CD 4E 68 0D 5D 4F 3C 5D 53 53 3F 40 03 0D CD 80 B7 81 3B 67 20 40 43 61 64 4A 60 D1 3F 80 01 59 0D 20 80 99 53 80 46 4A 4B 50 CD 5C 3C 66 42 67 40 43 4A 61 CD 81 02 81 03 0D 5D 20 60 3D 46 6F 46 4F 3C 09 CD 42 64 02 64 5D 20 80 89 67 4C 43 65 60 7D	[DFT]むむっ お前が\n[KATAKANA]アキハバラ[HIRAGANA]の息子か?\n今度\nこの町にこしてきたそうだな[FIN]お前の おやじには\n発明品とかいう\nとんでもないもののおかげで\n迷惑を かけられたよ[FIN]お前まで 町の人たちに\nめいわくをかけたら\n子供でも ようしゃしないぞ\nくれぐれも 気をつけろよ!		pending
C0-0595F8	0x0595F8	003C	D7 3F 4E 4F 46 42 46 4D 3C 63 40 0F CD 4F 50 46 65 20 3F 80 01 53 3F 5E 06 54 CD 3C 65 3C 65 20 81 39 81 08 67 3F 44 46 4A 40 61 4F CD 3F 80 01 5D 20 5F 0A 68 0D 41 5E 46 4F 3C 1F	[DFT]おとなしくしているか?\nなにしろ お前のおやじは\nいろいろ 問題をおこしたからな\nお前も ゆだんできやしない˳		pending
C0-059635	0x059635	002A	D7 5B 6E 7E 7E 7E CD 0E 3D 5E 61 20 3F 80 01 54 CD 3F 5E 06 60 62 54 20 81 23 81 3A CD 80 F6 50 4A 4C 60 3D 06 6F 4F 3C 40 1F	[DFT]むっ···\nどうやら お前は\nおやじよりは 多少\n役にたつようじゃないか˳		pending
C0-059660	0x059660	006E	D8 7E 7E 7E 4E 3C 3D 44 4E 0D CD 04 80 B7 81 3B 67 20 3F 40 43 46 59 47 00 CD 81 02 81 03 4A 4B 53 20 80 D0 81 3C 50 CD 40 40 66 63 44 4E 0D 47 53 0D D1 60 65 46 42 20 04 81 05 80 32 42 0A 45 3C CD 4F 3F 20 80 AE 80 AF 54 80 F8 80 34 0D 47 53 0D CD 5A 4F 45 68 5D 20 3F 80 89 67 4C 43 4D CD C9 1E 0D 54 20 59 3C 62 59 46 71 3D 1F	[DF4]···ということで\nご迷惑を おかけしますが\n子供たちの 生命に\nかかわることですので[FIN]よろしく ご協力ください\nなお 河原は危険ですので\nみなさんも お気をつけて\n[PAU:1E]では まいりましょう˳		pending
C0-059748	0x059748	0033	D7 5B 5B 6E 7D CD 4F 68 0D 3F 59 3E 20 44 68 4F 80 3B 67 CD 56 61 56 61 46 4D 3C 63 68 0A 6E 7D 0F CD C9 1E 45 6E 45 4E 20 65 3D 5E 50 5D 0E 64 6E 7D 7D	[DFT]むむっ!\nなんでおまえ こんな所を\nふらふらしているんだっ!?\n[PAU:1E]さっさと ろうやにもどれっ!!		pending
C0-05977C	0x05977C	0059	D7 5B 5B 6E 7D C9 28 3F 4A 07 52 81 26 53 CD C2 00 06 6F 4F 3C 40 6E 7D D1 D3 B9 A5 D7 7E 7E 7E 80 52 54 20 41 3C 4A 60 CD 80 56 82 33 54 0E 3D 3B 64 20 81 48 80 1D 53 80 46 67 CD 59 4B 00 3E 4D 20 4A 3C 58 46 4A 4F 68 4D CD 3F 64 54 20 82 33 43 4F 3C 60 7E 7E 7E 1F	[DFT]むむっ![PAU:28]おたずね者の\n[NAM:00]じゃないかっ![FIN][JMP][BYTE:B9][BYTE:A5][DFT]···話は きいたよ\n事情はどうあれ 無実の人を\nまちがえて たいほしたなんて\nおれは 情けないよ···˳		pending
C0-0597D6	0x0597D6	0040	D7 81 1D 80 F1 4F 3B 20 80 99 53 81 02 81 03 00 CD 80 50 4F D4 61 6E 19 D5 0D 20 80 99 53 80 46 50 CD 3C 4A 07 61 46 4D 3C 63 5A 4A 3C 4F 68 0A CD 4C 40 59 3E 4D 20 4E 6E 4B 5C 4F 3C 4E 4F 7D	[DFT]最近なあ 町の子供が\n変な[KATAKANA]ラッパ[HIRAGANA]で 町の人に\nいたずらしているみたいなんだ\nつかまえて とっちめないとな!		pending
C0-059817	0x059817	0046	D7 D4 61 6E 19 D5 0D 3C 4A 07 61 46 4D 3C 4A 81 02 81 03 5D CD 3C 4A 07 61 67 20 5E 5C 4A 60 3D 0A CD 5A 68 4F 00 20 80 4C 80 2F 53 80 42 3C 80 3B 67 81 21 48 14 CD 80 A1 80 A2 4F 68 4D 20 3C 61 4F 3C 60 4F 1F	[DFT][KATAKANA]ラッパ[HIRAGANA]でいたずらしていた子供も\nいたずらを やめたようだ\nみんなが 自分の悪い所を正せば\n警察なんて いらないよな˳		pending
C0-05985E	0x05985E	001D	D7 4F 7E 4F 68 0A 20 3F 59 3E 54 6E 7D CD 80 A1 80 A2 67 20 4F 5C 4D 3C 63 53 40 6E 7D	[DFT]な·なんだ おまえはっ!\n警察を なめているのかっ!		pending
C0-05987C	0x05987C	0030	D7 4F 68 0A 20 D4 52 07 5A D5 40 7E 7E 7E CD D4 52 07 5A D5 4E 3C 3E 0E 5D CD 80 42 45 67 46 4A 61 CD 60 3D 46 6F 54 20 46 4F 3C 40 61 4F 6E 7D	[DFT]なんだ [KATAKANA]ネズミ[HIRAGANA]か···\n[KATAKANA]ネズミ[HIRAGANA]といえども\n悪さをしたら\nようしゃは しないからなっ!		pending
C0-0598AD	0x0598AD	00F7	D7 E0 18 7E 7E 7E 0A 40 61 20 80 26 53 80 7C 00 CD 4F 68 0A 6E 4A 40 4E 20 81 41 3C 4D 3C 63 68 0A 7D D1 C3 02 81 3E 53 81 02 7F CD C3 00 4F 68 0D 0A 60 20 4F 68 0D 0A 60 CD 80 EA 0D 20 80 AE 80 AF 50 80 1E 6E 4B 6F 3C 43 4F 3C 68 0A 60 CD 80 EA 00 3F 4B 4A 40 20 80 54 50 80 1E 41 4A 3C 60 D4 73 D5 6E 7D D1 C3 02 3F 59 66 62 45 68 7F CD C3 00 3F 4B 4C 3C 4D 42 0A 45 3C 20 5A 4F 45 68 7D CD C9 1E 4A 46 40 50 80 26 20 C3 02 3B 5E 46 3C 80 7C C3 00 00 CD C3 02 0E 3D 42 4C 53 81 04 C3 00 57 20 81 3F 4B 59 46 4A D1 46 40 46 20 81 21 81 22 00 66 40 61 4F 3C 59 59 CD 80 AE 80 AF 57 80 1E 42 53 54 20 80 F8 80 34 41 66 59 62 4F 3C 7D CD 44 44 54 20 80 CE 00 80 54 4D 59 3C 62 59 47 53 0D CD 5A 4F 45 68 54 20 81 1C 6E 4D 3C 4D 42 0A 45 3C 7D	[DFT][E2:187E]··だから 今の光が\nなんだったかと 聞いているんだ![FIN][PAL:02]男の子:\n[PAL:00]なんでだよ なんでだよ\n何で 河原に行っちゃいけないんだよ\n何がおちたか 見に行きたいよ[KATAKANA]ー[HIRAGANA]っ![FIN][PAL:02]おまわりさん:\n[PAL:00]おちついてください みなさん!\n[PAU:1E]たしかに今 [PAL:02]あやしい光[PAL:00]が\n[PAL:02]どうくつの方[PAL:00]へ 落ちました[FIN]しかし 正体がわからないまま\n河原へ行くのは 危険きわまりない!\nここは 私が見てまいりますので\nみなさんは 待っていてください!		pending
C0-059A36	0x059A36	0047	D7 43 3C 06 81 40 50 54 20 80 99 53 3F 81 0E 61 48 5E CD 80 28 81 41 00 20 54 61 64 63 68 0A CD 81 1A 50 44 53 20 C3 03 D4 5A 68 4E D5 C3 00 6E 4D 81 7E 00 CD 80 38 3C 4A 81 25 80 56 00 80 21 81 2D 3C 68 0A 60 1F	[DFT]けいじ板には 町のお知らせや\n新聞が はられるんだ\n特にこの [PAL:03][KATAKANA]ミント[HIRAGANA][PAL:00]って娘が\n書いた記事が面白いんだよ˳		pending
C0-059A7E	0x059A7E	003C	D7 D4 5A 68 4E D5 45 68 00 7E 7E 7E CD 81 18 81 19 81 42 80 1E 0A 6E 4D 7E 7E 7E CD D4 3F 64 D5 53 20 80 9C 46 5A 00 3B 7E 7E 7E CD D4 3F 64 D5 53 20 80 E6 53 81 43 3E 00 3B 6E 7D	[DFT][KATAKANA]ミント[HIRAGANA]さんが···\n取材旅行だって···\n[KATAKANA]オレ[HIRAGANA]の 楽しみがあ···\n[KATAKANA]オレ[HIRAGANA]の 心の支えがあっ!		pending
C0-059ABB	0x059ABB	0038	D7 D4 5A 68 4E D5 45 68 6E 4D 20 47 04 3C 0A 65 0F 7D CD 0D 5D 20 D4 5A 68 4E D5 45 68 00 CD 80 F8 80 34 4F 80 8F 50 20 3B 66 4F 43 64 14 CD 3C 3C 68 0A 43 0E 4F 3B 1F	[DFT][KATAKANA]ミント[HIRAGANA]さんって すごいだろ?!\nでも [KATAKANA]ミント[HIRAGANA]さんが\n危険な目に あわなければ\nいいんだけどなあ˳		pending
C0-059AF4	0x059AF4	003C	D7 80 99 80 82 00 20 50 48 5D 53 4E CD 47 62 40 66 6E 4D 3C 4A 4F 68 4D 4F 3B 7E 7E 7E CD 0D 5D 20 49 64 67 4C 41 4E 5C 63 4F 68 4D CD D4 5A 68 4E D5 45 68 6E 4D 20 47 04 3C 5E 7D	[DFT]町長が にせものと\nすりかわっていたなんてなあ···\nでも それをつきとめるなんて\n[KATAKANA]ミント[HIRAGANA]さんって すごいや!		pending
C0-059B31	0x059B31	0026	D7 81 C1 00 56 6E 4D 4D 5D CD D4 5A 68 4E D5 45 68 53 20 81 25 80 56 00 81 5D 5C 64 14 CD 46 3B 66 48 4F 53 45 1F	[DFT]雨がふってても\n[KATAKANA]ミント[HIRAGANA]さんの 記事が読めれば\nしあわせなのさ˳		pending
C0-059C34	0x059C34	004E	D7 44 44 5D 20 81 44 81 45 4F 80 99 0A 6E 4A 68 0A 43 0E 52 3E CD D4 54 6E 40 73 D5 4E 40 3C 3D 20 81 2A 61 00 80 10 4D 40 61 CD 16 6E 49 3D 50 4F 6E 4A 68 0A 60 20 81 46 5D CD 4E 06 59 62 50 54 80 89 67 4C 43 4A 81 04 00 3C 3C 60 1F	[DFT]ここも 平和な町だったんだけどねえ\n[KATAKANA]ハッカー[HIRAGANA]とかいう 奴らが来てから\nぶっそうになったんだよ 君も\nとじまりには気をつけた方がいいよ˳		pending
C0-059C83	0x059C83	004C	D7 3F 80 01 20 C3 02 D4 1C 6E 19 73 D5 C3 00 6E 4D 81 0E 6E 4D 63 0F CD 81 47 80 00 4F 20 80 27 80 14 80 55 61 46 3C 43 0E CD 80 26 20 44 53 80 99 50 80 10 4D 3C 63 68 0A 6E 4D CD 0D 5D 7E 7E 7E 81 41 3C 4A 44 4E 4F 3C 4F 3B 1F	[DFT]お前 [PAL:02][KATAKANA]ペッパー[HIRAGANA][PAL:00]って知ってる?\n有名な 発明家らしいけど\n今 この町に来ているんだって\nでも···聞いたことないなあ˳		pending
C0-059CD0	0x059CD0	0040	D7 3F 80 01 20 80 1E 81 04 80 60 80 14 53 81 02 81 03 67 CD 80 9A 43 4A 68 0A 6E 4D 0F CD 58 3D 46 71 3D 81 06 00 80 45 63 6E 4D 81 0E 6E 4D 62 6F CD 59 06 5C 50 20 45 00 47 68 0A 6E 4A 60 1F	[DFT]お前 行方不明の子供を\n助けたんだって?\nほうしょう金が出るって知ってりゃ\nまじめに さがすんだったよ˳		pending
C0-059D11	0x059D11	0080	D7 3F 80 01 20 81 0E 6E 4D 63 0F CD 4F 68 0D 5D 81 1D 80 F1 20 D4 65 44 44 80 99 D5 53 80 DD 80 46 50 CD C3 02 80 7F 53 80 80 50 81 48 81 49 04 81 4A 81 1C C3 00 4E 40 3C 3D CD 80 36 80 76 00 20 4E 0E 3C 4D 3C 63 68 0A 6E 4D 45 D1 3F 64 53 80 3B 50 54 20 41 4D 4F 3C 68 0A 43 0E 45 CD 4F D4 73 D5 68 0D 20 49 3D 3C 3D 80 52 54 3C 4C 5D CD 3F 64 67 20 81 48 81 4B 47 63 68 0A 65 3D 0F	[DFT]お前 知ってる?\nなんでも最近 [KATAKANA]ロココ町[HIRAGANA]の住人に\n[PAL:02]南の島に無料ご招待[PAL:00]とかいう\n手紙が とどいているんだってさ[FIN]おれの所には きてないんだけどさ\nな[KATAKANA]ー[HIRAGANA]んで そういう話はいつも\nおれを 無視するんだろう?		pending
C0-059D92	0x059D92	0045	D7 81 1D 80 F1 80 99 80 82 00 20 80 46 00 80 50 66 6E 4A 60 3D 50 CD 81 09 80 56 67 47 63 60 3D 50 4F 6E 4A 6E 4D 45 CD 80 46 81 2B 20 80 EA 00 41 6E 40 43 0D 80 50 66 63 40 CD 66 40 61 4F 3C 5D 68 0A 52 1F	[DFT]最近町長が 人が変わったように\n仕事をするようになったってさ\n人間 何がきっかけで変わるか\nわからないもんだね˳		pending
C0-059DD8	0x059DD8	003B	D7 3B 53 20 59 06 5C 4F 80 99 80 82 54 CD 50 48 5D 53 0A 6E 4A 68 0A 6E 4D 52 CD 5E 6E 19 20 80 46 81 2B 6E 4D 49 3D 40 68 4A 68 50 CD 80 50 66 64 63 5D 68 06 6F 4F 3C 60 52 1F	[DFT]あの まじめな町長は\nにせものだったんだってね\nやっぱ 人間ってそうかんたんに\n変われるもんじゃないよね˳		pending
C0-059E14	0x059E14	0036	D7 45 6E 41 20 80 63 3C 4D 4A 61 45 3B CD 3C 41 4F 62 81 02 81 03 50 CD D4 61 6E 19 D5 0D 3F 0E 40 45 64 4D CD 3C 5E D4 73 D5 20 15 6E 42 62 46 4A 53 4F 68 53 7D	[DFT]さっき 步いてたらさあ\nいきなり子供に\n[KATAKANA]ラッパ[HIRAGANA]でおどかされて\nいや[KATAKANA]ー[HIRAGANA] びっくりしたのなんの!		pending
C0-059E4B	0x059E4B	0017	D7 15 6E 42 62 46 4A 4F 3B 20 5D 3D 7D CD 3F 0E 40 45 4F 3C 0D 60 7D	[DFT]びっくりしたなあ もう!\nおどかさないでよ!		pending
C0-059E63	0x059E63	0031	D7 45 6E 41 20 80 AE 80 AF 53 81 04 50 45 3B CD 80 43 41 4F 80 7C 00 20 80 61 68 0D 3C 6E 4A 68 0A 60 CD 5D 3D 20 15 6E 42 62 46 4A 53 4F 68 53 7D	[DFT]さっき 河原の方にさあ\n大きな光が 飛んでいったんだよ\nもう びっくりしたのなんの!		pending
C0-059EE8	0x059EE8	003D	D7 3E 0F C9 0A 81 37 6E 4A 44 4E 00 3B 63 4F 61 CD 80 52 46 4D 5A 65 6E 4D 0F CD 54 54 54 20 81 46 50 54 5B 07 40 46 3C 80 52 0A 60 CD 80 89 80 2D 4B 0A 43 0D 20 06 70 3D 16 68 45 1F	[DFT]え?[PAU:0A]困ったことがあるなら\n話してみろって?\nははは 君にはむずかしい話だよ\n気持ちだけで じゅうぶんさ˳		pending
C0-059FB9	0x059FB9	0020	D7 3B 49 68 0D 58 46 3C 20 D4 66 68 D5 7D CD 0E 44 40 20 4C 64 4D 6E 4D 58 46 3C D4 66 68 D5 7D	[DFT]あそんでほしい [KATAKANA]ワン[HIRAGANA]!\nどこか つれてってほしい[KATAKANA]ワン[HIRAGANA]!		pending
C0-059FFE	0x059FFE	0012	D7 20 7E 7E 7E 81 31 53 D4 56 68 D5 67 5A 4C 43 4A 7D	[DFT] ···犬の[KATAKANA]フン[HIRAGANA]をみつけた!		pending
C0-05A011	0x05A011	0012	D7 20 7E 7E 7E 81 4C 53 D4 56 68 D5 67 5A 4C 43 4A 7D	[DFT] ···鳥の[KATAKANA]フン[HIRAGANA]をみつけた!		pending
C0-05A070	0x05A070	000C	D7 CD 41 6F 3C 68 20 41 6F 3C 68 CD	[DFT]\nきゃいん きゃいん\n		pending
C0-05A07D	0x05A07D	0033	D7 3D 4B 53 20 04 81 4D 80 46 45 59 54 CD 80 89 00 81 4E 42 4D 20 81 10 3D 44 4E 67 41 40 4F 3C 4E CD 81 4F 67 55 6E 19 63 68 0A D4 66 68 D5 7E 7E 7E 1F	[DFT]うちの ご主人さまは\n気が強くて 言うことをきかないと\n耳をひっぱるんだ[KATAKANA]ワン[HIRAGANA]···˳		pending
C0-05A118	0x05A118	0044	D7 44 53 81 31 20 40 66 3C 3C 0D 46 71 CD 80 00 80 01 54 52 3E 20 D4 4A 73 18 D5 C9 1E 6E 4D 81 10 3D 53 CD 3F 14 3B 4B 6F 59 00 20 81 2E 40 6E 4D 3C 4A 81 31 4E CD 3F 4F 06 80 00 80 01 67 4C 43 4A 53 1F	[DFT]この犬 かわいいでしょ\n名前はねえ [KATAKANA]ターボ[HIRAGANA][PAU:1E]って言うの\nおばあちゃまが 昔かっていた犬と\nおなじ名前をつけたの˳		pending
C0-05A15D	0x05A15D	006E	D7 81 3E 53 81 02 4A 4B 52 20 C9 1E C3 02 80 AE 80 AF 53 0E 3D 42 4C 50 CD D4 54 6E 40 73 D5 53 D4 3B 06 4E D5 67 CD 45 00 46 50 80 1E 42 6E 4D C3 00 81 10 6E 4D 4A 66 D1 3B 3B 20 81 3E 6E 4D CD 81 50 67 81 38 3D 20 80 D0 41 80 6D 60 52 3E CD C9 1E 0D 5D 20 49 3D 4F 68 47 63 53 54 CD D4 4B 71 6E 4E D5 40 6E 44 66 63 3C 66 52 1F	[DFT]男の子たちね [PAU:1E][PAL:02]河原のどうくつに\n[KATAKANA]ハッカー[HIRAGANA]の[KATAKANA]アジト[HIRAGANA]を\nさがしに行くって[PAL:00]言ってたわ[FIN]ああ 男って\n夢を追う 生き物よねえ\n[PAU:1E]でも そうなんするのは\n[KATAKANA]チョット[HIRAGANA]かっこわるいわね˳		pending
C0-05A1CC	0x05A1CC	0025	D7 DC 06 7E 7E 7E 7E 7E 7E CD DC 00 3B 4A 46 53 20 81 31 53 81 04 00 CD 40 66 3C 3C 66 60 CD C9 1E 56 68 6E 7D	[DFT][NXT]じ······\n[NXT]があたしの 犬の方が\nかわいいわよ\n[PAU:1E]ふんっ!		pending
C0-05A245	0x05A245	003F	D7 81 51 50 20 80 65 46 68 00 3F 41 4A 68 0D CD 3B 66 4D 4D 20 81 36 50 80 45 4A 68 0A 00 4F CD 49 53 80 87 20 80 EA 40 00 80 5D 53 81 04 81 52 0D CD 80 7C 6E 4A 53 00 80 54 3E 4A 68 0A 7D	[DFT]急に 地しんがおきたんで\nあわてて 外に出たんだがな\nその時 何かが森の方角で\n光ったのが見えたんだ!		pending
C0-05A3A8	0x05A3A8	0041	D8 D6 00 C2 00 20 C9 3C C2 00 CD C9 3C 3C 3C 40 03 68 50 20 81 53 41 4A 61 0E 3D 0A 0F DE D8 D6 00 7E 7E 7E C9 1E 49 3D 40 CD 81 53 41 63 80 89 00 4F 3C 68 0A 4F 7E 7E 7E CD 49 64 4F 61 7E 7E 7E	[DF4][DF2]が[NAM:00] [PAU:3C][NAM:00]\n[PAU:3C]いいかげんに 起きたらどうだ?[TPL:D8][DF2]が···[PAU:1E]そうか\n起きる気がないんだな···\nそれなら···		pending
C0-05A3EA	0x05A3EA	008F	DA E0 02 54 6E 54 6E 54 6E CD 45 47 00 50 20 80 8F 00 45 5C 4A 0A 65 3D CD 46 40 46 20 60 42 52 5B 6E 4D 3C 4A 4F 3B D1 3F 59 3E 00 20 52 4D 3C 63 81 2B 50 CD 55 6E 44 46 53 81 78 0C 43 54 CD 80 57 80 79 20 80 30 66 6E 4D 46 59 6E 4A 09 D1 45 3B 20 54 5E 42 81 53 41 4D CD C3 02 D4 4F 01 45 D5 C3 00 42 68 50 20 3B 3C 45 4C 46 4D 3F 3C 0D CD 81 20 81 54 54 20 3F 59 3E 53 80 2F 59 0D CD 81 78 0C 43 67 46 4D 42 64 4A 68 0A 09 1F	[DLY:E0]ぐはっはっはっ\nさすがに 目がさめただろう\nしかし よくねむっていたなあ[FIN]おまえが ねている間に\nひっこしの片づけは\n全部 終わってしまったぞ[FIN]さあ はやく起きて\n[PAL:02][KATAKANA]ナギサ[HIRAGANA][PAL:00]くんに あいさつしておいで\n彼女は おまえの分まで\n片づけをしてくれたんだぞ˳		pending
C0-05A4B9	0x05A4B9	0023	D0 3C 00 02 0A C1 81 02 B2 6B C1 04 16 C7 0C 01 00 D6 00 DC 06 7E 7E 7E 7E 7E 7E 7E 7E 7E 7E C2 00 DC 00	[CLR]いがぐだ[POS:8102][BYTE:B2]ぅ[POS:0416][BOX:0C0100][DF2]が[NXT]じ··········[NAM:00][NXT]が		pending
C0-05A4DD	0x05A4DD	002C	D7 D6 00 4A 53 5B 7E 7E 7E 7D C2 00 7D CD C9 32 54 5E 42 20 80 8F 67 45 59 46 4D CD 80 85 80 89 4F 80 4D 67 20 80 54 48 4D 42 64 7D	[DFT][DF2]がたのむ···![NAM:00]!\n[PAU:32]はやく 目をさまして\n元気な姿を 見せてくれ!		pending
C0-05A549	0x05A549	0009	D0 1E 00 02 1D 8F A5 02 0A	[CLR]ˎがぐぽ[BYTE:8F][BYTE:A5]ぐだ		pending
C0-05A573	0x05A573	00B5	D7 C3 02 3F 59 66 62 45 68 7F CD C3 00 80 EF 6E 4D 41 4A 4F 7D C2 00 7D D1 D3 B9 A5 DB C3 03 D4 4F 01 45 D5 7F CD C3 00 3B 3B 20 60 40 6E 4A CD C2 00 20 3B 53 52 7E 7E 7E D1 C3 02 3F 59 66 62 45 68 7F CD C3 00 5D 68 0E 3D 5B 60 D4 73 D5 6E 7D C2 00 7D CD 81 39 81 08 67 3F 44 47 4F 4E 81 10 6E 4A 53 50 CD 5E 54 62 20 81 66 54 3B 61 49 3E 68 4F 6E 7D D1 3F 80 01 50 C3 02 80 74 80 75 76 4C C3 00 67 51 47 59 64 4A 4E CD 80 99 80 82 40 61 20 4E 0E 43 00 80 45 4D 3C 63 09 7D CD 46 68 5A 71 3D 50 20 3F 4F 66 67 CD 4B 71 3D 0A 3C 46 65 6E 7D 7D	[DFT][PAL:02]おまわりさん:\n[PAL:00]帰ってきたな![NAM:00]![FIN][JMP][BYTE:B9][BYTE:A5][DD][PAL:03][KATAKANA]ナギサ[HIRAGANA]:\n[PAL:00]ああ よかった\n[NAM:00] あのね···[FIN][PAL:02]おまわりさん:\n[PAL:00]もんどうむよ[KATAKANA]ー[HIRAGANA]っ![NAM:00]!\n問題をおこすなと言ったのに\nやはり 血はあらそえんなっ![FIN]お前に[PAL:02]宝石3つ[PAL:00]をぬすまれたと\n町長から とどけが出ているぞ!\nしんみょうに おなわを\nちょうだいしろっ!!		pending
C0-05A75A	0x05A75A	000D	D7 E0 06 3D 6B 7E 7E 7E 50 6F 3B 3B 68	[DFT][E2:063D]ぅ···にゃああん		pending
C0-05A768	0x05A768	003A	D7 E0 06 3F 3C 61 53 20 04 81 4D 80 46 80 BF 54 CD D4 3B 41 54 14 61 80 AA 80 AB D5 0A 43 0A D4 50 6F D5 CD 3F 80 01 54 81 27 50 20 04 81 4D 80 46 06 6F 4F 3C D4 50 6F D5 1F	[DFT][E2:063F]いらの ご主人樣は\n[KATAKANA]アキハバラ博士[HIRAGANA]だけだ[KATAKANA]ニャ[HIRAGANA]\nお前は別に ご主人じゃない[KATAKANA]ニャ[HIRAGANA]˳		pending
C0-05A9BE	0x05A9BE	0036	D7 E0 02 58 61 20 80 26 80 59 54 20 80 99 80 82 45 68 53 80 3B 50 CD 3B 3C 45 4C 50 5D 20 80 1E 42 68 0A 65 0F CD 81 30 42 46 4F 3C 4E 20 80 59 00 42 64 63 09 1F	[DFT][E2:0258]ら 今日は 町長さんの所に\nあいさつにも 行くんだろ?\n早くしないと 日がくれるぞ˳		pending
C0-05A9F5	0x05A9F5	00FC	D7 E0 02 3F 3F 20 C2 00 40 CD 3B 3C 45 4C 54 20 80 30 66 6E 4A 40 0F D1 68 0F 44 53 80 D9 40 0F 44 64 54 4F CD D4 3B 41 54 14 61 80 55 D5 50 20 80 BD 80 BE 81 67 80 F3 81 1B 66 63 CD C3 02 E0 1A 53 80 D9 C3 00 0A 60 CD 3F 59 3E 50 20 5E 65 3D 4E 80 7A 6E 4D 4F D1 59 07 54 20 E0 1A 67 80 23 63 44 4E 00 CD 3F 59 3E 53 20 81 1D 81 68 53 81 09 80 56 0A 09 CD 00 68 14 6E 4D 81 5D 68 0D 20 80 23 6E 4D 04 61 68 D1 45 4D 7E 7E 7E C9 28 4E 3D 45 68 54 CD 81 5C 81 36 53 80 55 50 20 5D 0E 63 40 61 4F CD 81 37 6E 4A 44 4E 00 3B 6E 4A 61 CD 81 29 80 FE 50 41 4F 45 3C D1 80 26 80 59 40 61 20 D4 4F 01 45 D5 42 68 54 CD 3F 80 01 53 20 80 9A 80 36 50 4F 6E 4D 42 64 63 49 3D 0A CD 80 9A 80 36 67 20 44 59 61 48 4F 3C 60 3D CD 46 6E 40 62 20 00 68 14 63 68 0A 09 1F	[DFT][E2:023F]お [NAM:00]か\nあいさつは 終わったか?[FIN]ん?この本か?これはな\n[KATAKANA]アキハバラ家[HIRAGANA]に 先祖代々伝わる\n[PAL:02][E2:1A53]本[PAL:00]だよ\nおまえに やろうと思ってな[FIN]まずは [E2:1A67]作ることが\nおまえの 最初の仕事だぞ\nがんばって読んで 作ってごらん[FIN]さて···[PAU:28]とうさんは\n郊外の家に もどるからな\n困ったことがあったら\n相談にきなさい[FIN]今日から [KATAKANA]ナギサ[HIRAGANA]くんは\nお前の 助手になってくれるそうだ\n助手を こまらせないよう\nしっかり がんばるんだぞ˳		pending
C0-05AB04	0x05AB04	00BB	D7 E0 02 C2 00 40 CD C9 14 81 02 81 03 4A 4B 67 20 80 9A 43 4A 49 3D 06 6F 4F 3C 40 CD 60 42 5E 6E 4A 4F 20 3E 61 3C 09 D1 4E 44 65 0D 4F 20 C9 1E 4E 3D 45 68 54 20 46 14 61 42 CD 81 69 80 46 53 20 C3 02 D4 56 61 18 53 D5 C3 00 45 68 4E CD 81 42 50 80 45 63 44 4E 50 46 4A CD 80 EF 62 54 20 3C 4C 50 4F 63 40 66 40 61 68 D1 4E 3D 45 68 00 3C 4F 42 4D 5D CD 3F 80 01 54 20 3D 59 42 5E 6E 4D 43 63 0A 65 3D CD D4 42 65 00 52 D5 54 20 3B 07 43 4D 3C 42 40 61 4F CD 5C 68 0E 3D 80 54 4D 5E 6E 4D 42 64 D1 06 6F 3B 4F 20 C9 1E C2 00 C9 1E CD 00 68 14 63 68 0A 09 1F	[DFT][E2:02C2]がか\n[PAU:14]子供たちを 助けたそうじゃないか\nよくやったな えらいぞ[FIN]ところでな [PAU:1E]とうさんは しばらく\n友人の [PAL:02][KATAKANA]フラボノ[HIRAGANA][PAL:00]さんと\n旅に出ることにした\n帰りは いつになるかわからん[FIN]とうさんがいなくても\nお前は うまくやってけるだろう\n[KATAKANA]クロガネ[HIRAGANA]は あずけていくからな\nめんどう見てやってくれ[FIN]じゃあな [PAU:1E][NAM:00][PAU:1E]\nがんばるんだぞ˳		pending
C0-05ABC0	0x05ABC0	0134	D7 E0 02 60 7E C9 3C DC 01 60 40 6E 4A 7D 80 89 00 4C 3C 4A 40 7D CD DC 00 C9 3C 0E 3D 46 4A 0F C9 1E 0E 44 40 20 3C 4A 5B 53 40 7D 0F D1 3E 0F C9 1E 80 9D 80 9E 53 D4 65 44 44 80 99 D5 0A 6E 4D 0F CD C9 32 54 6E 54 6E 54 6E CD 49 3D 40 20 81 50 67 80 54 4D 3C 4A 68 0A 4F CD C9 1E 44 44 54 20 3F 59 3E 53 80 55 0A 60 D1 3F 18 3E 4D 63 40 0F CD C9 28 4E 3D 45 68 54 20 D4 47 3C 6E 4B D5 00 3F 45 64 4A 61 CD 80 0A 80 6E 00 20 80 4C 81 61 47 63 60 3D 50 CD D4 64 73 05 73 80 0D 80 84 D5 67 20 81 6A 81 6B 46 4A 68 0A D1 49 64 0D 80 0A 80 6E 00 20 81 61 80 27 46 4D 7E 7E 7E CD C9 28 3F 59 3E 54 20 80 0A 80 6E 53 D4 00 64 41 D5 53 80 1C 0D CD 4A 3F 64 4D 3C 4A 68 0A 60 CD C9 28 81 48 80 56 0D 20 80 D9 81 15 50 60 40 6E 4A D1 3E 0F C9 3C E0 00 0F CD C9 1E 81 11 80 E6 46 4F 45 3C 20 D4 00 64 41 D5 53 80 1C 40 61 CD 4B 6F 68 4E 20 55 65 6E 4D 3F 3C 4A 60 CD C9 1E 49 53 44 4E 54 20 80 26 80 EE 5F 6E 42 62 80 52 49 3D 4F 1F	[DFT][E2:0260]·[PAU:3C][NXT]ぎよかった!気がついたか!\n[NXT]が[PAU:3C]どうした?[PAU:1E]どこか いたむのか!?[FIN]え?[PAU:1E]過去の[KATAKANA]ロココ町[HIRAGANA]だって?\n[PAU:32]はっはっはっ\nそうか 夢を見ていたんだな\n[PAU:1E]ここは おまえの家だよ[FIN]おぼえてるか?\n[PAU:28]とうさんは [KATAKANA]スイッチ[HIRAGANA]がおされたら\n要塞が 自爆するように\n[KATAKANA]レーザー裝置[HIRAGANA]を 改造したんだ[FIN]それで要塞が 爆発して···\n[PAU:28]おまえは 要塞の[KATAKANA]ガレキ[HIRAGANA]の中で\nたおれていたんだよ\n[PAU:28]無事で 本当によかった[FIN]え?[PAU:3C][E2:000F]\n[PAU:1E]安心しなさい [KATAKANA]ガレキ[HIRAGANA]の中から\nちゃんと ひろっておいたよ\n[PAU:1E]そのことは 今度ゆっくり話そうな˳		pending
C0-05ACF5	0x05ACF5	0053	D7 20 C2 00 54 CD C3 02 20 80 75 74 C3 00 67 20 80 36 50 80 31 64 4A 7D CC D7 4F 68 0A 20 80 2D 4B 80 6D 00 3C 6E 19 3C 4F 53 40 0F CD 06 6F 3B 20 44 64 54 3B 07 40 6E 4D 3F 42 09 CD C9 1E 81 3A 46 80 2D 4B 80 6D 67 20 81 78 0C 43 4A 61 0E 3D 0A 0F	[DFT] [NAM:00]は\n[PAL:02] 石1[PAL:00]を 手に入れた![TER][DFT]なんだ 持ち物がいっぱいなのか?\nじゃあ これはあずかっておくぞ\n[PAU:1E]少し持ち物を 片づけたらどうだ?		pending
C0-05AD49	0x05AD49	0032	D7 E0 02 3F 3C 3F 3C 20 81 53 41 4A 62 46 4D CD 80 D9 81 15 50 20 5D 3D 81 44 80 89 4F 53 40 0F CD C9 1E 59 0A 20 81 48 80 CA 46 4B 6F 3C 40 68 09 1F	[DFT][E2:023F]いおい 起きたりして\n本当に もう平気なのか?\n[PAU:1E]まだ 無理しちゃいかんぞ˳		pending
C0-05AD7C	0x05AD7C	003A	D7 E0 02 C2 00 C9 1E 20 80 D9 81 15 50 81 44 80 89 4F 53 40 0F CD C9 28 49 64 4F 61 20 80 4C 81 6E 50 46 4D 3C 3C 00 CD 3B 59 62 20 81 48 80 CA 54 47 63 68 06 6F 4F 3C 09 1F	[DFT][E2:02C2]が[PAU:1E] 本当に平気なのか?\n[PAU:28]それなら 自由にしていいが\nあまり 無理はするんじゃないぞ˳		pending
C0-05ADB7	0x05ADB7	0159	D7 E0 02 3F 59 3E 20 3B 53 80 46 4A 4B 53 80 52 67 0E 3D 80 7A 3D 0F CD 20 80 3D 06 4D 20 3C 3C 4E 80 7A 3D CD 20 4F 68 40 20 3B 5E 46 3C 4E 80 7A 3D CC D0 49 7E 49 3D 40 0F CD C9 1E 4E 3D 45 68 54 20 3B 53 80 46 4A 4B 54 CD 80 42 3C 80 46 4A 4B 06 6F 4F 3C 60 3D 50 CD 80 7A 3E 4D 4F 7E 7E 7E DE D0 7E 7E 7E 49 3D 40 20 3F 59 3E 5D 40 CD C9 1E 4E 3D 45 68 5D 20 3B 53 80 46 4A 4B 54 CD 80 42 3C 80 46 4A 4B 06 6F 4F 3C 60 3D 50 CD 80 7A 3E 4D 4F 7E 7E 7E DE D7 49 64 0D 0A 20 C9 1E 44 53 76 4C 53 E0 00 67 CD 3F 59 3E 50 4A 42 47 44 4E 50 46 4A CD C9 1E 3F 59 3E 5D 20 5D 3D 62 6E 19 4F 80 43 80 46 0A CD 44 64 67 20 81 21 46 42 80 08 6E 4D 42 64 63 0A 65 3D 1F DE D7 E0 02 4E 3D 45 68 00 81 10 3D 53 5D 20 4F 68 0A 43 0E 4F CD 3F 59 3E 20 C9 1E 44 44 46 14 61 42 0D CD 07 3C 16 68 80 43 41 42 4F 6E 4A 68 06 6F 4F 3C 40 0F D1 3C 5E 49 53 20 C9 1E 80 1F 53 81 6F 45 06 6F 4F 3C 09 7E 7E 7E CD C9 3C 4E 50 40 42 20 C9 1E E0 00 54 59 40 48 4A CD 3B 53 80 46 4A 4B 53 4A 5C 50 80 F6 80 F9 4D 4A 3C 4F 61 CD 49 3D 46 4D 3B 03 4F 45 3C 1F	[DFT][E2:023F]まえ あの人たちの話をどう思う?\n 信じて いいと思う\n なんか あやしいと思う[TER][CLR]そ·そうか?\n[PAU:1E]とうさんは あの人たちは\n悪い人たちじゃないように\n思えてな···[TPL:D0]···そうか おまえもか\n[PAU:1E]とうさんも あの人たちは\n悪い人たちじゃないように\n思えてな···[TPL:D7]それでだ [PAU:1E]この3つの[E2:0067]\nおまえにたくすことにした\n[PAU:1E]おまえも もうりっぱな大人だ\nこれを 正しく使ってくれるだろう˳[TPL:D7][E2:024E]うさんが言うのも なんだけどな\nおまえ [PAU:1E]ここしばらくで\nずいぶん大きくなったんじゃないか?[FIN]いやその [PAU:1E]背の高さじゃないぞ···\n[PAU:3C]とにかく [PAU:1E][E2:0054]まかせた\nあの人たちのために役立てたいなら\nそうしてあげなさい˳		pending
C0-05AF11	0x05AF11	002B	D7 E0 02 80 2D 4B 80 6D 00 20 3C 6E 19 3C 4F 68 0A 65 3D 0F CD 58 61 20 59 3B 20 4E 50 40 42 CD 81 78 0C 43 4A 61 20 0E 3D 0A 0F	[DFT][E2:0280]Mち物が いっぱいなんだろう?\nほら まあ とにかく\n片づけたら どうだ?		pending
C0-05AF3D	0x05AF3D	009C	D7 20 C2 00 54 CD C3 02 20 80 75 74 C3 00 67 20 80 36 50 80 31 64 4A 7D D1 20 C2 00 54 CD C3 02 20 80 75 75 C3 00 67 20 80 36 50 80 31 64 4A 7D D1 20 C2 00 54 CD C3 02 20 80 75 76 C3 00 67 20 80 36 50 80 31 64 4A 7D CC D7 E0 02 06 6F 3B 20 44 64 54 81 6C 46 4D 3F 42 09 CD 4A 3C 48 4C 4F 5D 53 0A 4E CD 3C 43 4F 3C 40 61 4F DE D7 E0 02 4F 68 0A 20 59 0A 80 2D 4B 80 6D 67 CD 81 78 0C 43 4D 4F 3C 53 40 7E 7E 7E CD 44 64 20 C9 1E 4E 3D 45 68 00 5D 61 6E 4B 6F 3D 09 0F	[DFT] [NAM:00]は\n[PAL:02] 石1[PAL:00]を 手に入れた![FIN] [NAM:00]は\n[PAL:02] 石2[PAL:00]を 手に入れた![FIN] [NAM:00]は\n[PAL:02] 石3[PAL:00]を 手に入れた![TER][DFT][E2:0206]ゃあ これは返しておくぞ\nたいせつなものだと\nいけないからな[TPL:D7][E2:024F]んだ まだ持ち物を\n片づけてないのか···\nこれ [PAU:1E]とうさんがもらっちゃうぞ?		pending
C0-05AFDA	0x05AFDA	002D	D7 E0 02 7E 7E 7E 3F 59 3E 20 C2 00 0A 65 3D 0F CD 54 6E 54 6E 54 6E 20 4E 3D 45 68 53 80 8F 54 CD 04 59 40 45 64 4F 3C 40 61 4F 6E 7D	[DFT][E2:027E]··おまえ [NAM:00]だろう?\nはっはっはっ とうさんの目は\nごまかされないからなっ!		pending
C0-05B110	0x05B110	02DD	D7 E0 15 4E 4C 08 68 53 44 4E 0D 20 4E 59 0E 66 64 63 4E CD 80 7A 3C 59 47 00 20 80 CE 0E 5D 54 CD C3 02 D4 46 71 44 61 80 6B D5 C3 00 4E 3C 3D 80 6B 40 61 59 3C 62 59 46 4A DE D7 44 4B 61 54 20 D4 46 71 44 61 80 6B D5 53 81 70 81 54 CD C3 03 D4 4D 6A 61 5A 47 D5 C3 00 45 59 0D 20 3C 61 6E 46 6F 3C 59 47 CD C2 00 45 59 50 20 3F 62 3C 6E 4D CD 3F 52 00 3C 00 3B 62 59 46 4D 20 59 3C 62 59 46 4A DE D7 80 1D 54 80 26 20 D4 46 71 44 61 80 6B D5 54 CD C3 02 D4 54 6E 40 73 D5 C3 00 4E 80 00 53 63 81 71 81 72 50 CD 44 3D 03 41 67 3D 43 20 C9 1E 80 65 81 73 54 5E 41 4C 42 45 64 CD 5E 5B 4F 42 D4 46 6C 63 4A 73 D5 50 53 00 64 4D 59 47 D1 E0 0E 49 64 0D 0D 47 66 52 20 C9 1E 80 CE 53 04 80 BD 80 BE 45 59 50 CD C3 03 D4 5A 63 56 6A D5 C3 00 C9 1E 4E 3C 3D 81 04 00 3C 59 46 4D 7E 7E 7E CD C9 1E 3B 4F 4A 50 C9 1E 3F 80 D8 3C 47 63 60 3D 50 4E 7E 7E 7E DE D7 E0 15 DC 01 81 74 80 BF 7D C9 28 06 3C 00 20 80 13 80 14 3C 4A 46 59 47 7D CD C9 28 DC 00 81 74 80 BF 53 20 04 80 13 80 14 0D 54 CD 3F 80 52 00 20 80 82 42 4F 62 59 47 40 61 4F DE D7 3B 4F 4A 80 BF 00 20 E0 00 4F 63 5D 53 67 CD 80 2D 6E 4D 3C 63 54 07 0A 40 61 CD 49 53 80 32 67 81 75 62 63 60 3D 20 C3 03 D4 5A 63 56 6A D5 C3 00 80 BF 54 CD 04 5F 3C 04 68 67 20 81 16 45 64 4D 3C 63 53 0D 47 D1 D4 54 6E 40 73 D5 54 20 81 4E 80 43 4F 80 32 67 80 2D 4C CD C3 02 80 69 80 6A 80 0A 80 6E C3 00 67 20 80 2D 6E 4D 3C 59 47 CD 49 64 67 20 54 40 3C 47 63 81 04 81 76 67 81 0E 63 4A 5C 50 CD E0 00 00 20 80 09 80 0A 4E 4F 63 53 0D 47 D1 E0 02 3D 5B 7E 7E 7E CD C9 1E 3C 41 4F 62 20 80 3D 06 61 64 63 80 52 0D 54 4F 3C 4F D1 E0 15 04 5D 6E 4E 5D 0D 04 05 3C 59 47 CD 0D 47 40 61 20 4E 62 3B 3E 07 54 CD 44 64 67 20 3F 66 4A 46 46 4D 3F 41 59 47 D1 5D 46 20 04 81 05 80 32 3C 4A 0A 43 63 53 0D 46 4A 61 CD 44 64 67 20 3F 80 08 3C 42 0A 45 3C CD 44 64 54 20 D4 46 71 44 61 80 6B D5 50 3B 4F 4A 80 BF 67 CD 04 81 55 81 56 3C 4A 46 59 47 20 80 68 80 6D 0D 04 05 3C 59 47 DE D7 20 C2 00 54 CD C3 02 20 80 69 80 6A 80 C2 C3 00 67 20 80 36 50 80 31 64 4A 7D CC D7 0D 54 20 66 4A 42 46 0E 5D 54 CD 44 64 50 4D 20 81 12 81 28 3C 4A 46 59 47 CD 60 3C 3F 81 6C 80 56 67 3F 81 1C 4B 46 4D 3F 62 59 47 CD C9 3C 45 3B 20 81 74 80 BF 20 C9 1E 59 3C 62 59 46 71 3D 1F	[DFT][E2:154E]つぜんのことで とまどわれると\n思いますが 私どもは\n[PAL:02][KATAKANA]ショコラ星[HIRAGANA][PAL:00]という星からまいりました[TPL:D7]こちらは [KATAKANA]ショコラ星[HIRAGANA]の王女\n[PAL:03][KATAKANA]ティラミス[HIRAGANA][PAL:00]さまで いらっしゃいます\n[NAM:00]さまに おりいって\nおねがいがありまして まいりました[TPL:D7]実は今 [KATAKANA]ショコラ星[HIRAGANA]は\n[PAL:02][KATAKANA]ハッカー[HIRAGANA][PAL:00]と名のる軍団に\nこうげきをうけ [PAU:1E]地表はやきつくされ\nやむなく[KATAKANA]シェルター[HIRAGANA]にのがれてます[FIN][E2:0E49]れでですわね [PAU:1E]私のご先祖さまに\n[PAL:03][KATAKANA]ミルフィ[HIRAGANA][PAL:00][PAU:1E]という方がいまして···\n[PAU:1E]あなたに[PAU:1E]お会いするようにと···[TPL:D7][E2:15DC]ぎ姫樣![PAU:28]じいが 説明いたします!\n[PAU:28][NXT]が姫樣の ご説明では\nお話が 長くなりますからな[TPL:D7]あなた樣が [E2:004F]るものを\n持っているはずだから\nその力を借りるよう [PAL:03][KATAKANA]ミルフィ[HIRAGANA][PAL:00]樣は\nごゆいごんを 残されているのです[FIN][KATAKANA]ハッカー[HIRAGANA]は 強大な力を持つ\n[PAL:02]宇宙要塞[PAL:00]を 持っています\nそれを はかいする方法を知るために\n[E2:0000] 必要となるのです[FIN][E2:023D]む···\n[PAU:1E]いきなり 信じられる話ではないな[FIN][E2:1504]もっともでございます\nですから とりあえずは\nこれを おわたししておきます[FIN]もし ご協力いただけるのでしたら\nこれを お使いください\nこれは [KATAKANA]ショコラ星[HIRAGANA]にあなた樣を\nご案内いたします 乘物でございます[TPL:D7] [NAM:00]は\n[PAL:02] 宇宙船[PAL:00]を 手に入れた![TER][DFT]では わたくしどもは\nこれにて 失礼いたします\nよいお返事をお待ちしております\n[PAU:3C]さあ 姫樣 [PAU:1E]まいりましょう˳		pending
C0-05B3EE	0x05B3EE	0038	D7 3F 5E 7E 7E 7E CD 80 2D 4B 80 6D 00 3C 6E 19 3C 53 60 3D 0D 7E 7E 7E CD 3F 80 36 81 77 0D 47 00 20 80 2D 4B 80 6D 67 CD 81 78 0C 43 4D 3C 4A 0A 43 59 48 68 40 4F 1F	[DFT]おや···\n持ち物がいっぱいのようで···\nお手数ですが 持ち物を\n片づけていただけませんかな˳		pending
C0-05B4AA	0x05B4AA	00B2	D7 E0 0E 7E 7E 7E 3B 53 7E 7E 7E CD C9 3C 4F 50 4E 09 20 60 65 46 42 3F 52 00 3C 46 59 47 CD C9 1E 3B 61 5F 63 80 36 54 20 4C 42 46 4D 41 59 46 4A D1 0D 5D 20 C2 00 45 59 4E 20 80 D9 81 15 50 CD 3F 80 8F 50 20 40 40 63 44 4E 00 0D 41 CD C9 1E 66 4A 42 46 54 20 54 06 5C 4D C9 1E 20 81 79 81 7A 53 80 7C 67 CD C9 1E 80 54 4A 80 89 00 20 3C 4A 46 59 47 66 D1 0E 3D 40 20 C9 1E D4 46 71 44 61 80 6B D5 50 CD 3F 3C 0D 42 0A 45 3C 59 48 52 CD C9 3C 59 4A 20 C9 1E 3F 80 8F 50 40 40 64 63 53 67 CD C9 1E 4A 53 46 5A 50 46 4D 3F 62 59 47 1F	[DFT][E2:0E7E]··あの···\n[PAU:3C]なにとぞ よろしくおねがいします\n[PAU:1E]あらゆる手は つくしてきました[FIN]でも [NAM:00]さまと 本当に\nお目に かかることができ\n[PAU:1E]わたくしは はじめて[PAU:1E] 希望の光を\n[PAU:1E]見た気が いたしますわ[FIN]どうか [PAU:1E][KATAKANA]ショコラ星[HIRAGANA]に\nおいでくださいませね\n[PAU:3C]また [PAU:1E]お目にかかれるのを\n[PAU:1E]たのしみにしております˳		pending
C0-05B668	0x05B668	00D4	D7 E0 07 3F 49 40 6E 4A 4F CD C9 1E 5B 44 3D 50 3C 4A 53 CD 3F 80 01 53 20 40 3B 4B 6F 68 40 0F D1 81 35 42 4D 20 5E 45 46 49 3D 0D CD 3C 3C 60 4F 3B CD 3D 4B 53 40 3B 4B 6F 68 4F 68 40 DC 06 7E 7E 7E CD DC 00 C9 1E 59 3B 20 3C 3C 5E D1 D4 47 42 61 6E 1B D5 0A 43 06 6F CD 40 66 3C 49 3D 0A 40 61 20 44 64 67 CD 80 2D 6E 4D 41 4D 5E 6E 4A 68 0A CD C9 1E 3F 80 01 50 20 5E 63 60 DE D7 20 C2 00 54 CD C3 02 20 80 75 74 C3 00 67 20 80 36 50 80 31 64 4A 7D CC D7 0E 3D 42 4C 0D 20 80 54 4C 43 4A 68 0A CD D4 41 61 41 61 D5 46 4D 20 41 64 3C 0A 65 0F CD 44 64 0D 20 41 03 68 4F 3F 48 60 4F CD 06 6F C9 1E 20 3F 3C 61 54 80 EF 63 40 61 4F 1F	[DFT][E2:073F]そかったな\n[PAU:1E]むこうにいたの\nお前の かあちゃんか?[FIN]若くて やさしそうで\nいいよなあ\nうちのかあちゃんなんか[NXT]じ···\n[NXT]が[PAU:1E]まあ いいや[FIN][KATAKANA]スクラップ[HIRAGANA]だけじゃ\nかわいそうだから これを\n持ってきてやったんだ\n[PAU:1E]お前に やるよ[TPL:D7] [NAM:00]は\n[PAL:02] 石1[PAL:00]を 手に入れた![TER][DFT]どうくつで 見つけたんだ\n[KATAKANA]キラキラ[HIRAGANA]して きれいだろ?\nこれで きげんなおせよな\nじゃ[PAU:1E] おいらは帰るからな˳		pending
C0-05B73D	0x05B73D	0039	D7 7E 7E 7E 4E 81 10 3C 4A 3C 43 0E CD 3F 80 01 20 80 2D 4B 80 6D 00 3C 6E 19 3C 0A 4F CD 81 1C 6E 4D 4D 5E 63 40 61 20 81 78 0C 43 65 60 CD 0A 61 46 4F 3C 5E 4C 0A 4F 1F	[DFT]···と言いたいけど\nお前 持ち物がいっぱいだな\n待っててやるから 片づけろよ\nだらしないやつだな˳		pending
C0-05B785	0x05B785	013E	D7 E0 07 4F 68 0A 20 3F 80 01 80 EF 6E 4D 41 4A 53 40 CD 40 3B 4B 6F 68 40 61 20 41 3C 4A 08 CD 4A 3C 57 68 0A 6E 4A 4F D1 3F 80 01 20 80 99 80 82 50 20 80 43 81 0F 4F 5D 53 67 CD 4E 61 64 4A 68 0A 6E 4D 4F CD C9 1E 42 5E 46 42 4F 3C 53 40 60 0F CD 0A 59 6E 4D 4F 3C 0D 20 81 18 62 81 6C 48 60 7D D1 3F 64 20 80 99 80 82 80 D1 50 80 31 64 63 CD 80 CD 80 C4 53 80 18 80 3B 67 20 81 0E 6E 4D 63 68 0A CD C9 1E C3 02 80 A1 80 A2 53 D4 13 D5 53 81 04 50 20 80 E7 80 A4 C3 00 00 3B 63 0A 65 CD C9 1E 49 44 40 61 20 80 99 80 82 80 D1 50 80 31 64 63 68 0A D1 17 4C 50 20 3F 80 01 53 4A 5C 06 6F 4F 3C 09 CD C9 1E 3B 53 80 99 80 82 50 54 20 3C 4C 5D 40 3B 4B 6F 68 00 CD 81 7B 81 7C 45 48 61 64 4D 63 40 61 20 55 4E 4C CD 01 6F 56 68 4E 20 81 10 66 48 4D 5E 62 4A 3C 68 0A D1 3F 64 20 80 E7 80 A4 0D 81 1C 6E 4D 63 40 61 CD 4E 50 40 42 20 80 10 4D 5A 65 60 CD C3 02 80 A1 80 A2 53 D4 13 D5 50 3B 63 80 E7 80 A4 C3 00 0A 09 CD C9 20 06 6F 3B 20 3B 4E 0D 4F 6E 7D	[DFT][E2:074F]んだ お前帰ってきたのか\nかあちゃんから きいたぜ\nたいへんだったな[FIN]お前 町長に 大切なものを\nとられたんだってな\n[PAU:1E]くやしくないのかよ?\nだまってないで 取り返せよ![FIN]おれ 町長會に入れる\n秘密の場所を 知ってるんだ\n[PAU:1E][PAL:02]警察の[KATAKANA]↓[HIRAGANA]の方に 小屋[PAL:00]があるだろ\n[PAU:1E]そこから 町長會に入れるんだ[FIN]べつに お前のためじゃないぞ\n[PAU:1E]あの町長には いつもかあちゃんが\n苦労させられてるから ひとつ\nぎゃふんと 言わせてやりたいんだ[FIN]おれ 小屋で待ってるから\nとにかく 来てみろよ\n[PAL:02]警察の[KATAKANA]↓[HIRAGANA]にある小屋[PAL:00]だぞ\n[PAU:20]じゃあ あとでなっ!		pending
C0-05B8C4	0x05B8C4	001B	D7 E0 07 4F 68 0A 20 44 53 D4 52 07 5A D5 CD 59 51 43 4F 80 25 46 4D 63 4F 3B 1F	[DFT][E2:074F]んだ この[KATAKANA]ネズミ[HIRAGANA]\nまぬけな顔してるなあ˳		pending
C0-05B961	0x05B961	006B	D7 4F 68 0A 20 3F 80 01 54 0F CD 4F 50 0F 80 27 80 14 80 55 0A 4E 7D 0F CD 49 68 4F 4A 66 04 4E 50 20 0A 59 45 64 63 40 7D CD 80 D9 81 15 54 20 3B 53 81 35 09 3D 53 80 08 3C 0A 65 3D D1 3C 3C 40 7D 3B 53 81 35 09 3D 50 81 1B 3E 4D 3F 43 7D CD 80 26 81 33 20 3D 4B 53 81 7E 50 CD 4B 71 6E 40 3C 67 80 45 47 4F 20 4E 4F 7D	[DFT]なんだ お前は?\nなに?発明家だと!?\nそんなたわごとに だまされるか!\n本当は あの若ぞうの使いだろう[FIN]いいか!あの若ぞうに伝えておけ!\n今後 うちの娘に\nちょっかいを出すな とな!		pending
C0-05B9CD	0x05B9CD	0023	D7 81 7D 80 36 50 20 3D 4B 53 80 1C 50 CD 80 31 6E 4D 42 63 4F 7D 7D CD 80 45 4D 43 7D 80 45 4D 43 7D 7D	[DFT]勝手に うちの中に\n入ってくるな!!\n出てけ!出てけ!!		pending
C0-05B9F1	0x05B9F1	0070	D7 DC 01 3F 7E 3F 59 3E 6E 7D 7D CD 3D 4B 53 81 7E 67 20 81 0E 61 4F 3C 40 6E 0F 7D CD 80 38 41 80 84 41 67 81 16 46 4D CD 80 35 3E 4B 59 6E 4A 68 0A 6E 7D 7D D1 81 5D 68 0D 5A 4D 42 64 6E 7D CD C9 14 C3 03 20 81 20 4E 3C 6E 46 71 50 80 1E 41 59 47 CD 20 04 5C 68 4F 45 3C 1F CD C3 00 3B 3B 6E 7D 4F 68 4E 3C 3D 44 4E 0A 6E 7D 7D DC 00	[DFT][NXT]ぎお·おまえっ!!\nうちの娘を 知らないかっ?!\n書き置きを残して\n消えちまったんだっ!![FIN]読んでみてくれっ!\n[PAU:14][PAL:03] 彼といっしょに行きます\n ごめんなさい˳\n[PAL:00]ああっ!なんということだっ!![NXT]が		pending
C0-05BA62	0x05BA62	003A	D7 3F 59 3E 7E 7E 7E C9 1E DC 01 06 6F 4F 42 4D 20 41 5A 6E 7D CD 5D 46 20 3D 4B 53 81 7E 67 80 54 40 43 4A 61 CD 81 C9 64 5D 0E 46 4D 42 64 7D C9 1E 4A 53 5B 6E 7D 7D DC 00	[DFT]おまえ···[PAU:1E][NXT]ぎじゃなくて きみっ!\nもし うちの娘を見かけたら\n連れもどしてくれ![PAU:1E]たのむっ!![NXT]が		pending
C0-05BA9D	0x05BA9D	0060	D7 3C 5E 3B 20 80 26 80 EE 3D 4B 53 81 7E 00 CD D4 44 6E 40 73 D5 45 68 53 80 E3 81 02 45 68 4E CD 43 6E 44 68 47 63 44 4E 50 4F 62 59 46 4D 52 DE D7 45 15 46 42 4F 62 59 47 00 CD D4 44 6E 40 73 D5 45 68 53 80 E3 81 02 45 68 54 CD 3C 3C 80 71 81 0A 0A 46 20 5C 0D 4A 3C 80 52 0D 47 60 1F	[DFT]いやあ 今度うちの娘が\n[KATAKANA]コッカー[HIRAGANA]さんの息子さんと\nけっこんすることになりましてね[TPL:D7]さびしくなりますが\n[KATAKANA]コッカー[HIRAGANA]さんの息子さんは\nいい青年だし めでたい話ですよ˳		pending
C0-05BAFE	0x05BAFE	0029	D7 D4 52 07 5A D5 4F 68 40 50 20 80 CE 53 80 89 80 2D 4B 00 CD 66 40 63 5D 53 40 6E 7D CD 3B 6E 4B 50 20 80 1E 43 6E 7D 7D	[DFT][KATAKANA]ネズミ[HIRAGANA]なんかに 私の気持ちが\nわかるものかっ!\nあっちに 行けっ!!		pending
C0-05BB28	0x05BB28	001B	D7 3F 0F CD 3F 59 3E 5D 20 3C 66 6E 4D 42 64 63 53 40 0F CD 3B 62 00 4E 3D 60 1F	[DFT]お?\nおまえも いわってくれるのか?\nありがとうよ˳		pending
C0-05BBC0	0x05BBC0	00D2	D7 0E 44 40 61 80 31 6E 4D 41 4A 53 0F CD 0D 5D 20 3D 64 46 3C 66 CD 3F 4E 3D 45 68 00 20 3D 4B 50 80 10 4A 80 46 67 CD 5A 68 4F 81 38 3C 81 6C 46 4B 6F 3D 40 61 D1 52 3E 18 3D 5E 20 3F 52 3E 45 68 53 80 52 67 CD 81 41 3C 4D 42 64 63 0F CD C3 00 20 3C 3C 60 20 81 41 3C 4D 3B 03 63 CD 20 81 41 41 4A 42 4F 3C 60 CC D0 80 CE 52 20 81 0B 41 4F 80 46 00 3C 63 68 0A 43 0E CD 3F 4E 3D 45 68 50 20 81 7F 80 FB 45 64 4D 63 53 CD 81 20 53 3D 4B 4E 20 80 CE 53 3D 4B 00 CD 81 2E 40 61 81 80 00 80 42 3C 40 61 0D 47 6E 4D D1 7E 7E 7E 7E 7E 7E 7E 7E 7E 7E CD 44 68 4F 80 52 CD 18 3D 5E 50 54 20 4A 3C 42 4C 60 52 CD 04 5C 68 4F 45 3C 52 1F	[DFT]どこから入ってきたの?\nでも うれしいわ\nおとうさんが うちに来た人を\nみんな追い返しちゃうから[FIN]ねえぼうや おねえさんの話を\n聞いてくれる?\n[PAL:00] いいよ 聞いてあげる\n 聞きたくないよ[TER][CLR]私ね 好きな人がいるんだけど\nおとうさんに 反対されてるの\n彼のうちと 私のうちが\n昔から仲が悪いからですって[FIN]··········\nこんな話\nぼうやには たいくつよね\nごめんなさいね˳		pending
C0-05BC93	0x05BC93	0020	D0 7E 7E 7E 49 3D 52 CD 18 3D 5E 50 54 20 81 81 81 82 4F 3C 5D 53 52 CD 04 5C 68 4F 45 3C 52 1F	[CLR]···そうね\nぼうやには 關係ないものね\nごめんなさいね˳		pending
C0-05BCB4	0x05BCB4	0078	D7 80 CE 52 20 5D 3D 47 02 20 44 53 80 46 4E CD 43 6E 44 68 47 63 53 60 CD 80 26 80 59 54 20 43 6E 44 68 46 41 53 CD 3D 4B 3B 66 48 50 41 4D 42 64 4A 53 60 D1 3F 4E 3D 45 68 5D 20 60 65 44 68 0D 42 64 4D CD 43 6E 44 68 46 41 53 80 87 50 54 CD 80 BD 80 BE 81 67 80 F3 81 1B 66 63 20 C3 02 80 74 80 75 C3 00 67 CD 42 64 63 68 0D 47 6E 4D 20 80 9C 46 5A 0A 66 1F	[DFT]私ね もうすぐ この人と\nけっこんするのよ\n今日は けっこんしきの\nうちあわせにきてくれたのよ[FIN]おとうさんも よろこんでくれて\nけっこんしきの時には\n先祖代々伝わる [PAL:02]宝石[PAL:00]を\nくれるんですって 楽しみだわ˳		pending
C0-05BD2D	0x05BD2D	0016	D7 D4 52 07 5A D5 45 68 20 80 CE 4E 6E 4D 5D CD 46 3B 66 48 60 1F	[DFT][KATAKANA]ネズミ[HIRAGANA]さん 私とっても\nしあわせよ˳		pending
C0-05BD6A	0x05BD6A	0027	D7 81 20 81 54 53 20 3F 4E 3D 45 68 00 CD 43 6E 44 68 67 5F 63 46 4D 42 64 4D CD 80 D9 81 15 50 20 60 40 6E 4A 60 1F	[DFT]彼女の おとうさんが\nけっこんをゆるしてくれて\n本当に よかったよ˳		pending
C0-05BE6B	0x05BE6B	006C	D7 3E 0F C9 1E 4F 50 0F CD C9 14 3B 4A 46 54 81 3A 46 20 81 4F 00 81 83 42 4D 52 CD 5D 3D 81 3A 46 80 43 41 4F 81 84 0D CD 80 52 46 4D 3F 42 64 D1 3E 0F C9 1E 80 27 80 14 80 55 0F CD C9 14 49 3D 40 3C 20 81 35 3C 53 50 3E 61 3C 52 3E CD 06 6F 3B 20 5A 68 4F 53 4A 5C 50 4F 63 CD 80 27 80 14 67 4A 42 45 68 46 4D 3F 42 64 1F	[DFT]え?[PAU:1E]なに?\n[PAU:14]あたしは少し 耳が遠くてね\nもう少し大きな声で\n話しておくれ[FIN]え?[PAU:1E]発明家?\n[PAU:14]そうかい 若いのにえらいねえ\nじゃあ みんなのためになる\n発明をたくさんしておくれ˳		pending
C0-05BED8	0x05BED8	0036	D7 0E 3D 5D 20 3D 4B 53 80 E3 81 02 00 81 1D 80 F1 CD 80 85 80 89 00 4F 42 4D 52 7E 7E 7E CD 81 3A 46 20 80 52 0D 5D CD 81 41 3C 4D 5E 6E 4D 42 64 4F 3C 40 3C 0F	[DFT]どうも うちの息子が最近\n元気がなくてね···\n少し 話でも\n聞いてやってくれないかい?		pending
C0-05BF0F	0x05BF0F	0043	D7 3E 0F C9 1E 3D 4B 53 80 E3 81 02 40 3C 0F CD C9 1E 0E 44 40 50 20 80 1E 6E 4B 59 6E 4A 60 CD C9 1E 3B 4A 46 54 20 81 10 6E 4D 5E 6E 4A 68 0A 60 CD 3F 80 01 53 81 0B 41 50 3F 46 7E 7E 7E 6E 4D 52 1F	[DFT]え?[PAU:1E]うちの息子かい?\n[PAU:1E]どこかに 行っちまったよ\n[PAU:1E]あたしは 言ってやったんだよ\nお前の好きにおし···ってね˳		pending
C0-05BF53	0x05BF53	0069	D7 D4 1C 1B 46 D5 45 68 50 54 20 80 42 3C 44 4E 67 46 4A 52 3E CD 3B 68 4F 50 20 81 7E 45 68 67 CD 40 66 3C 00 6E 4D 3C 4A 53 50 7E 7E 7E D1 3B 4A 46 5D 20 81 0A 53 48 3C 40 CD 80 4B 53 59 66 62 53 44 4E 67 47 63 53 00 CD 80 43 80 50 0D 52 3E 20 80 E3 81 02 00 3C 63 80 87 54 CD 80 9C 0A 6E 4A 68 0A 43 0E 52 3E 1F	[DFT][KATAKANA]ペプシ[HIRAGANA]さんには 悪いことをしたねえ\nあんなに 娘さんを\nかわいがっていたのに···[FIN]あたしも 年のせいか\n身のまわりのことをするのが\n大変でねえ 息子がいる時は\n楽だったんだけどねえ˳		pending
C0-05BFBD	0x05BFBD	0041	D7 3E 0F C9 1E 3D 4B 53 80 E3 81 02 40 3C 0F CD C9 1E D4 1C 1B 46 D5 45 68 53 80 55 50 80 1E 6E 4D 63 60 CD C9 1E 5D 3D 47 02 20 43 6E 44 68 47 63 68 0D CD 49 53 20 3D 4B 3B 66 48 61 46 3C 60 1F	[DFT]え?[PAU:1E]うちの息子かい?\n[PAU:1E][KATAKANA]ペプシ[HIRAGANA]さんの家に行ってるよ\n[PAU:1E]もうすぐ けっこんするんで\nその うちあわせらしいよ˳		pending
C0-05BFFF	0x05BFFF	0043	D7 D4 1C 1B 46 D5 45 68 53 3F 06 71 3D 45 68 5A 4A 3C 4F CD 3C 3C 81 7E 45 68 00 20 3F 60 5C 45 68 50 CD 41 4D 42 64 63 4F 68 4D 20 3D 64 46 42 4D 52 CD 80 82 80 D0 41 54 20 46 4D 5A 63 5D 68 0A 60 1F	[DFT][KATAKANA]ペプシ[HIRAGANA]さんのおじょうさんみたいな\nいい娘さんが およめさんに\nきてくれるなんて うれしくてね\n長生きは してみるもんだよ˳		pending
C0-05C043	0x05C043	0030	D7 81 22 53 80 C9 81 02 00 20 80 42 42 4D 52 3E 7E 7E 7E CD 3F 80 36 81 1B 3C 45 68 0D 5D 3C 64 14 CD 80 9A 40 63 68 0A 43 0E 52 3E 7E 7E 7E 1F	[DFT]体の調子が 悪くてねえ···\nお手伝いさんでもいれば\n助かるんだけどねえ···˳		pending
C0-05C074	0x05C074	00C0	D7 55 7E C9 1E 55 6F 3B 6E CD C9 1E 4F 68 0A 3C 20 49 53 20 80 43 41 3C 53 54 0F 7D CD C9 1E 3E 0F C9 1E 3F 80 36 81 1B 3C 67 47 63 20 65 18 6E 4E 0F CD C9 14 49 3D 40 3C 20 3C 3C 81 02 4F 68 0A 52 3E D1 3B 4A 46 5D 81 1D 80 F1 20 81 22 53 80 C9 81 02 00 CD 60 42 4F 42 6E 4D 52 3E 7E 7E 7E D1 49 3D 3C 3D 20 54 4A 61 41 5D 53 00 CD 3C 4D 42 64 64 14 20 80 9A 40 63 68 0A 43 0E 52 3E CD 20 3F 14 3B 45 68 50 80 5C 46 4D 3B 03 59 47 CD 20 81 85 53 80 1C 3D 59 42 54 3C 41 59 48 68 CC D0 49 3D 40 3C 20 3B 62 00 4E 3D 60 CD 44 64 0D 81 3A 46 54 20 80 9C 0D 41 49 3D 0A 52 3E 1F	[DFT]ひ·[PAU:1E]ひゃあっ\n[PAU:1E]なんだい その 大きいのは?!\n[PAU:1E]え?[PAU:1E]お手伝いをする ろぼっと?\n[PAU:14]そうかい いい子なんだねえ[FIN]あたしも最近 体の調子が\nよくなくってねえ···[FIN]そういう はたらきものが\nいてくれれば 助かるんだけどねえ\n おばあさんに貸してあげます\n 世の中うまくはいきません[TER][CLR]そうかい ありがとうよ\nこれで少しは 楽できそうだねえ˳		pending
C0-05C135	0x05C135	000E	D0 49 3D 40 3C 20 05 68 52 68 0A 52 3E 1F	[CLR]そうかい ざんねんだねえ˳		pending
C0-05C144	0x05C144	002E	D7 44 53 81 02 54 20 80 A8 54 41 43 4F 3C 43 0E CD 80 89 53 5E 45 46 3C 20 3C 3C 81 02 0A 52 3E CD 3F 40 03 0D 20 80 9A 40 6E 4D 63 60 1F	[DFT]この子は 口はきけないけど\n気のやさしい いい子だねえ\nおかげで 助かってるよ˳		pending
C0-05C173	0x05C173	002F	D7 7E 7E 7E 3F 5E 59 3B 20 D4 52 07 5A D5 0A 60 CD D4 52 44 D5 50 20 81 38 3C 80 0B 45 64 4F 3C 3D 4B 50 CD 4E 6E 4E 4E 20 3F 80 EF 62 60 1F	[DFT]···おやまあ [KATAKANA]ネズミ[HIRAGANA]だよ\n[KATAKANA]ネコ[HIRAGANA]に 追い回されないうちに\nとっとと お帰りよ˳		pending
C0-05C214	0x05C214	0024	D7 04 81 4D 80 46 45 59 54 20 80 E3 81 02 45 68 67 CD 4E 4D 5D 20 80 E6 81 64 46 4D 63 68 0A D4 50 6F D5 1F	[DFT]ご主人さまは 息子さんを\nとても 心配してるんだ[KATAKANA]ニャ[HIRAGANA]˳		pending
C0-05C239	0x05C239	006E	D7 04 81 4D 80 46 45 59 53 20 80 E3 81 02 45 68 54 CD D4 1C 1B 46 D5 45 68 53 81 7E 45 68 4E CD 40 43 3F 4B 46 4B 6F 6E 4A 68 0A D4 50 6F 68 D5 D1 04 81 4D 80 46 45 59 54 20 80 E6 81 64 53 3B 59 62 CD 81 86 80 89 50 4F 6E 4D 46 59 6E 4A 68 0A D4 50 6F D5 CD 54 03 59 47 44 4E 46 40 0D 41 4F 42 4D CD 54 00 5F 3C D4 50 6F 68 D5 1F	[DFT]ご主人さまの 息子さんは\n[KATAKANA]ペプシ[HIRAGANA]さんの娘さんと\nかけおちしちゃったんだ[KATAKANA]ニャン[HIRAGANA][FIN]ご主人さまは 心配のあまり\n病気になってしまったんだ[KATAKANA]ニャ[HIRAGANA]\nはげますことしかできなくて\nはがゆい[KATAKANA]ニャン[HIRAGANA]˳		pending
C0-05C2A8	0x05C2A8	002B	D7 04 81 4D 80 46 45 59 00 20 3D 64 46 49 3D 0A 4E CD D4 52 44 D5 53 3F 3C 61 59 0D CD 3D 64 46 42 4F 63 20 D4 50 6F 73 68 D5 1F	[DFT]ご主人さまが うれしそうだと\n[KATAKANA]ネコ[HIRAGANA]のおいらまで\nうれしくなる [KATAKANA]ニャーン[HIRAGANA]˳		pending
C0-05C328	0x05C328	0046	D0 20 00 02 4D 00 00 FD 02 41 10 02 CF 0E C3 85 6B 02 1D 3E C3 6B D7 C3 02 20 80 7F 53 80 80 50 20 14 43 D4 73 D5 46 71 68 50 CD 20 0D 40 43 4D 3C 59 47 CD CD 20 20 20 20 20 20 D4 47 4D 61 D5 3F 14 45 68 C3 00	[CLR] がぐてがが[CMD:FD]ぐき┌ぐ[STR:0EC385]ぅぐぽえ[PAL:6B][DFT][PAL:02] 南の島に ばけ[KATAKANA]ー[HIRAGANA]しょんに\n でかけています\n\n      [KATAKANA]ステラ[HIRAGANA]おばさん[PAL:00]		pending
C0-05C403	0x05C403	007B	D7 DC 01 3F 5E 6E CD C9 1E 3B 68 4A 00 20 4E 4F 62 50 44 46 4D 41 4A CD 80 27 80 14 80 55 53 20 3F D4 4B 15 D5 4B 6F 68 0A 52 6E CD 59 0A 81 02 81 03 4F 53 50 20 3E 61 3C 52 3E 1F D1 3F 14 45 68 50 0D 41 63 44 4E 00 3B 64 14 CD 4F 68 0D 5D 20 81 29 80 FE 3F 46 6E 7D CD 3F 14 45 68 54 20 3B 68 4A 5A 4A 3C 4F CD 00 68 14 62 80 A4 45 68 53 20 81 87 81 04 0A 60 1F DC 00	[DFT][NXT]ぎおやっ\n[PAU:1E]あんたが となりにこしてきた\n発明家の お[KATAKANA]チビ[HIRAGANA]ちゃんだねっ\nまだ子供なのに えらいねえ˳[FIN]おばさんにできることがあれば\nなんでも 相談おしっ!\nおばさんは あんたみたいな\nがんばり屋さんの 味方だよ˳[NXT]が		pending
C0-05C47F	0x05C47F	0071	D7 DC 01 4E 44 65 0D 20 3F D4 4B 15 D5 4B 6F 68 CD 80 99 80 82 53 20 3D 66 45 54 81 41 3C 4A 40 3C 0F CD 81 88 80 46 53 80 CD 80 38 00 41 4D 40 61 CD D4 65 42 D5 50 81 09 80 56 67 46 5E 46 4F 3C 53 45 D1 59 6E 4A 42 20 81 37 6E 4A 5D 68 45 CD 3F D4 4B 15 D5 4B 6F 68 54 20 3B 3B 3C 3D CD 80 43 80 46 50 4F 6E 4A 61 20 0A 5C 0A 60 7D DC 00	[DFT][NXT]ぎところで お[KATAKANA]チビ[HIRAGANA]ちゃん\n町長の うわさは聞いたかい?\n美人の秘書がきてから\n[KATAKANA]ロク[HIRAGANA]に仕事をしやしないのさ[FIN]まったく 困ったもんさ\nお[KATAKANA]チビ[HIRAGANA]ちゃんは ああいう\n大人になったら だめだよ![NXT]が		pending
C0-05C4F1	0x05C4F1	007C	D7 DC 01 3B 3B 20 3F D4 4B 15 D5 4B 6F 68 CD 3B 68 4A 20 80 99 80 82 45 68 80 3B 53 CD 80 27 80 14 80 55 4E 40 3C 3D 80 46 50 CD 80 D8 6E 4A 68 0A 6E 4D 0F D1 80 27 80 14 80 55 53 80 BD 80 D0 54 20 0E 3D 0A 6E 4A 0F CD 44 53 80 99 50 81 47 80 00 4F 80 46 00 42 63 4F 68 4D CD 49 68 4F 50 20 4F 3C 44 4E 0A 40 61 CD 80 99 80 82 5D 20 80 43 54 62 41 62 0A 65 3D 52 1F DC 00	[DFT][NXT]ぎああ お[KATAKANA]チビ[HIRAGANA]ちゃん\nあんた 町長さん所の\n発明家とかいう人に\n会ったんだって?[FIN]発明家の先生は どうだった?\nこの町に有名な人がくるなんて\nそんなに ないことだから\n町長も 大はりきりだろうね˳[NXT]が		pending
C0-05C56E	0x05C56E	0044	D7 DC 01 0D 20 49 53 4F 68 4E 40 6E 4D 80 27 80 14 80 55 54 CD 49 68 4F 50 20 81 47 80 00 4F 80 46 4F 53 40 3C 0F CD 81 89 81 8A 80 46 53 44 4E 0A 6E 4A 61 CD 3B 4A 46 5D 20 66 40 63 43 0E 52 3E 1F DC 00	[DFT][NXT]ぎで そのなんとかって発明家は\nそんなに 有名な人なのかい?\n芸能人のことだったら\nあたしも わかるけどねえ˳[NXT]が		pending
C0-05C5B3	0x05C5B3	0078	D7 DC 01 3F D4 4B 15 D5 4B 6F 68 20 81 41 3C 4A 40 3C 0F CD 80 99 53 81 02 81 03 4A 4B 00 CD 80 AE 80 AF 53 0E 3D 42 4C 0D 20 80 1E 81 04 80 60 80 14 50 CD 4F 6E 4A 68 0A 6E 4D 45 3B D1 4B 6F 68 4E 20 81 48 80 56 4F 68 0A 65 3D 40 52 3E CD 49 53 81 02 53 20 3F 40 3B 45 68 53 CD 80 E6 81 64 67 81 8B 3E 63 4E CD 3B 4A 46 54 20 40 66 3C 49 3D 0D 52 3E 1F DC 00	[DFT][NXT]ぎお[KATAKANA]チビ[HIRAGANA]ちゃん 聞いたかい?\n町の子供たちが\n河原のどうくつで 行方不明に\nなったんだってさあ[FIN]ちゃんと 無事なんだろうかねえ\nその子の おかあさんの\n心配を考えると\nあたしは かわいそうでねえ˳[NXT]が		pending
C0-05C62C	0x05C62C	0061	D7 DC 06 7E 7E 7E DC 01 3F D4 4B 15 D5 4B 6F D4 73 D5 68 7D CD 3D 66 45 54 20 81 41 3C 4D 63 60 6E 7D CD 3F 4D 00 61 0A 6E 4A 52 7D D1 3B 68 4A 20 59 0A 80 E7 45 3C 53 50 CD 60 42 20 00 68 14 6E 4A 60 52 CD 3E 61 3C 52 3E 20 3E 61 3C 52 3E CD 44 64 40 61 5D 20 00 68 14 63 68 0A 60 7D DC 00	[DFT][NXT]じ···[NXT]ぎお[KATAKANA]チビ[HIRAGANA]ちゃ[KATAKANA]ー[HIRAGANA]ん!\nうわさは 聞いてるよっ!\nおてがらだったね![FIN]あんた まだ小さいのに\nよく がんばったよね\nえらいねえ えらいねえ\nこれからも がんばるんだよ![NXT]が		pending
C0-05C68E	0x05C68E	009A	D7 DC 01 3B 3B 20 3F D4 4B 15 D5 4B 6F 68 7D CD 3C 3C 80 3B 50 41 4A 52 7D CD 3B 68 4A 20 81 0E 6E 4D 63 40 3C 0F D1 81 1D 80 F1 20 3B 68 4A 53 CD 4E 3D 45 68 53 20 80 55 53 80 F1 42 0D CD 81 8C 3C 81 8D 53 20 3B 5E 46 3C 81 2A 61 00 CD 3D 65 4C 3C 4D 3C 63 6E 4D 81 0C 81 0D 0A 60 D1 4E 3D 45 68 54 20 5C 68 0E 3D 4F 44 4E 50 CD 59 41 44 59 64 4D 5E 46 4F 3C 40 3C 0F CD 4A 59 50 54 20 80 BF 81 02 67 80 54 50 CD 80 1E 6E 4D 5E 61 4F 41 6F 0A 5C 0A 60 1F DC 00	[DFT][NXT]ぎああ お[KATAKANA]チビ[HIRAGANA]ちゃん!\nいい所にきたね!\nあんた 知ってるかい?[FIN]最近 あんたの\nとうさんの 家の近くで\n黒い服の あやしい奴らが\nうろついているって評判だよ[FIN]とうさんは めんどうなことに\nまきこまれてやしないかい?\nたまには 樣子を見に\n行ってやらなきゃだめだよ˳[NXT]が		pending
C0-05C729	0x05C729	006F	D7 DC 01 3F D4 4B 15 D5 4B 6F 68 7D 81 41 3C 4A 60 CD 3B 53 3D 66 45 54 20 80 D9 81 15 4F 53 40 3C 0F CD 3B 3B 20 3B 68 4A 20 5E 6E 19 62 55 4E 62 0D CD 81 7B 81 7C 46 4D 3C 4A 68 0A 52 3E D1 0D 5D 20 47 4F 3F 50 80 4C 81 8E 46 4A 81 04 00 3C 3C 60 CD 4F 68 0A 6E 4A 61 20 3F 14 45 68 00 CD 4C 3C 4D 3C 6E 4D 3B 03 60 3D 40 0F DC 00	[DFT][NXT]ぎお[KATAKANA]チビ[HIRAGANA]ちゃん!聞いたよ\nあのうわさは 本当なのかい?\nああ あんた やっぱりひとりで\n苦労していたんだねえ[FIN]でも すなおに自首した方がいいよ\nなんだったら おばさんが\nついていってあげようか?[NXT]が		pending
C0-05C799	0x05C799	006F	D7 DC 01 3F D4 4B 15 D5 4B 6F 68 6E 7D 41 3C 4A 60 6E 7D CD 3B 68 4A 20 81 48 80 1D 0A 6E 4A 68 0A 6E 4D 52 CD 3F 59 43 50 20 50 48 80 99 80 82 67 5E 6E 4C 43 4A CD 49 3D 06 6F 4F 3C 40 0F D1 4C 61 40 6E 4A 65 3D 50 20 3E 61 40 6E 4A 52 CD 3F 14 45 68 54 20 81 5A 80 67 46 4D 80 7A 66 07 CD 4F 5A 0A 00 80 45 4B 6F 6E 4A 60 1F DC 00	[DFT][NXT]ぎお[KATAKANA]チビ[HIRAGANA]ちゃんっ!きいたよっ!\nあんた 無実だったんだってね\nおまけに にせ町長をやっつけた\nそうじゃないか?[FIN]つらかったろうに えらかったね\nおばさんは 感動して思わず\nなみだが出ちゃったよ˳[NXT]が		pending
C0-05C809	0x05C809	002E	D7 DC 01 3B 3B 6E 7D 15 6E 42 62 46 4A 7D CD 3F 14 45 68 20 80 89 00 80 E7 45 3C 68 0A 40 61 CD 3F 0E 40 45 4F 3C 0D 3F 42 64 60 7D DC 00	[DFT][NXT]ぎああっ!びっくりした!\nおばさん 気が小さいんだから\nおどかさないでおくれよ![NXT]が		pending
C0-05C838	0x05C838	0025	D7 DC 01 3F 5E 20 80 46 4F 4C 6E 44 3C D4 52 07 5A D5 0A 52 CD 3F 4F 40 0D 5D 20 47 3C 4D 63 53 40 3C 0F DC 00	[DFT][NXT]ぎおや 人なつっこい[KATAKANA]ネズミ[HIRAGANA]だね\nおなかでも すいてるのかい?[NXT]が		pending
C0-05C888	0x05C888	0055	D7 20 C2 00 54 CD C3 02 20 10 47 4D 41 4F 20 3F 14 45 68 11 C3 00 53 CD 20 80 D9 67 20 5A 4C 43 4A 1F D1 C3 02 D4 77 80 26 81 8F D5 53 81 1A 80 05 CD 20 D4 60 73 02 63 4E D5 41 53 44 0D CD 20 80 26 80 59 40 61 20 D4 57 63 46 73 0A 3C 3E 6E 4E 78 D5 C3 00	[DFT] [NAM:00]は\n[PAL:02] ┌すてきな おばさん┘[PAL:00]の\n 本を みつけた˳[FIN][PAL:02][KATAKANA]╔今月[HIRAGANA]の特集\n [KATAKANA]ヨーグルト[HIRAGANA]きのこで\n 今日から [KATAKANA]ヘルシーダイエット╝[HIRAGANA][PAL:00]		pending
C0-05C8DE	0x05C8DE	001A	D7 20 80 50 4F 41 53 44 00 CD 20 4A 42 45 68 20 80 31 6E 4D 3C 63 7E 7E 7E 1F	[DFT] 変なきのこが\n たくさん 入っている···˳		pending
C0-05C939	0x05C939	003F	D7 20 C2 00 54 CD C3 02 20 81 90 3C D4 3B 63 14 5B D5 C3 00 67 5A 4C 43 4A CD 20 D4 3B 63 14 5B D5 53 80 1C 53 20 81 35 3C 44 65 53 CD 20 3F 14 3B 45 68 54 20 4E 4D 5D 41 64 3C 0A 6E 4A 1F	[DFT] [NAM:00]は\n[PAL:02] 古い[KATAKANA]アルバム[HIRAGANA][PAL:00]をみつけた\n [KATAKANA]アルバム[HIRAGANA]の中の 若いころの\n おばあさんは とてもきれいだった˳		pending
C0-05C979	0x05C979	00B4	D7 20 C2 00 54 CD C3 02 20 80 59 81 25 C3 00 67 5A 4C 43 4A 7D CD 20 80 59 81 25 54 20 80 71 81 0A 53 5D 53 61 46 3C DE D7 C3 02 20 D4 79 81 8F 79 80 59 D5 CD 20 80 26 80 59 5D 20 81 20 81 54 53 80 55 50 80 1E 6E 4A 00 CD 20 59 4A 20 81 20 81 54 53 3F 5E 06 45 68 50 CD 20 81 91 80 01 14 61 3C 50 45 64 4A 7E 7E 7E D1 20 81 20 81 54 53 80 55 4E 20 18 42 53 80 55 00 CD 20 81 2E 20 81 80 00 80 42 40 6E 4A 40 61 4E 81 10 6E 4D CD 20 18 42 61 50 20 80 EA 53 81 81 81 82 00 3B 63 68 0A 0F CD 20 04 80 BD 80 BE 45 59 67 20 3D 61 5B 60 1F C3 00	[DFT] [NAM:00]は\n[PAL:02] 日記[PAL:00]をみつけた!\n 日記は 青年のものらしい[TPL:D7][PAL:02] [KATAKANA]*月*日[HIRAGANA]\n 今日も 彼女の家に行ったが\n また 彼女のおやじさんに\n 門前ばらいにされた···[FIN] 彼女の家と ぼくの家が\n 昔 仲が悪かったからと言って\n ぼくらに 何の關係があるんだ?\n ご先祖さまを うらむよ˳[PAL:00]		pending
C0-05CA2E	0x05CA2E	0076	D7 C3 02 20 D4 79 81 8F 79 80 59 D5 CD 20 81 20 81 54 4E 20 44 53 80 99 67 80 45 63 44 4E 50 46 4A CD 20 81 20 81 54 4E 3C 6E 46 71 50 4F 63 50 54 CD 20 81 92 50 20 81 04 81 76 00 80 54 4C 40 61 4F 40 6E 4A D1 20 81 16 45 64 63 20 40 3B 45 68 53 44 4E 0A 43 00 CD 20 80 89 00 40 62 0D 20 81 09 81 04 4F 3C CD 20 04 5C 68 4F 45 3C 20 40 3B 45 68 1F C3 00	[DFT][PAL:02] [KATAKANA]*月*日[HIRAGANA]\n 彼女と この町を出ることにした\n 彼女といっしょになるには\n 他に 方法が見つからなかった[FIN] 残される かあさんのことだけが\n 気がかりで 仕方ない\n ごめんなさい かあさん˳[PAL:00]		pending
C0-05CAA5	0x05CAA5	0074	D7 C3 02 20 D4 79 81 8F 79 80 59 D5 CD 20 49 65 49 65 20 81 20 81 54 4E 43 6E 44 68 46 41 53 CD 20 3D 4B 3B 66 48 67 54 06 5C 63 44 4E 50 4F 6E 4A CD 20 46 41 53 80 59 00 20 80 26 40 61 80 9C 46 5A 0A D1 20 56 4A 62 67 5C 02 62 3B 66 48 4D 42 64 4A CD 20 81 93 80 BF 50 20 80 E6 53 81 94 40 61 CD 20 40 68 46 6F 48 07 50 54 3C 61 64 4F 3C 1F C3 00	[DFT][PAL:02] [KATAKANA]*月*日[HIRAGANA]\n そろそろ 彼女とけっこんしきの\n うちあわせをはじめることになった\n しきの日が 今から楽しみだ[FIN] ふたりをめぐりあわせてくれた\n 神樣に 心の底から\n かんしゃせずにはいられない˳[PAL:00]		pending
C0-05CD0D	0x05CD0D	0025	D7 4F 68 0A 52 20 41 5A 54 0F CD 81 7D 80 36 50 80 A1 80 A2 53 80 1C 50 CD 80 31 6E 4D 41 4B 6F 3C 40 68 60 1F	[DFT]なんだね きみは?\n勝手に警察の中に\n入ってきちゃいかんよ˳		pending
C0-05CD33	0x05CD33	00AA	D7 80 99 80 82 53 5D 53 67 81 18 63 4F 68 4D CD D4 14 40 D5 4F 44 4E 67 46 4A 5D 68 0A 4F CD C9 1E 45 3B 6E 20 C9 1E 44 64 54 80 99 80 82 50 81 6C 47 68 0A 60 D1 20 C2 00 54 CD C3 02 20 80 75 74 C3 00 67 20 3D 14 66 64 4A 7D D1 20 C2 00 54 CD C3 02 20 80 75 75 C3 00 67 20 3D 14 66 64 4A 7D D1 20 C2 00 54 CD C3 02 20 80 75 76 C3 00 67 20 3D 14 66 64 4A 7D D1 3F 80 01 53 44 4E 67 20 0E 3D 47 63 40 54 CD 80 99 80 82 00 20 81 95 5C 63 0A 65 3D CD 49 64 59 0D 20 49 44 0D CD 81 96 0D 5D 20 81 97 5E 46 4D 65 7D	[DFT]町長のものを取るなんて\n[KATAKANA]バカ[HIRAGANA]なことをしたもんだな\n[PAU:1E]さあっ [PAU:1E]これは町長に返すんだよ[FIN] [NAM:00]は\n[PAL:02] 石1[PAL:00]を うばわれた![FIN] [NAM:00]は\n[PAL:02] 石2[PAL:00]を うばわれた![FIN] [NAM:00]は\n[PAL:02] 石3[PAL:00]を うばわれた![FIN]お前のことを どうするかは\n町長が 決めるだろう\nそれまで そこで\n頭でも 冷やしてろ!		pending
C0-05CDDE	0x05CDDE	0031	D7 44 61 6E 7D CD 80 EA 67 20 0E 4A 14 4A 46 4D 3C 63 68 0A 0F CD 3F 4E 4F 46 42 46 4D 3C 4F 3C 4E CD 4F 66 0D 20 02 63 02 63 59 41 50 47 63 09 7D	[DFT]こらっ!\n何を どたばたしているんだ?\nおとなしくしていないと\nなわで ぐるぐるまきにするぞ!		pending
C0-05CE10	0x05CE10	0041	D7 DC 09 7E 7E 7E 7E 7E 7E 7E 7E 3C 7E DC 01 3C 4F 3C 6E CD C9 28 DC 00 0E 3D 46 60 3D 7E 7E 7E CD 80 99 80 82 50 20 3F 44 61 64 4D 46 59 3D CD 81 98 81 49 20 80 A5 03 61 64 4B 6F 3D 40 4F 3B 1F	[DFT][NXT]ぞ········い·[NXT]ぎいないっ\n[PAU:28][NXT]がどうしよう···\n町長に おこられてしまう\n給料 下げられちゃうかなあ˳		pending
C0-05CE52	0x05CE52	0037	D7 7E 7E 7E C9 30 4F 68 0A 6E 7D CD 3C 63 06 6F 4F 3C 40 6E 7D CD 59 6E 4A 42 20 80 46 45 66 00 48 4F 6E 7D 7D CD 3C 3C 40 7D 3F 4E 4F 46 42 46 4D 3C 63 68 0A 09 7D	[DFT]···[PAU:30]なんだっ!\nいるじゃないかっ!\nまったく 人さわがせなっ!!\nいいか!おとなしくしているんだぞ!		pending
C0-05CE8A	0x05CE8A	003C	D7 7E 7E 7E 59 6E 4A 42 CD 3C 4C 53 59 50 50 03 0A 46 4A 68 0A 6E 0F CD 50 03 64 14 20 4C 5A 00 81 32 42 4F 63 68 0A 09 7D CD 80 26 80 EE 44 49 20 3F 4E 4F 46 42 46 4D 3C 65 60 7D	[DFT]···まったく\nいつのまににげだしたんだっ?\nにげれば つみが重くなるんだぞ!\n今度こそ おとなしくしていろよ!		pending
C0-05CEC7	0x05CEC7	0041	D7 80 99 80 82 00 20 45 6E 41 80 54 3E 4D 4F CD 81 46 54 20 81 48 80 1D 0A 6E 4D 80 52 46 4D 3C 6E 4A 60 CD 44 64 0D 20 3F 64 53 81 98 81 49 5D 80 A5 00 61 4F 3C 46 CD 59 3B 20 60 40 6E 4A 4F 1F	[DFT]町長が さっき見えてな\n君は 無実だって話していったよ\nこれで おれの給料も下がらないし\nまあ よかったな˳		pending
C0-05CF2C	0x05CF2C	003A	D7 3B 53 20 D4 1C 6E 19 73 D5 4E 40 3C 3D 81 3E CD 80 88 80 FA 81 99 81 9A 81 26 4F 68 4D CD 80 43 D4 3D 49 D5 0A 6E 4A 68 0A 60 CD 0E 3D 62 0D 20 80 50 0A 4E 80 7A 6E 4A 7D	[DFT]あの [KATAKANA]ペッパー[HIRAGANA]とかいう男\n天才科学者なんて\n大[KATAKANA]ウソ[HIRAGANA]だったんだよ\nどうりで 変だと思った!		pending
C0-05CF8A	0x05CF8A	005D	D7 81 61 80 27 53 D4 46 71 6E 42 D5 0D CD C3 02 0E 3D 42 4C 53 80 31 80 A8 53 20 80 22 53 81 04 50 CD 80 43 41 4F 80 51 00 20 3B 3C 4D 3C 4A C3 00 68 0A D1 80 26 20 49 44 40 61 20 0E 3D 42 4C 53 80 1C 50 CD 80 31 6E 4D 5A 60 3D 40 4E CD 80 52 46 3B 6E 4D 3C 63 80 3B 4F 68 0A 1F	[DFT]爆発の[KATAKANA]ショック[HIRAGANA]で\n[PAL:02]どうくつの入口の 上の方に\n大きな穴が あいていた[PAL:00]んだ[FIN]今 そこから どうくつの中に\n入ってみようかと\n話しあっている所なんだ˳		pending
C0-05CFF8	0x05CFF8	0056	D0 02 63 F3 CF 02 80 01 02 97 80 F5 02 1D 09 D0 6B D7 5B 5B 6E CD 4F 68 0A 20 3F 80 01 40 7D D1 80 26 54 20 81 9B 53 80 AE 80 AF 53 CD 81 02 81 03 4A 4B 67 20 81 9C 80 45 47 63 4A 5C 53 CD 80 D8 80 7B 80 1C 4F 68 0A CD 80 6C 00 4F 3C 53 4F 61 20 80 EF 64 7D	[CLR]ぐる[CMD:F3][STR:028001]ぐ[BYTE:97]報ぐぽぞ[CLR]ぅ[DFT]むむっ\nなんだ お前か![FIN]今は 例の河原の\n子供たちを 救出するための\n会誄中なんだ\n用がないのなら 帰れ!		pending
C0-05D05B	0x05D05B	006F	D0 02 CC 80 FC 02 27 09 66 D0 6B 02 1D 6C D0 80 F0 D7 20 60 42 80 54 63 4E 20 40 17 50 4F 50 40 CD 20 61 42 00 41 00 46 4D 3B 63 D1 C3 02 20 48 5C 4D 20 D4 52 07 5A D5 50 0D 5D 4F 64 4A 61 CD 20 3F 59 66 62 00 20 41 4A 47 41 50 CD 20 50 03 4B 59 3D 53 50 4F 3B 7E 7E 7E CD 20 80 46 81 2B 6E 4D 20 48 4C 4F 3C 4F 3B 7E 7E 7E 1F C3 00	[CLR]ぐ[TER]策ぐGぞわ[CLR]ぅぐぽぇ[CLR]店[DFT] よく見ると かべになにか\n らくがきがしてある[FIN][PAL:02] せめて [KATAKANA]ネズミ[HIRAGANA]にでもなれたら\n おまわりが きたすきに\n にげちまうのになあ···\n 人間って せつないなあ···˳[PAL:00]		pending
C0-05D239	0x05D239	002F	D7 80 99 80 82 50 80 21 80 D8 0D 47 40 0F CD 80 99 80 82 54 20 44 53 3F 42 53 4C 41 3B 4A 62 53 CD 80 79 80 A4 50 3C 61 6E 46 6F 3C 59 47 1F	[DFT]町長に面会ですか?\n町長は このおくのつきあたりの\n部屋にいらっしゃいます˳		pending
C0-05D269	0x05D269	0052	D7 80 99 80 82 50 54 20 3F 80 D8 3C 50 4F 62 59 46 4A 0F CD 80 99 80 82 53 4E 4F 62 50 3C 61 6E 46 6F 6E 4A 53 00 CD 80 28 46 3C 80 CD 80 38 53 C3 03 D4 65 73 07 D5 C3 00 45 68 0D CD 81 88 80 46 0D 81 47 81 8A 4E 20 81 0C 81 0D 4F 68 0D 47 60 1F	[DFT]町長には お会いになりました?\n町長のとなりにいらっしゃったのが\n新しい秘書の[PAL:03][KATAKANA]ローズ[HIRAGANA][PAL:00]さんで\n美人で有能と 評判なんですよ˳		pending
C0-05D2BC	0x05D2BC	007F	D7 3B 61 20 C2 00 45 68 CD 44 53 3B 4A 62 50 80 10 4F 3C 81 04 00 3C 3C 66 60 CD 3B 4F 4A 53 81 9D 3C 54 20 59 0A CD 54 64 4D 3C 4F 3C 68 0D 46 71 0F D1 0D 5D 52 20 C9 1E 3B 4F 4A 00 4C 40 59 6E 4D 40 61 CD 80 99 80 82 53 60 3D 47 00 20 80 50 4F 53 7E 7E 7E CD 80 46 00 80 50 66 6E 4A 60 3D 50 20 81 09 80 56 67 47 63 46 CD 40 3E 6E 4D 80 89 81 87 00 80 42 42 4D 52 3E 7E 7E 7E 1F	[DFT]あら [NAM:00]さん\nこのあたりに来ない方がいいわよ\nあなたの疑いは まだ\nはれていないんでしょ?[FIN]でもね [PAU:1E]あなたがつかまってから\n町長のようすが 変なの···\n人が変わったように 仕事をするし\nかえって気味が悪くてねえ···˳		pending
C0-05D33C	0x05D33C	0028	D7 3B 53 6D DC 05 7E 7E 7E 7E 7E 7E CD DC 00 C2 00 45 68 0F CD 4B 71 6E 4E 20 3F 80 52 00 3B 63 53 CD 3C 3C 40 46 61 0F	[DFT]あのぉ[NXT]ざ······\n[NXT]が[NAM:00]さん?\nちょっと お話があるの\nいいかしら?		pending
C0-05D365	0x05D365	00A6	D7 3B 53 52 20 C2 00 45 68 CD 3B 4F 4A 00 20 80 9A 43 4A CD 80 AE 80 AF 53 81 02 81 03 4A 4B 53 80 1C 50 CD C3 02 D4 40 73 63 D5 C3 00 6E 4D 81 02 00 3C 4A 0D 46 71 3D 0F D1 7E 7E 7E 3F 14 45 68 53 81 02 4F 53 CD 80 B7 81 3B 40 43 4D 20 04 5C 68 4F 45 3C 52 CD 0D 5D 7E 7E 7E 3B 53 81 02 6E 4A 61 CD 59 0A 20 5D 0E 6E 4D 3C 4F 3C 53 60 D1 3B 53 81 02 53 44 4E 0A 40 61 CD 47 4F 3F 50 54 20 80 EF 6E 4D 44 4F 3C 4E CD 80 7A 6E 4D 3C 4A 43 0E 7E 7E 7E CD 7E 7E 7E 3B 3B 20 81 37 6E 4A 81 02 0A 66 7D	[DFT]あのね [NAM:00]さん\nあなたが 助けた\n河原の子供たちの中に\n[PAL:02][KATAKANA]カール[HIRAGANA][PAL:00]って子がいたでしょう?[FIN]···おばさんの子なの\n迷惑かけて ごめんなさいね\nでも···あの子ったら\nまだ もどっていないのよ[FIN]あの子のことだから\nすなおには 帰ってこないと\n思っていたけど···\n···ああ 困った子だわ!		pending
C0-05D40C	0x05D40C	0047	D7 C2 00 45 68 CD 5D 46 20 D4 40 73 63 D5 67 5A 4C 43 4A 61 CD 44 44 50 20 4C 64 4D 41 4D CD 5D 61 3E 4F 3C 40 46 61 0F D1 3F 46 62 67 20 55 6E 19 4A 40 4F 3C 4E CD 66 40 61 4F 3C 68 0A 40 61 CD 3B 53 81 02 54 7D	[DFT][NAM:00]さん\nもし [KATAKANA]カール[HIRAGANA]をみつけたら\nここに つれてきて\nもらえないかしら?[FIN]おしりを ひっぱたかないと\nわからないんだから\nあの子は!		pending
C0-05D454	0x05D454	00A5	D7 C2 00 45 68 CD 44 53 3B 3C 0A 54 20 3B 62 00 4E 3D CD D4 40 73 63 D5 00 20 80 EF 6E 4D 41 4D 40 61 CD 4A 6E 1B 62 3F 46 3F 41 46 4D 3F 3C 4A 66 D1 3B 53 81 02 53 81 9E 81 9F 54 20 80 26 CD 80 1E 81 04 81 0E 64 07 50 4F 6E 4D 3C 4D 52 7E 7E 7E CD 45 15 46 3C 53 40 46 61 52 CD 3B 68 4F 20 5B 4B 6F 14 40 62 47 63 53 54 7E 7E 7E D1 C2 00 45 68 CD 4A 59 50 0D 3C 3C 0D 47 40 61 CD 3B 53 81 02 4E 20 81 01 68 0D 5E 6E 4D 42 0A 45 3C 52 CD 80 D9 81 15 54 47 4F 3F 0D 3C 3C 81 02 4F 68 0D 47 60 1F	[DFT][NAM:00]さん\nこのあいだは ありがとう\n[KATAKANA]カール[HIRAGANA]が 帰ってきてから\nたっぷりおしおきしておいたわ[FIN]あの子の父親は 今\n行方知れずになっていてね···\nさびしいのかしらね\nあんな むちゃばかりするのは···[FIN][NAM:00]さん\nたまにでいいですから\nあの子と 遊んでやってくださいね\n本当はすなおでいい子なんですよ˳		pending
C0-05D4FA	0x05D4FA	0031	D7 80 99 80 82 54 20 80 26 3C 4F 3C 53 60 CD 4F 68 0D 5D 20 C3 02 80 7F 53 80 80 C3 00 50 CD D4 65 73 07 D5 45 68 4E 20 80 45 81 62 0D 47 6E 4D 1F	[DFT]町長は 今いないのよ\nなんでも [PAL:02]南の島[PAL:00]に\n[KATAKANA]ローズ[HIRAGANA]さんと 出張ですって˳		pending
C0-05D52C	0x05D52C	0037	D7 7E 7E 7E 3B 53 6D CD C9 3C 80 99 80 82 50 3F 80 D8 3C 50 4F 63 68 0D 46 4A 61 CD 81 31 54 20 3F 3C 4D 41 4A 81 04 00 CD 3C 3C 4E 80 7A 3C 59 47 43 0E 7E 7E 7E 1F	[DFT]···あのぉ\n[PAU:3C]町長にお会いになるんでしたら\n犬は おいてきた方が\nいいと思いますけど···˳		pending
C0-05D564	0x05D564	0031	D7 C2 00 45 68 CD 80 26 54 20 80 1C 50 80 31 61 4F 3C 81 04 00 3C 3C 66 60 CD 59 0A 20 3B 4F 4A 53 81 9D 3C 54 CD 54 64 4D 3C 4F 3C 68 0D 46 71 0F	[DFT][NAM:00]さん\n今は 中に入らない方がいいわよ\nまだ あなたの疑いは\nはれていないんでしょ?		pending
C0-05D596	0x05D596	004E	D7 C2 00 45 68 CD 80 1C 50 80 31 61 4F 3C 81 04 00 3C 3C 66 60 D1 DC 09 7E 7E 7E DC 00 04 09 68 06 4F 3C 53 0F CD C9 1E 3B 4F 4A 50 54 20 80 99 80 82 53 C3 02 80 74 80 75 C3 00 67 51 47 68 0A CD 81 9D 3C 00 20 40 40 6E 4D 63 53 60 1F	[DFT][NAM:00]さん\n中に入らない方がいいわよ[FIN][NXT]ぞ···[NXT]がごぞんじないの?\n[PAU:1E]あなたには 町長の[PAL:02]宝石[PAL:00]をぬすんだ\n疑いが かかってるのよ˳		pending
C0-05D5E5	0x05D5E5	0014	D7 D4 52 07 5A D5 45 68 20 80 1C 50 80 31 61 4F 3C 0D 52 1F	[DFT][KATAKANA]ネズミ[HIRAGANA]さん 中に入らないでね˳		pending
C0-05D5FA	0x05D5FA	0021	D7 3B 61 5E 0A 20 D4 52 07 5A D5 0A 66 CD 80 1C 50 80 31 61 64 4B 6F 20 81 37 63 53 50 7E 7E 7E 1F	[DFT]あらやだ [KATAKANA]ネズミ[HIRAGANA]だわ\n中に入られちゃ 困るのに···˳		pending
C0-05D61C	0x05D61C	0032	D7 3B 53 80 99 80 82 00 CD 50 48 5D 53 0A 6E 4A 4F 68 4D 52 3E CD 81 09 80 56 5D 20 59 06 5C 50 44 4F 46 4D CD 3C 3C 80 46 0A 6E 4A 53 50 7E 7E 7E 1F	[DFT]あの町長が\nにせものだったなんてねえ\n仕事も まじめにこなして\nいい人だったのに···˳		pending
C0-05D720	0x05D720	00F9	D8 6B 02 1D 2E D9 02 34 F0 FF 02 0A CA 80 02 CF C4 D6 85 6B D7 E0 04 81 41 3C 4A 66 60 20 81 46 CD 80 99 80 82 53 80 74 80 75 67 20 51 47 68 0A 81 9D 3C 0D CD 4C 40 59 6E 4D 4A 68 0D 47 6E 4D 0F D1 0A 3C 06 71 3D 16 20 3B 4A 46 54 81 0E 6E 4D 63 66 CD 81 46 54 20 4B 71 6E 4E 20 59 00 51 43 4D 63 43 0E CD 80 46 53 5D 53 67 81 18 6E 4A 62 47 63 81 02 06 6F 4F 3C CD 0A 64 40 53 20 3C 68 18 3D 50 4B 00 3C 4F 3C 66 D1 80 99 80 82 53 80 BF 81 02 00 20 80 50 0A 6E 4D 3C 3D CD 3D 66 45 54 81 41 3C 4D 63 0F CD 3B 4A 46 54 20 08 6E 4A 3C 44 64 50 54 CD 80 EA 40 3B 63 4E 80 7A 6E 4D 63 53 60 D1 0D 5D 20 80 EA 80 EE 80 99 80 82 50 80 D8 6E 4D 5D CD 4B 6E 4E 5D 20 46 6E 1D 00 4C 40 5C 4F 3C 53 60 CD 3B D4 73 73 73 73 73 73 D5 6E 20 42 5E 46 3C 6E 7D	[DF4]ぅぐぽN[DF5]ぐT[CMD:F0][CMD:FF]ぐだ[CA]技[STR:C4D685]ぅ[DFT][E2:0481]きいたわよ 君\n町長の宝石を ぬすんだ疑いで\nつかまってたんですって?[FIN]だいじょうぶ あたしは知ってるわ\n君は ちょっと まがぬけてるけど\n人のものを取ったりする子じゃない\nだれかの いんぼうにちがいないわ[FIN]町長の樣子が 変だっていう\nうわさは聞いてる?\nあたしは ぜったいこれには\n何かあると思ってるのよ[FIN]でも 何度町長に会っても\nちっとも しっぽがつかめないのよ\nあ[KATAKANA]ーーーーーー[HIRAGANA]っ くやしいっ!		pending
C0-05D81A	0x05D81A	003C	D7 E0 04 80 99 80 82 53 44 4E 4E 81 10 3C 20 81 46 53 44 4E 4E 81 10 3C CD 4F 50 40 80 56 81 24 53 50 3F 3C 00 47 63 53 60 CD 59 3B 20 80 56 81 24 81 25 81 26 53 D4 40 68 D5 52 1F	[DFT][E2:0480][BYTE:99]長のことと言い 君のことと言い\nなにか事件のにおいがするのよ\nまあ 事件記者の[KATAKANA]カン[HIRAGANA]ね˳		pending
C0-05D857	0x05D857	006D	D7 E0 04 DC 01 7E 7E 7E 3E 0F C9 1E 4F 68 0D 47 6E 4D 7D 0F CD 80 26 20 80 99 80 82 80 A0 50 3C 63 80 99 80 82 54 CD 50 48 5D 53 0D 47 6E 4D 7D 0F D1 DC 00 56 56 68 6E C9 1E 20 5E 6E 19 62 3B 4A 46 53 CD 50 61 68 0A 80 3C 62 52 7D CD 5D 3D 80 ED 80 0B 20 81 18 81 19 50 80 1E 6E 4D CD 81 21 81 22 67 3B 14 3C 4D 5E 63 66 6E 7D	[DFT][E2:04DC]ぎ···え?[PAU:1E]なんですって!?\n今 町長室にいる町長は\nにせものですって!?[FIN][NXT]がふふんっ[PAU:1E] やっぱりあたしの\nにらんだ通りね!\nもう一回 取材に行って\n正体をあばいてやるわっ!		pending
C0-05D8C5	0x05D8C5	0033	D8 E0 04 3B 3B 6E 7D 0A 5C 6E 7D CD 4B 6E 4E 5D 20 46 6E 1D 00 4C 40 5C 4F 3C 66 7D CD 80 D9 80 6D 53 80 99 80 82 4E 20 80 54 80 2F 43 00 4C 40 4F 3C 7D	[DF4][E2:043B]あっ!だめっ!\nちっとも しっぽがつかめないわ!\n本物の町長と 見分けがつかない!		pending
C0-05D8F9	0x05D8F9	0034	D7 E0 04 4F 50 40 20 80 99 80 82 53 81 21 81 22 67 3B 14 42 CD 81 04 81 76 54 4F 3C 40 46 61 7E 7E 7E CD 52 3E 20 C9 1E 4F 50 40 20 80 7A 3C 4C 40 4F 3C 0F	[DFT][E2:044F]にか 町長の正体をあばく\n方法はないかしら···\nねえ [PAU:1E]なにか 思いつかない?		pending
C0-05D92E	0x05D92E	007E	D7 E0 04 DC 09 7E 7E 7E 7E 7E 7E C9 3C DC 01 49 64 60 6E 7D CD C9 1E 80 99 80 82 00 20 81 31 00 80 43 41 61 3C 4F 53 54 CD 80 99 53 80 46 54 20 0A 64 0A 6E 4D 81 0E 6E 4D 63 66 7D D1 DC 00 52 3E 20 C2 00 CD 49 53 81 31 67 20 80 99 80 82 80 A0 59 0D CD 4C 64 4D 41 4D 4B 71 3D 0A 3C CD 3B 4A 46 54 20 80 BD 50 80 1E 6E 4D CD 81 18 81 19 53 20 5D 3D 46 44 5A 67 46 4D 42 63 66 7D	[DFT][E2:04DC]ぞ······[PAU:3C][NXT]ぎそれよっ!\n[PAU:1E]町長が 犬が大きらいなのは\n町の人は だれだって知ってるわ![FIN][NXT]がねえ [NAM:00]\nその犬を 町長室まで\nつれてきてちょうだい\nあたしは 先に行って\n取材の もうしこみをしてくるわ!		pending
C0-05D9D4	0x05D9D4	0025	D7 3F 6E 4E 20 18 3D 5E CD 44 53 80 BD 54 20 81 A0 80 98 81 34 81 36 54 CD 80 F9 80 31 62 81 A1 80 6F 0A 60 1F	[DFT]おっと ぼうや\nこの先は 職員以外は\n立入り禁止だよ˳		pending
C0-05DA21	0x05DA21	007D	D7 81 1D 80 F1 53 20 80 99 80 82 4E 41 4A 61 CD 4B 6E 4E 5D 20 81 09 80 56 67 46 4F 3C 14 40 62 40 CD 80 47 80 48 67 3D 4F 00 46 4A 81 A0 80 98 67 CD 81 A2 80 F3 50 20 D4 42 15 D5 50 46 4D 3C 63 68 0A 7D D1 49 64 5D 44 64 5D CD 3B 53 20 80 CD 80 38 53 C3 03 D4 65 73 07 D5 C3 00 4E 40 3C 3D 81 54 00 CD 5E 6E 4D 41 4D 40 61 45 CD 3F 64 54 20 59 6E 4A 42 82 33 43 4F 3C 60 7D	[DFT]最近の 町長ときたら\nちっとも 仕事をしないばかりか\n注意をうながした職員を\n次々に [KATAKANA]クビ[HIRAGANA]にしているんだ![FIN]それもこれも\nあの 秘書の[PAL:03][KATAKANA]ローズ[HIRAGANA][PAL:00]とかいう女が\nやってきてからさ\nおれは まったく情けないよ!		pending
C0-05DADC	0x05DADC	005C	DA DA 02 80 00 02 97 80 F5 02 62 02 00 0B DB 02 0B C8 80 01 DB 02 0B 20 80 FC DA 02 1D 10 DB 6B 02 1D 6D DB 6B 02 1D 39 DB 6B 02 1D 98 DB 6B 02 1D C5 DB 6B D7 E0 0B 80 99 80 82 54 20 3C 49 00 46 3C 81 04 4F 53 CD 3F 80 52 00 3B 63 53 4F 61 CD 40 68 4A 68 50 52 20 18 3D 5E 1F	[DLY:DA]ぐ名ぐ[BYTE:97]報ぐりぐがぢ[DD]ぐぢ[DES]前[DD]ぐぢ 策[DLY:02]ぽ┌[DD]ぅぐぽぉ[DD]ぅぐぽY[DD]ぅぐぽ[BYTE:98][DD]ぅぐぽ[TBL:DB6BD7E0]ぢ町長は いそがしい方なの\nお話があるのなら\nかんたんにね ぼうや˳		pending
C0-05DB39	0x05DB39	0033	D7 E0 0B 3C 4A 07 61 54 0A 5C 60 20 18 3D 5E CD 80 99 80 82 54 20 81 31 00 20 3F 41 61 3C 4F 53 CD 81 31 67 20 81 36 57 80 45 46 4D 61 6E 46 6F 3C 4F 1F	[DFT][E2:0B3C]たずらはだめよ ぼうや\n町長は 犬が おきらいなの\n犬を 外へ出してらっしゃいな˳		pending
C0-05DB6D	0x05DB6D	002A	D7 E0 0B 59 4A 20 3B 4F 4A 4F 53 0F CD 3B 59 62 20 80 43 80 46 53 81 09 80 56 53 CD 06 6F 59 67 46 4D 54 3C 43 4F 42 4D 60 1F	[DFT][E2:0B59]た あなたなの?\nあまり 大人の仕事の\nじゃまをしてはいけなくてよ˳		pending
C0-05DB98	0x05DB98	002C	D7 E0 0B 80 EA 67 46 4D 4A 53 40 0D 47 6E 4D 0F CD C9 1E 56 56 56 7E 7E 7E CD C9 1E 4E 6E 4D 5D 3C 3C 44 4E 60 20 C9 1E 18 3D 5E 1F	[DFT][E2:0B80][CMD:EA]をしてたのかですって?\n[PAU:1E]ふふふ···\n[PAU:1E]とってもいいことよ [PAU:1E]ぼうや˳		pending
C0-05DBC5	0x05DBC5	001A	D7 E0 0B 56 68 6E 20 59 51 43 4F 80 25 67 46 4A CD D4 52 07 5A D5 0A 44 4E 1F	[DFT][E2:0B56]んっ まぬけな顔をした\n[KATAKANA]ネズミ[HIRAGANA]だこと˳		pending
C0-05DD72	0x05DD72	0019	D8 DC 01 E0 09 3C 5E 7E 7E 7E C9 1E 44 64 54 20 C9 1E 3B 53 7E 7E 7E DC 00	[DF4][NXT]ぎ[E2:093C]や···[PAU:1E]これは [PAU:1E]あの···[NXT]が		pending
C0-05DD8C	0x05DD8C	001F	D8 DC 01 E0 09 3C 5E 3B 20 80 26 80 59 54 4E 6E 4D 5D CD 3B 4C 3C 52 3E 20 66 54 54 54 54 1F	[DF4][NXT]ぎ[E2:093C]やあ 今日はとっても\nあついねえ わはははは˳		pending
C0-05DDAC	0x05DDAC	008C	D8 E0 09 3C 5E 3B 20 44 53 4A 15 54 CD 80 43 80 50 4F 40 4C 5E 42 0A 6E 4A 52 CD 80 26 81 33 5D 20 60 65 46 42 4A 53 5B 60 D1 44 64 54 20 80 99 40 61 53 CD 81 5A 81 5B 53 20 80 89 80 2D 4B 0A CD 3D 43 4E 6E 4D 42 64 4A 59 3E D1 20 C2 00 54 CD C3 02 20 74 73 73 73 D4 4E 65 68 D5 C3 00 67 20 5D 61 6E 4A 7D CC D8 E0 09 3C 5E 20 80 CE 54 81 1D 81 68 40 61 81 46 50 CD 81 A3 81 1C 46 4D 3F 6E 4A 60 CD 66 6E 54 6E 54 6E 1F	[DF4][E2:093C]やあ このたびは\n大変なかつやくだったね\n今後も よろしくたのむよ[FIN]これは 町からの\n感謝の 気持ちだ\nうけとってくれたまえ[FIN] [NAM:00]は\n[PAL:02] 1000[KATAKANA]トロン[HIRAGANA][PAL:00]を もらった![TER][DF4][E2:093C]や 私は最初から君に\n期待しておったよ\nわっはっはっ˳		pending
C0-05DE39	0x05DE39	0126	D8 E0 09 3C 5E 3B 20 80 CE 54 80 99 81 A4 4E 53 CD D4 44 5A 70 50 43 73 46 71 68 D5 67 CD 80 43 81 0F 50 46 4D 3C 63 40 61 52 D1 18 3D 5E 53 60 3D 4F 80 E7 45 4F 80 99 81 A4 4E 5D CD D4 47 43 06 70 73 63 D5 53 81 2B 67 51 6E 4D CD 80 52 47 80 62 80 D8 67 20 5D 3D 43 4D 3C 63 68 0A 60 CD 66 54 54 54 54 54 D1 81 46 5D 20 80 26 80 59 40 61 44 53 D4 65 44 44 80 99 D5 53 CD 80 DD 80 46 4E 3C 3D 66 43 0A CD 81 85 53 4A 5C 20 80 46 53 4A 5C 20 80 99 53 4A 5C 50 CD 81 35 3C 80 32 67 20 80 08 6E 4D 42 64 4A 59 3E D1 44 4B 61 50 3C 63 C3 02 D4 1C 6E 19 73 D5 45 68 C3 00 54 CD 81 47 80 00 4F 80 27 80 14 80 55 4F 68 0A 49 3D 0A CD D4 54 6E 40 73 D5 53 3D 66 45 67 81 41 41 4C 43 4D CD 80 32 67 80 5C 46 50 20 41 4D 42 0A 45 6E 4A 68 0A D1 D3 34 DF D8 E0 09 18 3D 5E 5D 20 D4 1C 6E 19 73 D5 45 68 53 60 3D 4F CD 62 6E 19 4F 20 3F 4E 4F 50 4F 62 4F 45 3C 60 CD 54 6E 54 6E 54 6E 54 6E 1F	[DF4][E2:093C]やあ 私は町民との\n[KATAKANA]コミュニケーション[HIRAGANA]を\n大切にしているからね[FIN]ぼうやのような小さな町民とも\n[KATAKANA]スケジュール[HIRAGANA]の間をぬって\n話す機会を もうけているんだよ\nわははははは[FIN]君も 今日からこの[KATAKANA]ロココ町[HIRAGANA]の\n住人というわけだ\n世のため 人のため 町のために\n若い力を 使ってくれたまえ[FIN]こちらにいる[PAL:02][KATAKANA]ペッパー[HIRAGANA]さん[PAL:00]は\n有名な発明家なんだそうだ\n[KATAKANA]ハッカー[HIRAGANA]のうわさを聞きつけて\n力を貸しに きてくださったんだ[FIN][JMP]T[ESC][DF4][E2:0918]うやも [KATAKANA]ペッパー[HIRAGANA]さんのような\nりっぱな おとなになりなさいよ\nはっはっはっはっ˳		pending
C0-05DF60	0x05DF60	0070	D8 E0 09 44 4B 61 53 81 04 54 CD C3 02 D4 1C 6E 19 73 D5 C3 00 45 68 4E 3F 6E 46 6F 6E 4D CD 81 47 80 00 4F 20 80 27 80 14 80 55 0A 49 3D 0A D1 D4 54 6E 40 73 D5 53 3D 66 45 67 81 41 41 4C 43 4D CD D4 54 6E 40 73 81 A5 81 A6 D5 50 CD 81 05 80 32 46 4D 42 0A 45 63 4E 81 10 3D 68 0A CD 3C 5E D4 73 D5 20 3B 62 00 4A 3C 44 4E 0A 52 3E 1F	[DF4][E2:0944]ちらの方は\n[PAL:02][KATAKANA]ペッパー[HIRAGANA][PAL:00]さんとおっしゃって\n有名な 発明家だそうだ[FIN][KATAKANA]ハッカー[HIRAGANA]のうわさを聞きつけて\n[KATAKANA]ハッカー退治[HIRAGANA]に\n協力してくださると言うんだ\nいや[KATAKANA]ー[HIRAGANA] ありがたいことだねえ˳		pending
C0-05DFD1	0x05DFD1	002D	D8 E0 09 81 46 5D 20 D4 1C 6E 19 73 D5 45 68 53 60 3D 4F CD 62 6E 19 4F 20 80 27 80 14 80 55 50 CD 4F 64 63 4E 3C 3C 5D 68 0A 52 3E 1F	[DF4][E2:0981]しも [KATAKANA]ペッパー[HIRAGANA]さんのような\nりっぱな 発明家に\nなれるといいもんだねえ˳		pending
C0-05DFFF	0x05DFFF	0092	D8 E0 09 D4 1C 6E 19 73 D5 45 68 4F 61 CD 5D 3D 20 44 44 50 54 3C 4F 3C 60 CD 18 3D 5E D1 3B 53 81 04 54 20 80 AE 80 AF 53 0E 3D 42 4C 50 CD 81 02 81 03 00 20 4E 06 44 5C 61 64 4A 4E 81 41 3C 4D CD 04 80 4C 80 2F 53 80 27 80 14 80 8C 0D 20 81 9C 80 45 50 CD 81 05 80 32 46 4D 42 0A 45 63 4E 81 10 3D 68 0A D1 D3 6C E0 D8 E0 09 3C 5E 3B 20 59 6E 4A 42 CD 3B 53 81 04 54 20 3D 66 45 0E 3F 62 53 CD 62 6E 19 4F 20 80 27 80 14 80 55 0A 60 1F	[DF4][E2:09D4]ぺっぱ0[HIRAGANA]さんなら\nもう ここにはいないよ\nぼうや[FIN]あの方は 河原のどうくつに\n子供が とじこめられたと聞いて\nご自分の発明品で 救出に\n協力してくださると言うんだ[FIN][JMP]ぇ[E2:D8E0]ぞいやあ まったく\nあの方は うわさどおりの\nりっぱな 発明家だよ˳		pending
C0-05E092	0x05E092	006C	D7 E0 09 4F 68 0A 52 20 18 3D 5E CD C9 1E D4 1C 6E 19 73 D5 0F CD C9 1E 3B 68 4F 81 3E 53 44 4E 54 20 81 0E 61 68 7D D1 81 6F 3C 81 09 80 56 81 49 67 54 61 6E 4A 53 50 CD D4 65 42 D5 50 20 54 4A 61 41 5D 48 68 0D 7D CD C9 1E 80 CE 54 20 3B 68 4F 81 3E 50 59 40 48 63 53 54 CD 54 06 5C 40 61 20 81 7F 80 FB 0A 6E 4A 68 0A 7D	[DFT][E2:094F]んだね ぼうや\n[PAU:1E][KATAKANA]ペッパー[HIRAGANA]?\n[PAU:1E]あんな男のことは 知らん![FIN]高い仕事料をはらったのに\n[KATAKANA]ロク[HIRAGANA]に はたらきもせんで!\n[PAU:1E]私は あんな男にまかせるのは\nはじめから 反対だったんだ!		pending
C0-05E0FF	0x05E0FF	0035	D8 E0 09 DC 09 7E 7E 7E 3C 6E 7E C9 1E DC 01 3C 51 6E 7D CD C9 1E 41 6E 7E 41 6E 7E 41 5A 6E 7D CD 49 53 80 D0 41 80 6D 67 20 81 36 50 80 45 46 4D 42 64 6E 7D	[DF4][E2:09DC]ぞ···いっ·[PAU:1E][NXT]ぎいぬっ!\n[PAU:1E]きっ·きっ·きみっ!\nその生き物を 外に出してくれっ!		pending
C0-05E135	0x05E135	0034	D7 E0 09 7E 7E 7E 4F 68 0D 20 44 68 4F 80 3B 50 CD D4 52 07 5A D5 00 3C 63 68 0A 6E 0F 7D CD D4 42 62 73 68 D5 4F D4 3C 5C 73 06 D5 00 0A 3C 4F 46 0A 6E 7D	[DFT][E2:097E]··なんで こんな所に\n[KATAKANA]ネズミ[HIRAGANA]がいるんだっ?!\n[KATAKANA]クリーン[HIRAGANA]な[KATAKANA]イメージ[HIRAGANA]がだいなしだっ!		pending
C0-05E16A	0x05E16A	0029	D7 E0 09 3E 0F D4 65 73 07 D5 54 0E 44 50 3C 63 40 0A 4E 0F CD 81 0E 61 68 7D CD 0E 44 40 50 80 35 3E 4D 46 59 6E 4A 60 7D	[DFT][E2:093E]?[KATAKANA]ローズ[HIRAGANA]はどこにいるかだと?\n知らん!\nどこかに消えてしまったよ!		pending
C0-05E194	0x05E194	0033	D7 E0 09 59 6E 4A 42 20 81 54 54 81 3E 67 59 0E 66 48 63 CD 3F 49 65 46 3C 20 80 D0 41 80 6D 0A 60 CD 81 46 5D 20 60 42 3F 18 3E 4D 3F 41 4A 59 3E 60 1F	[DFT][E2:0959]ったく 女は男をまどわせる\nおそろしい 生き物だよ\n君も よくおぼえておきたまえよ˳		pending
C0-05E246	0x05E246	003A	D7 E0 09 4F 68 0A 52 20 81 46 54 CD 80 75 0F C9 1E 4F 68 53 44 4E 40 52 0F D1 47 59 68 00 20 80 26 3C 49 00 46 3C 68 0D 52 CD 80 6C 00 3B 63 4F 61 20 59 4A 50 46 4D 42 64 1F	[DFT][E2:094F]んだね 君は\n石?[PAU:1E]なんのことかね?[FIN]すまんが 今いそがしいんでね\n用があるなら またにしてくれ˳		pending
C0-05E281	0x05E281	0033	D7 E0 09 80 CE 5D 3C 49 00 46 3C 80 4B 4F 53 0A 00 CD 81 18 81 19 4E 3B 64 14 20 81 09 81 04 4F 3C CD C9 1E 45 4D 20 80 EA 00 81 41 41 4A 3C 53 40 4F 0F	[DFT][E2:0980][SKP:5D]いそがしい身なのだが\n取材とあれば 仕方ない\n[PAU:1E]さて 何が聞きたいのかな?		pending
C0-05E2B5	0x05E2B5	0163	D7 E0 09 3F 5E C9 1E 20 40 66 3C 3C 81 31 0A 52 CD 0D 5D 81 46 20 80 43 80 46 53 81 09 80 56 80 18 50 CD 81 31 67 20 80 2D 6E 4D 41 4D 54 3C 43 4F 3C 60 D1 E0 04 4B 71 6E 4E 20 59 6E 4A D4 73 D5 6E 7D CD C9 3C 80 99 80 82 6E 7D 3C 4C 40 61 81 31 01 61 3C 00 CD 4F 3F 6E 4A 68 0D 47 40 6E 7D 0F D1 80 01 54 20 81 31 00 49 14 50 3C 63 0A 43 0D 5D CD 55 5C 3C 67 3B 03 4D 59 46 4A 60 52 7D CD 44 64 54 20 3C 6E 4A 3C CD 0E 3D 3C 3D 44 4E 4F 68 0D 47 40 6E 7D 7D D1 E0 09 3C 5E 7E 7E 7E C9 1E 3B 53 7E 7E 7E C9 1E 49 53 7E 7E 7E CD DC 09 44 64 54 7E 7E 7E 7E 7E 7E 7E 7E D1 7E 7E 7E 7E 7E 7E DC 01 56 68 6E CD DC 00 14 64 4A 4E 3B 6E 4B 6F 3B 20 81 09 81 04 4F 3C CD 3C 40 50 5D 20 3F 64 45 59 54 CD 50 48 53 80 99 80 82 45 D1 49 53 81 21 81 22 54 20 C3 03 D4 54 6E 40 73 81 A7 80 B3 80 B4 81 A8 D5 CD D4 65 73 07 80 BF D5 53 20 46 68 3E 3C 81 A9 C3 00 45 7D CD 81 21 81 22 67 81 0E 61 64 4A 40 61 50 6F 3B CD 0A 59 6E 4D 80 EF 47 66 43 50 54 20 3C 40 4F 3C 4F D1 CD 81 AA 61 53 80 E6 53 45 45 3E 20 D4 65 73 07 80 BF D5 53 4A 5C CD 3F 81 3C 4B 71 3D 0A 3C 47 63 08 7D	[DFT][E2:093F]や[PAU:1E] かわいい犬だね\nでも君 大人の仕事場に\n犬を 持ってきてはいけないよ[FIN][E2:044B]ょっと まった[KATAKANA]ー[HIRAGANA]っ!\n[PAU:3C]町長っ!いつから犬ぎらいが\nなおったんですかっ!?[FIN]前は 犬がそばにいるだけでも\nひめいをあげてましたよね!\nこれは いったい\nどういうことなんですかっ!![FIN][E2:093C]や···[PAU:1E]あの···[PAU:1E]その···\n[NXT]ぞこれは········[FIN]······[NXT]ぎふんっ\n[NXT]がばれたとあっちゃあ 仕方ない\nいかにも おれさまは\nにせの町長さ[FIN]その正体は [PAL:03][KATAKANA]ハッカー副司令官[HIRAGANA]\n[KATAKANA]ローズ樣[HIRAGANA]の しんえい隊[PAL:00]さ!\n正体を知られたからにゃあ\nだまって帰すわけには いかないな[FIN]\n我らの心のささえ [KATAKANA]ローズ樣[HIRAGANA]のため\nお命ちょうだいするぜ!		pending
C0-05E419	0x05E419	003F	D7 E0 09 3F 4E 4F 46 42 20 44 53 59 59 80 EF 64 14 CD 81 3C 54 20 80 9A 43 4D 5E 6E 4A 5D 53 67 7E 7E 7E D1 4F 61 14 20 3F 53 09 5A 0E 3F 62 CD 49 53 20 80 E3 53 81 AB 67 4E 5C 4D 5E 63 7D	[DFT][E2:093F]となしく このまま帰れば\n命は 助けてやったものを···[FIN]ならば おのぞみどおり\nその 息の根をとめてやる!		pending
C0-05E4A7	0x05E4A7	0057	DA 02 0A CB 80 02 33 50 FF 80 B0 02 1D 6F E5 80 AA D7 C3 02 80 99 80 82 53 20 80 D9 80 59 53 D4 47 43 06 70 73 63 D5 CD 20 3B 45 7F D4 65 73 07 D5 42 68 4E 81 AC 80 CB CD 20 55 63 7F 81 AD 81 1C D4 04 63 56 D5 CD 20 60 63 7F D4 42 61 16 D5 0D 81 AD 81 1C C3 00	[DLY:02]だ[CB]技Sに[CMD:FF]幽ぐぽゃ[CMD:E5]博[DFT][PAL:02]町長の 本日の[KATAKANA]スケジュール[HIRAGANA]\n あさ:[KATAKANA]ローズ[HIRAGANA]くんと朝食\n ひる:接待[KATAKANA]ゴルフ[HIRAGANA]\n よる:[KATAKANA]クラブ[HIRAGANA]で接待[PAL:00]		pending
C0-05E4FF	0x05E4FF	0057	D7 C3 02 80 99 80 82 53 20 80 D9 80 59 53 D4 47 43 06 70 73 63 D5 CD 20 3B 45 7F D4 65 44 44 80 99 81 9F D5 18 42 80 D8 80 45 82 5A CD 20 55 63 7F D4 65 44 44 80 99 80 27 82 6A 80 D8 80 7B 80 45 82 5A D5 CD 20 60 63 7F D4 5B 56 56 42 61 16 80 45 82 5A D5 C3 00	[DFT][PAL:02]町長の 本日の[KATAKANA]スケジュール[HIRAGANA]\n あさ:[KATAKANA]ロココ町親[HIRAGANA]ぼく会出席\n ひる:[KATAKANA]ロココ町発展会誄出席[HIRAGANA]\n よる:[KATAKANA]ムフフクラブ出席[HIRAGANA][PAL:00]		pending
C0-05E557	0x05E557	003F	D7 20 C2 00 54 CD C3 02 20 D4 40 01 D5 C3 00 67 20 80 54 4C 43 4A 7D CC D7 20 C2 00 54 CD C3 02 20 D4 40 01 D5 C3 00 67 20 80 54 4C 43 4A 7D CD 20 0A 00 20 5D 4B 5D 53 00 3C 6E 19 3C 0A 1F	[DFT] [NAM:00]は\n[PAL:02] [KATAKANA]カギ[HIRAGANA][PAL:00]を 見つけた![TER][DFT] [NAM:00]は\n[PAL:02] [KATAKANA]カギ[HIRAGANA][PAL:00]を 見つけた!\n だが もちものがいっぱいだ˳		pending
C0-05E5CE	0x05E5CE	00AF	D7 E0 05 49 3D 20 C9 1E 44 53 80 CE 44 49 00 CD 80 26 81 85 81 AE 00 80 D0 68 0A 20 80 88 80 FA 80 27 80 14 80 55 CD C3 02 D4 1C 6E 19 73 80 AA 80 AB D5 C3 00 0A D1 3F 80 01 5D 20 80 27 80 14 80 55 0A 4E 0F CD 40 6E 40 6E 20 3F 80 01 4E 80 CE 0D 54 CD 81 AF 5D 20 80 8C 81 B0 5D 20 4B 00 3D 53 0A 60 CD 80 52 50 4F 61 68 4F D1 80 CE 50 20 80 DB 3E 67 44 3C 4A 3C 53 40 0F CD C9 14 40 6E 40 6E 40 6E 20 81 48 80 CA 0A 81 48 80 CA 0A CD 3F 80 01 53 60 3D 4F 20 81 02 81 03 50 CD 80 DB 3E 63 44 4E 4F 0E 20 80 EA 5D 4F 3C 6E 1F	[DFT][E2:0549]う [PAU:1E]この私こそが\n今世紀が生んだ 天才発明家\n[PAL:02][KATAKANA]ペッパー博士[HIRAGANA][PAL:00]だ[FIN]お前も 発明家だと?\nかっかっ お前と私では\n格も 品位も ちがうのだよ\n話にならんな[FIN]私に 教えをこいたいのか?\n[PAU:14]かっかっかっ 無理だ無理だ\nお前のような 子供に\n教えることなど 何もないっ˳		pending
C0-05E67E	0x05E67E	0033	D7 E0 05 3F 80 01 53 80 27 80 14 4F 0E CD 81 B1 81 B2 53 D4 5B 0A 80 08 D5 3C 00 48 41 53 80 C8 0A CD 46 71 48 68 54 20 80 FA 81 8A 53 4B 00 3C 0A 60 1F	[DFT][E2:053F]前の発明など\n資源の[KATAKANA]ムダ使[HIRAGANA]いがせきの山だ\nしょせんは 才能のちがいだよ˳		pending
C0-05E72F	0x05E72F	0052	D7 E0 04 C2 00 20 3C 3C 0F CD 81 31 67 4C 64 4D 20 80 99 80 82 50 CD 80 52 46 40 43 63 53 60 D1 3C 4C 5D 53 20 80 99 80 82 4F 61 CD 81 31 00 20 4B 40 0C 3C 4A 0A 43 0D CD 80 43 45 66 01 47 63 54 07 60 CD 46 6E 40 62 20 4A 53 68 0A 66 52 6E 7D 7D	[DFT][E2:04C2]が いい?\n犬をつれて 町長に\n話しかけるのよ[FIN]いつもの 町長なら\n犬が ちかづいただけで\n大さわぎするはずよ\nしっかり たのんだわねっ!!		pending
C0-05E782	0x05E782	0025	D7 E0 04 5D 3D 6E 20 0E 3D 46 4A 53 60 0F 7D CD 81 3E 53 81 02 0D 46 71 0F 7D CD 00 68 14 6E 4D 60 20 C2 00 7D	[DFT][E2:045D]うっ どうしたのよ?!\n男の子でしょ?!\nがんばってよ [NAM:00]!		pending
C0-05E7A8	0x05E7A8	0030	D7 E0 04 4B 7E 4B 71 6E 4E 6D 7E 7E 7E CD 81 31 54 0E 3D 46 4A 53 7D 0F 81 31 60 6E 7D CD 81 31 00 3C 4F 3C 4E 80 52 50 4F 61 4F 3C 0D 46 71 7D	[DFT][E2:044B]·ちょっとぉ···\n犬はどうしたの!?犬よっ!\n犬がいないと話にならないでしょ!		pending
C0-05E810	0x05E810	003B	D7 4F 7E 4F 68 0D 44 68 4F 80 3B 50 CD D4 52 07 5A D5 00 3C 63 53 60 6D 6E 7D 7D CD 80 26 20 80 43 80 56 4F 80 3B 4F 68 0A 40 61 CD 3B 7E 3B 6E 4B 50 80 1E 6E 4D 60 6D 6E 7D 7D	[DFT]な·なんでこんな所に\n[KATAKANA]ネズミ[HIRAGANA]がいるのよぉっ!!\n今 大事な所なんだから\nあ·あっちに行ってよぉっ!!		pending
C0-05E896	0x05E896	0028	D7 20 C2 00 54 CD 20 55 41 0A 46 53 80 1C 40 61 CD C3 02 20 81 90 15 4A D4 3B 63 14 5B D5 C3 00 67 20 80 54 4C 43 4A 1F	[DFT] [NAM:00]は\n ひきだしの中から\n[PAL:02] 古びた[KATAKANA]アルバム[HIRAGANA][PAL:00]を 見つけた˳		pending
C0-05EAB9	0x05EAB9	006A	D7 E0 07 4F 68 0A 20 3F 80 01 40 CD C9 1E 3B 64 40 61 20 40 3B 4B 6F 68 50 CD 81 36 50 81 01 15 50 80 1E 6E 4B 6F 3C 43 4F 3C 6E 4D CD 81 10 66 64 4D 45 7E 7E 7E D1 4B 3E 6E 20 80 55 53 80 1C 14 40 62 3C 4A 61 CD 42 45 6E 4B 6F 3D 60 4F CD C9 14 49 53 3D 4B 20 44 6E 49 62 CD 51 43 0A 49 3D 4E 80 7A 6E 4D 63 68 0A 1F	[DFT][E2:074F]んだ お前か\n[PAU:1E]あれから かあちゃんに\n外に遊びに行っちゃいけないって\n言われてさ···[FIN]ちえっ 家の中ばかりいたら\nくさっちゃうよな\n[PAU:14]そのうち こっそり\nぬけだそうと思ってるんだ˳		pending
C0-05EB24	0x05EB24	006E	D7 E0 07 4F 68 0A 20 3F 80 01 40 CD 3F 80 01 4E 81 01 68 0D 3C 63 20 55 59 54 4F 3C 09 CD 3F 64 54 80 26 20 3F 81 5E 81 4E 80 1C 4F 68 0A 60 D1 3F 5E 06 00 20 5D 3D 81 3A 46 46 4A 61 CD 80 EF 6E 4D 42 63 68 0A 65 3D 0F 49 64 59 0D 50 CD D4 4D 47 4E D5 0D 74 73 73 81 B5 4E 6E 4D CD 3F 5E 06 67 20 3F 0E 65 40 48 4D 5E 63 68 0A 7D	[DFT][E2:074F]んだ お前か\nお前と遊んでいる ひまはないぞ\nおれは今 お勉強中なんだよ[FIN]おやじが もう少ししたら\n帰ってくるんだろう?それまでに\n[KATAKANA]テスト[HIRAGANA]で100点とって\nおやじを おどろかせてやるんだ!		pending
C0-05EB93	0x05EB93	0064	D7 E0 07 4F 68 0A 20 3F 59 3E 40 CD DC 09 7E 7E 7E DC 00 4F 50 0F 3F 5E 06 50 80 D8 6E 4A 6E 4D 0F CD 06 71 3D 0A 68 4F 61 20 5E 5C 4D 42 64 60 4F D1 3F 5E 06 54 20 3F 64 4E 40 3B 4B 6F 68 67 CD 3F 3C 4D 20 4E 4C 08 68 CD 3C 4F 42 4F 6E 4B 59 6E 4A 68 0A 09 CD 49 64 67 80 26 45 61 20 4F 68 0A 3C 7D	[DFT][E2:074F]んだ おまえか\n[NXT]ぞ···[NXT]がなに?おやじに会ったって?\nじょうだんなら やめてくれよな[FIN]おやじは おれとかあちゃんを\nおいて とつぜん\nいなくなっちまったんだぞ\nそれを今さら なんだい!		pending
C0-05EBF8	0x05EBF8	0087	D7 E0 07 7E 7E 7E 4F 50 0F CD 3F 5E 06 00 20 3F 64 50 80 36 80 76 67 0F CD DC 09 7E 7E 7E 5A 7E DC 00 80 54 4D 5E 65 3D 06 6F 52 3E 40 D1 CD 20 D4 40 73 63 D5 50 20 C3 02 4D 00 5A C3 00 67 20 66 4A 46 4A 7D D1 DC 09 7E 7E 7E 7E 7E 7E 7E 7E 7E DC 00 56 68 6E CD 45 61 66 64 4A 40 4F 68 0A 40 81 0E 61 4F 3C 43 0E CD 3C 41 4F 62 20 3C 4F 42 4F 6E 4D 3F 3C 4D CD 80 C9 81 02 3C 3C 44 4E 81 10 6E 4D 63 60 7D	[DFT][E2:077E]··なに?\nおやじが おれに手紙を?\n[NXT]ぞ···み·[NXT]が見てやろうじゃねえか[FIN]\n [KATAKANA]カール[HIRAGANA]に [PAL:02]てがみ[PAL:00]を わたした![FIN][NXT]ぞ·········[NXT]がふんっ\nさらわれたかなんだか知らないけど\nいきなり いなくなっておいて\n調子いいこと言ってるよ!		pending
C0-05EC80	0x05EC80	003F	D7 E0 07 3F 59 3E 20 66 05 66 05 4D 00 5A 67 CD 4E 0E 43 63 4A 5C 20 5D 0E 6E 4D 41 4A 53 40 0F D1 3F 59 3E 53 60 3D 4F 5E 4C 67 CD C3 03 3F 55 4E 60 46 20 C3 00 6E 4D 81 10 3D 68 0A 08 1F	[DFT][E2:073F]まえ わざわざてがみを\nとどけるため もどってきたのか?[FIN]おまえのようなやつを\n[PAL:03]おひとよし [PAL:00]って言うんだぜ˳		pending
C0-05ECC0	0x05ECC0	0025	D7 E0 07 4F 68 0A 60 20 3F 80 01 CD 81 7D 80 36 50 20 80 46 53 80 55 53 80 1C 50 CD 80 31 6E 4D 42 63 4F 60 1F	[DFT][E2:074F]んだよ お前\n勝手に 人の家の中に\n入ってくるなよ˳		pending
C0-05ECE6	0x05ECE6	0030	D7 E0 07 3D 4B 53 20 40 3B 4B 6F 68 4F 61 CD 80 99 80 82 80 D1 53 20 80 D2 80 D3 50 3C 63 60 CD 80 6C 00 3B 63 4F 61 5B 44 3D 50 80 1E 43 60 1F	[DFT][E2:073D]ちの かあちゃんなら\n町長會の 受付にいるよ\n用があるならむこうに行けよ˳		pending
C0-05ED17	0x05ED17	000F	D7 E0 07 3F 3C 6E 7D 4B 71 6E 4E 59 4D 60 7D	[DFT][E2:073F]いっ!ちょっとまてよ!		pending
C0-05ED27	0x05ED27	0078	D7 E0 07 4D 41 4E 3D 4F 20 80 76 00 4F 40 6E 4A 40 61 CD 44 64 50 20 80 38 3C 4A 7D CD 44 64 67 3F 5E 06 50 20 66 4A 46 4D 42 64 7D D1 20 C2 00 54 CD C3 02 20 80 75 80 77 C3 00 67 20 80 D2 43 81 18 6E 4A 7D CC D7 E0 07 66 4A 46 4A 3C 5D 53 00 20 3B 63 68 0A 43 0E CD 3F 59 3E 20 80 2D 4B 80 6D 00 3C 6E 19 3C 0A 4F CD 4B 71 6E 4E 20 81 78 0C 43 4D 42 64 60 1F	[DFT][E2:074D]きとうな 紙がなかったから\nこれに 書いた!\nこれをおやじに わたしてくれ![FIN] [NAM:00]は\n[PAL:02] 石版[PAL:00]を 受け取った![TER][DFT][E2:0766]たしたいものが あるんだけど\nおまえ 持ち物がいっぱいだな\nちょっと 片づけてくれよ˳		pending
C0-05EEC3	0x05EEC3	0072	D7 3F 3F 20 D4 3B 41 54 14 61 D5 53 80 E3 81 02 40 CD 55 4E 62 0A 4B 20 46 4A 68 0A 6E 4D 0F CD 3F 80 01 53 3F 5E 06 5D 20 07 3C 16 68 CD 80 7A 3C 41 6E 4A 44 4E 20 47 63 5D 68 0A D1 59 3B 20 81 B6 46 3C 5D 53 00 3B 64 14 CD 81 5E 81 4E 45 48 4D 5D 61 3D 60 CD 3F 80 01 53 20 3F 5E 06 50 54 CD 3C 4C 5D 20 81 85 80 52 50 4F 6E 4D 63 46 4F 1F	[DFT]おお [KATAKANA]アキハバラ[HIRAGANA]の息子か\nひとりだち したんだって?\nお前のおやじも ずいぶん\n思いきったこと するもんだ[FIN]まあ 欲しいものがあれば\n勉強させてもらうよ\nお前の おやじには\nいつも 世話になってるしな˳		pending
C0-05EF36	0x05EF36	0115	D7 D4 3B 41 54 14 61 D5 53 80 E3 81 02 06 6F 52 3E 40 CD 4F 50 0F C9 1E 80 27 80 14 00 46 4A 3C 0A 4E 0F CD C9 1E 49 62 6F 3B 3F 80 01 20 40 68 4A 68 50 54 CD 0D 41 52 3E 09 D1 3F 80 01 53 20 3F 5E 06 0A 6E 4D CD 80 D9 67 81 5D 68 0A 62 20 81 8B 3E 44 68 0A 62 46 4D CD 80 27 80 14 80 8C 67 80 23 6E 4D 3C 4A 5D 68 45 D1 49 3D 3C 5E 3B 20 C3 02 80 03 80 2B C3 00 4E 40 81 10 6E 4D CD 3D 4B 53 20 D4 00 61 42 4A D5 67 80 2D 6E 4D 3C 6E 4D CD 80 EA 40 20 80 23 6E 4D 3C 4A 44 4E 5D 3B 6E 4A 4F 3B D1 D4 00 61 42 4A D5 4F 61 20 81 B7 50 44 65 00 6E 4D 63 60 CD 80 2D 6E 4D 80 1E 42 40 3C 0F CD 20 3D 68 7D 80 2D 6E 4D 3C 42 7D CD 20 80 26 80 59 53 80 3B 54 20 5E 5C 4D 3F 42 CC D0 49 64 06 6F 3B 20 80 F0 53 81 B7 50 80 31 62 4F CD 81 B7 50 20 75 4C D4 40 1B 48 63 D5 00 3B 63 40 61 CD 81 B8 81 04 20 80 2D 6E 4D 3C 6E 4D 3C 3C 09 1F	[DFT][KATAKANA]アキハバラ[HIRAGANA]の息子じゃねえか\nなに?[PAU:1E]発明がしたいだと?\n[PAU:1E]そりゃあお前 かんたんには\nできねえぞ[FIN]お前の おやじだって\n本を読んだり 考えこんだりして\n発明品を作っていたもんさ[FIN]そういやあ [PAL:02]合成[PAL:00]とか言って\nうちの [KATAKANA]ガラクタ[HIRAGANA]を持っていって\n何か 作っていたこともあったなあ[FIN][KATAKANA]ガラクタ[HIRAGANA]なら 與にころがってるよ\n持って行くかい?\n うん!持っていく!\n 今日の所は やめておく[TER][CLR]それじゃあ 店の與に入りな\n與に 2つ[KATAKANA]カプセル[HIRAGANA]があるから\n両方 持っていっていいぞ˳		pending
C0-05F04C	0x05F04C	0022	D0 49 3D 40 3C 20 49 3D 40 3C CD 59 3B 20 80 89 00 5B 3C 4A 61 CD 3C 4C 0D 5D 20 81 10 6E 4D 42 64 1F	[CLR]そうかい そうかい\nまあ 気がむいたら\nいつでも 言ってくれ˳		pending
C0-05F06F	0x05F06F	0036	D7 D4 3B 41 54 14 61 D5 53 80 E3 81 02 06 6F 52 3E 40 CD 80 EA 40 80 6C 40 0F CD 20 80 8C 80 6D 67 80 11 3C 50 80 10 4A CD 20 81 B9 6E 4A 0A 43 CC D0 CF FF F0 85	[DFT][KATAKANA]アキハバラ[HIRAGANA]の息子じゃねえか\n何か用か?\n 品物を買いに来た\n 寄っただけ[TER][CLR][STR:FFF085]		pending
C0-05F0A6	0x05F0A6	001E	D7 3F 3C 3F 3C 20 81 7D 80 36 50 CD 80 F0 53 81 B7 59 0D 20 80 31 61 4F 3C 0D 42 64 60 1F	[DFT]おいおい 勝手に\n店の與まで 入らないでくれよ˳		pending
C0-05F0CB	0x05F0CB	002D	D7 80 26 80 59 54 20 3B 4C 3C 40 61 45 3B CD 80 F0 67 20 80 E2 5A 50 46 4A 68 0A 60 CD 48 6E 40 42 80 10 4A 53 50 20 47 59 4F 3C 52 1F	[DFT]今日は あついからさあ\n店を 休みにしたんだよ\nせっかく来たのに すまないね˳		pending
C0-05F195	0x05F195	0031	D7 C3 02 20 44 53 80 BD 20 80 A5 80 A6 80 A7 CD 20 3B 16 4F 3C 40 61 20 80 31 6E 4B 6F 0A 5C 7D CD C3 00 C9 1E 20 7E 7E 7E 4E 20 80 38 3C 4D 3B 63	[DFT][PAL:02] この先 下水路\n あぶないから 入っちゃだめ!\n[PAL:00][PAU:1E] ···と 書いてある		pending
C0-05F2A8	0x05F2A8	0067	D7 E0 07 4B 3E 6E 20 D4 0E 3B D5 00 46 5C 61 64 4D 63 60 CD 80 01 50 80 10 4A 80 87 54 20 3B 3C 4D 4A 53 50 4F 3B D1 0D 5D 44 53 D4 0E 3B D5 20 D4 18 65 D5 3C 40 61 CD 80 32 80 31 64 4D 3F 46 4A 61 20 3B 42 40 5D 4F CD 3C 6E 46 71 50 20 3F 46 4D 5A 60 3D 08 CD C9 1E 3C 3C 40 0F C9 2A 20 48 D4 73 D5 53 6E 7D	[DFT][E2:074B]えっ [KATAKANA]ドア[HIRAGANA]がしめられてるよ\n前に来た時は あいてたのになあ[FIN]でもこの[KATAKANA]ドア[HIRAGANA] [KATAKANA]ボロ[HIRAGANA]いから\n力入れておしたら あくかもな\nいっしょに おしてみようぜ\n[PAU:1E]いいか?[PAU:2A] せ[KATAKANA]ー[HIRAGANA]のっ!		pending
C0-05F310	0x05F310	002F	D7 E0 07 3F 3C 6E 7D 4B 6F 68 4E 3F 46 4D 63 53 40 60 6D CD 3F 80 01 53 4A 5C 50 20 5E 6E 4D 63 68 0A 40 61 CD 59 06 5C 50 20 3F 48 60 4F 7D	[DFT][E2:073F]いっ!ちゃんとおしてるのかよぉ\nお前のために やってるんだから\nまじめに おせよな!		pending
C0-05F340	0x05F340	0026	D7 E0 07 3F 64 54 20 44 44 0D CD 80 54 81 62 62 67 46 4D 3C 4D 5E 63 60 CD 00 68 14 6E 4D 80 1E 6E 4D 44 3C 60 7D	[DFT][E2:073F]れは ここで\n見張りをしていてやるよ\nがんばって行ってこいよ!		pending
C0-05F367	0x05F367	0013	D7 E0 07 CD 3D D4 73 73 73 73 73 73 73 73 73 D5 68 6E 7D	[DFT][E2:07CD]う[KATAKANA]ーーーーーーーーー[HIRAGANA]んっ!		pending
C0-05F3F5	0x05F3F5	0012	DA 02 1D 3D F6 02 41 28 02 D0 3E 00 02 1D 66 F6 02 0A	[DLY:02]ぽう[CMD:F6]ぐきHぐ[CLR]えがぐぽわ[CMD:F6]ぐだ		pending
C0-05F445	0x05F445	00E6	D7 E0 01 44 64 54 52 20 C3 02 80 27 80 14 D4 59 46 68 D5 C3 00 4E 81 10 6E 4D CD 80 27 80 14 80 55 00 20 3C 65 68 4F 80 27 80 14 67 47 63 80 87 50 CD 80 08 3D D4 59 46 68 D5 4F 53 60 D1 80 D9 67 81 5D 68 0A 62 20 80 46 53 80 52 67 41 3C 4D CD C3 02 55 61 5C 3C 4A 5D 53 67 80 23 6E 4A 62 CD 80 2D 4B 80 6D 67 C3 02 80 03 80 2B C3 00 46 4A 62 0D 41 63 53 60 D1 49 64 4E 20 C3 02 80 4C 80 2F 53 E0 1A 67 80 23 6E 4A 62 CD D4 5C 68 4D 4F 68 47 D5 5E D4 19 66 73 3B 6E 1B D5 C3 00 5D CD 47 63 44 4E 00 20 0D 41 63 53 60 D1 D3 F8 F4 D7 E0 01 59 07 20 E0 1A 67 80 23 6E 4D 5A 4A 61 0F CD 80 27 80 14 80 55 80 ED 81 0A 80 D0 53 20 C2 00 53 CD 4A 53 5D 46 3C 81 80 81 2B 50 4F 6E 4D 42 64 63 66 1F	[DFT][E2:0144]れはね [PAL:02]発明[KATAKANA]マシン[HIRAGANA][PAL:00]と言って\n発明家が いろんな発明をする時に\n使う[KATAKANA]マシン[HIRAGANA]なのよ[FIN]本を読んだり 人の話をきいて\n[PAL:02]ひらめいたものを作ったり\n持ち物を[PAL:02]合成[PAL:00]したりできるのよ[FIN]それと [PAL:02]自分の[E2:1A67]作ったり\n[KATAKANA]メンテナンス[HIRAGANA]や[KATAKANA]パワーアップ[HIRAGANA][PAL:00]も\nすることが できるのよ[FIN][JMP][CMD:F8][CMD:F4][DFT][E2:0159]ず [E2:1A67]作ってみたら?\n発明家一年生の [NAM:00]の\nたのもしい仲間になってくれるわ˳		pending
C0-05F52C	0x05F52C	001B	D7 E0 01 7E 7E 7E 3B 61 CD 0E 3D 46 4D 20 80 2D 4B 80 6D 00 3C 6E 19 3C 4F 53 0F	[DFT][E2:017E]··あら\nどうして 持ち物がいっぱいなの?		pending
C0-05F548	0x05F548	0110	D7 E0 01 47 4D 41 4F 20 E0 1A 00 0D 41 4A 66 52 CD 44 64 40 61 5D 20 D4 5C 68 4D 4F 68 47 D5 5E CD D4 19 66 73 3B 6E 1B D5 67 46 4D 3B 03 4D 52 D1 80 27 80 14 D4 59 46 68 D5 0D C3 02 E0 1A 53 81 4E 45 67 CD D4 1B 65 02 61 5B D5 46 4F 3F 47 44 4E 5D CD 0D 41 63 53 60 CD C3 00 3B 4E 0D 20 4A 5C 46 4D 04 61 68 4F 45 3C D1 49 64 4E 20 80 CE 40 61 53 D4 1B 64 08 68 4E D5 CD 80 E7 80 49 D4 4E 61 68 46 73 14 73 D5 60 CD 44 64 00 3B 64 14 20 0E 44 50 3C 4D 5D CD 80 CE 4E 20 64 68 61 42 00 81 18 64 63 66 D1 4F 50 40 80 6C 00 3B 6E 4A 61 20 80 08 6E 4D 52 CD 80 08 3D 80 87 54 20 C3 02 80 0D 80 0E 46 4D CD E2 00 40 D4 18 4A 68 D5 67 20 3F 47 53 60 D1 C3 00 20 C2 00 54 CD C3 02 20 D4 4E 61 68 46 73 14 73 D5 C3 00 67 20 5D 61 6E 4A 7D CC D7 80 CE 5D 20 3B 4F 4A 50 80 6C 00 3B 63 80 87 54 CD 44 64 67 80 08 6E 4D 20 81	[DFT][E2:0147]てきな [E2:1A00]できたわね\nこれからも [KATAKANA]メンテナンス[HIRAGANA]や\n[KATAKANA]パワーアップ[HIRAGANA]をしてあげてね[FIN]発明[KATAKANA]マシン[HIRAGANA]で[PAL:02][E2:1A53]強さを\n[KATAKANA]プログラム[HIRAGANA]しなおすことも\nできるのよ\n[PAL:00]あとで ためしてごらんなさい[FIN]それと 私からの[KATAKANA]プレゼント[HIRAGANA]\n小型[KATAKANA]トランシーバー[HIRAGANA]よ\nこれがあれば どこにいても\n私と れんらくが取れるわ[FIN]なにか用があったら 使ってね\n使う時は [PAL:02]裝備して\n[CMD:E2]がか[KATAKANA]ボタン[HIRAGANA]を おすのよ[FIN][PAL:00] [NAM:00]は\n[PAL:02] [KATAKANA]トランシーバー[HIRAGANA][PAL:00]を もらった![TER][DFT]私も あなたに用がある時は\nこれを使って [BYTE:81]		pending
C0-05F666	0x05F666	0063	D7 44 53 80 44 0D 20 81 0E 61 48 63 66 CD 3F 18 3E 4D 3C 4D 52 D1 44 64 0D 20 55 4E 81 09 80 56 3F 46 59 3C 52 CD 45 3B 20 5D 0E 62 59 46 71 3D D1 49 3D 49 3D CD C3 02 48 6E 40 42 0D 41 4A 20 E0 1A 67 CD 3F 4E 3D 45 68 50 20 80 54 48 50 80 1E 6E 4A 61 0F CD C3 00 41 6E 4E 20 60 65 44 16 66 60 1F	[DFT]この音で 知らせるわ\nおぼえていてね[FIN]これで ひと仕事おしまいね\nさあ もどりましょう[FIN]そうそう\n[PAL:02]せっかくできた [E2:1A67]\nおとうさんに 見せに行ったら?\n[PAL:00]きっと よろこぶわよ˳		pending
C0-0680C0	0x0680C0	003C	D7 C3 02 20 3B 16 4F 3C 60 20 0E 3D 42 4C 53 80 1C 54 CD 20 41 43 68 00 20 3C 6E 19 3C 7D CD 20 12 81 E8 3B 59 62 13 CD 20 D4 65 44 44 80 99 81 E9 81 11 81 EA 80 98 80 D8 D5 C3 00	[DFT][PAL:02] あぶないよ どうくつの中は\n きけんが いっぱい!\n (字あまり)\n [KATAKANA]ロココ町保安委員会[HIRAGANA][PAL:00]		pending
C0-06810E	0x06810E	003E	D7 C3 02 20 80 F8 80 34 7D 80 65 81 3D 64 00 3F 41 4D 3C 59 47 CD 20 80 F9 4B 80 31 62 67 81 A1 06 59 47 CD CD 20 D4 65 44 44 80 99 80 65 81 3D D5 64 80 FB 80 FC 81 EA 80 98 80 D8 C3 00	[DFT][PAL:02] 危険!地割れがおきています\n 立ち入りを禁じます\n\n [KATAKANA]ロココ町地割[HIRAGANA]れ対策委員会[PAL:00]		pending
C0-068187	0x068187	0020	D7 3C 59 20 43 3C 40 3C 80 1C 0A 7D CD 0E 3D 42 4C 53 80 1C 50 80 31 6E 4B 6F CD 3C 40 68 09 7D	[DFT]いま けいかい中だ!\nどうくつの中に入っちゃ\nいかんぞ!		pending
C0-0682A6	0x0682A6	0033	D7 D4 1C 6E 19 73 80 AA 80 AB D5 00 CD 81 61 81 EB 0D 20 42 07 64 4A 80 4A 67 CD 56 41 4E 14 46 4D 42 64 63 49 3D 0A CD 3C 5E 3B 20 80 9A 40 6E 4A 60 1F	[DFT][KATAKANA]ペッパー博士[HIRAGANA]が\n爆彈で くずれた岩を\nふきとばしてくれるそうだ\nいやあ 助かったよ˳		pending
C0-0682DA	0x0682DA	001A	D7 18 3D 5E 20 0A 5C 0A 60 7D CD 80 01 50 80 1E 6E 4A 61 20 3B 16 4F 3C 60 7D	[DFT]ぼうや だめだよ!\n前に行ったら あぶないよ!		pending
C0-0682F5	0x0682F5	002D	D7 DC 07 7E 7E 7E 7E 7E 7E 7E 7E 7E 7E CD DC 00 C9 3C 4E 62 3B 3E 07 20 80 99 50 80 EF 6E 4D CD 80 FB 80 FC 67 81 8B 3E 59 46 71 3D 7D	[DFT][NXT]ず··········\n[NXT]が[PAU:3C]とりあえず 町に帰って\n対策を考えましょう!		pending
C0-06839C	0x06839C	0036	D7 44 53 20 3F 06 45 68 CD 3E 61 3C 80 27 80 14 80 55 4F 68 0A 4E 45 CD 80 99 80 82 53 20 81 E9 81 EC 4C 41 61 46 3C 40 61 CD 3D 0D 54 20 3C 3C 68 06 6F 4F 3C 0F	[DFT]この おじさん\nえらい発明家なんだとさ\n町長の 保証つきらしいから\nうでは いいんじゃない?		pending
C0-06848A	0x06848A	005A	D7 5B 6E 7E 7E 7E 3F 80 01 40 CD 3F 3C 6E 20 44 44 50 3B 6E 4A CD 81 61 81 EB 67 81 0E 61 68 40 0F D1 80 0B 81 ED 46 60 3D 4E 80 7A 6E 4A 61 CD 80 1C 00 20 D4 40 61 D5 50 4F 6E 4D 3C 63 68 0A CD 3B 68 4F 20 16 6E 49 3D 4F 5D 53 67 CD 80 42 80 6C 45 64 4A 61 7E 7E 7E 1F	[DFT]むっ···お前か\nおいっ ここにあった\n爆彈を知らんか?[FIN]回収しようと思ったら\n中が [KATAKANA]カラ[HIRAGANA]になっているんだ\nあんな ぶっそうなものを\n悪用されたら···˳		pending
C0-0684E5	0x0684E5	0033	D7 80 D9 81 15 50 CD 3F 80 01 06 6F 4F 3C 68 0A 65 3D 4F 0F CD 81 21 81 EE 50 80 52 48 14 20 80 26 80 59 53 80 3B 54 CD 40 68 17 68 46 4D 5D 3C 3C 09 1F	[DFT]本当に\nお前じゃないんだろうな?\n正直に話せば 今日の所は\nかんべんしてもいいぞ˳		pending
C0-068519	0x068519	0039	D7 44 61 6E 7D C2 00 CD C9 1E 80 AA 80 AB 50 20 81 12 81 28 0A 65 3D 7D CD C9 1E 80 EF 63 4F 61 20 80 AA 80 AB 53 80 27 80 14 67 CD 46 6E 40 62 80 54 4D 40 61 50 46 65 7D	[DFT]こらっ![NAM:00]\n[PAU:1E]博士に 失礼だろう!\n[PAU:1E]帰るなら 博士の発明を\nしっかり見てからにしろ!		pending
C0-068553	0x068553	0042	D7 5B 5B 6E 20 59 4A 3F 80 01 40 6E 7D CD 80 26 4F 3B 20 80 27 80 14 80 55 53 80 BD 80 D0 00 CD 80 1E 81 04 80 60 80 14 53 20 81 02 81 03 45 00 46 50 CD 81 05 80 32 46 4D 42 0A 45 6E 4D 63 68 0A 1F	[DFT]むむっ またお前かっ!\n今なあ 発明家の先生が\n行方不明の 子供さがしに\n協力してくださってるんだ˳		pending
C0-068596	0x068596	002F	D7 81 14 06 20 80 27 80 14 80 55 0D 5D CD 0E 44 40 53 20 0A 64 40 4E 54 CD 4B 00 3D 4E 20 80 7A 66 68 40 0F CD 56 66 6E 54 6E 54 6E 54 6E 1F	[DFT]同じ 発明家でも\nどこかの だれかとは\nちがうと 思わんか?\nふわっはっはっはっ˳		pending
C0-068748	0x068748	009F	D8 E0 05 DC 06 7E 7E 7E 7E 7E 7E 7E 7E CD DC 00 4F 68 0A 20 49 53 80 8F 54 7E 7E 7E D1 80 27 80 14 4E 3C 3D 5D 53 50 54 20 81 58 50 CD 81 12 81 13 00 20 4C 41 5D 53 4F 53 0A 09 CD 44 64 0A 40 61 80 27 80 14 53 4F 68 4A 63 40 67 CD 81 0E 61 68 81 2A 61 54 20 81 37 63 7D D1 44 64 81 34 80 22 20 3F 80 01 4A 4B 50 CD 81 05 80 32 47 63 80 89 5D 3F 41 68 7D 80 EF 63 09 7D CD C9 1E 5D 61 6E 4A 81 06 54 20 80 36 81 2B 81 EF 00 66 62 0A 4E CD 80 99 80 82 50 20 81 1B 3E 4D 3F 43 7D	[DF4][E2:05DC]じ········\n[NXT]がなんだ その目は···[FIN]発明というものには 常に\n失敗が つきものなのだぞ\nこれだから発明のなんたるかを\n知らん奴らは 困る![FIN]これ以上 お前たちに\n協力する気もおきん!帰るぞ!\n[PAU:1E]もらった金は 手間貫がわりだと\n町長に 伝えておけ!		pending
C0-068801	0x068801	0024	D7 E0 05 4F 68 0A 4F 68 0A CD 66 46 53 20 06 6F 59 67 47 63 53 40 0F CD 3F 4E 4F 46 42 20 45 00 6E 4D 65 7D	[DFT][E2:054F]んだなんだ\nわしの じゃまをするのか?\nおとなしく さがってろ!		pending
C0-068826	0x068826	007D	D8 E0 05 49 64 0D 54 20 4A 0A 3C 59 60 62 CD 0E 3D 42 4C 50 20 4E 06 44 5C 61 64 4A CD 81 02 81 03 4A 4B 67 20 80 9A 43 63 17 42 D1 44 53 20 C3 02 80 88 80 FA 80 27 80 14 80 55 D4 1C 6E 19 73 D5 C3 00 5C 00 CD 80 4C 61 80 27 80 14 46 4A 20 D4 47 1C 46 6F 63 81 61 81 EB D5 0D CD 44 53 40 17 67 20 56 41 4E 14 46 59 47 CD 5A 4F 45 59 20 80 ED 80 63 3F 45 00 62 42 0A 45 3C 1F	[DF4][E2:0549]れでは ただいまより\nどうくつに とじこめられた\n子供たちを 助けるべく[FIN]この [PAL:02]天才発明家[KATAKANA]ペッパー[HIRAGANA][PAL:00]めが\n自ら発明した [KATAKANA]スペシャル爆彈[HIRAGANA]で\nこのかべを ふきとばします\nみなさま 一步おさがりください˳		pending
C0-0688A4	0x0688A4	0032	D8 E0 05 49 64 0D 54 20 81 61 81 F0 67 3F 44 4F 3C 59 47 CD 81 88 46 42 5D 20 81 5A 80 67 81 1F 4F D4 46 73 68 D5 53 CD 54 06 59 62 0D 3B 62 59 47 7D	[DF4][E2:0549]れでは 爆破をおこないます\n美しくも 感動的な[KATAKANA]シーン[HIRAGANA]の\nはじまりであります!		pending
C0-0688D7	0x0688D7	0037	D8 E0 05 81 61 81 F0 54 20 80 43 80 2B 81 DC 0D 47 7D 44 64 0D CD 81 02 81 03 4A 4B 54 80 9A 40 6E 4A 5D 81 14 81 F1 7D CD 3C 5E 20 3F 81 28 4F 68 40 54 7E 7E 7E 1F	[DF4][E2:0581]ら破は 大成功です!これで\n子供たちは助かったも同然!\nいや お礼なんかは···˳		pending
C0-06892F	0x06892F	001F	D7 20 80 8D 53 80 1C 50 54 20 81 61 81 EB 00 4A 42 45 68 CD 20 80 31 6E 4D 3C 63 60 3D 0A 1F	[DFT] 箱の中には 爆彈がたくさん\n 入っているようだ˳		pending
C0-06894F	0x06894F	0024	D7 20 81 61 81 EB 00 20 80 31 6E 4D 3C 4A 80 8D 54 CD 20 44 66 45 64 4D 3C 4D 20 80 1C 54 40 61 6E 1D 0A 7D	[DFT] 爆彈が 入っていた箱は\n こわされていて 中はからっぽだ!		pending
C0-068A22	0x068A22	0039	D7 C3 02 20 44 53 80 BD 20 81 51 81 F2 50 4C 41 CD 20 06 70 3D 16 68 50 20 80 47 80 48 48 60 CD CD 20 D4 65 44 44 80 99 81 51 81 F2 80 AE 81 F3 81 F4 81 0B 80 D8 D5 C3 00	[DFT][PAL:02] この先 急流につき\n じゅうぶんに 注意せよ\n\n [KATAKANA]ロココ町急流河川愛好会[HIRAGANA][PAL:00]		pending
C0-068A5C	0x068A5C	0018	D7 20 0E 44 40 0D CD 20 81 61 80 27 53 80 44 00 20 4F 62 55 15 3C 4A 1F	[DFT] どこかで\n 爆発の音が なりひびいた˳		pending
C0-068AB6	0x068AB6	0064	D7 C3 03 0A 64 40 20 49 44 50 3C 63 53 7D 0F CD 44 44 0A 60 7D CD D4 18 42 D5 4A 4B 20 44 44 0A 60 7D CD 80 64 80 F7 42 07 64 0D CD 80 31 80 A8 00 56 45 00 6E 4B 6F 6E 4A 53 7D D1 44 53 D4 40 17 D5 53 20 4E 4F 62 0A 60 6D 7D CD 4A 47 43 4D 60 6D CD 3D 66 D4 73 73 73 73 73 73 73 73 D5 68 6E 7D C3 00	[DFT][PAL:03]だれか そこにいるの!?\nここだよ!\n[KATAKANA]ボク[HIRAGANA]たち ここだよ!\n土砂くずれで\n入口がふさがっちゃったの![FIN]この[KATAKANA]カベ[HIRAGANA]の となりだよぉ!\nたすけてよぉ\nうわ[KATAKANA]ーーーーーーーー[HIRAGANA]んっ![PAL:00]		pending
C0-068B1B	0x068B1B	001E	D7 20 0E 44 40 0D 20 40 47 40 50 CD 20 81 02 81 03 53 81 F5 41 81 84 00 81 41 44 3E 63 1F	[DFT] どこかで かすかに\n 子供の泣き声が聞こえる˳		pending
C0-068B80	0x068B80	0067	D7 01 6F 3B 3B 3B 3B 3B 3B 68 CD C3 02 D4 40 73 63 D5 00 C3 00 20 3C 43 4F 3C 68 0A 3B CD C3 02 D4 54 6E 40 73 D5 53 20 D4 3B 06 4E D5 C3 00 67 CD 45 00 46 50 80 1E 44 3D 4F 68 4D 81 10 3D 40 61 D1 3B 3C 4C 53 80 52 4F 68 40 CD 81 41 40 4F 41 6F 60 40 6E 4A 60 6D CD CD 3D 01 6F 3B 3B 3B 3B 3B 3B 3B 68 6E 7D	[DFT]ぎゃああああああん\n[PAL:02][KATAKANA]カール[HIRAGANA]が[PAL:00] いけないんだあ\n[PAL:02][KATAKANA]ハッカー[HIRAGANA]の [KATAKANA]アジト[HIRAGANA][PAL:00]を\nさがしに行こうなんて言うから[FIN]あいつの話なんか\n聞かなきゃよかったよぉ\n\nうぎゃあああああああんっ!		pending
C0-068C3D	0x068C3D	0045	D7 50 3C 4B 6F 68 5D CD 81 F3 50 20 81 F2 45 64 4D 41 4A 53 0F CD 3B 3C 50 42 0A 43 0E 20 44 44 54 CD 80 1E 41 80 6F 59 62 4F 68 0A 60 1F D1 7E 7E 7E 7E 7E 7E 7E 7E 7E CD DC 01 7E 7E 7E 42 3D 6B 6E 7D DC 00	[DFT]にいちゃんも\n川に 流されてきたの?\nあいにくだけど ここは\n行き止まりなんだよ˳[FIN]·········\n[NXT]ぎ···くうぅっ![NXT]が		pending
C0-068CFE	0x068CFE	0028	D7 3D 66 D4 73 D5 68 20 48 6E 40 42 CD 80 9A 43 00 41 4A 4E 80 7A 6E 4A 53 50 CD 5E 6E 19 62 20 D4 0A 5C D5 0A 3B 6E 7D	[DFT]うわ[KATAKANA]ー[HIRAGANA]ん せっかく\n助けがきたと思ったのに\nやっぱり [KATAKANA]ダメ[HIRAGANA]だあっ!		pending
C0-068D6C	0x068D6C	0046	D7 CD 66 3B 3C 7D 3B 40 62 0A 6E 7D CD 81 36 50 20 80 45 61 64 63 7D 7D C9 1E C8 CC D7 E0 07 44 68 4F 81 2A 61 CD 81 C9 64 4D 42 63 68 06 6F 4F 40 6E 4A 60 CD 3B D4 73 D5 3B 20 80 04 80 20 81 12 81 13 0A 60 7D	[DFT]\nわあい!あかりだっ!\n外に 出られる!![PAU:1E][DES][TER][DFT][E2:0744]んな奴ら\n連れてくるんじゃなかったよ\nあ[KATAKANA]ー[HIRAGANA]あ 計画失敗だよ!		pending
C0-068DB3	0x068DB3	001F	D7 E0 07 3F 64 53 44 4E 54 20 80 89 50 47 63 4F 60 CD 55 4E 62 0D 20 80 EF 64 63 40 61 45 1F	[DFT][E2:073F]れのことは 気にするなよ\nひとりで 帰れるからさ˳		pending
C0-068DFA	0x068DFA	0018	D0 78 00 02 1D 13 8E 02 0A 01 80 02 80 00 02 97 80 F9 D7 3B 53 7E 7E 7E	[CLR]5がぐぽ)[BYTE:8E]ぐだぎ技名ぐ[BYTE:97]立[DFT]あの···		pending
C0-068E13	0x068E13	007D	D8 3B 53 7E 7E 7E CD C9 3C 3B 4F 4A 20 C9 1E 44 53 80 6B 53 81 04 0F CD C9 3C 54 06 5C 59 46 4D CD C9 1E 66 4A 46 20 C9 1E C3 03 D4 4D 6A 61 5A 47 D5 C3 00 4E 5D 3D 46 59 47 53 D1 44 53 80 6B 54 C9 1E 20 0E 3D 42 4C 53 80 6B 4F 53 0D 47 40 0F CD C9 3C 07 3C 16 68 4E 20 47 07 46 42 4D CD C9 1E 60 65 46 3C 0D 47 66 52 CD C9 1E 4A 3C 57 68 20 C9 1E 41 50 3C 62 59 46 4A 66 1F	[DF4]あの···\n[PAU:3C]あなた [PAU:1E]この星の方?\n[PAU:3C]はじめまして\n[PAU:1E]わたし [PAU:1E][PAL:03][KATAKANA]ティラミス[HIRAGANA][PAL:00]ともうしますの[FIN]この星は[PAU:1E] どうくつの星なのですか?\n[PAU:3C]ずいぶんと すずしくて\n[PAU:1E]よろしいですわね\n[PAU:1E]たいへん [PAU:1E]きにいりましたわ˳		pending
C0-068EEC	0x068EEC	010A	D8 DC 02 81 74 80 BF 6E 7D C9 1E 3F 80 45 80 63 41 50 4F 61 51 60 3D CD 5D 3D 46 3B 03 4A 0D 54 4F 3C 0D 47 40 7D CD 45 45 6E 7D C9 1E 80 C2 53 81 04 57 3F 5D 0E 62 7E 7E 7E CD DC 09 7E 7E 7E DC 02 C9 3C 5E 5E 6E 7D C9 3C 44 7E 44 64 54 6E 7D 7D DE D8 3B 4F 4A 80 BF 54 CD C2 00 80 BF 0D 3C 61 6E 46 6F 3C 59 47 52 0F CD C9 3C 4F 68 4E 3C 3D 20 02 3D 08 68 7D CD 44 64 5D 20 D4 5A 63 56 6A 80 BF D5 53 3F 5A 4B 15 41 7D D1 D3 C3 8F D8 3B 4F 4A 80 BF 54 CD C2 00 80 BF 0D 3C 61 6E 46 6F 3C 59 47 52 CD C9 1E 3C 3E 20 80 4D 67 80 50 3E 4D 5D 80 CE 50 54 66 40 62 59 47 CD C9 3C 44 64 5D 20 D4 5A 63 56 6A 80 BF D5 53 3F 5A 4B 15 41 7D D1 D3 C3 8F 7E 7E 7E C9 3C 44 44 0D 54 20 80 46 80 8F 00 80 89 50 4F 62 59 47 CD 80 18 80 3B 67 40 3E 4D 20 42 66 46 3C 3F 80 52 67 CD 3C 4A 46 59 46 71 3D 1F DC 00	[DF4][NXT]ぐ姫樣っ![PAU:1E]お出步きにならぬよう\nもうしあげたではないですか!\nささっ![PAU:1E]船の方へおもどり···\n[NXT]ぞ···[NXT]ぐ[PAU:3C]ややっ![PAU:3C]こ·これはっ!![TPL:D8]あなた樣は\n[NAM:00]樣でいらっしゃいますね?\n[PAU:3C]なんという ぐうぜん!\nこれも [KATAKANA]ミルフィ樣[HIRAGANA]のおみちびき![FIN][JMP][PAL:8F][DF4]あなた樣は\n[NAM:00]樣でいらっしゃいますね\n[PAU:1E]いえ 姿を変えても私にはわかります\n[PAU:3C]これも [KATAKANA]ミルフィ樣[HIRAGANA]のおみちびき![FIN][JMP][PAL:8F]···[PAU:3C]ここでは 人目が気になります\n場所をかえて くわしいお話を\nいたしましょう˳[NXT]が		pending
C0-069137	0x069137	002F	D7 0E 44 40 61 80 31 6E 4D 41 4A 68 0A 0F CD 44 44 54 80 10 4B 6F D4 0A 5C D5 0A 60 CD 80 EF 6E 4A 20 80 EF 6E 4A 7D CD C9 1E 46 6E 46 6E 7D	[DFT]どこから入ってきたんだ?\nここは来ちゃ[KATAKANA]ダメ[HIRAGANA]だよ\n帰った 帰った!\n[PAU:1E]しっしっ!		pending
C0-069323	0x069323	002A	D7 3B 7E 7E 7E D4 44 61 6E D5 20 3F 80 01 7D CD 55 4E 62 0D 50 03 60 3D 6E 4D 3E 53 0F CD 49 62 6F 3B 20 3B 68 59 62 0A 08 7D	[DFT]あ···[KATAKANA]コラッ[HIRAGANA] お前!\nひとりでにげようってえの?\nそりゃあ あんまりだぜ!		pending
C0-06934E	0x06934E	0052	D7 0A D4 73 73 73 D5 6E 7D CD 4F 68 0D 20 5D 0E 6E 4D 41 4A 53 6E 7D 0F D1 46 40 4A 52 3E 4F 3B 7E 7E 7E CD 80 26 80 EE 44 49 20 4B 6F 68 4E 80 1E 43 60 7D CD DC 09 7E 7E 7E DC 01 3C 3C 40 0F CD C9 3C 3C 4B 7E C9 3C 50 53 7E C9 3C 45 68 7D DC 00	[DFT]だ[KATAKANA]ーーー[HIRAGANA]っ!\nなんで もどってきたのっ!?[FIN]しかたねえなあ···\n今度こそ ちゃんと行けよ!\n[NXT]ぞ···[NXT]ぎいいか?\n[PAU:3C]いち·[PAU:3C]にの·[PAU:3C]さん![NXT]が		pending
C0-0693A1	0x0693A1	0066	D7 3F D4 73 D5 7D 3F 80 01 40 CD 4F 50 0F C3 02 D4 40 01 D5 C3 00 67 20 80 36 50 80 31 64 4A 0F CD 0E 44 50 3B 63 68 0A 60 0F D1 C3 02 80 0D 80 0E 46 4D 20 80 54 48 4D 5A 65 60 CD C3 00 80 46 50 20 80 6D 67 66 4A 47 80 87 54 CD 80 0D 80 0E 46 4D 20 80 54 48 63 53 00 CD 3F 5E 42 49 42 6E 4D 5D 68 0A 08 1F	[DFT]お[KATAKANA]ー[HIRAGANA]!お前か\nなに?[PAL:02][KATAKANA]カギ[HIRAGANA][PAL:00]を 手に入れた?\nどこにあるんだよ?[FIN][PAL:02]裝備して 見せてみろよ\n[PAL:00]人に 物をわたす時は\n裝備して 見せるのが\nおやくそくってもんだぜ˳		pending
C0-069408	0x069408	0119	D7 3F D4 73 D5 7D 81 1C 4B 40 52 4A 08 CD 3F 6E 0F 49 64 00 D4 40 01 D5 0A 4F 0F CD 4B 71 6E 42 61 20 81 75 62 63 08 7D D1 20 C2 00 54 CD C3 02 20 D4 40 01 D5 C3 00 67 20 3D 14 66 64 4A 7D D1 C3 00 57 6E 57 6E 57 6E CD 44 64 0D 20 54 64 4D 80 4C 81 6E 53 80 4B 0A 08 CD 3B 62 00 4E 60 D1 3E 0F 5A 54 62 53 81 2A 61 0F CD C3 02 81 02 81 03 00 0E 3D 46 4A 4E 40 81 10 6E 4D CD C3 00 0E 6E 40 50 80 1E 6E 4B 59 6E 4A 08 D1 49 3D 3C 3E 14 20 3F 59 3E 53 80 00 80 01 67 CD 81 41 3C 4D 4F 40 6E 4A 4F CD 7E 7E 7E 3E 0F C9 3C C2 00 7D 0F CD C9 3C 7E 7E 7E 49 3D 40 20 C9 1E 3F 80 01 40 7E 7E 7E D1 3B 7E 3C 5E 7E 7E 7E C9 3C 06 6F 20 81 F6 54 80 1E 42 08 CD C9 1E 3B 7E 7E 7E 81 F6 20 C3 02 DC 09 D4 44 4D 4C D5 C3 00 DC 00 6E 4C 3D 68 0A CD C9 3C 59 4A 20 80 D8 3D 44 4E 5D 3B 63 0A 65 D4 73 D5 40 61 CD 4B 6E 4E 54 20 3F 18 3E 4E 3C 4D 42 64 4F 1F	[DFT]お[KATAKANA]ー[HIRAGANA]!待ちかねたぜ\nおっ?それが[KATAKANA]カギ[HIRAGANA]だな?\nちょっくら 借りるぜ![FIN] [NAM:00]は\n[PAL:02] [KATAKANA]カギ[HIRAGANA][PAL:00]を うばわれた![FIN][PAL:00]へっへっへっ\nこれで はれて自由の身だぜ\nありがとよ[FIN]え?みはりの奴ら?\n[PAL:02]子供がどうしたとか言って\n[PAL:00]どっかに行っちまったぜ[FIN]そういえば おまえの名前を\n聞いてなかったな\n···え?[PAU:3C][NAM:00]!?\n[PAU:3C]···そうか [PAU:1E]お前か···[FIN]あ·いや···[PAU:3C]じゃ 俺は行くぜ\n[PAU:1E]あ···俺 [PAL:02][NXT]ぞ[KATAKANA]コテツ[HIRAGANA][PAL:00][NXT]がっつうんだ\n[PAU:3C]また 会うこともあるだろ[KATAKANA]ー[HIRAGANA]から\nちっとは おぼえといてくれな˳		pending
C0-069522	0x069522	0147	D7 60 3D 18 3D 07 CD 3F 80 01 5D 20 4C 40 59 6E 4A 53 0F CD 55 4E 62 0D 20 44 68 4F 80 3B 59 0D CD 42 63 4F 68 4D 20 3C 45 59 46 3C 52 3E D1 59 45 40 80 7A 6E 4D 5D 5A 4F 3C 60 4F CD 0E 3D 42 4C 53 80 1C 50 CD 44 68 4F 20 3D 45 68 42 45 3C 81 2A 61 00 CD 3C 63 4F 68 4D 60 3F D1 3F 64 4F 68 40 45 CD 4B 71 6E 4E 20 04 3B 3C 45 4C 46 4A 61 CD 44 53 D4 05 59 D5 0A 08 0F 4A 59 68 52 3E 60 4F DE D7 4E 44 65 0D 60 3F 20 18 3D 07 CD 4A 53 5A 00 20 3B 63 68 0A 43 0E 45 CD 20 4F 68 0D 46 71 0F CD 20 5E 4F 44 6E 4A 3C CC D0 3B 53 4F 7E 7E 7E CD 44 53 3C 59 3C 59 46 3C 20 81 F7 81 F8 53 CD C3 02 D4 40 01 D5 C3 00 67 20 45 00 46 4D 58 46 3C 68 0A D1 D4 40 50 D5 53 81 96 67 46 4A 81 2A 00 CD 80 2D 6E 4D 63 54 07 4F 68 0A D1 0E 3D 0A CD 45 00 46 4D 41 4D 42 64 63 40 0F CD 20 54 3C 54 3C CD 20 5E 4F 44 6E 4A 3C CC D0 49 D4 73 D5 40 3C 20 49 D4 73 D5 40 3C CD 3F 80 01 5D 20 44 44 40 61 80 45 61 64 63 CD D4 4B 6F 68 47 D5 4F 53 50 4F D4 73 D5 CD 40 66 3C 49 D4 73 D5 50 4F D4 73 D5 1F	[DFT]ようぼうず\nお前も つかまったの?\nひとりで こんな所まで\nくるなんて いさましいねえ[FIN]まさか思ってもみないよな\nどうくつの中に\nこんな うさんくさい奴らが\nいるなんてよお[FIN]おれなんかさ\nちょっと ごあいさつしたら\nこの[KATAKANA]ザマ[HIRAGANA]だぜ?たまんねえよな[TPL:D7]ところでよお ぼうず\nたのみが あるんだけどさ\n なんでしょ?\n やなこったい[TER][CLR]あのな···\nこのいまいましい 鉄球の\n[PAL:02][KATAKANA]カギ[HIRAGANA][PAL:00]を さがしてほしいんだ[FIN][KATAKANA]カニ[HIRAGANA]の頭をした奴が\n持ってるはずなんだ[FIN]どうだ\nさがしてきてくれるか?\n はいはい\n やなこったい[TER][CLR]そ[KATAKANA]ー[HIRAGANA]かい そ[KATAKANA]ー[HIRAGANA]かい\nお前も ここから出られる\n[KATAKANA]チャンス[HIRAGANA]なのにな[KATAKANA]ー[HIRAGANA]\nかわいそ[KATAKANA]ー[HIRAGANA]にな[KATAKANA]ー[HIRAGANA]˳		pending
C0-06966A	0x06966A	0049	D7 4F 68 0A 60 CD 80 89 00 40 66 6E 4A 53 40 0F CD 20 59 40 48 4D 4B 71 D4 73 D5 0A 3C CD 20 60 68 0D 5A 4A 0A 43 CC D0 DC 09 7E 7E 7E 7E 7E 7E 7E 7E CD DC 00 3F 80 01 20 D4 3F 64 D5 67 CD 3F 4B 71 42 6E 4D 68 53 40 0F	[DFT]なんだよ\n気がかわったのか?\n まかせてちょ[KATAKANA]ー[HIRAGANA]だい\n よんでみただけ[TER][CLR][NXT]ぞ········\n[NXT]がお前 [KATAKANA]オレ[HIRAGANA]を\nおちょくってんのか?		pending
C0-0696B4	0x0696B4	0091	D0 57 6E 57 6E 20 3B 62 00 4E 60 CD 5D 53 66 40 62 53 3C 3C 81 2A 0A 4F CD 80 45 81 85 47 63 60 20 3F 80 01 54 D1 3C 3C 40 0F 80 54 81 62 62 53 80 47 80 48 67 CD D4 3F 64 D5 00 20 55 3C 4E 42 40 61 45 CD 81 B7 50 3B 63 20 C3 02 D4 4E 65 6E 44 D5 C3 00 0D CD 44 44 40 61 20 50 03 4F D1 3C 4B 7E 50 53 7E 45 68 0D CD 80 1E 80 67 80 9F 81 F9 0A 09 CD DC 09 7E 7E 7E DC 01 3C 3C 40 0F CD C9 3C 3C 4B 7E C9 3C 50 53 7E C9 3C 45 68 7D DC 00	[CLR]へっへっ ありがとよ\nものわかりのいい奴だな\n出世するよ お前は[FIN]いいか?見張りの注意を\n[KATAKANA]オレ[HIRAGANA]が ひいとくからさ\n與にある [PAL:02][KATAKANA]トロッコ[HIRAGANA][PAL:00]で\nここから にげな[FIN]いち·にの·さんで\n行動開始だぞ\n[NXT]ぞ···[NXT]ぎいいか?\n[PAU:3C]いち·[PAU:3C]にの·[PAU:3C]さん![NXT]が		pending
C0-069746	0x069746	0022	D7 80 EA 5E 6E 4D 68 53 7D CD 81 30 42 20 80 1E 43 6E 4D 14 7D CD DC 01 58 64 6E 20 58 64 6E 7D DC 00	[DFT]何やってんの!\n早く 行けってば!\n[NXT]ぎほれっ ほれっ![NXT]が		pending
C0-0698ED	0x0698ED	002A	D7 50 03 0A 49 3D 4F 68 4D 81 8B 3E 4D 63 4E CD 81 B7 53 20 3F 50 3C 45 68 5A 4A 3C 50 CD 81 F7 81 F8 67 4C 43 4B 6F 3D 60 7D	[DFT]にげだそうなんて考えてると\n與の おにいさんみたいに\n鉄球をつけちゃうよ!		pending
C0-069918	0x069918	00CB	D7 4F 68 0A 20 3F 80 01 0F CD 80 28 46 3C 54 4A 61 41 80 36 40 0F CD 20 49 3D 0D D4 73 D5 47 CD 20 4B 00 3C 59 D4 73 D5 47 CC D7 D0 49 3D 40 20 60 40 6E 4A 60 40 6E 4A CD 81 B7 50 20 80 BD 81 57 00 3C 63 40 61 CD 49 3C 4C 4E 20 80 51 67 58 6E 4D 60 D1 D3 AB 99 D7 D0 49 3D 4F 53 0F 44 59 6E 4B 6F 3D 4F 3B CD 4E 62 3B 3E 07 20 54 4A 61 3C 4D 4D 60 CD 81 33 0D 20 D4 5C 4A 42 61 16 D5 45 59 50 CD 0E 3D 47 63 40 81 41 3C 4D 3F 42 40 61 45 D1 3E 0F 4F 68 0D 80 51 67 58 63 40 6E 4D 0F CD D4 4D D5 7E 7E 7E 45 00 46 5D 68 4F 53 6E 7D CD 81 02 81 03 54 20 60 43 3C 4F 80 E6 81 64 67 CD 46 4F 42 4D 3C 3C 53 6E 7D	[DFT]なんだ お前?\n新しいはたらき手か?\n そうで[KATAKANA]ー[HIRAGANA]す\n ちがいま[KATAKANA]ー[HIRAGANA]す[TER][DFT][CLR]そうか よかったよかった\n與に 先客がいるから\nそいつと 穴をほってよ[FIN][JMP][BYTE:AB][BYTE:99][DFT][CLR]そうなの?こまっちゃうなあ\nとりあえず はたらいててよ\n後で [KATAKANA]メタクラブ[HIRAGANA]さまに\nどうするか聞いておくからさ[FIN]え?なんで穴をほるかって?\n[KATAKANA]テ[HIRAGANA]···さがしもんなのっ!\n子供は よけいな心配を\nしなくていいのっ!		pending
C0-069A59	0x069A59	003A	D7 59 3B 20 3B 41 61 5C 4D 81 FB 3C 4D 60 CD 59 06 5C 50 20 81 FB 3C 4A 61 CD 81 46 5D 20 D4 18 42 D5 4A 4B 53 60 3D 4F CD 80 15 80 16 80 98 50 46 4D 5D 61 3E 63 40 5D 60 1F	[DFT]まあ あきらめて働いてよ\nまじめに 働いたら\n君も [KATAKANA]ボク[HIRAGANA]たちのような\n戦闘員にしてもらえるかもよ˳		pending
C0-069A94	0x069A94	0029	D7 D4 44 61 73 6E D5 7D CD D4 4B 71 65 4B 71 65 D5 46 4D 63 4E CD 3F 80 01 50 5D 20 81 F7 81 F8 67 CD 4C 43 4B 6F 3D 09 7D	[DFT][KATAKANA]コラーッ[HIRAGANA]!\n[KATAKANA]チョロチョロ[HIRAGANA]してると\nお前にも 鉄球を\nつけちゃうぞ!		pending
C0-069CC1	0x069CC1	0069	D7 3D 6D D4 73 D5 3C CD 0A 64 40 20 49 44 50 3C 63 53 40 3B 0F CD 4B 71 6E 4E 20 D4 18 3C 61 73 D5 53 CD 81 FD 80 EE 67 3B 03 4D 42 64 3E D1 81 FD 80 EE 53 3B 03 40 4A 54 20 66 40 63 4F 0F CD 49 44 50 3B 63 20 C3 02 D4 18 3C 61 73 D5 53 CD D4 47 3C 6E 4B D5 67 3F 47 4E CD 81 FD 80 EE 00 3B 00 63 C3 00 40 61 4F 1F	[DFT]うぉ[KATAKANA]ー[HIRAGANA]い\nだれか そこにいるのかあ?\nちょっと [KATAKANA]ボイラー[HIRAGANA]の\n温度をあげてくれえ[FIN]温度のあげかたは わかるな?\nそこにある [PAL:02][KATAKANA]ボイラー[HIRAGANA]の\n[KATAKANA]スイッチ[HIRAGANA]をおすと\n温度があがる[PAL:00]からな˳		pending
C0-069D2B	0x069D2B	0039	D7 D4 47 3C 6E 4B D5 00 66 40 61 68 53 40 0F CD 45 4D 54 20 80 28 80 31 62 0A 4F 0F CD 49 44 53 20 81 E6 81 B7 50 3B 63 CD D4 18 3C 61 73 D5 53 80 3B 50 3B 63 0A 65 3D 1F	[DFT][KATAKANA]スイッチ[HIRAGANA]がわからんのか?\nさては 新入りだな?\nそこの 左與にある\n[KATAKANA]ボイラー[HIRAGANA]の所にあるだろう˳		pending
C0-069DD2	0x069DD2	001B	D7 3D D4 73 73 73 73 73 73 73 D5 6E CD 3C 3C 81 5A 06 50 4F 6E 4D 41 4A 4F 3B 1F	[DFT]う[KATAKANA]ーーーーーーー[HIRAGANA]っ\nいい感じになってきたなあ˳		pending
C0-069DF0	0x069DF0	0025	D7 3D D4 73 73 73 73 73 73 73 D5 6E CD 3D D4 73 73 73 73 73 73 73 D5 6E CD 41 42 4F D4 73 73 73 73 73 D5 6E 7D	[DFT]う[KATAKANA]ーーーーーーー[HIRAGANA]っ\nう[KATAKANA]ーーーーーーー[HIRAGANA]っ\nきくな[KATAKANA]ーーーーー[HIRAGANA]っ!		pending
C0-069E18	0x069E18	001F	D7 3F 7E 7E 7E 3F 3C CD 4B 7E 7E 7E 4B 71 6E 4E CD 81 FD 80 EE 3B 03 47 01 06 6F 4F 3C 40 0F	[DFT]お···おい\nち···ちょっと\n温度あげすぎじゃないか?		pending
C0-069E3A	0x069E3A	0027	D7 3D D4 73 73 73 73 73 73 73 73 D5 6E CD 49 64 81 34 80 22 3B 03 63 53 54 CD 5E 5C 65 D4 73 73 73 73 73 73 D5 6E 7D	[DFT]う[KATAKANA]ーーーーーーーー[HIRAGANA]っ\nそれ以上あげるのは\nやめろ[KATAKANA]ーーーーーー[HIRAGANA]っ!		pending
C0-069F0C	0x069F0C	0047	D0 1E 00 02 0A 30 80 6B 02 1D A7 9F 02 D0 1E 00 02 0A 30 80 6B D7 D4 5C 4A 42 61 16 D5 7D 4F 50 67 46 4D 5E 00 63 0F CD 81 00 80 87 80 F5 81 C2 53 80 87 81 2B 0A 09 CD D4 02 07 02 07 D5 47 63 68 06 6F 52 3E 09 7D	[CLR]ˎがぐだP星ぐぽ[BYTE:A7][BYTE:9F]ぐ[CLR]ˎがぐだP星[DFT][KATAKANA]メタクラブ[HIRAGANA]!なにをしてやがる?\n定時報告の時間だぞ\n[KATAKANA]グズグズ[HIRAGANA]するんじゃねえぞ!		pending
C0-069F54	0x069F54	016E	D7 DC 06 7E 7E 7E 7E 7E 7E 68 0F CD DC 00 D4 47 42 62 73 68 D5 67 CD 59 0A 4F 3F 46 4D 52 3E 53 40 0F CD 56 68 6E 7E 7E 7E 59 3B 3C 3C D1 4E 44 65 0D 20 E0 00 54 CD 5D 3D 20 5A 4C 40 6E 4A 53 40 0F CD 20 54 3C CD 20 4F 68 53 44 4E 0D 46 71 3D 0F CC D0 0A 6E 4A 61 80 EA 81 FF 20 80 F5 81 C2 46 52 3E 68 0A 0F CD C9 1E 56 68 6E CD C9 1E 3F 80 01 53 44 4E 0A CD 3C 4C 5D 53 0D 59 40 48 0A 65 3D 0F D1 3C 3C 40 0F 49 53 0E 3D 42 4C 53 80 1C 50 CD E0 00 20 00 3B 63 53 54 CD 3B 41 61 40 4F 68 0A CD 82 00 53 81 AB 66 43 4D 5D 20 45 00 46 0A 48 D1 02 07 02 07 5E 6E 4D 63 4E CD D4 40 50 D5 4F 17 50 20 46 4B 59 3D 09 7D CD D3 9E A0 D0 4F 50 67 20 52 18 43 4D 5E 00 63 0F CD 49 64 0D 5D 20 3F 80 01 54 CD D4 54 6E 40 73 D5 53 80 78 80 79 53 80 ED 80 98 40 3B 0F D1 3C 3C 40 0F 49 53 0E 3D 42 4C 53 80 1C 50 CD E0 00 00 20 3B 63 53 54 CD 3B 41 61 40 4F 68 0A 7D CD 82 00 53 81 AB 66 43 4D 5D 20 45 00 46 0A 47 68 0A 60 D1 02 07 02 07 5E 6E 4D 63 4E CD D4 40 50 D5 47 41 50 20 46 4B 59 3D 09 7D CD C9 1E 66 40 6E 4A 61 20 45 6E 45 4E 80 1E 43 CD 81 A2 53 80 F5 81 C2 54 20 66 47 64 63 68 06 6F 52 3E 09 7D	[DFT][NXT]じ······ん?\n[NXT]が[KATAKANA]スクリーン[HIRAGANA]を\nまだなおしてねえのか?\nふんっ···まあいい[FIN]ところで [E2:0054]\nもう みつかったのか?\n はい\n なんのことでしょう?[TER][CLR]だったら何故 報告しねえんだ?\n[PAU:1E]ふんっ\n[PAU:1E]お前のことだ\nいつものでまかせだろう?[FIN]いいか?そのどうくつの中に\n[E2:0020]があるのは\nあきらかなんだ\n草の根わけても さがしだせ[FIN]ぐずぐずやってると\n[KATAKANA]カニ[HIRAGANA]なべに しちまうぞ!\n[JMP][BYTE:9E][BYTE:A0][CLR]なにを ねぼけてやがる?\nそれでも お前は\n[KATAKANA]ハッカー[HIRAGANA]の幹部の一員かあ?[FIN]いいか?そのどうくつの中に\n[E2:0000] あるのは\nあきらかなんだ!\n草の根わけても さがしだすんだよ[FIN]ぐずぐずやってると\n[KATAKANA]カニ[HIRAGANA]すきに しちまうぞ!\n[PAU:1E]わかったら さっさと行け\n次の報告は わすれるんじゃねえぞ!		pending
C0-06A0C3	0x06A0C3	0038	D7 3F 3C 6E 20 0E 44 57 80 1E 42 68 0A 0F CD 44 53 20 D4 16 61 6E 42 5D 3B 80 BF D5 67 CD 81 48 81 4B 47 63 4E 54 CD 3F 80 01 5D 20 3E 61 42 4F 6E 4A 06 6F 52 3E 40 1F	[DFT]おいっ どこへ行くんだ?\nこの [KATAKANA]ブラックモア樣[HIRAGANA]を\n無視するとは\nお前も えらくなったじゃねえか˳		pending
C0-06A171	0x06A171	001B	D7 20 81 6C 80 56 00 4F 3C 7E 7E 7E CD 20 53 18 48 4D 3C 63 60 3D 0A 7E 7E 7E 1F	[DFT] 返事がない···\n のぼせているようだ···˳		pending
C0-06A1A5	0x06A1A5	0028	D7 20 82 01 80 83 54 20 81 E5 82 02 D4 3B 63 40 62 82 01 D5 CD 20 D4 62 3D 59 4B D5 5E 20 40 4A D4 44 62 D5 50 41 42 1F	[DFT] 泉質は 単純[KATAKANA]アルカリ泉[HIRAGANA]\n [KATAKANA]リウマチ[HIRAGANA]や かた[KATAKANA]コリ[HIRAGANA]にきく˳		pending
C0-06A28F	0x06A28F	0033	D8 E0 07 44 3C 4C 5C 7D 44 3C 4C 5C 7D CD 3F 80 01 61 4F 68 40 50 CD 82 03 43 4F 3C 40 61 4F 6E 7D D1 C9 1E 7E 7E 7E 7E 7E 3B 6E 7E 7E 7E 7E 7E 1F DC 00	[DF4][E2:0744]いつめ!こいつめ!\nお前らなんかに\n負けないからなっ![FIN][PAU:1E]·····あっ·····˳[NXT]が		pending
C0-06A2C3	0x06A2C3	0063	D7 E0 07 3F 80 01 20 4F 40 4F 40 5E 63 4F 3B CD 59 3B 20 3F 64 50 54 CD 40 4F 66 4F 3C 40 5D 20 46 64 4F 3C 43 0E 4F 7D D1 60 46 20 44 6E 4B 50 44 3C 60 CD C9 1E 3F 64 20 D4 54 6E 40 73 D5 53 5E 4C 61 53 80 74 67 CD 80 54 4C 43 4A 68 0A 7D CD 81 1A 81 27 50 20 3F 80 01 50 5D 66 43 4D 5E 63 60 1F	[DFT][E2:073F]前 なかなかやるなあ\nまあ おれには\nかなわないかも しれないけどな![FIN]よし こっちにこいよ\n[PAU:1E]おれ [KATAKANA]ハッカー[HIRAGANA]のやつらの宝を\n見つけたんだ!\n特別に お前にもわけてやるよ˳		pending
C0-06A327	0x06A327	0100	D7 C3 02 D4 5C 4A 42 61 16 D5 7F CD C3 00 47 5A 59 48 68 20 47 5A 59 48 68 CD 3F 5A 49 64 3C 4A 46 5E 46 4A D1 3C 5E 3B 20 0A 68 4F 69 CD 3F 4C 60 3C 0D 47 52 3E 20 44 53 6D 7D CD 3C 3E 52 20 3B 6E 46 54 20 58 68 53 CD 80 3C 62 47 00 62 53 45 66 D4 00 50 D5 0D 46 4D D1 D4 54 6E 40 73 D5 7E 7E 4E 40 3C 3D 81 2A 61 50 CD 81 6A 81 6B 45 64 4D CD 3B 68 4F 80 4D 50 4F 6E 4D 4A 68 0D 47 60 D1 49 3C 4C 61 52 20 3B 6E 46 50 CD 44 53 0E 3D 42 4C 53 80 1C 50 3B 63 CD E0 00 6E 4D 80 00 53 80 74 80 75 67 CD 45 00 48 6E 4D 81 10 3D 68 0D 47 60 D1 0D 5D 20 44 64 00 80 54 4C 40 61 4F 42 4D CD 81 37 6E 4D 3C 4A 80 3B 4F 68 0D 47 60 D1 0A 68 4F 53 3F 40 03 0D CD 80 9A 40 6E 4B 6F 3C 59 46 4A 60 CD 7E 7E 7E 44 64 20 3F 81 28 4E 81 10 6E 4B 6F 3B CD 4F 68 0D 47 43 0E 7E 7E 7E	[DFT][PAL:02][KATAKANA]メタクラブ[HIRAGANA]:\n[PAL:00]すみません すみません\nおみそれいたしやした[FIN]いやあ だんなぁ\nおつよいですねえ このぉ!\nいえね あっしは ほんの\n通りすがりのさわ[KATAKANA]ガニ[HIRAGANA]でして[FIN][KATAKANA]ハッカー[HIRAGANA]··とかいう奴らに\n改造されて\nあんな姿になってたんですよ[FIN]そいつらね あっしに\nこのどうくつの中にある\n[E2:006E]て名の宝石を\nさがせって言うんですよ[FIN]でも これが見つからなくて\n困っていた所なんですよ[FIN]だんなのおかげで\n助かっちゃいましたよ\n···これ お礼と言っちゃあ\nなんですけど···		pending
C0-06A528	0x06A528	0095	D7 C3 02 D4 5C 4A 42 61 16 D5 7F CD C3 00 4F 68 0A 20 3F 80 01 54 0F CD 44 53 20 44 09 3D 53 81 80 81 2B 40 6E 7D D1 3F 80 01 4A 4B 00 20 44 44 50 80 31 62 44 68 0D CD 55 6E 40 41 59 66 46 4D 42 64 4A 48 3C 0D CD 44 6E 4B 54 20 3C 65 3C 65 4E CD 45 68 05 68 4F 80 8F 50 3B 6E 4A 68 0A 09 7D D1 80 43 81 0F 4F 81 09 80 56 53 CD 06 6F 59 67 46 4D 42 64 4A D4 14 4C D5 0A 7D CD 44 53 20 D4 5C 4A 42 61 16 D5 45 59 00 CD 3F 46 3F 41 46 4D 42 64 63 7D	[DFT][PAL:02][KATAKANA]メタクラブ[HIRAGANA]:\n[PAL:00]なんだ お前は?\nこの こぞうの仲間かっ![FIN]お前たちが ここに入りこんで\nひっかきまわしてくれたせいで\nこっちは いろいろと\nさんざんな目にあったんだぞ![FIN]大切な仕事の\nじゃまをしてくれた[KATAKANA]バツ[HIRAGANA]だ!\nこの [KATAKANA]メタクラブ[HIRAGANA]さまが\nおしおきしてくれる!		pending
C0-06A5BE	0x06A5BE	0039	D7 C3 02 D4 5C 4A 42 61 16 D5 7F CD C3 00 3F 4E 4F 46 42 80 EF 64 14 20 3C 3C 5D 53 67 CD 59 0A 44 62 4F 3C 61 46 3C 4F CD 4F 61 14 20 80 26 3C 4B 0E 20 3F 46 3F 41 0A 7D	[DFT][PAL:02][KATAKANA]メタクラブ[HIRAGANA]:\n[PAL:00]おとなしく帰れば いいものを\nまだこりないらしいな\nならば 今いちど おしおきだ!		pending
C0-06A5F8	0x06A5F8	0039	D7 20 C2 00 54 CD C3 02 20 74 73 73 73 D4 4E 65 68 D5 C3 00 67 20 80 36 50 3C 64 4A 7D CC D7 06 6F 20 3B 6E 46 54 44 64 0D 7E 7E 7E CD 0A 68 4F 5D 20 3F 41 67 4C 43 4D 7D	[DFT] [NAM:00]は\n[PAL:02] 1000[KATAKANA]トロン[HIRAGANA][PAL:00]を 手にいれた![TER][DFT]じゃ あっしはこれで···\nだんなも おきをつけて!		pending
C0-06A632	0x06A632	0013	D7 3F 6E 4E CD 4B 71 6E 42 61 20 04 5C 68 4F 45 3C 60 1F	[DFT]おっと\nちょっくら ごめんなさいよ˳		pending
C0-06A7A2	0x06A7A2	0047	D7 20 D4 40 73 63 D5 54 CD C3 02 20 80 7C 63 80 75 80 77 C3 00 67 20 80 36 50 80 31 64 4A 7D DE D7 D0 E0 07 7E 7E 7E 4F 68 0A 65 20 D4 44 64 D5 0F CD C9 1E 0D 5D 20 D4 47 42 61 6E 1B D5 60 62 CD 59 46 0A 60 4F DE	[DFT] [KATAKANA]カール[HIRAGANA]は\n[PAL:02] 光る石版[PAL:00]を 手に入れた![TPL:D7][CLR][E2:077E]··なんだろ [KATAKANA]コレ[HIRAGANA]?\n[PAU:1E]でも [KATAKANA]スクラップ[HIRAGANA]より\nましだよな[TPL:]		pending
C0-06A7EB	0x06A7EB	0036	D0 80 74 00 4F 3C 53 54 20 42 5E 46 3C 43 0E CD 3F 5D 46 65 40 6E 4A 40 61 20 3C 3C 40 CD 18 4B 18 4B 20 80 EF 63 4E 47 63 40 CD C9 1E 06 6F 3B 20 59 4A 4F 6E 7D	[CLR]宝がないのは くやしいけど\nおもしろかったから いいか\nぼちぼち 帰るとするか\n[PAU:1E]じゃあ またなっ!		pending
C0-06A822	0x06A822	004B	D7 E0 07 DC 06 7E 7E 7E 7E 7E 7E 7E 7E 7E 7E 7E 7E CD DC 00 58 4E 68 0E 20 80 1C 80 4B 00 CD 3B 43 61 64 4D 63 7E 7E 7E D1 3B 68 4F 50 20 81 7B 81 7C 46 4A 53 50 7D CD DC 01 4B 3E 6E CD C9 0A 4B 3E 6E CD C9 0A 4B 3E 6E DC 00	[DFT][E2:07DC]じ············\n[NXT]がほとんど 中身が\nあけられてる···[FIN]あんなに 苦労したのに!\n[NXT]ぎちえっ\n[PAU:0A]ちえっ\n[PAU:0A]ちえっ[NXT]が		pending
C0-06A86E	0x06A86E	003A	D7 E0 07 3F 80 01 50 54 81 85 80 52 50 4F 6E 4A 40 61 4F CD 81 16 6E 4D 3C 63 53 67 CD 80 C8 66 43 46 60 3D 08 D1 3F 80 01 20 80 BD 50 CD 81 0B 41 4F 81 04 67 3B 43 65 60 1F	[DFT][E2:073F]前には世話になったからな\n残っているのを\n山わけしようぜ[FIN]お前 先に\n好きな方をあけろよ˳		pending
C0-06A8A9	0x06A8A9	0015	D7 E0 07 54 5E 42 20 3B 43 65 60 CD 4E 65 3C 81 2A 0A 4F 3B 1F	[DFT][E2:0754]やく あけろよ\nとろい奴だなあ˳		pending
C0-06A92D	0x06A92D	003E	D7 80 26 20 D4 5C 4A 42 61 16 80 BF D5 00 CD 46 68 50 70 3D 81 26 67 20 44 44 50 CD 81 38 3C 4C 5C 4A 80 3B 4F 68 0A CD 81 81 81 82 4F 3C 80 46 54 20 80 F9 80 31 62 81 A1 80 6F 0A 60 7D	[DFT]今 [KATAKANA]メタクラブ樣[HIRAGANA]が\nしんにゅう者を ここに\n追いつめた所なんだ\n關係ない人は 立入り禁止だよ!		pending
C0-06A9AB	0x06A9AB	0047	D7 44 44 54 20 D4 54 6E 40 73 80 78 80 79 D5 53 CD C3 02 D4 5C 4A 42 61 16 D5 45 59 C3 00 80 6C 53 20 3F 56 65 0A 60 CD 81 81 81 82 4F 3C 80 46 67 80 31 64 63 4E CD D4 18 42 D5 00 20 3F 44 61 64 4B 6F 3D 68 0A 1F	[DFT]ここは [KATAKANA]ハッカー幹部[HIRAGANA]の\n[PAL:02][KATAKANA]メタクラブ[HIRAGANA]さま[PAL:00]用の おふろだよ\n關係ない人を入れると\n[KATAKANA]ボク[HIRAGANA]が おこられちゃうんだ˳		pending
C0-06A9F3	0x06A9F3	0028	D7 81 41 41 66 43 53 4F 3C 81 02 0A 4F 3B CD 81 10 6E 4D 5D 20 66 40 61 4F 3C 81 02 54 CD 3F 46 3F 41 46 4B 6F 3D 09 7D	[DFT]聞きわけのない子だなあ\n言っても わからない子は\nおしおきしちゃうぞ!		pending
C0-06AA31	0x06AA31	0012	D7 20 4E 15 61 54 20 40 4A 42 4E 05 45 64 4D 3C 63 1F	[DFT] とびらは かたくとざされている˳		pending
C0-06AB30	0x06AB30	0154	D7 0E 3D 46 4A 53 0F 81 46 CD 3B 16 4F 3C 66 60 CD 81 1D 80 F1 20 44 66 3C 3F 82 04 45 68 4A 4B 00 CD 3D 65 3D 65 46 4D 63 68 0A 40 61 52 D1 3E 0F 3B 4A 46 0F 3B 4A 46 54 CD 80 43 80 46 0A 40 61 20 81 44 80 89 4F 53 CD C9 1E 58 61 20 D4 14 40 D5 4F 44 4E 81 10 6E 4D 4F 3C 0D CD 81 30 42 80 EF 62 4F 45 3C 60 D1 4F 3B 50 0F C9 1E 59 0A 80 EA 40 80 6C 4F 53 0F CD C9 1E 7E 7E 7E 54 54 69 68 CD C9 1E 45 4D 54 20 55 4E 62 0D 80 EF 63 53 00 CD 44 66 42 4F 6E 4A 68 0D 46 71 0F D1 4F 68 4F 61 20 3C 6E 46 71 50 CD 80 1E 6E 4D 3B 03 4D 5D 3C 3C 66 60 0F CD 20 66 3B 3C 20 3F 52 00 3C 46 59 D4 73 D5 47 CD 20 55 4E 62 0D 80 EF 63 40 61 20 3C 3C 60 CC D0 59 6E 4A 42 20 46 71 3D 00 4F 3C 66 52 CD 3B 4A 46 54 20 C3 03 D4 5A 68 4E D5 CD C3 02 D4 65 44 44 80 99 D5 53 20 80 56 81 24 81 25 81 26 C3 00 60 CD C9 1E 4E 62 3B 3E 07 20 60 65 46 42 52 7D D1 06 6F 3B 20 3B 4A 46 54 81 33 65 40 61 CD 4C 3C 4D 3C 6E 4D 3B 03 63 40 61 CD 81 46 00 20 80 BD 50 80 63 41 4F 45 3C CD C9 1E 7E 7E 7E 4F 50 60 C9 1E 20 82 05 82 06 3B 63 53 0F	[DFT]どうしたの?君\nあぶないわよ\n最近 こわいお兄さんたちが\nうろうろしてるんだからね[FIN]え?あたし?あたしは\n大人だから 平気なの\n[PAU:1E]ほら [KATAKANA]バカ[HIRAGANA]なこと言ってないで\n早く帰りなさいよ[FIN]なあに?[PAU:1E]まだ何か用なの?\n[PAU:1E]···ははぁん\n[PAU:1E]さては ひとりで帰るのが\nこわくなったんでしょ?[FIN]なんなら いっしょに\n行ってあげてもいいわよ?\n わあい おねがいしま[KATAKANA]ー[HIRAGANA]す\n ひとりで帰るから いいよ[TER][CLR]まったく しょうがないわね\nあたしは [PAL:03][KATAKANA]ミント[HIRAGANA]\n[PAL:02][KATAKANA]ロココ町[HIRAGANA]の 事件記者[PAL:00]よ\n[PAU:1E]とりあえず よろしくね![FIN]じゃあ あたしは後ろから\nついていってあげるから\n君が 先に步きなさい\n[PAU:1E]···なによ[PAU:1E] 文句あるの?		pending
C0-06AC85	0x06AC85	0034	D0 5B 6E 7D 40 66 3C 42 4F 3C 53 6E 7D CD 80 46 53 81 0B 80 48 67 81 48 50 47 63 4E CD 65 42 4F 80 43 80 46 50 4F 61 4F 3C 66 60 6E CD C9 3C 1B 68 0A 6E 7D	[CLR]むっ!かわいくないのっ!\n人の好意を無にすると\nろくな大人にならないわよっ\n[PAU:3C]ぷんだっ!		pending
C0-06AD9E	0x06AD9E	0037	D7 E0 04 45 6E 41 40 61 CD 3F 4F 06 82 07 80 73 53 80 3B 14 40 62 CD 80 63 3C 4D 4F 3C 0F D1 81 46 6E 4D 7E 7E 7E 55 71 6E 4E 46 4D CD C9 1E 81 04 82 08 3F 68 4B 0F	[DFT][E2:0445]っきから\nおなじ景色の所ばかり\n步いてない?[FIN]君って···ひょっとして\n[PAU:1E]方向おんち?		pending
C0-06ADD6	0x06ADD6	0050	D7 E0 04 52 3E 7E 7E 7E CD 5B 44 3D 50 20 80 EA 40 80 54 3E 4F 3C 0F CD 3B 64 7E 7E 7E 80 55 40 46 61 0F D1 7E 7E 7E 7E 7E 7E 7E 7E 7E 7E CD C9 3C 80 42 3C 66 52 20 81 46 6E 7D CD 44 44 40 61 80 BD 54 CD 55 4E 62 0D 20 80 EF 6E 4D 52 6E 7D	[DFT][E2:0452]え···\nむこうに 何か見えない?\nあれ···家かしら?[FIN]··········\n[PAU:3C]悪いわね 君っ!\nここから先は\nひとりで 帰ってねっ!		pending
C0-06AF3B	0x06AF3B	001D	D7 E0 04 66 3B 68 7D 4B 71 6E 4E 6D CD 44 53 D4 52 07 5A D5 20 0E 3D 50 40 46 4D 60 7D	[DFT][E2:0466]あん!ちょっとぉ\nこの[KATAKANA]ネズミ[HIRAGANA] どうにかしてよ!		pending
C0-06AF59	0x06AF59	001F	D7 E0 04 7E 7E 7E 3E 0F CD 3B 4A 46 53 40 14 68 50 CD 52 07 5A 00 20 3C 63 0D 47 6E 4D 7D 0F	[DFT][E2:047E]··え?\nあたしのかばんに\nねずみが いるですって!?		pending
C0-06AF79	0x06AF79	0084	D7 E0 04 7E 7E 7E 40 14 68 53 80 1C 50 CD 52 07 5A 00 3C 4A 4F 68 4D 7E 7E 7E DE D7 7E 7E 7E 49 64 60 62 CD 81 46 20 80 50 4F 80 46 82 09 67 80 54 4F 40 6E 4A 0F CD 80 46 82 09 53 81 33 67 20 3B 5E 46 3C 81 3E 00 CD 81 38 3C 40 43 4D 80 1E 6E 4A 53 60 D1 52 07 5A 50 20 82 0A 80 6F 5C 45 64 4D 3C 4A 81 2B 50 CD 0E 44 40 50 80 1E 6E 4B 6F 6E 4A 40 46 61 0F CD 44 3D 46 4B 6F 3C 61 64 4F 3C 66 7D	[DFT][E2:047E]··かばんの中に\nねずみがいたなんて···[TPL:D7]···それより\n君 変な人形を見なかった?\n人形の後を あやしい男が\n追いかけて行ったのよ[FIN]ねずみに 足止めされていた間に\nどこかに行っちゃったかしら?\nこうしちゃいられないわ!		pending
C0-06B05C	0x06B05C	006D	D7 DC 01 3B 7E 3B 4F 4A 20 D4 52 07 5A D5 53 44 4E 14 00 CD 66 40 63 68 0D D4 4B 70 3D D5 40 0F CD C9 1E 0A 6E 4A 61 20 44 53 81 54 53 80 46 50 CD 80 52 46 4D 58 46 3C D4 4B 70 3D D5 D1 3D 4B 53 81 02 00 20 44 53 80 46 53 40 14 68 50 CD 80 31 62 44 68 0D 20 80 45 61 64 4F 42 4F 6E 4D CD 81 37 6E 4D 63 68 0D D4 4B 70 3D D5 7D	[DFT][NXT]ぎあ·あなた [KATAKANA]ネズミ[HIRAGANA]のことばが\nわかるんで[KATAKANA]チュウ[HIRAGANA]か?\n[PAU:1E]だったら この女の人に\n話してほしい[KATAKANA]チュウ[HIRAGANA][FIN]うちの子が この人のかばんに\n入りこんで 出られなくなって\n困ってるんで[KATAKANA]チュウ[HIRAGANA]!		pending
C0-06B14E	0x06B14E	000A	D7 D4 4B 70 3D 4B 70 3D 6E D5	[DFT][KATAKANA]チュウチュウッ[HIRAGANA]		pending
C0-06B159	0x06B159	0047	D7 45 6E 41 54 20 0E 3D 5D 3B 62 00 D4 4B 70 3D D5 CD 3F 81 28 50 20 3C 3C 44 4E 67 CD 80 DB 3E 4D 3B 03 59 D4 4B 70 3D D5 D1 49 44 53 20 81 E6 00 66 53 40 17 67 CD 80 C9 17 4D 5A 63 4E 3C 3C 0D D4 4B 70 3D D5 1F	[DFT]さっきは どうもありが[KATAKANA]チュウ[HIRAGANA]\nお礼に いいことを\n教えてあげま[KATAKANA]チュウ[HIRAGANA][FIN]そこの 左がわのかべを\n調べてみるといいで[KATAKANA]チュウ[HIRAGANA]˳		pending
C0-06B1A1	0x06B1A1	0098	D7 44 44 53 80 46 82 09 4A 4B 54 CD C3 02 D4 52 07 5A D5 00 81 7B 80 36 C3 00 4F 68 0D D4 4B 70 3D D5 CD 0D 5D 20 44 44 53 80 46 82 09 54 5A 68 4F 80 46 81 2B 00 CD 80 4D 67 20 80 50 3E 61 64 4A 5D 53 0D D4 4B 70 3D D5 D1 44 53 20 C3 02 80 87 80 04 80 BC 53 80 65 80 A5 C3 00 50 54 CD 80 46 82 09 4A 4B 53 20 81 9F 80 7E 00 3C 4D 49 3C 4C 00 CD 80 46 81 2B 67 20 80 46 82 09 50 80 50 3E 63 68 0A 6E 4D CD D4 59 59 D5 00 20 81 10 6E 4D 4A D4 4B 70 3D D5 1F	[DFT]ここの人形たちは\n[PAL:02][KATAKANA]ネズミ[HIRAGANA]が苦手[PAL:00]なんで[KATAKANA]チュウ[HIRAGANA]\nでも ここの人形はみんな人間が\n姿を 変えられたもので[KATAKANA]チュウ[HIRAGANA][FIN]この [PAL:02]時計塔の地下[PAL:00]には\n人形たちの 親玉がいてそいつが\n人間を 人形に変えるんだって\n[KATAKANA]ママ[HIRAGANA]が 言ってた[KATAKANA]チュウ[HIRAGANA]˳		pending
C0-06B277	0x06B277	0019	D7 20 C2 00 54 CD C3 02 20 40 42 46 80 3C 80 A7 C3 00 67 20 5A 4C 43 4A 7D	[DFT] [NAM:00]は\n[PAL:02] かくし通路[PAL:00]を みつけた!		pending
C0-06B400	0x06B400	0030	D7 C3 03 3B 61 20 59 0A 44 62 4D 4F 3C 53 0F CD 49 68 4F 50 20 81 80 81 2B 50 4F 62 4A 3C 4F 61 CD 3F 53 09 5A 0E 3F 62 50 46 4D 3B 03 63 66 1F	[DFT][PAL:03]あら まだこりてないの?\nそんなに 仲間になりたいなら\nおのぞみどおりにしてあげるわ˳		pending
C0-06B431	0x06B431	003F	D7 C3 03 3E 0F C9 1E 3E 0F C9 1E 3E 0F C9 1E D4 52 07 5A D5 7D 0F CD 3C 5E D4 73 D5 68 20 D4 52 07 5A D5 54 81 7B 80 36 60 6D 6E 7D CD C9 1E D4 59 73 5B 61 4F D5 45 59 69 6E 7D 7D 7D C3 00	[DFT][PAL:03]え?[PAU:1E]え?[PAU:1E]え?[PAU:1E][KATAKANA]ネズミ[HIRAGANA]!?\nいや[KATAKANA]ー[HIRAGANA]ん [KATAKANA]ネズミ[HIRAGANA]は苦手よぉっ!\n[PAU:1E][KATAKANA]マームラナ[HIRAGANA]さまぁっ!!![PAL:00]		pending
C0-06B4A1	0x06B4A1	0063	D7 C3 03 42 47 42 47 CD C9 1E 60 3D 44 49 20 18 3D 5E CD D4 3B 4F 4A D5 5D 20 D4 59 73 5B 61 4F D5 45 59 50 CD 80 46 82 09 50 45 64 50 41 4A 53 0F D1 0D 5D 52 20 D4 59 73 5B 61 4F D5 45 59 54 CD 80 26 20 4E D4 73 D5 6E 4D 5D 3F 3C 49 00 46 3C 53 CD 3F 4E 4F 46 42 3F 80 EF 62 20 C9 28 18 3D 5E 1F	[DFT][PAL:03]くすくす\n[PAU:1E]ようこそ ぼうや\n[KATAKANA]アナタ[HIRAGANA]も [KATAKANA]マームラナ[HIRAGANA]さまに\n人形にされにきたの?[FIN]でもね [KATAKANA]マームラナ[HIRAGANA]さまは\n今 と[KATAKANA]ー[HIRAGANA]ってもおいそがしいの\nおとなしくお帰り [PAU:28]ぼうや˳		pending
C0-06B505	0x06B505	0048	D7 C3 03 59 4A 41 4A 53 0F 81 41 41 66 43 53 4F 3C 81 02 52 CD C9 1E 0D 5D 20 3B 41 61 5C 4A 81 04 00 3C 3C 66 60 CD D4 3B 4F 4A D5 4F 68 40 20 D4 59 73 5B 61 4F D5 45 59 50 54 CD 40 4F 66 4F 3C 68 0A 40 61 1F C3 00	[DFT][PAL:03]またきたの?聞きわけのない子ね\n[PAU:1E]でも あきらめた方がいいわよ\n[KATAKANA]アナタ[HIRAGANA]なんか [KATAKANA]マームラナ[HIRAGANA]さまには\nかなわないんだから˳[PAL:00]		pending
C0-06B5A6	0x06B5A6	000A	D7 CD D4 4B 70 3D 4B 70 3D D5	[DFT]\n[KATAKANA]チュウチュウ[HIRAGANA]		pending
C0-06B5B1	0x06B5B1	0074	D7 81 2B 50 3B 6E 4D 60 40 6E 4A D4 4B 70 3D D5 CD 3D 4B 53 81 02 67 80 9A 43 4D 42 64 4A CD 3F 81 28 0D D4 4B 70 3D D5 D1 44 53 80 BD 40 61 20 80 87 80 04 80 BC 53 80 65 80 A5 50 CD 3F 62 63 44 4E 00 0D 41 63 D4 4B 70 3D D5 CD 80 46 82 09 53 80 4D 67 46 4A 20 82 0B 80 6D 3C 63 D4 4B 70 3D D5 CD 80 89 67 4C 43 4A 81 04 00 3C 3C D4 4B 70 3D D5 1F	[DFT]間にあってよかった[KATAKANA]チュウ[HIRAGANA]\nうちの子を助けてくれた\nお礼で[KATAKANA]チュウ[HIRAGANA][FIN]この先から 時計塔の地下に\nおりることができる[KATAKANA]チュウ[HIRAGANA]\n人形の姿をした 化物いる[KATAKANA]チュウ[HIRAGANA]\n気をつけた方がいい[KATAKANA]チュウ[HIRAGANA]˳		pending
C0-06B72E	0x06B72E	0019	D7 3E D4 73 D5 68 CD 40 7E C9 1E 40 61 0A 00 20 80 67 40 4F 3C 60 6D 6E 7D	[DFT]え[KATAKANA]ー[HIRAGANA]ん\nか·[PAU:1E]からだが 動かないよぉっ!		pending
C0-06B935	0x06B935	0084	DA 02 CF D9 B8 86 6B 02 1D 19 BA 80 90 D7 C3 03 41 6E 4E 20 42 63 4E 80 7A 6E 4D 4A 66 CD C9 1E 3B 4F 4A 5D 20 44 53 80 75 67 CD 45 00 46 4D 3C 63 68 0D 46 71 0F D1 0D 5D 52 20 C9 1E D4 3B 4A 46 D5 53 44 4E 67 CD 80 46 82 09 0A 40 61 6E 4D 20 D4 14 40 D5 50 46 4B 6F D4 0A 5C D5 60 CD D4 3B 4A 46 D5 54 20 44 53 80 75 53 3F 40 03 0D CD 44 D4 73 D5 68 4F 5D 53 50 20 80 50 80 4B 0D 41 63 53 60 1F	[DLY:02][STR:D9B886]ぅぐぽぱ[BYTE:BA]Ⅰ[DFT][PAL:03]きっと くると思ってたわ\n[PAU:1E]あなたも この石を\nさがしているんでしょ?[FIN]でもね [PAU:1E][KATAKANA]アタシ[HIRAGANA]のことを\n人形だからって [KATAKANA]バカ[HIRAGANA]にしちゃ[KATAKANA]ダメ[HIRAGANA]よ\n[KATAKANA]アタシ[HIRAGANA]は この石のおかげで\nこ[KATAKANA]ー[HIRAGANA]んなものに 変身できるのよ˳		pending
C0-06B9BA	0x06B9BA	0043	D7 C3 03 48 6E 40 42 50 03 4A 53 50 20 3F D4 14 40 D5 45 68 52 CD C9 1E 0D 5D 20 3B 4F 4A 53 80 75 5D 5D 61 3E 64 14 CD 41 6E 4E 20 5D 6E 4E 20 47 04 3C 80 32 67 CD 80 08 3E 63 60 3D 50 4F 63 66 52 1F	[DFT][PAL:03]せっかくにげたのに お[KATAKANA]バカ[HIRAGANA]さんね\n[PAU:1E]でも あなたの石ももらえれば\nきっと もっと すごい力を\n使えるようになるわね˳		pending
C0-06B9FE	0x06B9FE	0043	D7 20 C2 00 54 CD C3 02 20 80 75 75 C3 00 67 20 80 36 50 80 31 64 4A 7D DC 00 CC D7 20 C2 00 54 CD C3 02 20 80 75 75 C3 00 67 20 5A 4C 43 4A 7D CD 20 0A 00 20 80 2D 4B 80 6D 00 3C 6E 19 3C 0A 6E 4A 1F	[DFT] [NAM:00]は\n[PAL:02] 石2[PAL:00]を 手に入れた![NXT]が[TER][DFT] [NAM:00]は\n[PAL:02] 石2[PAL:00]を みつけた!\n だが 持ち物がいっぱいだった˳		pending
C0-06BA42	0x06BA42	0031	D7 C3 03 3C 5E D4 73 D5 68 6E CD C9 3C 48 6E 40 42 20 4A 3C 42 4C 4F 80 46 82 09 40 61 CD 80 50 80 4B 0D 41 4A 53 50 6A 7E 7E 7E 7E 7E 7E 7E C3 00	[DFT][PAL:03]いや[KATAKANA]ー[HIRAGANA]んっ\n[PAU:3C]せっかく たいくつな人形から\n変身できたのにぃ·······[PAL:00]		pending
C0-06BA74	0x06BA74	0031	D8 E0 08 3B 6E 4A 20 3B 6E 4A CD C9 1E 41 6E 4E 20 44 64 0A 4F CD E0 00 00 20 40 42 45 64 4D 3C 63 CD 80 46 82 09 6E 4D 81 10 3D 53 54 7E 7E 7E 1F	[DF4][E2:083B]った あった\n[PAU:1E]きっと これだな\n[E2:0000] かくされている\n人形って言うのは···˳		pending
C0-06BAA6	0x06BAA6	0097	D8 C3 03 3D 56 56 56 CD 40 66 3C 3C 20 3F D4 14 40 D5 45 68 52 CD 49 68 4F 50 20 40 68 4A 68 50 54 3C 40 4F 3C 66 60 D1 D4 3B 4A 46 D5 53 81 22 50 40 42 45 64 4A 20 80 75 54 52 CD 80 46 82 09 53 D4 3B 4A 46 D5 50 CD 80 60 80 7A 80 7B 4F 20 80 32 67 42 64 4A 53 60 CD D4 3B 4F 4A D5 50 4F 68 40 20 3B 03 61 64 4F 3C 66 D1 46 14 61 42 20 49 3D 46 4D 4F 45 3C CD 81 33 0D 20 D4 3B 4A 46 D5 4A 4B 53 CD 81 80 81 2B 50 20 82 0D 3E 4D 3B 03 63 66 52 1F C3 00	[DF4][PAL:03]うふふふ\nかわいい お[KATAKANA]バカ[HIRAGANA]さんね\nそんなに かんたんにはいかないわよ[FIN][KATAKANA]アタシ[HIRAGANA]の体にかくされた 石はね\n人形の[KATAKANA]アタシ[HIRAGANA]に\n不思誄な 力をくれたのよ\n[KATAKANA]アナタ[HIRAGANA]になんか あげられないわ[FIN]しばらく そうしてなさい\n後で [KATAKANA]アタシ[HIRAGANA]たちの\n仲間に 加えてあげるわね˳[PAL:00]		pending
C0-06BC21	0x06BC21	00B9	D0 3C 00 02 0A 06 00 02 D0 3C 00 02 47 00 13 02 33 50 FF 02 0A 7F 81 02 B2 6B D9 0E 3D 0D 3B 6E 4A 20 D4 3C 04 73 63 D5 CD C9 1E 59 44 4E 50 20 4A 53 5D 46 3C 81 3A 81 0A 0D 54 4F 3C 40 D1 C3 02 0A 68 4F 45 59 20 C9 1E 3F 0E 65 41 59 46 4A 4F CD C9 1E 3B 53 80 46 82 09 50 54 20 58 4E 58 4E CD 80 36 67 5E 3C 4D 3F 62 59 46 4A 53 50 7E 7E 7E D1 C3 00 44 64 0D 44 53 80 BB 5D 20 81 21 46 3C 80 87 67 CD 41 05 5B 44 4E 00 20 0D 41 63 0A 65 3D CD C9 1E D4 61 47 42 81 46 D5 4E 53 20 5E 42 49 42 5D 80 E9 64 CD 60 3D 5E 42 20 81 11 61 40 50 52 5B 64 63 4F 1F	[CLR]いがぐだじがぐ[CLR]いがぐすが)ぐSに[CMD:FF]ぐだ:子[BYTE:B2]ぅ[DF5]どうであった [KATAKANA]イゴール[HIRAGANA]\n[PAU:1E]まことに たのもしい少年ではないか[FIN][PAL:02]だんなさま [PAU:1E]おどろきましたな\n[PAU:1E]あの人形には ほとほと\n手をやいておりましたのに···[FIN][PAL:00]これでこの館も 正しい時を\nきざむことが できるだろう\n[PAU:1E][KATAKANA]ラスク君[HIRAGANA]との やくそくも守れ\nようやく 安らかにねむれるな˳		pending
C0-06BD1C	0x06BD1C	006F	D7 E0 04 81 41 3C 4A 66 6E 7D 81 41 3C 4A 66 6E 7D CD 81 1A D4 0A 52 D5 60 6E 7D D1 D4 54 6E 40 73 D5 53 20 80 8F 81 1F 54 CD E0 00 4E 40 3C 3D 80 00 53 CD 80 75 6E 4D 3C 3D 66 43 52 7D 0F CD 3C 3C 66 3C 3C 66 20 81 25 80 56 50 4F 63 66 6E 7D D1 45 6E 49 42 80 99 50 80 EF 6E 4D CD 81 25 80 56 53 80 6C 80 48 67 46 4F 42 4B 6F 7D 7D	[DFT][E2:0481]きいたわっ!聞いたわっ!\n特[KATAKANA]ダネ[HIRAGANA]よっ![FIN][KATAKANA]ハッカー[HIRAGANA]の 目的は\n[E2:004E]かいう名の\n石っていうわけね!?\nいいわいいわ 記事になるわっ![FIN]さっそく町に帰って\n記事の用意をしなくちゃ!!		pending
C0-06BDCC	0x06BDCC	0096	D8 E0 0F C2 00 42 68 7D 45 00 46 4A 60 CD 3C 5E 20 3F 40 03 0D 44 46 5D 07 3C 16 68 CD 60 42 4F 6E 4D 52 D1 3E 0F D4 4D 6A 3B 4E 65 68 D5 67 80 54 4C 43 4A 0F CD C9 1E 7E 7E 7E 5E 64 5E 64 20 59 6E 4A 42 80 45 80 1B 00 CD 4F 40 6E 4A 4E 3C 3D 66 43 40 CD 81 0A 60 62 54 0D 46 6F 14 63 5D 53 0D 54 4F 3C 4F D1 80 ED 80 EE 20 D4 65 44 44 80 99 D5 50 5D 0E 61 68 40 52 0F CD 81 46 50 54 20 80 52 46 4D 3F 40 52 14 CD 4F 61 4F 3C 44 4E 5D 3B 63 46 4F 1F	[DF4][E2:0FC2]がくん!さがしたよ\nいや おかげでこしもずいぶん\nよくなってね[FIN]え?[KATAKANA]ティアトロン[HIRAGANA]を見つけた?\n[PAU:1E]···やれやれ まったく出番が\nなかったというわけか\n年よりはでしゃばるものではないな[FIN]一度 [KATAKANA]ロココ町[HIRAGANA]にもどらんかね?\n君には 話しておかねば\nならないこともあるしな˳		pending
C0-06C086	0x06C086	0016	D0 10 00 02 42 10 02 33 F0 FF 02 01 00 00 68 00 00 02 0B 65 80 B3	[CLR]┌がぐく┌ぐS[CMD:F0][CMD:FF]ぐぎががんががぐぢろ司		pending
C0-06C17D	0x06C17D	001C	D7 82 11 42 4D 20 60 42 80 54 3E 4F 3C 43 0E CD 4F 68 40 20 3B 5E 46 3C 7E 7E 7E 1F	[DFT]暗くて よく見えないけど\nなんか あやしい···˳		pending
C0-06C19A	0x06C19A	0038	D7 20 C2 00 54 C3 02 D4 40 17 D5 C3 00 67 20 80 C9 17 4A CD C9 14 20 60 42 80 54 63 4E 20 D4 40 17 D5 53 5B 44 3D 54 CD 20 40 42 46 80 3C 80 A7 50 20 4F 6E 4D 3C 4A 7D	[DFT] [NAM:00]は[PAL:02][KATAKANA]カベ[HIRAGANA][PAL:00]を 調べた\n[PAU:14] よく見ると [KATAKANA]カベ[HIRAGANA]のむこうは\n かくし通路に なっていた!		pending
C0-06C3BE	0x06C3BE	003C	D7 E0 04 3B 4A 46 54 20 44 53 80 46 67 80 54 4D 63 40 61 CD C3 02 44 53 80 46 53 20 81 31 67 45 00 46 4D 41 4D 7D CD C3 00 81 31 00 20 82 0E 67 80 2D 6E 4D 3C 63 68 0D 47 6E 4D 1F	[DFT][E2:043B]たしは この人を見てるから\n[PAL:02]この人の 犬をさがしてきて!\n[PAL:00]犬が 藥を持っているんですって˳		pending
C0-06C3FB	0x06C3FB	002B	D7 E0 04 3E 61 3C 06 6F 4F 3C 53 20 81 46 7D CD 60 40 6E 4A 66 20 44 64 0D 44 53 80 46 5D CD 80 67 43 63 60 3D 50 4F 63 66 52 7D	[DFT][E2:043E]らいじゃないの 君!\nよかったわ これでこの人も\n動けるようになるわね!		pending
C0-06C427	0x06C427	006D	D8 E0 04 81 46 7D 7D 59 0A 3C 4A 53 7D 0F CD C9 28 7E 7E 7E 4E 20 81 10 3C 4A 3C 80 3B 0A 43 0E CD 4B 71 3D 0E 3C 3C 80 3B 50 20 80 10 4A 66 D1 44 53 80 46 20 D4 43 00 D5 67 46 4D 63 53 60 CD C3 02 44 53 80 46 53 20 81 31 67 CD 45 00 46 4D 41 4D 42 64 4F 3C 0F CD C3 00 81 31 00 20 82 0E 67 80 2D 6E 4D 3C 63 68 0D 47 6E 4D 1F	[DF4][E2:0481]し!!まだいたの!?\n[PAU:28]···と 言いたい所だけど\nちょうどいい所に 来たわ[FIN]この人 [KATAKANA]ケガ[HIRAGANA]をしてるのよ\n[PAL:02]この人の 犬を\nさがしてきてくれない?\n[PAL:00]犬が 藥を持っているんですって˳		pending
C0-06C495	0x06C495	0033	D7 E0 04 4B 71 6E 4E 20 41 5A 6A 7D 0F CD D4 43 00 80 46 D5 67 20 80 54 80 8E 4D 4D 3C 42 53 0F CD 80 52 02 61 3C 20 81 41 3C 4D 80 1E 41 4F 45 3C 60 7D	[DFT][E2:044B]ょっと きみぃ!?\n[KATAKANA]ケガ人[HIRAGANA]を 見捨てていくの?\n話ぐらい 聞いて行きなさいよ!		pending
C0-06C4C9	0x06C4C9	007C	D7 E0 04 45 4D 20 C9 1E 81 18 81 19 82 0F 80 9F 0A 66 7D CD D4 54 6E 40 73 D5 00 20 44 53 5E 46 41 0D CD 80 EA 40 46 4D 3C 63 44 4E 5D 20 66 40 6E 4A 46 D1 3B 3C 4C 61 53 20 80 8F 81 1F 54 80 EA 4F 53 40 CD 4C 41 4E 5C 4D 20 81 25 80 56 50 46 4F 42 4B 6F 7D CD C9 1E 06 6F 3B D4 56 61 18 53 D5 45 68 20 3F 0A 3C 06 50 CD C9 1E C2 00 42 68 54 20 81 30 42 80 EF 63 53 60 7D	[DFT][E2:0445]て [PAU:1E]取材再開だわ!\n[KATAKANA]ハッカー[HIRAGANA]が このやしきで\n何かしていることも わかったし[FIN]あいつらの 目的は何なのか\nつきとめて 記事にしなくちゃ!\n[PAU:1E]じゃあ[KATAKANA]フラボノ[HIRAGANA]さん おだいじに\n[PAU:1E][NAM:00]くんは 早く帰るのよ!		pending
C0-06C631	0x06C631	0023	DA 02 1D 6A C9 02 33 50 FF 02 CF 72 C5 86 6B 02 1D 6A C9 6B 02 1D 31 C9 6B D7 66 68 7D 66 68 7D 66 68 7D	[DLY:02]ぽぃ[PAU:02]Sに[CMD:FF]ぐ[STR:72C586]ぅぐぽぃ[PAU:6B]ぐぽQ[PAU:6B][DFT]わん!わん!わん!		pending
C0-06C655	0x06C655	0149	D7 54 4D 0F 0E 44 40 0D 80 D8 6E 4A 60 3D 4F 7E 7E 7E CD C9 1E 3E 0F 81 46 00 20 C2 00 42 68 40 0F CD C9 1E 4F 63 58 0E 20 3F 4E 3D 45 68 50 60 42 81 D9 4D 63 D1 66 46 54 20 C3 02 D4 56 61 18 53 D5 CD C9 1E C3 00 81 46 53 4E 3D 45 68 53 20 81 0E 80 46 0D 4F CD 4E 4B 70 3D 59 0D 20 81 46 53 4E 3D 45 68 4E CD 3C 6E 46 71 0A 6E 4A 53 0A 00 7E 7E 7E D1 D4 3B 4A 4A D5 7E 7E 7E CD C9 1E D4 54 6E 40 73 D5 4E 40 3C 3D 5E 4C 61 50 CD 3F 3C 40 43 61 64 4D 20 44 53 80 1C 57 CD 50 03 44 68 0A 80 87 50 20 44 46 67 3D 6E 4D 4F D1 C3 02 47 59 68 00 20 66 46 53 40 14 68 67 CD 45 00 46 4D 41 4D 42 64 68 40 0F CD C3 00 66 46 53 81 31 00 20 80 2D 6E 4D 3C 63 54 07 0A CD 81 2D 3C 81 31 0D 20 D4 19 48 62 D5 4E 3C 3D 68 0A D1 D3 49 C7 D7 E0 0F D4 19 48 62 D5 54 20 81 2D 3C 80 E7 45 4F 81 31 0A 60 CD 80 1F 80 1C 50 20 56 65 46 41 67 46 71 6E 4D 3C 63 D1 3B 4E 20 C3 02 80 7C 63 5D 53 00 81 0B 41 C3 00 0D 4F CD 80 7C 63 5D 53 67 20 80 54 48 63 4E CD 82 10 68 0D 20 80 F1 81 B9 6E 4D 42 63 68 0A 1F	[DFT]はて?どこかで会ったような···\n[PAU:1E]え?君が [NAM:00]くんか?\n[PAU:1E]なるほど おとうさんによく似てる[FIN]わしは [PAL:02][KATAKANA]フラボノ[HIRAGANA]\n[PAU:1E][PAL:00]君のとうさんの 知人でな\nとちゅうまで 君のとうさんと\nいっしょだったのだが···[FIN][KATAKANA]アタタ[HIRAGANA]···\n[PAU:1E][KATAKANA]ハッカー[HIRAGANA]とかいうやつらに\nおいかけられて この中へ\nにげこんだ時に こしをうってな[FIN][PAL:02]すまんが わしのかばんを\nさがしてきてくれんか?\n[PAL:00]わしの犬が 持っているはずだ\n白い犬で [KATAKANA]パセリ[HIRAGANA]というんだ[FIN][JMP]そ[BOX:D7E00F][KATAKANA]パセリ[HIRAGANA]は 白い小さな犬だよ\n背中に ふろしきをしょっている[FIN]あと [PAL:02]光るものが好き[PAL:00]でな\n光るものを 見せると\n喜んで 近寄ってくるんだ˳		pending
C0-06C79F	0x06C79F	0021	D7 E0 0F 3F 3F CD D4 19 48 62 D5 67 81 C9 64 4D 41 4D 42 64 4A 40 7D CD 44 64 0D 80 9A 40 6E 4A 7D	[DFT][E2:0F3F]お\n[KATAKANA]パセリ[HIRAGANA]を連れてきてくれたか!\nこれで助かった!		pending
C0-06C7C1	0x06C7C1	00F1	D7 E0 0F DC 09 7E 7E 7E DC 00 C9 1E 3B 53 81 7E 45 68 54 20 80 1E 6E 4A 40 52 0F CD C9 1E 5E 64 5E 64 20 44 64 0D 60 3D 5E 42 CD 3F 4B 4C 3C 4D 80 52 47 44 4E 00 0D 41 63 D1 C2 00 42 68 54 20 3F 4E 3D 45 68 50 CD E0 00 4E 3C 3D 20 80 75 53 44 4E 67 CD 81 41 3C 4A 44 4E 00 3B 63 40 52 0F D1 81 34 80 01 40 61 20 81 46 53 4E 3D 45 68 54 CD 49 64 67 20 45 00 46 4D 3C 4A 61 46 3C 53 0A 00 CD 0E 3D 5D D4 54 6E 40 73 D5 53 81 2A 61 5D 20 49 64 67 CD 45 00 46 4D 3C 63 3C 3D 80 52 67 20 81 41 3C 4D 4F D1 81 46 53 4E 3D 45 68 53 80 52 54 20 59 4A 81 33 0A CD 80 26 54 20 E0 00 67 45 00 45 52 14 CD D4 54 6E 40 73 D5 50 20 80 BD 67 44 45 64 4D 46 59 3D CD 45 3B 20 81 30 42 7E 7E 7E DE D7 CD 3B 7E 7E 7E 3C 4A 4A 4A 7E 7E 7E 1F	[DFT][E2:0FDC]ぞ···[NXT]が[PAU:1E]あの娘さんは 行ったかね?\n[PAU:1E]やれやれ これでようやく\nおちついて話すことができる[FIN][NAM:00]くんは おとうさんに\n[E2:004E]いう 石のことを\n聞いたことがあるかね?[FIN]以前から 君のとうさんは\nそれを さがしていたらしいのだが\nどうも[KATAKANA]ハッカー[HIRAGANA]の奴らも それを\nさがしているいう話を 聞いてな[FIN]君のとうさんの話は また後だ\n今は [E2:0067]さがさねば\n[KATAKANA]ハッカー[HIRAGANA]に 先をこされてしまう\nさあ 早く···[TPL:D7]\nあ···いたたた···˳		pending
C0-06C8B3	0x06C8B3	00B6	D7 E0 0F 0E 7E 0E 3D 5D 59 0A 20 44 46 00 7E 7E 7E CD C9 28 C2 00 42 68 CD 66 46 50 40 59 66 07 20 80 BD 50 80 1E 6E 4D 42 64 DE D7 49 3D 0A 20 44 64 67 66 4A 46 4D 3F 44 3D CD C3 02 D4 61 3C 4E D5 C3 00 0A CD 44 64 00 3B 64 14 20 82 11 3C 80 3B 67 80 63 42 53 5D CD 80 9C 50 4F 63 0A 65 3D 1F DE D7 20 C2 00 54 CD C3 02 20 D4 61 3C 4E D5 C3 00 67 20 80 36 50 80 31 64 4A 7D CC D7 81 46 50 20 66 4A 46 4A 3C 5D 53 00 CD 3B 63 53 0A 00 7E 7E 7E CD 0E 3D 5D 20 81 6D 80 6D 00 3C 6E 19 3C 53 60 3D 0A 4F CD 54 4D 20 0E 3D 46 4A 5D 53 40 7E 7E 7E 1F	[DFT][E2:0F0E]·どうもまだ こしが···\n[PAU:28][NAM:00]くん\nわしにかまわず 先に行ってくれ[TPL:D7]そうだ これをわたしておこう\n[PAL:02][KATAKANA]ライト[HIRAGANA][PAL:00]だ\nこれがあれば 暗い所を步くのも\n楽になるだろう˳[TPL:D7] [NAM:00]は\n[PAL:02] [KATAKANA]ライト[HIRAGANA][PAL:00]を 手に入れた![TER][DFT]君に わたしたいものが\nあるのだが···\nどうも 荷物がいっぱいのようだな\nはて どうしたものか···˳		pending
C0-06C96A	0x06C96A	0057	D7 E0 0F 5D 3D 46 66 43 4F 3C 00 20 66 46 54 CD C3 02 80 BA 80 BB 53 80 1A 41 80 79 80 A4 C3 00 3B 4A 62 0D CD 81 3A 46 20 80 E2 59 48 4D 5D 61 3D 60 D1 80 6C 00 3B 63 80 87 54 20 45 00 46 4D 42 64 CD C9 1E CD 5E 64 5E 64 20 59 6E 4A 42 CD 5C 68 18 42 4F 3C 1F	[DFT][E2:0F5D]うしわけないが わしは\n[PAL:02]西館の空き部屋[PAL:00]あたりで\n少し 休ませてもらうよ[FIN]用がある時は さがしてくれ\n[PAU:1E]\nやれやれ まったく\nめんぼくない˳		pending
C0-06CA38	0x06CA38	0026	D7 C3 03 DC 01 CD 56 56 56 56 7E 7E 7E 7E 7E CD C9 3C DC 00 44 68 50 4B 54 20 C9 1E 40 66 3C 3C 18 3D 5E 1F C3 00	[DFT][PAL:03][NXT]ぎ\nふふふふ·····\n[PAU:3C][NXT]がこんにちは [PAU:1E]かわいいぼうや˳[PAL:00]		pending
C0-06CA5F	0x06CA5F	006D	D7 C3 03 3B 61 7E 7E 7E CD C9 28 3B 4F 4A 20 3C 3C 5D 53 67 80 2D 6E 4D 63 66 52 CD D4 41 61 41 61 80 7C D5 63 20 47 4D 41 4F 80 75 CD C9 1E 66 4A 46 53 20 80 2D 6E 4D 63 53 4E 81 14 06 7E 7E 7E D1 66 4A 46 20 49 64 5D 58 46 3C 66 CD C9 1E 0A 6E 4D 49 64 50 54 20 4E 6E 4D 5D CD 47 4D 41 4F 80 32 00 20 3B 63 68 0D 47 5D 53 1F	[DFT][PAL:03]あら···\n[PAU:28]あなた いいものを持ってるわね\n[KATAKANA]キラキラ光[HIRAGANA]る すてきな石\n[PAU:1E]わたしの 持ってるのと同じ···[FIN]わたし それもほしいわ\n[PAU:1E]だってそれには とっても\nすてきな力が あるんですもの˳		pending
C0-06CB27	0x06CB27	004E	D7 C3 03 DC 01 3B 61 61 69 7E 7E 7E CD C9 1E DC 00 80 57 80 79 20 5E 6E 4C 43 4B 6F 6E 4A 53 0F CD C9 3C 46 71 3D 00 4F 3C 66 52 CD 80 26 80 0B 54 20 80 54 53 00 46 4D 3B 03 63 66 D1 CD 0D 5D 20 C9 32 3B 41 61 5C 4F 3C 66 60 1F C3 00	[DFT][PAL:03][NXT]ぎあららぁ···\n[PAU:1E][NXT]が全部 やっつけちゃったの?\n[PAU:3C]しょうがないわね\n今回は 見のがしてあげるわ[FIN]\nでも [PAU:32]あきらめないわよ˳[PAL:00]		pending
C0-06CC7D	0x06CC7D	0012	D7 20 4E 15 61 54 20 40 4A 42 4E 05 45 64 4D 3C 63 1F	[DFT] とびらは かたくとざされている˳		pending
C0-06CD14	0x06CD14	0036	D7 20 80 D9 50 54 20 44 3D 80 38 40 64 4D 3C 4A CD C9 28 C3 02 10 81 20 54 20 81 46 53 82 13 5C 63 5D 53 57 4E CD 20 81 46 67 20 5A 4B 15 42 0A 65 3D 1F 11 C3 00	[DFT] 本には こう書かれていた\n[PAU:28][PAL:02]┌彼は 君の求めるものへと\n 君を みちびくだろう˳┘[PAL:00]		pending
C0-06CDE5	0x06CDE5	0010	D7 20 C2 00 54 20 80 D9 67 81 5D 68 0D 5A 4A 1F	[DFT] [NAM:00]は 本を読んでみた˳		pending
C0-06CED6	0x06CED6	00C8	D8 60 3D 44 49 20 81 AA 00 80 BB 57 CD C9 1E 80 CE 54 20 44 53 80 BB 53 3B 63 06 CD C3 02 D4 06 6F 68 D5 7E D4 1D 73 63 D5 7E D4 17 63 5D 68 4E D5 CD D4 1D 62 68 41 73 D5 54 42 46 6F 42 C3 00 4E 81 10 3D 81 26 D1 44 53 80 BB 67 3F 4E 07 64 4A 20 81 57 80 46 53 4A 5C CD 81 AA 00 80 BB 67 20 81 55 81 56 46 60 3D 4E 80 7A 3C CD 44 53 80 38 80 6D 67 20 81 16 47 44 4E 50 46 4A D1 81 AA 00 80 BB 54 20 80 26 60 62 C3 02 82 15 81 0A 80 01 C3 00 50 CD 82 16 80 1D 4F 63 46 5D 17 20 D4 3C 04 73 63 D5 00 CD 80 D6 80 04 7E 82 17 81 6B 46 4A 5D 53 0D CD 80 D9 80 BB 4E 80 BA 80 BB 50 20 66 40 64 4D 3C 63 1F	[DF4]ようこそ 我が館へ\n[PAU:1E]私は この館のあるじ\n[PAL:02][KATAKANA]ジャン[HIRAGANA]·[KATAKANA]ポール[HIRAGANA]·[KATAKANA]ベルモント[HIRAGANA]\n[KATAKANA]ポリンキー[HIRAGANA]はくしゃく[PAL:00]と言う者[FIN]この館をおとずれた 客人のため\n我が館を 案内しようと思い\nこの書物を 残すことにした[FIN]我が館は 今より[PAL:02]百年前[PAL:00]に\n忠実なるしもべ [KATAKANA]イゴール[HIRAGANA]が\n設計·建造したもので\n本館と西館に わかれている˳		pending
C0-06CF9F	0x06CF9F	004B	D8 44 53 82 18 82 19 53 80 1C 50 54 20 80 A6 54 4F 3C CD 80 1C 50 54 20 80 65 80 A5 80 3C 80 A7 00 3B 62 CD 80 BB 53 3C 4A 63 80 3B 4E 20 4C 4F 00 6E 4D 3C 63 CD C9 1E 59 3B 20 C9 1E 44 64 54 20 C9 1E 80 CE 53 46 70 5A 0A 1F	[DF4]この井戸の中には 水はない\n中には 地下通路があり\n館のいたる所と つながっている\n[PAU:1E]まあ [PAU:1E]これは [PAU:1E]私のしゅみだ˳		pending
C0-06CFEB	0x06CFEB	0083	D8 80 D9 80 BB 4E 20 80 BA 80 BB 50 54 CD 80 BB 53 80 1C 40 61 5D 20 80 1E 42 44 4E 00 0D 41 63 00 CD 44 53 80 31 80 A8 40 61 20 66 4A 62 65 3D 40 67 80 3C 62 CD 80 1E 42 44 4E 5D 0D 41 63 53 0A D1 80 BA 80 BB 50 54 20 C3 02 80 38 80 B6 C3 00 00 3B 63 CD 80 1D 54 20 80 CE 5D 80 4C 81 1B 53 60 3D 4F 5D 53 67 CD 46 4A 4A 5C 4D 3F 62 CD 49 53 80 ED 80 79 00 20 49 44 50 5D 3F 45 5C 4D 3B 63 1F	[DF4]本館と 西館には\n館の中からも 行くことができるが\nこの入口から わたりろうかを通り\n行くこともできるのだ[FIN]西館には [PAL:02]書庫[PAL:00]がある\n実は 私も自伝のようなものを\nしたためており\nその一部が そこにもおさめてある˳		pending
C0-06D06F	0x06D06F	0088	D8 49 46 4D 44 44 00 C3 02 20 80 87 80 04 80 BC CD C9 3C D4 61 47 42 D5 C3 00 4E 3C 3D 80 71 81 0A 00 CD 80 D6 80 04 7E 82 17 81 6B 46 4D 42 64 4A 5D 53 0A D1 81 57 80 46 60 20 C9 28 81 46 00 20 4F 50 04 4E 5D 82 1A 64 07 50 CD 44 53 80 BB 67 20 4A 68 45 42 47 63 4E 81 10 3D 4F 61 CD 80 CE 54 20 81 46 53 4A 5C 50 80 5F 67 80 9F 44 3D CD C9 3C 45 3B 20 C9 1E 80 38 80 6D 40 61 80 25 67 3B 03 63 00 3C 3C 1F	[DF4]そしてここが[PAL:02] 時計塔\n[PAU:3C][KATAKANA]ラスク[HIRAGANA][PAL:00]という青年が\n設計·建造してくれたものだ[FIN]客人よ [PAU:28]君が なにごとも恐れずに\nこの館を たんさくすると言うなら\n私は 君のために道を開こう\n[PAU:3C]さあ [PAU:1E]書物から顔をあげるがいい˳		pending
C0-06D134	0x06D134	00F7	D7 C3 02 20 47 14 61 46 41 81 AA 00 80 59 81 58 CD 20 20 20 20 20 81 CE 80 ED 82 1B CD CD 20 D4 1D 62 68 41 73 D5 54 42 46 6F 42 7E 82 1C D1 10 4C 3C 50 20 81 AA 00 80 BB 00 81 B3 80 2B 46 4A CD 20 44 53 81 25 81 17 50 44 64 40 61 20 81 AA 00 80 59 81 58 67 CD 20 80 38 80 6D 50 20 46 4A 4A 5C 63 44 4E 50 46 4A D1 20 45 4D 20 44 53 80 BB 54 20 81 92 53 80 64 80 65 50 CD 20 82 17 4D 63 80 FF 81 00 0D 3B 6E 4A 53 0A 00 CD 20 80 EA 5D 4F 3C 54 07 53 20 49 53 80 64 80 65 50 54 CD 20 80 EA 40 00 3B 62 20 80 46 67 44 14 5B 53 0A D1 20 46 40 46 20 80 CE 00 3B 6E 4A 81 3A 81 0A 54 CD 20 44 4E 5D 4F 03 50 20 49 44 57 4E 80 31 6E 4A 53 0A CD 20 80 1D 50 20 44 53 81 85 50 54 CD 20 80 60 82 1D 82 1E 4F 44 4E 00 20 81 23 3C 5D 53 0A 1F 11 C3 00	[DFT][PAL:02] すばらしき我が日常\n     第一卷\n\n [KATAKANA]ポリンキー[HIRAGANA]はくしゃく·著[FIN]┌ついに 我が館が完成した\n この記念にこれから 我が日常を\n 書物に したためることにした[FIN] さて この館は 他の土地に\n 建てる予定であったのだが\n 何もないはずの その土地には\n 何かがあり 人をこばむのだ[FIN] しかし 私があった少年は\n こともなげに そこへと入ったのだ\n 実に この世には\n 不可解なことが 多いものだ˳┘[PAL:00]		pending
C0-06D22C	0x06D22C	00C5	D7 C3 02 20 47 14 61 46 41 81 AA 00 80 59 81 58 CD 20 20 20 20 20 81 CE 81 C4 82 1B CD CD 20 D4 1D 62 68 41 73 D5 54 42 46 6F 42 7E 82 1C D1 10 80 26 80 59 20 81 57 80 46 00 3F 4E 07 64 4D 41 4A CD 20 3C 4C 09 5E 20 80 5D 0D 80 45 80 D8 6E 4A CD 20 3B 53 20 56 46 01 4F 81 3A 81 0A 50 60 42 81 D9 4A CD 20 81 06 80 73 53 40 5A 53 20 80 71 81 0A 0D 3B 63 D1 20 40 61 42 62 81 6B 62 00 81 60 80 48 4E 3C 3D 53 0D CD 20 44 64 40 61 82 17 4D 63 20 C3 03 80 87 80 04 80 BC C3 02 53 CD 20 80 D6 80 04 67 20 81 20 50 4A 53 5B 44 4E 50 46 4A CD 20 81 B3 80 2B 00 20 80 9C 46 5A 0D 3B 63 1F 11 C3 00	[DFT][PAL:02] すばらしき我が日常\n     第二卷\n\n [KATAKANA]ポリンキー[HIRAGANA]はくしゃく·著[FIN]┌今日 客人がおとずれてきた\n いつぞや 森で出会った\n あの ふしぎな少年によく似た\n 金色のかみの 青年である[FIN] からくり造りが得意というので\n これから建てる [PAL:03]時計塔[PAL:02]の\n 設計を 彼にたのむことにした\n 完成が 楽しみである˳┘[PAL:00]		pending
C0-06D2F2	0x06D2F2	013F	D7 C3 02 20 47 14 61 46 41 81 AA 00 80 59 81 58 CD 20 20 20 20 20 81 CE 82 1F 82 1B CD CD 20 D4 1D 62 68 41 73 D5 54 42 46 6F 42 7E 82 1C D1 10 D4 61 47 42 81 46 D5 53 80 23 6E 4A 20 80 87 80 04 80 BC 00 CD 20 4C 3C 50 20 81 B3 80 2B 46 4A CD 20 3F 3F 3C 50 20 82 20 82 0A 0D 41 63 0D 41 0A D1 20 80 87 80 04 80 BC 53 20 81 1D 80 22 82 21 50 54 CD 20 80 87 80 04 00 80 0B 63 4E 20 80 67 41 80 45 47 CD 20 46 40 43 80 46 82 09 67 20 80 84 3C 4D 42 64 4A CD 20 81 06 80 73 53 40 5A 67 46 4A 40 66 3C 3C 80 46 82 09 0A D1 20 80 CE 54 20 44 53 80 46 82 09 50 CD C3 03 20 D4 59 73 5B 61 4F D5 C3 02 4E 20 80 00 67 4C 43 4A CD C9 14 20 D4 3C 04 73 63 D5 54 20 80 50 4F 80 25 67 46 4D 3C 4A CD C9 14 20 46 6E 43 3C 4F 7D D1 20 4E 44 65 0D D4 61 47 42 81 46 D5 54 20 81 88 46 3C 80 75 67 CD 20 81 AA 00 5E 46 41 50 20 40 42 46 4A 3C 4E 3C 3D CD 20 49 44 0D 20 80 CE 54 7E 7E 7E C9 3C 3F 6E 4E CD C9 1E 20 44 44 0D 80 38 3C 4D 54 20 80 48 81 87 00 4F 3C 1F 11 C3 00	[DFT][PAL:02] すばらしき我が日常\n     第三卷\n\n [KATAKANA]ポリンキー[HIRAGANA]はくしゃく·著[FIN]┌[KATAKANA]ラスク君[HIRAGANA]の作った 時計塔が\n ついに 完成した\n おおいに 満足できるできだ[FIN] 時計塔の 最上階には\n 時計が回ると 動き出す\n しかけ人形を 置いてくれた\n 金色のかみをしたかわいい人形だ[FIN] 私は この人形に\n[PAL:03] [KATAKANA]マームラナ[HIRAGANA][PAL:02]と 名をつけた\n[PAU:14] [KATAKANA]イゴール[HIRAGANA]は 変な顔をしていた\n[PAU:14] しっけいな![FIN] ところで[KATAKANA]ラスク君[HIRAGANA]は 美しい石を\n 我がやしきに かくしたいという\n そこで 私は···[PAU:3C]おっと\n[PAU:1E] ここで書いては 意味がない˳┘[PAL:00]		pending
C0-06D432	0x06D432	0107	D7 C3 02 20 47 14 61 46 41 81 AA 00 80 59 81 58 CD 20 20 20 20 20 81 CE 82 22 82 1B CD CD 20 D4 1D 62 68 41 73 D5 54 42 46 6F 42 7E 82 1C D1 10 80 1D 50 20 44 53 81 85 50 54 CD 20 80 60 82 1D 82 1E 4F 44 4E 00 20 81 23 3C 5D 53 0A CD 20 82 23 81 22 00 54 4D 4A 20 80 26 5D CD 20 80 CE 54 20 44 3D 46 4D 80 38 67 81 25 46 4D 3C 63 D1 20 80 CE 54 20 D4 61 47 42 81 46 D5 53 80 75 67 CD 20 3B 53 80 1C 50 20 40 42 47 17 41 0D 54 4F 40 6E 4A CD 20 82 0B 43 80 6D 4E 82 0B 46 4A 3B 64 53 44 4E 67 80 7A 3D 4E CD 20 81 11 61 40 50 20 52 5B 63 44 4E 5D 0D 41 51 D1 20 4A 46 40 D4 61 47 42 81 46 D5 54 20 3B 53 80 75 67 CD 20 81 3A 81 0A 00 20 81 18 62 50 42 63 4E 81 10 6E 4D 3C 4A CD 20 49 53 81 3A 81 0A 4E 5E 61 54 20 3B 53 82 0B 43 80 6D 67 CD 20 81 A5 81 A6 0D 41 63 53 0D 3B 65 3D 40 1F 11	[DFT][PAL:02] すばらしき我が日常\n     第四卷\n\n [KATAKANA]ポリンキー[HIRAGANA]はくしゃく·著[FIN]┌実に この世には\n 不可解なことが 多いものだ\n 肉体がはてた 今も\n 私は こうして書を記している[FIN] 私は [KATAKANA]ラスク君[HIRAGANA]の石を\n あの中に かくすべきではなかった\n 化け物と化したあれのことを思うと\n 安らかに ねむることもできぬ[FIN] たしか[KATAKANA]ラスク君[HIRAGANA]は あの石を\n 少年が 取りにくると言っていた\n その少年とやらは あの化け物を\n 退治できるのであろうか˳┘		pending
C0-06D582	0x06D582	0012	D7 CD 20 80 87 67 81 D0 64 4A 20 80 87 80 04 80 BC CD	[DFT]\n 時を忘れた 時計塔\n		pending
C0-06D595	0x06D595	0022	D7 CD 20 82 24 80 10 4E 54 20 81 95 5C 61 64 4A 5D 53 0D 4F 42 CD 20 80 23 62 80 45 47 5D 53 0D 3B 63	[DFT]\n 未来とは 決められたものでなく\n 作り出すものである		pending
C0-06D5B8	0x06D5B8	0015	D7 CD 20 80 87 67 41 05 5B 20 80 46 82 09 4A 4B 53 80 79 80 A4	[DFT]\n 時をきざむ 人形たちの部屋		pending
C0-06D5CE	0x06D5CE	001C	D7 CD 20 80 87 67 3E 63 81 26 54 20 45 40 3E CD 20 81 12 3D 5D 53 54 20 58 65 15 63	[DFT]\n 時をえる者は さかえ\n 失うものは ほろびる		pending
C0-06D5EB	0x06D5EB	0013	D7 CD 20 80 87 54 20 3E 00 4A 42 46 4D 81 12 3C 5E 47 46	[DFT]\n 時は えがたくして失いやすし		pending
C0-06D5FF	0x06D5FF	0010	D7 CD 20 D4 16 64 73 40 73 80 A0 80 31 80 A8 D5	[DFT]\n [KATAKANA]ブレーカー室入口[HIRAGANA]		pending
C0-06D6D0	0x06D6D0	00C0	D8 60 3D 44 49 20 3F 3C 0D 42 0A 45 3C 59 46 4A CD 3C 3E 20 C9 1E 3B 4F 4A 80 BF 00 3F 3C 0D 50 4F 63 53 54 CD 60 3F 6E 42 20 81 0E 6E 4D 3F 62 59 46 4A 0D 47 60 D1 5D 3D 46 3F 42 64 59 46 4A CD 66 4A 42 46 53 80 00 54 20 C3 02 D4 3C 04 73 63 D5 CD C3 00 C9 14 44 53 80 BB 53 20 81 4D 0D 3B 61 48 61 64 63 CD C3 02 D4 1D 62 68 41 73 D5 C3 00 80 BF 50 20 81 09 3E 4D 3F 62 59 47 D1 45 45 20 3F 4C 40 64 50 4F 6E 4A 0D 46 71 3D CD 3F 80 79 80 A4 67 20 80 6C 80 48 3C 4A 46 59 46 4A 53 0D CD 59 07 54 20 3F 80 E2 5A 42 0A 45 3C 59 48 CD 04 81 55 81 56 20 3C 4A 46 59 46 71 3D 1F	[DF4]ようこそ おいでくださいました\nいえ [PAU:1E]あなた樣がおいでになるのは\nよおっく 知っておりましたですよ[FIN]もうしおくれました\nわたくしの名は [PAL:02][KATAKANA]イゴール[HIRAGANA]\n[PAL:00][PAU:14]この館の 主であらせられる\n[PAL:02][KATAKANA]ポリンキー[HIRAGANA][PAL:00]樣に 仕えております[FIN]ささ おつかれになったでしょう\nお部屋を 用意いたしましたので\nまずは お休みくださいませ\nご案内 いたしましょう˳		pending
C0-06D8EE	0x06D8EE	0038	D8 6B D7 0E 3D 09 20 44 4B 61 53 3F 80 79 80 A4 0D CD 3F 5E 47 5A 50 4F 6E 4D 42 0A 45 3C CD C9 1E 59 07 54 20 5F 6E 42 62 4E CD 3F 5E 47 5A 50 4F 63 44 4E 0D 47 60 1F	[DF4]ぅ[DFT]どうぞ こちらのお部屋で\nおやすみになってください\n[PAU:1E]まずは ゆっくりと\nおやすみになることですよ˳		pending
C0-06D927	0x06D927	001E	D7 58 6E 58 6E 58 6E 58 6E CD C9 1E 3F 81 57 80 BF CD 44 4B 61 0D 20 04 05 3C 59 47 60 1F	[DFT]ほっほっほっほっ\n[PAU:1E]お客樣\nこちらで ございますよ˳		pending
C0-06DAFA	0x06DAFA	002C	D7 3F 5E 7E 7E 7E 44 64 54 7E 7E 7E CD C9 1E 5D 3D 46 66 43 04 05 3C 59 48 68 00 CD 3F 80 79 80 A4 50 20 3F 5D 0E 62 42 0A 45 3C 1F	[DFT]おや···これは···\n[PAU:1E]もうしわけございませんが\nお部屋に おもどりください˳		pending
C0-06DB27	0x06DB27	006C	D7 0A 68 4F 80 BF CD C9 1E C3 02 D4 61 47 42 80 BF D5 C3 00 00 3F 6E 46 6F 6E 4D 3C 4A 53 54 CD 3B 53 81 04 53 44 4E 0D 46 71 3D 40 0F D1 C3 02 DC 09 7E 7E 7E DC 00 0E 3D 0D 3B 65 3D 4F 0F CD C9 1E 3C 07 64 50 48 60 20 81 AA 80 F3 54 CD 3F 80 36 4F 5A 82 25 80 54 67 20 41 5C 44 5B 44 4E 4E CD 3C 4A 49 3D 0D 54 4F 3C 40 1F	[DFT]だんな樣\n[PAU:1E][PAL:02][KATAKANA]ラスク樣[HIRAGANA][PAL:00]がおっしゃっていたのは\nあの方のことでしょうか?[FIN][PAL:02][NXT]ぞ···[NXT]がどうであろうな?\n[PAU:1E]いずれにせよ 我々は\nお手なみ拝見を きめこむことと\nいたそうではないか˳		pending
C0-06DB94	0x06DB94	0013	D7 C3 03 41 6F D4 73 73 73 73 73 73 73 73 D5 6E 7D C3 00	[DFT][PAL:03]きゃ[KATAKANA]ーーーーーーーー[HIRAGANA]っ![PAL:00]		pending
C0-06DC7D	0x06DC7D	0059	D7 DC 6B D7 E0 04 3E 0F C9 1E 44 53 80 79 80 A4 40 61 CD 80 46 53 81 84 00 20 81 41 44 3E 4A 0D 47 6E 4D 0F D1 4F 50 20 81 10 6E 4D 63 53 CD 0A 64 5D 20 3C 4F 3C 06 6F 4F 3C CD 58 61 20 80 50 4F 44 4E 81 10 6E 4D 4F 3C 0D CD 81 30 42 20 3F 3D 4B 50 80 EF 63 53 60 1F	[DFT][NXT]ぅ[DFT][E2:043E]?[PAU:1E]この部屋から\n人の声が 聞こえたですって?[FIN]なに 言ってるの\nだれも いないじゃない\nほら 変なこと言ってないで\n早く おうちに帰るのよ˳		pending
C0-06DCD7	0x06DCD7	006B	D7 E0 04 3B 4A 46 54 20 44 44 0D 81 18 81 19 67 47 63 53 CD 0E 3D 5D 44 53 5E 46 41 54 20 3B 5E 46 3C 66 CD C9 1E 59 3B 20 C9 1E 80 56 81 24 81 25 81 26 53 D4 40 68 D5 6E 4D 5E 4C 52 D1 45 3B 45 3B CD C9 1E 3C 3C 40 61 81 46 54 20 81 30 42 80 EF 62 4F 45 3C CD D4 54 6E 40 73 D5 50 20 80 89 67 4C 43 4D 80 EF 63 53 60 1F	[DFT][E2:043B]たしは ここで取材をするの\nどうもこのやしきは あやしいわ\n[PAU:1E]まあ [PAU:1E]事件記者の[KATAKANA]カン[HIRAGANA]ってやつね[FIN]さあさあ\n[PAU:1E]いいから君は 早く帰りなさい\n[KATAKANA]ハッカー[HIRAGANA]に 気をつけて帰るのよ˳		pending
C0-06DD84	0x06DD84	0023	D7 E0 04 58 61 58 61 CD 3B 4A 46 53 20 81 09 80 56 53 06 6F 59 60 6E CD 54 5E 42 20 80 EF 62 4F 45 3C 1F	[DFT][E2:0458]らほら\nあたしの 仕事のじゃまよっ\nはやく 帰りなさい˳		pending
C0-06DDA8	0x06DDA8	0017	D7 E0 04 60 62 80 5F 46 4F 3C 0D CD 4B 6F 68 4E 20 80 EF 63 53 60 7D	[DFT][E2:0460]り道しないで\nちゃんと 帰るのよ!		pending
C0-06DDD4	0x06DDD4	002C	D7 DD 6B 02 34 50 FF 02 41 25 02 D2 02 02 40 01 02 D0 50 00 02 1D F2 DD 02 33 50 FF 80 DB D7 CD 7E 7E 7E 7E 7E 7E 7E 7E 7E 7E 7E 0F	[DFT][DEC:6B023450][CMD:FF]ぐきEぐ[WAI]ぐぐかぎぐ[CLR]にがぐぽ[CMD:F2][DEC:023350FF]教[DFT]\n···········?		pending
C0-06DE67	0x06DE67	00C1	D0 B4 00 02 80 00 02 97 02 1D 29 DF 02 D0 64 00 02 0A 5E 80 02 18 49 00 06 00 17 03 02 CB 6B D7 7E 7E 7E 0D 54 20 44 53 80 75 67 CD 81 AA 00 20 5E 46 41 53 3C 07 44 40 50 CD 40 42 46 4D 58 46 3C 4E 81 10 3D 66 43 40 0F CD C3 02 D4 61 47 42 81 46 D5 0F D1 3F 80 36 81 77 40 43 59 47 20 54 42 46 6F 42 CD 44 53 5E 46 41 53 80 1C 0D 4F 61 CD 81 11 80 57 0A 4E 80 7A 3C 59 46 4D 7E 7E 7E D1 C3 00 4F 50 20 80 89 50 5E 5B 44 4E 54 4F 3C CD 49 4F 4A 50 54 20 81 85 80 52 50 5D 4F 6E 4D 3F 63 CD 49 64 50 20 80 26 20 4B 71 3D 0E 3C 3C CD 40 42 46 80 18 80 3B 67 20 80 7A 3C 4C 3C 4A 1F	[CLR][BYTE:B4]がぐ名ぐ[BYTE:97]ぐぽI[ESC]ぐ[CLR]れがぐだや技ぼそがじがべげぐ[CB]ぅ[DFT]···では この石を\n我が やしきのいずこかに\nかくしてほしいと言うわけか?\n[PAL:02][KATAKANA]ラスク君[HIRAGANA]?[FIN]お手数かけます はくしゃく\nこのやしきの中でなら\n安全だと思いまして···[FIN][PAL:00]なに 気にやむことはない\nそなたには 世話にもなっておる\nそれに 今 ちょうどいい\nかくし場所を 思いついた˳		pending
C0-06DF29	0x06DF29	0021	D7 C3 02 DC 07 7E 7E 7E 7E 7E 7E DC 00 3F 5E 7E 7E 7E CD C9 1E 7E 7E 7E 41 5A 54 7E 7E 7E 0F C3 00	[DFT][PAL:02][NXT]ず······[NXT]がおや···\n[PAU:1E]···きみは···?[PAL:00]		pending
C0-06E077	0x06E077	000B	D7 CD 66 68 7D 66 68 7D 66 68 7D	[DFT]\nわん!わん!わん!		pending
C0-06E0BE	0x06E0BE	0018	D7 E0 02 0A 6E 80 6B 02 1D 4C E1 6B 02 1D 50 E1 6B D7 41 6F 68 41 6F 68	[DFT][E2:020A]っ星ぐぽつ[E3:6B]ぐぽに[E3:6B][DFT]きゃんきゃん		pending
C0-06E0D7	0x06E0D7	0074	D7 5B 5B 5B 5B 0F 0F 0F CD 3F 80 01 CD D4 3F 64 D5 53 44 4E 14 00 66 40 63 53 D4 41 6F 68 D5 0F D1 3E 0F D4 40 01 D5 0F CD 7E 7E 7E 3F 80 01 54 20 04 81 4D 80 46 80 BF 67 CD 80 9A 43 4D 42 64 4A 40 61 CD 81 1A 81 27 50 20 3F 46 3E 4D 5E 63 D4 66 68 D5 D1 44 53 20 82 18 82 19 53 59 66 62 67 CD 60 3F 6E 42 20 80 C9 17 4D 5A 63 68 0A D4 66 68 D5 7D	[DFT]むむむむ???\nお前\n[KATAKANA]オレ[HIRAGANA]のことばがわかるの[KATAKANA]キャン[HIRAGANA]?[FIN]え?[KATAKANA]カギ[HIRAGANA]?\n···お前は ご主人樣を\n助けてくれたから\n特別に おしえてやる[KATAKANA]ワン[HIRAGANA][FIN]この 井戸のまわりを\nよおっく 調べてみるんだ[KATAKANA]ワン[HIRAGANA]!		pending
C0-06E150	0x06E150	008C	D7 3B 53 20 D4 40 01 D5 67 80 2D 6E 4D 3C 4A 5E 4C 61 00 CD 04 81 4D 80 46 80 BF 67 20 82 18 82 19 50 81 3F 4E 46 4A D4 66 68 D5 CD 46 40 3E 46 50 20 81 37 61 48 4D CD 5E 6E 4A 68 0A D4 66 68 66 68 D5 7D D1 3B 3C 4C 61 54 20 C3 02 80 87 80 04 80 BC C3 00 50 CD 45 00 46 5D 53 00 3B 63 4E 20 81 10 6E 4D 4A D4 66 68 D5 CD 44 53 D4 40 01 D5 54 20 41 6E 4E CD 80 87 80 04 80 BC 53 5D 53 50 20 4B 00 3C 4F 3C D4 66 68 D5 1F	[DFT]あの [KATAKANA]カギ[HIRAGANA]を持っていたやつらが\nご主人樣を 井戸に落とした[KATAKANA]ワン[HIRAGANA]\nしかえしに 困らせて\nやったんだ[KATAKANA]ワンワン[HIRAGANA]![FIN]あいつらは [PAL:02]時計塔[PAL:00]に\nさがしものがあると 言ってた[KATAKANA]ワン[HIRAGANA]\nこの[KATAKANA]カギ[HIRAGANA]は きっと\n時計塔のものに ちがいない[KATAKANA]ワン[HIRAGANA]˳		pending
C0-06E223	0x06E223	0060	DA A9 00 01 14 06 02 0A 6F 80 02 33 50 FF 02 CF E2 E1 86 6B 02 1D 57 E2 80 AD D7 20 C2 00 54 CD C3 02 20 D4 40 01 D5 C3 00 67 20 80 36 50 80 31 64 4A 7D CC D7 20 C2 00 54 20 CD C3 02 20 D4 40 01 D5 C3 00 67 20 5A 4C 43 4A 7D CD C9 3C 20 0A 00 20 80 2D 4B 80 6D 00 3C 6E 19 3C 0A 6E 4A 1F	[DLY:A9]がぎばじぐだゃ技Sに[CMD:FF]ぐ[STR:E2E186]ぅぐぽへ[CMD:E2]師[DFT] [NAM:00]は\n[PAL:02] [KATAKANA]カギ[HIRAGANA][PAL:00]を 手に入れた![TER][DFT] [NAM:00]は \n[PAL:02] [KATAKANA]カギ[HIRAGANA][PAL:00]を みつけた!\n[PAU:3C] だが 持ち物がいっぱいだった˳		pending
C0-06E339	0x06E339	00FB	D7 E0 14 81 57 80 46 60 20 45 41 58 0E 53 CD 49 4F 4A 53 40 4C 5E 42 50 54 CD 59 44 4E 50 20 81 5A 81 5B 3C 4A 47 DE D7 80 87 50 20 82 18 82 19 53 80 1C 54 60 42 80 C9 17 4A 40 0F CD C3 02 80 7C 53 5D 4E 0D 20 60 42 80 54 64 14 CD C3 00 80 28 4A 4F 80 5F 00 20 80 9F 43 63 44 4E 5D 3B 65 3D D1 49 53 80 BD 0D 20 49 4F 4A 53 81 0E 62 3B 3C 53 CD 81 7E 00 20 80 9A 43 67 59 6E 4D 3F 63 09 DE D7 80 09 80 0A 4E 3B 61 14 CD 44 53 20 3F 42 53 80 79 80 A4 57 80 31 61 64 60 CD 49 4F 4A 4F 61 14 20 D4 61 47 42 D5 53 82 26 82 27 67 CD 80 08 3D 44 4E 00 0D 41 60 3D D1 49 46 4D 20 81 57 80 46 60 CD C9 1E C3 02 80 46 82 09 C3 00 50 54 20 80 89 67 4C 43 61 64 60 CD 3B 64 54 20 80 60 80 7A 80 7B 4F 80 32 67 5D 6E 4D CD 66 05 66 3C 67 20 5D 4A 61 47 5D 53 0A 1F	[DFT][E2:1481]へ人よ さきほどの\nそなたのかつやくには\nまことに 感謝いたす[TPL:D7]時に 井戸の中はよく調べたか?\n[PAL:02]光のもとで よく見れば\n[PAL:00]新たな道が 開けることもあろう[FIN]その先で そなたの知りあいの\n娘が 助けをまっておるぞ[TPL:D7]必要とあらば\nこの おくの部屋へ入られよ\nそなたならば [KATAKANA]ラスク[HIRAGANA]の遺產を\n使うことができよう[FIN]そして 客人よ\n[PAU:1E][PAL:02]人形[PAL:00]には 気をつけられよ\nあれは 不思誄な力をもって\nわざわいを もたらすものだ˳		pending
C0-06E468	0x06E468	00F4	D7 E0 14 59 4A 3F 80 D8 3C 46 4A 4F 20 81 57 80 46 CD 45 4D 20 80 BD 53 81 24 54 CD 3F 81 8B 3E 20 3C 4A 0A 43 4A 40 0F D1 D3 F7 E4 D7 60 3D 44 49 20 81 57 80 46 CD C9 1E 66 4A 46 54 20 44 53 80 BB 53 81 4D 0D CD C9 1E C3 02 D4 1D 62 68 41 73 D5 54 42 46 6F 42 C3 00 4E 20 5D 3D 47 81 26 D1 4E 44 65 0D 20 81 57 80 46 CD C9 1E 44 53 80 79 80 A4 50 20 C3 02 81 2D 41 59 5D 53 C3 00 00 80 31 62 44 5A CD 81 37 6E 4D 3F 63 53 0A D1 44 53 80 79 80 A4 53 80 1C 53 20 C3 02 81 2D 41 59 5D 53 C3 00 67 CD 81 C9 64 45 6E 4D 54 20 42 64 51 0A 65 3D 40 0F CD 20 3F 5E 47 3C 04 80 6C 0D 47 CD 20 5E 4F 44 6E 4A 3C CC D0 E0 14 3F 3F 7D 49 64 54 80 43 3C 50 CD 81 5A 81 5B 48 52 14 4F 63 59 3C CD C9 1E 45 45 20 C9 1E 80 1C 50 80 31 61 64 60 1F	[DFT][E2:1459]たお会いしたな 客人\nさて 先の件は\nお考え いただけたか?[FIN][JMP][CMD:F7][CMD:E4][DFT]ようこそ 客人\n[PAU:1E]わたしは この館の主で\n[PAU:1E][PAL:02][KATAKANA]ポリンキー[HIRAGANA]はくしゃく[PAL:00]と もうす者[FIN]ところで 客人\n[PAU:1E]この部屋に [PAL:02]白きまもの[PAL:00]が入りこみ\n困っておるのだ[FIN]この部屋の中の [PAL:02]白きまもの[PAL:00]を\n連れさっては くれぬだろうか?\n おやすいご用です\n やなこったい[TER][CLR][E2:143F]お!それは大いに\n感謝せねばなるまい\n[PAU:1E]ささ [PAU:1E]中に入られよ˳		pending
C0-06E55D	0x06E55D	0021	D0 E0 14 7E 7E 7E 45 60 3D 40 CD 3C 45 45 40 20 3C 40 68 0D 54 3B 63 00 CD 46 40 4A 3B 63 59 3C 1F	[CLR][E2:147E]··さようか\nいささか いかんではあるが\nしかたあるまい˳		pending
C0-06E662	0x06E662	003F	D7 C3 02 80 15 80 16 80 98 21 7F CD C3 00 7E 7E 7E 0D 45 3B CD C9 1E 3F 64 20 C9 1E 80 54 4B 6F 6E 4A 68 0A 60 52 7E 7E 7E CD C3 02 80 46 82 09 C3 00 00 80 63 3C 4D 3C 63 53 67 7E 7E 7E 1F	[DFT][PAL:02]戦闘員A:\n[PAL:00]···でさあ\n[PAU:1E]おれ [PAU:1E]見ちゃったんだよね···\n[PAL:02]人形[PAL:00]が步いているのを···˳		pending
C0-06E6A2	0x06E6A2	0035	D7 C3 02 80 15 80 16 80 98 22 7F CD C3 00 D4 3F 64 D5 4F 68 40 CD C9 1E 0A D4 73 D5 64 5D 3C 4F 3C 53 50 CD 81 84 00 47 63 53 67 20 81 41 3C 4A 60 7E 7E 7E 1F	[DFT][PAL:02]戦闘員B:\n[PAL:00][KATAKANA]オレ[HIRAGANA]なんか\n[PAU:1E]だ[KATAKANA]ー[HIRAGANA]れもいないのに\n声がするのを 聞いたよ···˳		pending
C0-06E6D8	0x06E6D8	0039	D7 C3 02 80 15 80 16 80 98 23 7F CD C3 00 18 42 54 52 D4 73 D5 6E CD C9 1E 81 8C 3C D4 59 68 4E D5 53 81 3E 00 CD 56 6E C9 3C 4E 20 80 35 3E 4A 53 67 80 54 4A 7E 7E 7E 1F	[DFT][PAL:02]戦闘員C:\n[PAL:00]ぼくはね[KATAKANA]ー[HIRAGANA]っ\n[PAU:1E]黒い[KATAKANA]マント[HIRAGANA]の男が\nふっ[PAU:3C]と 消えたのを見た···˳		pending
C0-06E712	0x06E712	0066	D7 C3 02 80 15 80 16 80 98 21 7F CD C3 00 44 53 80 22 0D 20 80 54 81 62 62 67 46 4D 3C 63 5E 4C 5D CD 47 6E 40 62 20 44 66 00 6E 4B 6F 6E 4D 45 3B D1 45 6E 41 4F 68 40 20 3C 4A 07 61 46 4D CD C3 02 D4 16 64 73 40 73 D5 53 D4 47 3C 6E 4B D5 C3 00 67 CD 80 35 46 4A 61 20 81 F5 41 49 3D 50 4F 6E 4D 4A 60 1F	[DFT][PAL:02]戦闘員A:\n[PAL:00]この上で 見張りをしているやつも\nすっかり こわがっちゃってさあ[FIN]さっきなんか いたずらして\n[PAL:02][KATAKANA]ブレーカー[HIRAGANA]の[KATAKANA]スイッチ[HIRAGANA][PAL:00]を\n消したら 泣きそうになってたよ˳		pending
C0-06E78E	0x06E78E	002D	D7 E0 08 3D 63 45 3C 4F 3B 20 C9 1E 80 26 20 44 66 3C 80 52 0D CD 5D 62 3B 00 6E 4D 63 68 0A 40 61 CD 06 6F 59 20 46 4F 3C 0D 60 6E 7D	[DFT][E2:083D]るさいなあ [PAU:1E]今 こわい話で\nもりあがってるんだから\nじゃま しないでよっ!		pending
C0-06E8BB	0x06E8BB	00B6	D7 E0 04 3B 61 6E 0F 59 0A 3C 4A 53 0F CD 3E 0F D4 16 64 73 40 73 D5 67 80 8B 80 23 46 4A 53 54 CD 81 46 0A 6E 4A 53 0F D1 3B 6E 7D C9 1E 44 3D 46 4B 6F 3C 61 64 4F 3C 66 CD 80 26 53 81 2A 61 20 D4 19 48 62 D5 67 45 00 46 4D 63 53 60 CD D4 19 48 62 D5 50 20 3B 3C 4C 61 53 CD D4 40 01 D5 67 20 80 2D 6E 4D 3C 40 64 4A 68 0A 6E 4D D1 D4 19 48 62 D5 67 20 80 54 4C 43 64 14 CD 3B 3C 4C 61 53 80 8F 81 1F 00 20 66 40 63 40 5D CD C9 1E D4 56 61 18 53 D5 45 68 67 20 45 00 45 4F 41 6F 7D CD C9 1E D4 56 61 18 53 D5 45 D4 73 73 73 73 73 73 D5 68 6E 7D	[DFT][E2:043B]らっ?まだいたの?\nえ?[KATAKANA]ブレーカー[HIRAGANA]を操作したのは\n君だったの?[FIN]あっ![PAU:1E]こうしちゃいられないわ\n今の奴ら [KATAKANA]パセリ[HIRAGANA]をさがしてるのよ\n[KATAKANA]パセリ[HIRAGANA]に あいつらの\n[KATAKANA]カギ[HIRAGANA]を 持っていかれたんだって[FIN][KATAKANA]パセリ[HIRAGANA]を 見つければ\nあいつらの目的が わかるかも\n[PAU:1E][KATAKANA]フラボノ[HIRAGANA]さんを さがさなきゃ!\n[PAU:1E][KATAKANA]フラボノ[HIRAGANA]さ[KATAKANA]ーーーーーー[HIRAGANA]んっ!		pending
C0-06EA2C	0x06EA2C	0105	D8 E0 04 4B 71 6E 4E 6D 7D CD 44 68 4F 80 3B 50 4E 06 44 5C 4D 20 0E 3D 47 63 80 89 0F CD 3B 68 4A 4A 4B 20 80 EA 00 80 8F 81 1F 4F 53 0F DE D8 3D 63 45 3C 20 3F 52 3E 4B 6F 68 0A 52 3E 7D CD 45 00 46 5D 53 00 80 54 4C 40 6E 4A 61 CD 80 EF 46 4D 3B 03 63 40 61 CD 3F 4E 4F 46 42 46 4D 4F 45 3C D1 81 46 5A 4A 3C 53 00 20 3D 65 3D 65 46 4D 4A 61 CD 81 09 80 56 00 20 5E 62 0C 61 3C 53 6E 7D CD 4A 0A 0D 45 3E 20 44 53 5E 46 41 54 CD 80 BF 81 02 00 80 50 4F 53 50 7E 7E 7E DE D8 E0 04 7E 7E 7E 56 3D 68 CD 3F 14 43 00 20 44 66 3C 53 0F CD 3C 00 3C 4E 20 82 28 82 29 4F 53 52 DE D8 7E 7E 7E 49 7E 49 64 54 69 7E 7E 7E CD C9 3C 3C 3C 40 61 20 3F 4E 4F 46 42 46 4D 4F 45 3C 7D CD 3B 3B C9 1E 20 3C 5E 4F D4 4A 3C 1B D5 53 81 7E 53 CD 80 54 81 62 62 67 20 45 48 61 64 4B 6F 6E 4A 4F 3B 1F	[DF4][E2:044B]ょっとぉ!\nこんな所にとじこめて どうする気?\nあんたたち 何が目的なの?[TPL:D8]うるさい おねえちゃんだねえ!\nさがしものが見つかったら\n帰してあげるから\nおとなしくしてなさい[FIN]君みたいのが うろうろしてたら\n仕事が やりづらいのっ!\nただでさえ このやしきは\n樣子が変なのに···[TPL:D8][E2:047E]··ふうん\nおばけが こわいの?\nいがいと 弱虫なのね[TPL:D8]···そ·それはぁ···\n[PAU:3C]いいから おとなしくしてなさい!\nああ[PAU:1E] いやな[KATAKANA]タイプ[HIRAGANA]の娘の\n見張りを させられちゃったなあ˳		pending
C0-06EBCE	0x06EBCE	00BA	D7 E0 0F 5E 64 5E 64 20 80 9A 40 6E 4A 60 CD 42 66 46 3C 80 52 54 81 33 0A CD D4 19 48 62 D5 67 45 00 46 4D 42 64 D1 3B 3C 4C 54 0E 3D 5E 61 CD 45 6E 41 53 81 2A 61 40 61 CD C3 02 80 87 80 04 80 BC 53 D4 40 01 D5 C3 00 67 20 3D 14 6E 4A 61 46 3C D1 3B 3C 4C 61 00 20 3B 66 4D 4D 3C 63 80 3B 67 80 54 63 4E 55 71 6E 4E 47 63 4E CD E0 00 4E CD 81 81 81 82 46 4D 3C 63 40 5D 46 64 68 D1 D3 54 EC D7 E0 0F D4 19 48 62 D5 54 55 65 6E 4A 5D 53 67 40 42 47 53 00 CD 81 0B 41 0D 4F 20 3B 3C 4C 4E 80 52 0D 5D 0D 41 64 14 CD 80 18 80 3B 00 66 40 63 53 50 7E 7E 7E 1F	[DFT][E2:0F5E]れやれ 助かったよ\nくわしい話は後だ\n[KATAKANA]パセリ[HIRAGANA]をさがしてくれ[FIN]あいつはどうやら\nさっきの奴らから\n[PAL:02]時計塔の[KATAKANA]カギ[HIRAGANA][PAL:00]を うばったらしい[FIN]あいつらが あわてている所を見るとひょっとすると\n[E2:004E]\n關係しているかもしれん[FIN][JMP]は[CMD:EC][DFT][E2:0FD4]ぱせり[HIRAGANA]はひろったものをかくすのが\n好きでな あいつと話でもできれば\n場所がわかるのに···˳		pending
C0-06EC89	0x06EC89	0072	D7 E0 0F 4F 50 0F D4 40 01 D5 00 80 54 4C 40 6E 4A 0F CD 49 64 54 20 60 40 6E 4A 7D CD 49 3D 3C 3E 14 20 45 6E 41 D1 81 25 81 26 53 20 3F 06 71 3D 45 68 00 80 10 4D 4F CD 5A 71 3D 4F 80 46 82 09 00 20 80 87 80 04 80 BC 53 80 1C 50 CD 80 35 3E 4A 53 67 80 54 4A 4E 81 10 6E 4D 3C 4A 00 CD C9 14 7E 7E 7E 80 ED 81 22 20 4F 68 53 44 4E 0A 40 1F	[DFT][E2:0F4F]に?[KATAKANA]カギ[HIRAGANA]が見つかった?\nそれは よかった!\nそういえば さっき[FIN]記者の おじょうさんが来てな\nみょうな人形が 時計塔の中に\n消えたのを見たと言っていたが\n[PAU:14]···一体 なんのことだか˳		pending
C0-06EDC4	0x06EDC4	00B0	D7 E0 08 5E 3C 5E 3C 20 06 3C 45 68 CD 3B 53 C3 02 81 31 C3 00 54 20 0E 44 50 80 1E 6E 4A 0F CD C9 1E 47 4F 3F 50 20 80 DB 3E 4F 3C 4E CD 82 2A 3C 80 8F 80 54 4B 6F 3D 09 7D D1 E0 0F 58 3F 7E 7E 7E C9 32 82 2A 3C 80 8F 4E 81 10 3D 53 54 CD 3D 3F 53 80 8F 53 20 46 68 48 41 40 4F 0F D1 E0 08 3C 7E 82 2A 3C 80 8F 6E 4D 81 10 3D 53 54 7E 7E 7E CD C9 3C DC 07 7E 7E 7E 7E 7E 7E 7E 7E 7E 7E 7E 7E 7E 7E 7E 7E CD C9 1E 7E 7E 7E 14 7E C9 1E DC 00 14 40 50 46 4D 63 0A 65 3D 6E 7D DE D7 CD 68 6E 0F C9 1E 4F 68 0A 20 3F 80 01 54 6E 7D	[DFT][E2:085E]いやい じいさん\nあの[PAL:02]犬[PAL:00]は どこに行った?\n[PAU:1E]すなおに 教えないと\n痛い目見ちゃうぞ![FIN][E2:0F58]お···[PAU:32]痛い目と言うのは\nうおの目の しんせきかな?[FIN][E2:083C]·痛い目って言うのは···\n[PAU:3C][NXT]ず················\n[PAU:1E]···ば·[PAU:1E][NXT]がばかにしてるだろうっ![TPL:D7]\nんっ?[PAU:1E]なんだ お前はっ!		pending
C0-06EE75	0x06EE75	0035	D7 E0 08 3B 5E 46 3C 81 2A 5C 6E 7D CD C9 1E 3F 80 01 40 61 20 80 BD 50 82 2A 3C 80 8F 80 54 48 4D 5E 63 CD 58 68 4E 50 58 68 4E 50 20 82 2A 3C 40 61 4F 6E 7D	[DFT][E2:083B]やしい奴めっ!\n[PAU:1E]お前から 先に痛い目見せてやる\nほんとにほんとに 痛いからなっ!		pending
C0-06EEAB	0x06EEAB	00D2	D7 E0 08 55 D4 73 D5 6E 20 3F 5A 49 64 46 59 46 4A 6E 7D CD 4A 46 40 50 20 82 2A 3C 80 8F 80 54 59 46 4A 3B 6E 7D CD 81 3C 14 40 62 54 20 3F 80 9A 43 67 D4 73 D5 6E D1 4F 68 0D 5D 20 3F 80 52 46 46 59 47 40 61 CD 5F 63 46 4D 42 0A 45 3C 6E 7D CD 20 81 46 4A 4B 53 20 80 8F 81 1F 54 4F 68 0A 7D 0F CD 20 81 3E 54 20 0A 59 6E 4D 80 54 53 00 47 53 45 CC D0 66 D4 73 D5 68 6E 20 3F 3C 61 54 CD D4 54 6E 40 73 D5 53 80 B3 80 B4 81 A8 53 CD C3 02 D4 16 61 6E 42 5D 3B D5 C3 00 45 59 50 81 3C 80 B4 45 64 4D D1 E0 00 6E 4D 80 75 67 CD 45 00 46 50 41 4A 0A 43 4F 68 0D 47 6B CD 81 33 53 44 4E 54 20 80 EA 5D 81 0E 62 59 48 D4 73 D5 68 7D	[DFT][E2:0855][KATAKANA]ー[HIRAGANA]っ おみそれしましたっ!\nたしかに 痛い目見ましたあっ!\n命ばかりは お助けを[KATAKANA]ー[HIRAGANA]っ[FIN]なんでも お話ししますから\nゆるしてくださいっ!\n 君たちの 目的はなんだ!?\n 男は だまって見のがすのさ[TER][CLR]わ[KATAKANA]ー[HIRAGANA]んっ おいらは\n[KATAKANA]ハッカー[HIRAGANA]の司令官の\n[PAL:02][KATAKANA]ブラックモア[HIRAGANA][PAL:00]さまに命令されて[FIN][E2:006E]て石を\nさがしにきただけなんですぅ\n後のことは 何も知りませ[KATAKANA]ー[HIRAGANA]ん!		pending
C0-06EF7E	0x06EF7E	0025	D0 E0 08 58 7E 58 68 4E 3D 0D 47 40 7D 0F CD 06 7E 7E 7E 06 6F 3B CD 49 44 67 20 0E 3C 4D 42 64 59 48 68 40 0F	[CLR][E2:0858]·ほんとうですか!?\nじ···じゃあ\nそこを どいてくれませんか?		pending
C0-06F084	0x06F084	007D	D7 44 53 20 3F D4 5E 46 41 D5 54 CD D4 59 4B 00 6E 4A D5 20 80 87 67 D4 41 05 68 0D D5 59 47 CD 04 81 4D 80 46 D4 45 59 D5 54 20 D4 49 64 D5 67 81 E3 46 68 0D CD D4 5F 6E 42 62 D5 3F 80 E2 5A 50 D4 4F 64 4F 3C D5 53 0D 47 D1 D4 49 64 D5 5D 20 80 46 82 09 50 D4 40 42 45 64 4A D5 CD D4 56 46 01 D5 4F 20 80 75 53 D4 4B 40 61 D5 53 D4 48 3C D5 CD D4 4F 53 0A D5 49 3D 0D 47 1F	[DFT]この お[KATAKANA]ヤシキ[HIRAGANA]は\n[KATAKANA]マチガッタ[HIRAGANA] 時を[KATAKANA]キザンデ[HIRAGANA]ます\nご主人[KATAKANA]サマ[HIRAGANA]は [KATAKANA]ソレ[HIRAGANA]を悲しんで\n[KATAKANA]ユックリ[HIRAGANA]お休みに[KATAKANA]ナレナイ[HIRAGANA]のです[FIN][KATAKANA]ソレ[HIRAGANA]も 人形に[KATAKANA]カクサレタ[HIRAGANA]\n[KATAKANA]フシギ[HIRAGANA]な 石の[KATAKANA]チカラ[HIRAGANA]の[KATAKANA]セイ[HIRAGANA]\n[KATAKANA]ナノダ[HIRAGANA]そうです˳		pending
C0-06F102	0x06F102	0043	D7 D4 5F 3D 64 3C D5 50 54 20 D4 66 05 D5 5E D4 43 68 D5 00 CD D4 41 40 4F 3C 5D 53 D5 00 20 D4 3F 3F 3C D5 49 3D 0D 47 CD 4B 40 0C 3C 4D 20 D4 44 3D 03 41 D5 47 63 53 5D CD D4 41 43 68 D5 0D 47 60 1F	[DFT][KATAKANA]ユウレイ[HIRAGANA]には [KATAKANA]ワザ[HIRAGANA]や[KATAKANA]ケン[HIRAGANA]が\n[KATAKANA]キカナイモノ[HIRAGANA]が [KATAKANA]オオイ[HIRAGANA]そうです\nちかづいて [KATAKANA]コウゲキ[HIRAGANA]するのも\n[KATAKANA]キケン[HIRAGANA]ですよ˳		pending
C0-06F146	0x06F146	0096	D7 D4 3B 4F 4A D5 54 20 D4 66 4A 46 D5 67 80 23 6E 4A 81 04 50 CD 4E 4D 5D D4 50 4D 3C 59 47 D5 CD D4 66 4A 46 D5 54 20 49 53 D4 5B 40 46 D5 CD 04 81 4D 80 46 D4 45 59 D5 50 20 D4 5D 61 66 64 D5 59 46 4A D1 04 81 4D 80 46 D4 45 59 D5 54 20 D4 66 4A 46 D5 50 CD D4 44 4E 14 D5 67 20 D4 3F 46 3E 4D 42 64 D5 59 46 4A CD D4 0A 40 61 D5 20 D4 66 4A 46 D5 54 20 04 81 4D 80 46 D4 45 59 D5 67 CD D4 44 44 D5 0D 20 D4 3F 59 5D 62 46 4D 3C 63 53 D5 0D 47 1F	[DFT][KATAKANA]アナタ[HIRAGANA]は [KATAKANA]ワタシ[HIRAGANA]を作った方に\nとても[KATAKANA]ニテイマス[HIRAGANA]\n[KATAKANA]ワタシ[HIRAGANA]は その[KATAKANA]ムカシ[HIRAGANA]\nご主人[KATAKANA]サマ[HIRAGANA]に [KATAKANA]モラワレ[HIRAGANA]ました[FIN]ご主人[KATAKANA]サマ[HIRAGANA]は [KATAKANA]ワタシ[HIRAGANA]に\n[KATAKANA]コトバ[HIRAGANA]を [KATAKANA]オシエテクレ[HIRAGANA]ました\n[KATAKANA]ダカラ[HIRAGANA] [KATAKANA]ワタシ[HIRAGANA]は ご主人[KATAKANA]サマ[HIRAGANA]を\n[KATAKANA]ココ[HIRAGANA]で [KATAKANA]オマモリシテイルノ[HIRAGANA]です˳		pending
C0-06FB83	0x06FB83	0230	D0 80 0D 80 84 CC 80 7F 53 80 80 53 4F 68 0D 5D 80 A4 CC 20 20 20 80 A5 80 A6 80 A7 CC 20 20 80 99 80 82 80 D1 80 D2 80 D3 CC 20 20 20 80 99 80 82 80 A0 CC 20 20 20 80 99 80 82 80 D1 CC 20 20 20 80 D4 80 C8 80 A9 CC 20 20 20 20 80 D4 80 C8 CC D4 54 6E 40 73 80 D5 80 1A 80 B0 80 65 80 31 80 A8 D5 CC 20 D4 54 6E 40 73 80 D5 80 1A 80 B0 80 65 D5 CC 20 20 20 80 D6 80 04 80 A0 CC 20 D4 54 6E 40 73 80 0A 80 6E 80 31 80 A8 D5 CC 20 20 D4 54 6E 40 73 80 0A 80 6E D5 CC 20 20 20 80 23 80 15 80 A0 CC 20 D4 0E 42 4A 73 D5 27 80 1D 80 D7 80 A0 CC 20 20 80 A6 80 A7 80 8B 80 23 80 A0 CC 20 20 20 80 D8 80 7B 80 A0 CC 20 20 40 68 41 68 80 79 80 A4 CC 20 20 20 80 B3 80 B4 80 A0 CC 20 20 D4 64 73 05 73 80 A0 D5 CC D4 59 05 73 44 68 1A 70 73 4A 73 D5 CC 20 20 D4 1D 65 68 D5 53 80 55 CC 20 54 42 46 6F 42 53 80 BB CC 20 20 20 80 69 80 6A 80 C2 CC 20 80 9C 46 3C 80 59 80 D9 80 DA 80 DB 80 A0 20 CC 20 20 20 D4 41 61 61 80 6B D5 CC 20 20 D4 46 71 44 61 80 6B D5 CC D4 46 71 44 61 80 6B D5 55 4F 68 80 3B CC 20 D4 46 71 44 61 80 6B 80 39 80 3A 80 A0 D5 CC 20 D4 46 71 44 61 80 6B 80 B3 80 B4 80 A0 D5 CC 20 D4 46 71 44 61 80 6B 80 DC 80 DD 80 DE D5 CC 20 20 D4 5C 4A 63 3B 3C 3B 68 80 DF D5 CC 20 20 D4 46 71 44 61 80 6B 80 69 80 6A 80 C2 D5 CC 20 D4 54 6E 40 73 80 69 80 6A 80 0A 80 6E D5 CC 20 20 20 80 E0 80 6D 80 A0 CC 20 20 80 E1 80 AB 80 E2 80 E3 80 3B CC D4 3E 64 17 73 4A 73 80 67 80 32 80 A0 D5 CC 20 20 20 65 3D 5E CC 20 20 20 20 80 E4 80 B6 CC 20 20 D4 00 4E 73 D5 53 80 79 80 A4 CC 20 20 D4 04 5A 80 E5 80 CA 80 18 D5 CC 20 D4 3E 68 06 68 63 73 5B D5 CC 20 80 69 80 6A 80 0A 80 6E 80 1C 80 E6 80 79 CC D7 7E 7E 7E 3B 6E 7D 52 07 5A 0A 6E 7D CD 44 3C 4C 6B 20 59 4D D4 73 D5 6E 7D	[CLR]裝置[TER]南の島のなんでも屋[TER]   下水路[TER]  町長會受付[TER]   町長室[TER]   町長會[TER]   雪山港[TER]    雪山[TER][KATAKANA]ハッカー航空幽地入口[HIRAGANA][TER] [KATAKANA]ハッカー航空幽地[HIRAGANA][TER]   設計室[TER] [KATAKANA]ハッカー要塞入口[HIRAGANA][TER]  [KATAKANA]ハッカー要塞[HIRAGANA][TER]   作戦室[TER] [KATAKANA]ドクター[HIRAGANA]G実驗室[TER]  水路操作室[TER]   会誄室[TER]  かんきん部屋[TER]   司令室[TER]  [KATAKANA]レーザー室[HIRAGANA][TER][KATAKANA]マザーコンピューター[HIRAGANA][TER]  [KATAKANA]ポロン[HIRAGANA]の家[TER] はくしゃくの館[TER]   宇宙船[TER] 楽しい日本語教室 [TER]   [KATAKANA]キララ星[HIRAGANA][TER]  [KATAKANA]ショコラ星[HIRAGANA][TER][KATAKANA]ショコラ星[HIRAGANA]ひなん所[TER] [KATAKANA]ショコラ星研究室[HIRAGANA][TER] [KATAKANA]ショコラ星司令室[HIRAGANA][TER] [KATAKANA]ショコラ星居住区[HIRAGANA][TER]  [KATAKANA]メタルアイアン号[HIRAGANA][TER]  [KATAKANA]ショコラ星宇宙船[HIRAGANA][TER] [KATAKANA]ハッカー宇宙要塞[HIRAGANA][TER]   貨物室[TER]  兵士休息所[TER][KATAKANA]エレベーター動力室[HIRAGANA][TER]   ろうや[TER]    倉庫[TER]  [KATAKANA]ガトー[HIRAGANA]の部屋[TER]  [KATAKANA]ゴミ処理場[HIRAGANA][TER] [KATAKANA]エンジンルーム[HIRAGANA][TER] 宇宙要塞中心部[TER][DFT]···あっ!ねずみだっ!\nこいつぅ まて[KATAKANA]ー[HIRAGANA]っ!		pending
C0-06FDB4	0x06FDB4	0010	D7 D4 52 07 5A D5 40 69 20 40 66 3C 3C 4F 3B 1F	[DFT][KATAKANA]ネズミ[HIRAGANA]かぁ かわいいなあ˳		pending
C0-07808E	0x07808E	0032	D7 E0 0F 81 37 6E 4A 80 87 54 20 81 29 80 FE 46 4D 42 64 CD 0A 4D 50 20 81 0A 54 4E 6E 4D 3F 61 68 CD 80 32 50 4F 64 63 44 4E 5D 20 3B 63 0A 65 3D 1F	[DFT][E2:0F81]Wった時は 相談してくれ\nだてに 年はとっておらん\n力になれることも あるだろう˳		pending
C0-0780C1	0x0780C1	00A2	D7 E0 0F C2 00 42 68 CD 3D 66 45 54 20 81 41 3C 4A 60 CD D4 4D 6A 3B 4E 65 68 D5 53 44 4E 5D 4F D1 46 40 46 20 80 99 80 82 00 D4 4D 6A 3B 4E 65 68 D5 67 CD 52 61 3D 4F 68 4D 20 0E 3D 5D 3F 40 46 3C CD 66 46 54 20 80 26 53 80 99 80 82 54 CD 50 48 5D 53 0D 54 4F 3C 40 4E 80 7A 3D 53 0A D1 81 46 54 20 C3 02 80 99 80 82 53 81 7B 80 36 4F 5D 53 C3 00 67 CD 81 0E 61 68 40 0F CD 49 64 67 81 C6 80 6C 47 64 14 20 80 99 80 82 53 81 21 81 22 67 CD 3D 59 42 20 3B 14 43 63 40 5D 46 64 68 09 1F	[DFT][E2:0FC2]がくん\nうわさは 聞いたよ\n[KATAKANA]ティアトロン[HIRAGANA]のこともな[FIN]しかし 町長が[KATAKANA]ティアトロン[HIRAGANA]を\nねらうなんて どうもおかしい\nわしは 今の町長は\nにせものではないかと思うのだ[FIN]君は [PAL:02]町長の苦手なもの[PAL:00]を\n知らんか?\nそれを利用すれば 町長の正体を\nうまく あばけるかもしれんぞ˳		pending
C0-078164	0x078164	008E	D7 E0 0F 60 3D 5E 42 20 3F 4B 4C 3C 4D CD 80 52 67 47 63 44 4E 00 20 0D 41 63 4F D1 59 07 54 20 81 46 53 4E 3D 45 68 53 44 4E 67 CD 80 52 46 4D 3F 40 4F 3C 4E 20 3C 40 68 4F 7E 7E 7E CD C9 1E 3C 3C 40 20 C2 00 42 68 CD 3F 4B 4C 3C 4D 20 60 42 41 3C 4D 3F 42 64 D1 3B 64 54 20 81 77 80 59 80 01 53 44 4E 7E 7E 7E CD 66 46 4E 20 81 46 53 4E 3D 45 68 54 CD E0 00 45 00 46 53 CD 81 42 50 20 80 45 4A 14 40 62 0A 6E 4A 7E 7E 7E 1F	[DFT][E2:0F60]うやく おちついて\n話をすることが できるな[FIN]まずは 君のとうさんのことを\n話しておかないと いかんな···\n[PAU:1E]いいか [NAM:00]くん\nおちついて よくきいておくれ[FIN]あれは 数日前のこと···\nわしと 君のとうさんは\n[E2:0045]がしの\n旅に 出たばかりだった···˳		pending
C0-0781F3	0x0781F3	00EE	D7 E0 0F 49 53 81 33 20 07 3C 16 68 45 00 46 4A 00 CD 41 5A 53 20 4E 3D 45 68 53 80 4D 67 CD 80 54 4C 43 63 44 4E 54 20 0D 41 4F 40 6E 4A 7E 7E 7E D1 66 46 54 20 81 46 53 4E 3D 45 68 00 45 00 46 4D 4A CD E0 00 4E 3C 3D 5D 53 00 CD 81 46 53 4E 3D 45 68 53 20 80 1E 81 04 67 81 0E 63 CD D4 40 01 D5 53 60 3D 4F 80 89 00 46 4D 4F 7E 7E 7E D1 49 3D 3C 3E 14 20 66 46 54 81 2E CD C3 02 80 7F 53 80 80 C3 00 50 80 1E 6E 4A 44 4E 00 3B 6E 4D 4F CD 49 44 53 20 81 93 80 BF 53 81 BC 50 54 CD 80 60 80 7A 80 7B 4F 80 75 00 54 59 6E 4D 3C 63 4E 3C 3D D1 81 16 81 17 4F 00 61 20 81 BD 81 BE 80 54 63 44 4E 54 CD 0D 41 4F 40 6E 4A 00 7E 7E 7E CD C9 28 55 71 6E 4E 46 4A 61 20 49 64 00 CD E0 00 53 55 4E 4C 40 5D 46 64 68 4F 1F	[DFT][E2:0F49]の後 ずいぶんさがしたが\nきみの とうさんの姿を\n見つけることは できなかった···[FIN]わしは 君のとうさんがさがしてた\n[E2:004E]いうものが\n君のとうさんの 行方を知る\n[KATAKANA]カギ[HIRAGANA]のような気がしてな···[FIN]そういえば わしは昔\n[PAL:02]南の島[PAL:00]に行ったことがあってな\nそこの 神樣の像には\n不思誄な石がはまっているという[FIN]残念ながら 結局見ることは\nできなかったが···\n[PAU:28]ひょっとしたら それが\n[E2:0053]ひとつかもしれんな˳		pending
C0-0782E2	0x0782E2	001F	D7 3F 5E 20 D4 52 07 5A D5 40 CD 07 3C 16 68 20 80 46 4F 4C 6E 44 3C D4 52 07 5A D5 0A 4F 1F	[DFT]おや [KATAKANA]ネズミ[HIRAGANA]か\nずいぶん 人なつっこい[KATAKANA]ネズミ[HIRAGANA]だな˳		pending
C0-078345	0x078345	002F	D7 07 3C 16 68 80 82 3C 81 2B CD 04 81 4D 80 46 80 BF 4E 81 42 46 4D 4A D4 66 68 D5 CD 81 BF 46 16 62 50 20 81 3F 4B 4C 43 63 D4 66 68 D5 1F	[DFT]ずいぶん長い間\nご主人樣と旅してた[KATAKANA]ワン[HIRAGANA]\n久しぶりに 落ちつける[KATAKANA]ワン[HIRAGANA]˳		pending
C0-078386	0x078386	0026	D7 20 C2 00 54 CD 20 D4 1D 47 4E D5 53 80 1C 67 20 53 09 3C 4A CD 20 0A 00 80 EA 5D 80 31 6E 4D 3C 4F 40 6E 4A 1F	[DFT] [NAM:00]は\n [KATAKANA]ポスト[HIRAGANA]の中を のぞいた\n だが何も入っていなかった˳		pending
C0-07869A	0x07869A	0017	D7 E0 08 3B 7E 49 44 53 20 18 3D 5E CD 4B 71 6E 4E 20 59 6E 4D 60 7D	[DFT][E2:083B]·そこの ぼうや\nちょっと まってよ!		pending
C0-0786B2	0x0786B2	0079	D7 E0 08 52 52 52 20 18 3D 5E 45 3B CD D4 3B 41 54 14 61 80 AA 80 AB D5 53 81 02 0D 46 71 0F CD 3C 6E 46 71 50 20 41 4D 42 64 4F 3C 40 4F 3B 0F D1 80 AA 80 AB 00 20 81 05 80 32 46 4D 42 64 4F 3C 4F 61 CD 81 46 67 20 80 46 80 83 50 46 65 6E 4D CD D4 54 6E 40 73 D5 53 20 3E 61 3C 80 46 50 81 10 66 64 4D 45 CD 80 42 42 80 7A 66 4F 3C 0D 52 20 C9 3C 48 3E 53 6E 7D	[DFT][E2:0852]ねね ぼうやさあ\n[KATAKANA]アキハバラ博士[HIRAGANA]の子でしょ?\nいっしょに きてくれないかなあ?[FIN]博士が 協力してくれないなら\n君を 人質にしろって\n[KATAKANA]ハッカー[HIRAGANA]の えらい人に言われてさ\n悪く思わないでね [PAU:3C]せえのっ!		pending
C0-07872C	0x07872C	0026	D7 E0 08 05 68 52 68 0A 43 0E CD 50 00 47 66 43 50 54 20 3C 40 4F 3C 60 CD 3F 44 61 64 63 53 20 3C 5E 0A 5D 68 7D	[DFT][E2:0805]んねんだけど\nにがすわけには いかないよ\nおこられるの いやだもん!		pending
C0-078753	0x078753	0036	D7 E0 08 55 7E C9 1E 55 D4 73 D5 6E 7D 81 02 81 03 0A 4E 80 7A 6E 4D CD 3B 59 42 80 54 4D 59 46 4A 3B 6E 7D CD 0D 4F 3F 46 4D 41 59 D4 73 73 73 73 73 D5 47 6E 7D	[DFT][E2:0855]·[PAU:1E]ひ[KATAKANA]ー[HIRAGANA]っ!子供だと思って\nあまく見てましたあっ!\nでなおしてきま[KATAKANA]ーーーーー[HIRAGANA]すっ!		pending
C0-0788A8	0x0788A8	0169	D7 60 3D 44 49 20 18 42 53 81 02 81 C3 4A 4B CD C9 14 18 42 53 80 00 80 01 54 20 D4 61 47 42 D5 CD C9 14 81 46 4A 4B 50 20 81 1B 3E 4A 3C 44 4E 00 3B 6E 4D CD 44 53 D4 5C 6E 48 73 06 D5 67 81 16 46 4D 3C 63 D1 44 53 80 9B 80 9C 80 6B 53 0E 44 40 50 CD E0 00 4E 3C 3D 80 00 53 80 75 00 CD 76 4C 50 42 0A 43 4B 6E 4D 52 5B 6E 4D 3C 63 CD 80 60 80 7A 80 7B 4F 80 32 67 55 5C 4A 20 80 75 0A D1 3C 4C 53 80 87 81 67 40 20 49 53 80 75 67 5D 4E 5C 4D CD 80 42 53 80 36 00 53 15 63 0A 65 3D CD 0E 3D 40 20 49 3C 4C 61 53 80 36 50 66 4A 63 80 01 50 CD E0 00 67 20 80 05 5C 4D 58 46 3C 68 0A D1 18 42 53 80 36 0D 54 20 55 4E 4C 0A 43 46 40 CD 80 54 4C 43 63 44 4E 00 0D 41 4F 40 6E 4A 7E 7E 7E CD 49 64 54 20 C3 02 D4 1D 62 68 41 73 D5 54 42 46 6F 42 CD C3 00 4E 3C 3D 80 46 50 3B 07 43 4D 3B 63 D1 81 46 53 81 67 50 20 54 42 46 6F 42 53 80 BB 00 CD 81 16 6E 4D 3C 63 40 0E 3D 40 54 66 40 61 4F 3C CD 0D 5D 20 59 07 54 80 BB 67 4A 07 52 4D 5A 4D 58 46 3C D1 54 42 46 6F 42 53 80 BB 54 CD 44 44 60 62 45 61 50 20 D4 10 D5 57 4E 81 63 68 0A CD C3 02 80 B7 3C 53 80 5D C3 00 53 80 1C 50 3B 63 1F	[DFT]ようこそ ぼくの子孫たち\n[PAU:14]ぼくの名前は [KATAKANA]ラスク[HIRAGANA]\n[PAU:14]君たちに 伝えたいことがあって\nこの[KATAKANA]メッセージ[HIRAGANA]を残している[FIN]この極楽星のどこかに\n[E2:004E]いう名の石が\n3つにくだけちってねむっている\n不思誄な力をひめた 石だ[FIN]いつの時代か その石をもとめて\n悪の手がのびるだろう\nどうか そいつらの手にわたる前に\n[E2:0067] 集めてほしいんだ[FIN]ぼくの手では ひとつだけしか\n見つけることができなかった···\nそれは [PAL:02][KATAKANA]ポリンキー[HIRAGANA]はくしゃく\n[PAL:00]という人にあずけてある[FIN]君の代に はくしゃくの館が\n残っているかどうかはわからない\nでも まずは館をたずねてみてほしい[FIN]はくしゃくの館は\nここよりさらに [KATAKANA]→[HIRAGANA]へと進んだ\n[PAL:02]迷いの森[PAL:00]の中にある˳		pending
C0-078BDA	0x078BDA	01AF	D8 E0 08 0E 3D 0D 47 40 0F D4 3B 41 54 14 61 80 AA 80 AB D5 CD 3D 4B 0D 46 4A 61 20 3F 81 98 81 49 5D 14 6E 4B 62 7D CD 45 61 50 20 81 B3 80 57 81 07 80 E2 81 C4 80 59 81 C5 0D 47 60 D1 E0 02 80 EA 80 EE 41 4D 5D 20 81 14 06 44 4E 0A 7D CD C3 02 D4 54 6E 40 73 D5 C3 00 53 20 3D 66 45 54 81 41 3C 4D 3C 63 CD 80 42 53 81 71 81 72 0D 54 4F 3C 40 0F 7D D1 E0 08 49 3D 54 20 3F 6E 46 6F 3C 59 47 00 69 CD 80 42 54 20 3C 3C 0D 47 60 6D CD 80 42 3C 44 4E 00 20 3F 81 09 80 56 0D 47 40 61 52 D1 49 44 0D 20 D4 54 6E 40 73 D5 53 80 26 81 33 53 4A 5C 50 CD 80 AA 80 AB 53 60 3D 4F CD 47 02 64 4A 20 80 27 80 14 80 55 53 80 32 00 CD 80 09 80 0A 4F 68 0D 47 60 7D DE D8 E0 02 3D 5B 7E 7E 7E C9 1E 80 CE 50 80 8F 67 4C 43 4A 44 4E 54 CD 58 5C 4D 5E 63 00 20 80 CE 54 80 4C 80 2F 53 80 27 80 14 67 CD 80 42 53 4A 5C 50 20 81 C6 80 6C 47 63 80 89 54 4F 3C D1 59 3B 20 48 6E 40 42 80 10 4A 68 0A 40 61 CD 80 CE 53 80 28 46 3C 20 80 27 80 14 80 8C 67 80 54 48 4D 5E 65 3D CD 44 64 00 20 4F 68 0A 40 66 40 63 40 0F D1 E0 08 7E 7E 7E 58 3F 20 C9 1E D4 61 6E 19 D5 0D 47 40 0F CD 4F 4C 40 46 3C 4F 3B 20 C9 1E 80 CE 20 81 6F 81 C7 53 44 65 CD D4 4E 61 68 1C 6E 4E 80 79 D5 50 80 31 6E 4D 4A 68 0D 47 60 D1 E0 02 4A 0A 53 D4 61 6E 19 D5 4E 54 20 66 43 00 4B 00 3D CD 44 64 54 20 44 3D 5E 6E 4D 80 08 3D 53 0A 1F	[DF4][E2:080E]うですか?[KATAKANA]アキハバラ博士[HIRAGANA]\nうちでしたら お給料もばっちり!\nさらに 完全週休二日制ですよ[FIN][E2:0280][CMD:EA]度きても 同じことだ!\n[PAL:02][KATAKANA]ハッカー[HIRAGANA][PAL:00]の うわさは聞いている\n悪の軍団ではないか?![FIN][E2:0849]うは おっしゃいますがぁ\n悪は いいですよぉ\n悪いことが お仕事ですからね[FIN]そこで [KATAKANA]ハッカー[HIRAGANA]の今後のために\n博士のような\nすぐれた 発明家の力が\n必要なんですよ![TPL:D8][E2:023D]む···[PAU:1E]私に目をつけたことは\nほめてやるが 私は自分の発明を\n悪のために 利用する気はない[FIN]まあ せっかく来たんだから\n私の新しい 発明品を見せてやろう\nこれが なんだかわかるか?[FIN][E2:087E]··ほお [PAU:1E][KATAKANA]ラッパ[HIRAGANA]ですか?\nなつかしいなあ [PAU:1E]私 高校のころ\n[KATAKANA]トランペット部[HIRAGANA]に入ってたんですよ[FIN][E2:024A]だの[KATAKANA]ラッパ[HIRAGANA]とは わけがちがう\nこれは こうやって使うのだ˳		pending
C0-078D8A	0x078D8A	00A7	D8 E0 08 66 D4 73 73 73 73 73 73 73 73 73 73 73 73 D5 6E 7D 7D C9 1E C8 CC D7 E0 02 3F 3F C2 00 40 CD 68 0F 80 50 66 6E 4A 5D 53 67 CD 80 2D 6E 4D 63 06 6F 4F 3C 40 D1 49 53 20 C3 02 D4 47 42 61 6E 1B D5 C3 00 0A 60 CD 49 3D 3C 3D 5D 53 67 81 C8 6E 4A 61 CD 59 07 54 20 80 27 80 14 D4 59 46 68 D5 0D CD 3C 65 3C 65 80 03 80 2B 46 4D 5A 4F 45 3C D1 3C 00 3C 50 20 80 21 81 2D 3C 5D 53 00 CD 0D 41 3B 00 6E 4A 62 47 63 5D 68 0A CD 4F 68 0D 5D 20 81 12 81 13 67 3F 49 64 07 CD 4A 5C 46 4D 5A 4F 45 3C 1F	[DF4][E2:0866][KATAKANA]ーーーーーーーーーーーー[HIRAGANA]っ!![PAU:1E][DES][TER][DFT][E2:023F]お[NAM:00]か\nん?変わったものを\n持ってるじゃないか[FIN]その [PAL:02][KATAKANA]スクラップ[HIRAGANA][PAL:00]だよ\nそういうものを拾ったら\nまずは 発明[KATAKANA]マシン[HIRAGANA]で\nいろいろ合成してみなさい[FIN]いがいに 面白いものが\nできあがったりするもんだ\nなんでも 失敗をおそれず\nためしてみなさい˳		pending
C0-078E32	0x078E32	0187	D7 E0 02 3F 3F 20 C2 00 40 CD 3F 0F E0 1A 00 80 23 64 4A 53 40 7D CD 0D 5D 20 80 23 62 6E 19 4F 46 06 6F 0A 5C 0A 09 D1 80 27 80 14 D4 59 46 68 D5 0D 20 E0 1A 53 CD C3 02 D4 47 4D 73 4A 47 D5 5E 81 C9 81 CA 81 CB 81 CC 53 CD D4 1B 65 02 61 5B D5 C3 00 67 46 4D 5E 64 14 CD E0 1A 67 45 61 50 60 42 80 08 3E 63 09 D1 4F 50 0F 45 6E 41 53 80 46 40 0F CD 81 1D 80 F1 20 44 53 80 F1 80 F2 67 3B 61 46 80 0B 6E 4D 3C 63 CD C3 02 D4 54 6E 40 73 D5 C3 00 53 20 80 15 80 16 80 98 45 CD D4 47 40 3D 4E D5 50 41 4A 68 0A 4E 45 D1 0A 00 20 80 27 80 14 54 80 46 53 80 F6 50 80 F9 6E 4D 44 49 CD 80 48 81 87 53 3B 63 5D 53 4F 68 0A 09 CD 80 42 80 6C 4F 09 20 5D 6E 4D 53 81 92 0A CD 3F 59 3E 5D 60 42 20 3F 18 3E 4D 3F 41 4F 45 3C D1 49 3D 49 3D 20 44 64 54 3F 59 3E 50 5E 65 3D CD C3 02 15 6E 42 62 D4 58 73 68 D5 C3 00 4E 81 10 6E 4D CD 80 43 41 4F 80 44 67 80 45 47 20 D4 61 6E 19 D5 0A CD 80 EA 40 20 80 F6 50 4A 4C 44 4E 5D 3B 63 0A 65 3D DE 20 C2 00 54 CD C3 02 20 15 6E 42 62 D4 58 73 68 D5 C3 00 67 20 5D 61 6E 4A 7D CC D7 7E 7E 7E 4E 80 7A 6E 4A 43 0E CD 80 2D 4B 80 6D 00 3C 6E 19 3C 06 6F 4F 3C 40 7D CD 81 1C 6E 4D 4D 5E 63 40 61 CD 81 3A 46 20 81 78 0C 43 4A 61 0E 3D 0A 0F	[DFT][E2:023F]お [NAM:00]か\nお?[E2:1A00]作れたのか!\nでも 作りっぱなしじゃだめだぞ[FIN]発明[KATAKANA]マシン[HIRAGANA]で [E2:1A53]\n[PAL:02][KATAKANA]ステータス[HIRAGANA]や連続攻擊の\n[KATAKANA]プログラム[HIRAGANA][PAL:00]をしてやれば\n[E2:1A67]さらによく使えるぞ[FIN]なに?さっきの人か?\n最近 この近辺をあらし回っている\n[PAL:02][KATAKANA]ハッカー[HIRAGANA][PAL:00]の 戦闘員さ\n[KATAKANA]スカウト[HIRAGANA]にきたんだとさ[FIN]だが 発明は人の役に立ってこそ\n意味のあるものなんだぞ\n悪用なぞ もっての他だ\nおまえもよく おぼえておきなさい[FIN]そうそう これはおまえにやろう\n[PAL:02]びっくり[KATAKANA]ホーン[HIRAGANA][PAL:00]と言って\n大きな音を出す [KATAKANA]ラッパ[HIRAGANA]だ\n何か 役にたつこともあるだろう[TPL:20][NAM:00]は\n[PAL:02] びっくり[KATAKANA]ホーン[HIRAGANA][PAL:00]を もらった![TER][DFT]···と思ったけど\n持ち物がいっぱいじゃないか!\n待っててやるから\n少し 片づけたらどうだ?		pending
C0-078FBA	0x078FBA	0071	D7 E0 02 68 0F 0E 3D 46 4A 20 C2 00 CD 7E 7E 7E C9 3C 3E 0F C9 1E D4 54 6E 40 73 D5 53 80 15 80 16 80 98 00 0F CD 7E 7E 7E 49 3D 0A 6E 4A 53 40 D1 4E 50 40 42 20 81 48 80 56 0D 60 40 6E 4A CD D3 00 90 D7 E0 02 45 3B 20 3B 59 62 3F 49 3C 4E CD D4 4F 01 45 D5 42 68 00 80 E6 81 64 47 63 40 61 4F CD D4 65 44 44 80 99 D5 50 20 3F 80 EF 62 1F	[DFT][E2:0268]?どうした [NAM:00]\n···[PAU:3C]え?[PAU:1E][KATAKANA]ハッカー[HIRAGANA]の戦闘員が?\n···そうだったのか[FIN]とにかく 無事でよかった\n[JMP]が[BYTE:90][DFT][E2:0245]あ あまりおそいと\n[KATAKANA]ナギサ[HIRAGANA]くんが心配するからな\n[KATAKANA]ロココ町[HIRAGANA]に お帰り˳		pending
C0-07902C	0x07902C	0019	D7 E0 02 48 6E 40 42 80 10 4A 68 0A 40 61 CD 04 80 BD 80 BE 80 BF 53 3F 80	[DFT][E2:0248]っかく来たんだから\nご先祖樣のお[BYTE:80]		pending
C0-079056	0x079056	00B1	D7 E0 02 48 6E 40 42 41 4A 68 0A 40 61 CD 44 53 20 D4 3B 41 54 14 61 80 AA 80 AB D5 00 D1 80 27 80 14 50 20 81 81 47 63 81 0E 81 CD 67 CD 80 DB 3E 4D 5E 65 3D 06 6F 4F 3C 40 CD 20 3F 46 3E 4D 3F 46 3E 4D 7D CD 20 3E D4 73 D5 6E 20 3C 3C 60 3F CC D0 80 EA 50 4C 3C 4D 20 81 0E 62 4A 3C 0F CD C9 28 20 80 27 80 14 53 44 4E CD 20 80 03 80 2B 53 44 4E CD 20 D4 65 18 6E 4E D5 53 44 4E CD 20 5E 6E 19 62 20 3C 3C 5E CC D0 CD 7E 7E 7E 7E 7E 7E 7E 7E 7E 7E 7E 7E 7E 49 3D 40 CD C9 3C 59 7E 59 3B 20 81 27 50 3C 3C 43 0E 4F 7E 7E 7E 1F CD	[DFT][E2:0248]っかくきたんだから\nこの [KATAKANA]アキハバラ博士[HIRAGANA]が[FIN]発明に 關する知識を\n教えてやろうじゃないか\n おしえておしえて!\n え[KATAKANA]ー[HIRAGANA]っ いいよお[TER][CLR]何について 知りたい?\n[PAU:28] 発明のこと\n 合成のこと\n [KATAKANA]ロボット[HIRAGANA]のこと\n やっぱり いいや[TER][CLR]\n·············そうか\n[PAU:3C]ま·まあ 別にいいけどな···˳\n		pending
C0-07950C	0x07950C	000D	D7 E0 06 50 6F 68 20 D4 04 65 04 65 D5	[DFT][E2:0650]ゃん [KATAKANA]ゴロゴロ[HIRAGANA]		pending
C0-07951A	0x07951A	000E	D7 E0 06 56 D4 73 73 73 73 73 73 73 D5 6E	[DFT][E2:0656][KATAKANA]ーーーーーーー[HIRAGANA]っ		pending
C0-079529	0x079529	0010	D7 E0 06 3D D4 73 D5 20 D4 50 6F 3B 73 68 6E D5	[DFT][E2:063D][KATAKANA]ー[HIRAGANA] [KATAKANA]ニャアーンッ[HIRAGANA]		pending
C0-07953A	0x07953A	003A	D7 E0 06 3F 3C 61 53 20 04 81 4D 80 46 80 BF 54 CD D4 3B 41 54 14 61 80 AA 80 AB D5 0A 43 0A D4 50 6F D5 CD 3F 80 01 54 81 27 50 20 04 81 4D 80 46 06 6F 4F 3C D4 50 6F D5 1F	[DFT][E2:063F]いらの ご主人樣は\n[KATAKANA]アキハバラ博士[HIRAGANA]だけだ[KATAKANA]ニャ[HIRAGANA]\nお前は別に ご主人じゃない[KATAKANA]ニャ[HIRAGANA]˳		pending
C0-079595	0x079595	00E7	D7 20 C2 00 54 20 D4 4A 68 47 D5 53 80 1C 40 61 CD C3 02 20 3F 4E 3D 45 68 53 80 36 80 76 C3 00 67 20 5A 4C 43 4A 7D CD C9 1E 20 C2 00 54 20 80 36 80 76 67 81 5D 68 0D 5A 4A 1F D1 C3 02 20 C2 00 CD 20 4E 3D 45 68 54 20 44 64 40 61 CD 20 80 43 81 0F 4F 20 81 42 50 80 45 63 44 4E 50 46 4A CD 20 81 11 80 57 4F 81 42 50 54 20 4F 61 4F 3C 0A 65 3D D1 20 4E 3D 45 68 50 5D 46 5D 53 44 4E 00 3B 6E 4A 61 CD C3 03 20 3C 4C 5D 20 3F 80 01 00 44 53 80 55 67 CD 20 80 45 63 80 87 50 20 81 10 6E 4D 3C 4A 44 4E 67 CD C3 02 20 60 42 20 80 7A 3C 80 45 46 4D 58 46 3C D1 20 0D 54 20 4E 3D 45 68 53 3C 4F 3C 81 2B 5D CD 20 40 08 4F 0E 55 40 07 50 20 00 68 14 63 60 3D 50 CD CD C9 1E CE 24 81 9E 60 62 C3 00	[DFT] [NAM:00]は [KATAKANA]タンス[HIRAGANA]の中から\n[PAL:02] おとうさんの手紙[PAL:00]を みつけた!\n[PAU:1E] [NAM:00]は 手紙を読んでみた˳[FIN][PAL:02] [NAM:00]\n とうさんは これから\n 大切な 旅に出ることにした\n 安全な旅には ならないだろう[FIN] とうさんにもしものことがあったら\n[PAL:03] いつも お前がこの家を\n 出る時に 言っていたことを\n[PAL:02] よく 思い出してほしい[FIN] では とうさんのいない間も\n かぜなどひかずに がんばるように\n\n[PAU:1E][SKP:24]父より[PAL:00]		pending
C0-0796B9	0x0796B9	001B	D7 CD 20 47 80 8D 53 80 1C 50 CD 20 80 E7 45 4F 20 81 D5 00 80 31 6E 4D 3C 63 1F	[DFT]\n す箱の中に\n 小さな 卵が入っている˳		pending
C0-0796D5	0x0796D5	001B	D7 CD 20 47 53 80 1C 50 20 40 66 3C 3C D4 55 4F D5 00 CD 20 40 3E 6E 4D 3C 63 1F	[DFT]\n すの中に かわいい[KATAKANA]ヒナ[HIRAGANA]が\n かえっている˳		pending
C0-0796F1	0x0796F1	0026	D7 CD 20 07 3C 16 68 80 43 41 42 4F 6E 4A D4 55 4F D5 00 CD 20 4C 14 45 67 20 D4 19 4A 19 4A D5 45 48 4D 3C 63 1F	[DFT]\n ずいぶん大きくなった[KATAKANA]ヒナ[HIRAGANA]が\n つばさを [KATAKANA]パタパタ[HIRAGANA]させている˳		pending
C0-079718	0x079718	0019	D7 CD 20 D4 55 4F D5 54 20 5D 3D CD 20 47 0A 6E 4D 46 59 6E 4A 61 46 3C 1F	[DFT]\n [KATAKANA]ヒナ[HIRAGANA]は もう\n すだってしまったらしい˳		pending
C0-07974A	0x07974A	0112	D7 20 C2 00 54 20 D4 17 6E 0E D5 53 80 1C 40 61 CD C3 02 20 80 59 81 25 81 D6 C3 00 67 20 5A 4C 43 4A 7D CD C9 1E 20 80 59 81 25 54 20 81 2E 53 5D 53 61 46 3C D1 C3 02 20 D4 79 81 8F 79 80 59 D5 CD 20 D4 3B 68 0E 65 3C 0E D5 53 10 D4 4F 01 45 D5 11 00 CD 20 4C 3C 50 20 81 B3 80 2B 46 4A CD 20 80 46 81 2B 4E 20 58 4E 68 0E 80 DE 81 27 54 4C 40 4F 3C D1 20 10 D4 4F 01 45 D5 11 54 20 81 D7 42 4F 6E 4A 81 D8 53 CD 20 81 35 3C 44 65 50 20 81 D9 48 4D 80 23 6E 4A CD 20 81 D8 00 20 80 EF 6E 4D 41 4A 60 3D 0D CD 20 81 3A 46 20 4D 64 42 45 3C D1 20 59 0A 81 DA 3C 20 C2 00 00 CD 20 D4 4F 01 45 D5 67 20 81 DB 53 60 3D 50 80 7A 3C CD 20 46 4A 6E 4D 42 64 64 14 CD 20 44 53 80 27 80 14 54 20 80 2B 81 DC 0A 4E 80 7A 3D 1F D1 C3 00 20 C2 00 54 20 80 59 81 25 67 49 6E 4E CD 20 80 85 53 80 18 80 3B 50 20 81 6C 46 4A 7E 7E 7E 1F	[DFT] [NAM:00]は [KATAKANA]ベッド[HIRAGANA]の中から\n[PAL:02] 日記帳[PAL:00]を みつけた!\n[PAU:1E] 日記は 昔のものらしい[FIN][PAL:02] [KATAKANA]*月*日[HIRAGANA]\n [KATAKANA]アンドロイド[HIRAGANA]の┌[KATAKANA]ナギサ[HIRAGANA]┘が\n ついに 完成した\n 人間と ほとんど区別はつかない[FIN] ┌[KATAKANA]ナギサ[HIRAGANA]┘は 亡くなった妻の\n 若いころに 似せて作った\n 妻が 帰ってきたようで\n 少し てれくさい[FIN] まだ幼い [NAM:00]が\n [KATAKANA]ナギサ[HIRAGANA]を 母のように思い\n したってくれれば\n この発明は 成功だと思う˳[FIN][PAL:00] [NAM:00]は 日記をそっと\n 元の場所に 返した···˳		pending
C0-0798CE	0x0798CE	004E	D7 10 44 53 80 BD 50 54 20 D4 54 6E 40 73 D5 53 CD 20 40 3C 80 46 4A 4B 00 20 3D 65 4C 3C 4D 3C 59 47 CD 20 80 6C 53 4F 3C 81 04 54 80 F9 4B 80 31 61 4F 3C 60 3D 50 CD 20 46 4D 42 0A 45 3C 20 20 20 D4 65 44 44 80 99 80 A1 80 A2 D5 11	[DFT]┌この先には [KATAKANA]ハッカー[HIRAGANA]の\n かい人たちが うろついています\n 用のない方は立ち入らないように\n してください   [KATAKANA]ロココ町警察[HIRAGANA]┘		pending
C0-07991D	0x07991D	0013	D7 CD C3 02 20 20 20 20 0A 64 5D 20 3C 4F 3C 60 7D C3 00	[DFT]\n[PAL:02]    だれも いないよ![PAL:00]		pending
C0-079931	0x079931	001A	D7 CD 20 44 53 80 5F 41 66 5C 4D 20 76 73 81 0A CD 20 81 DD 53 81 3E 53 80 55	[DFT]\n この道きわめて 30年\n 海の男の家		pending
C0-07994C	0x07994C	0020	D7 CD 20 44 44 80 7F 53 80 80 20 4E 4D 5D 3C 3C 80 3B 7D CD 20 60 42 41 4A 20 40 68 03 3C 7D 7D	[DFT]\n ここ南の島 とてもいい所!\n よくきた かんげい!!		pending
C0-07996D	0x07996D	001F	D7 CD 20 44 53 80 5F 41 66 5C 4D 20 75 78 81 0A CD 20 80 7F 53 80 80 53 20 80 5F 80 A3 80 A4	[DFT]\n この道きわめて 25年\n 南の島の 道具屋		pending
C0-07998D	0x07998D	0012	D7 CD 20 41 43 68 7D 80 F9 80 31 62 81 A1 80 6F 7D 7D	[DFT]\n きけん!立入り禁止!!		pending
C0-0799A0	0x0799A0	0035	D7 20 3F 3C 0D 59 48 20 D4 54 6E 40 73 80 80 D5 57 CD C3 02 20 D4 54 6E 40 73 80 D5 80 1A 80 B0 80 65 D5 C3 00 54 CD 20 80 D4 80 C8 67 44 3E 4A 20 80 BD 0D 47	[DFT] おいでませ [KATAKANA]ハッカー島[HIRAGANA]へ\n[PAL:02] [KATAKANA]ハッカー航空幽地[HIRAGANA][PAL:00]は\n 雪山をこえた 先です		pending
C0-079A26	0x079A26	0040	D7 3F 61 5D 20 3F 5C 3E 02 61 3C 81 35 40 6E 4A 80 87 54 CD 80 C2 0D 20 62 71 3D 50 80 45 4D CD D4 16 3C 16 3C D5 3C 66 48 4D 4A 5D 68 0A 17 CD 80 26 4E 4F 6E 4B 6F 20 81 2E 53 80 52 0A 17 1F	[DFT]おらも おめえぐらい若かった時は\n船で りょうに出て\n[KATAKANA]ブイブイ[HIRAGANA]いわせてたもんだべ\n今となっちゃ 昔の話だべ˳		pending
C0-079A67	0x079A67	0030	D7 3F 5C 3E 4F 3B 20 80 46 4E 80 46 00 80 52 47 80 87 54 CD 80 8F 4E 80 8F 67 3B 66 48 4D CD 44 68 50 4B 54 40 61 20 54 06 5C 63 5D 68 0A 17 1F	[DFT]おめえなあ 人と人が話す時は\n目と目をあわせて\nこんにちはから はじめるもんだべ˳		pending
C0-079A98	0x079A98	00C3	D7 3F 3D 20 3F 80 01 40 20 46 6F 17 63 D4 40 50 D5 40 61 CD 80 52 54 20 81 41 3C 4D 63 17 CD C9 14 81 92 80 46 67 20 80 C2 50 54 80 68 48 4A 42 52 3E 00 CD D4 40 50 D5 53 20 4A 53 5A 06 6F 44 4E 66 64 52 3E 17 D1 3F 61 54 81 2E 20 D4 40 50 D5 53 80 AC 67 46 4D 4D 4F 3B CD D4 40 50 D5 0D 20 3F 59 68 59 80 CB 6E 4D 4A 53 60 CD 4A 53 5A 02 61 3C 81 41 3C 4D 5E 61 68 4E CD D4 14 4B D5 00 20 3B 4A 63 17 60 DE D7 80 C2 0A 6E 4A 61 CD C3 02 45 68 14 46 53 81 DE C3 00 50 4E 59 6E 4D 3C 63 80 C2 67 CD 80 08 3C 4F 20 80 D4 80 C8 59 0D 3F 5C 3E 67 CD 4C 64 4D 6E 4D 42 64 63 54 07 0A 17 1F	[DFT]おう お前か しゃべる[KATAKANA]カニ[HIRAGANA]から\n話は 聞いてるべ\n[PAU:14]他人を 船には乘せたくねえが\n[KATAKANA]カニ[HIRAGANA]の たのみじゃことわれねえべ[FIN]おらは昔 [KATAKANA]カニ[HIRAGANA]の漁をしててなあ\n[KATAKANA]カニ[HIRAGANA]で おまんま食ってたのよ\nたのみぐらい聞いてやらんと\n[KATAKANA]バチ[HIRAGANA]が あたるべよ[TPL:D7]船だったら\n[PAL:02]さんばしの右[PAL:00]にとまっている船を\n使いな 雪山までおめえを\nつれてってくれるはずだべ˳		pending
C0-079B5C	0x079B5C	003E	D7 3F 3D 6E 20 D4 52 07 81 DF D5 40 3C 6E CD 3F 61 5D 20 81 35 40 6E 4A 80 87 54 CD 40 66 3C 3C 3B 53 81 02 50 20 C3 03 D4 4B 70 3D 4B 70 3D D5 CD C3 00 81 10 66 48 4D 4A 5D 68 0A 17 1F	[DFT]おうっ [KATAKANA]ネズ公[HIRAGANA]かいっ\nおらも 若かった時は\nかわいいあの子に [PAL:03][KATAKANA]チュウチュウ[HIRAGANA]\n[PAL:00]言わせてたもんだべ˳		pending
C0-079C15	0x079C15	0065	D7 3F 64 20 80 7F 53 80 80 53 D4 00 3C 0E D5 7D CD 3F 80 01 20 4E 6E 4D 5D 81 E0 00 3C 3C 7D CD 80 7F 53 80 80 20 4E 4D 5D 3C 3C 80 3B 7D CD 3F 64 20 81 55 81 56 47 63 7D DE D7 44 53 80 C2 20 3F 80 01 67 80 68 48 63 7D CD 44 53 80 C2 20 80 7F 53 80 80 57 80 1E 42 7D CD 45 3B 20 80 68 63 80 68 63 7D 7D	[DFT]おれ 南の島の[KATAKANA]ガイド[HIRAGANA]!\nお前 とっても運がいい!\n南の島 とてもいい所!\nおれ 案内する![TPL:D7]この船 お前を乘せる!\nこの船 南の島へ行く!\nさあ 乘る乘る!!		pending
C0-079CDD	0x079CDD	0076	D7 0A 7E 0A 68 4F 06 6F 4F 3C 0D 47 40 6E 7D CD 3B 6E 46 0D 47 60 7D CD 5B 40 46 20 D4 54 6E 40 73 D5 53 80 78 80 79 67 46 4D 3C 4A CD 45 66 D4 00 50 D5 0D 47 60 7D D1 0A 68 4F 50 3F 80 DB 3E 46 4A 3C 44 4E 00 3B 6E 4D CD 54 63 14 63 20 5E 6E 4D 41 4A 68 0D 47 00 CD 44 53 20 81 02 81 03 4A 4B 50 CD 4C 40 59 6E 4B 59 3C 59 46 4D 52 20 D4 4E 58 58 D5 1F	[DFT]だ·だんなじゃないですかっ!\nあっしですよ!\nむかし [KATAKANA]ハッカー[HIRAGANA]の幹部をしていた\nさわ[KATAKANA]ガニ[HIRAGANA]ですよ![FIN]だんなにお教えしたいことがあって\nはるばる やってきたんですが\nこの 子供たちに\nつかまっちまいましてね [KATAKANA]トホホ[HIRAGANA]˳		pending
C0-079D54	0x079D54	002A	D7 0A 68 4F 69 CD 4F 68 4E 40 46 4D 42 0A 45 3C 60 CD 44 64 06 6F 0A 68 4F 4E CD 80 52 5D 0D 41 7E 7E 7E D4 3C 4D 4D 4D D5 1F	[DFT]だんなぁ\nなんとかしてくださいよ\nこれじゃだんなと\n話もでき···[KATAKANA]イテテテ[HIRAGANA]˳		pending
C0-079D7F	0x079D7F	01A5	D7 3B 7E 3B 62 00 4E 3D 04 05 3C 5E 46 4A 7D CD 0A 68 4F 54 20 5E 6E 19 62 CD 3C 3C 81 04 0D 47 52 3E 20 C9 1E D4 02 47 68 D5 D1 49 3D 49 3D 20 80 52 6E 4D 53 54 0D 47 52 CD C3 02 0A 68 4F 53 20 81 9E 80 22 C3 00 53 44 4E 4F 68 0D 47 60 CD 3B 6E 46 53 20 D4 54 6E 40 73 80 87 81 67 D5 53 CD 81 80 81 2B 40 61 20 81 41 3C 4A 68 0D 47 43 0E 52 D1 4F 68 0D 5D 20 0A 68 4F 53 81 9E 80 22 54 CD 80 26 20 C3 02 D4 54 6E 40 73 80 D9 80 79 D5 C3 00 0D CD 54 4A 61 40 45 64 4D 63 6E 4D 80 52 0D 47 60 D1 3B 3C 4C 61 53 44 4E 0D 47 20 3F 81 9E 80 22 00 CD 0E 68 4F 80 8F 50 3B 6E 4D 63 40 7E 7E 7E CD C9 28 0A 68 4F 6E 7D 47 02 50 0D 5D CD 80 9A 43 50 3C 42 17 41 06 6F 4F 3C 0D 47 40 3C 0F D1 C3 02 D4 54 6E 40 73 80 D9 80 79 D5 C3 00 4F 61 20 3B 6E 46 5D CD 80 39 81 E1 81 42 80 1E 0D 20 80 1E 6E 4A 44 4E 00 3B 62 5E 47 CD 0A 68 4F 50 20 80 18 80 3B 67 3F 80 DB 3E 46 59 47 CD 47 02 50 0D 5D 20 80 1E 6E 4D 42 0A 45 3C 6E 7D D1 80 22 53 80 55 53 20 80 AC 80 AD 53 3F 5E 06 50 CD D4 54 6E 40 73 80 D9 80 79 D5 53 3B 63 80 80 59 0D 80 1E 43 63 CD C3 02 80 C2 C3 00 67 80 45 46 4D 42 64 63 60 3D CD 80 52 67 4C 43 4D 3B 62 5E 47 D1 45 45 6E C9 14 0A 68 4F 6E 7D 81 51 3C 0D 7D CD 4E 62 3B 3E 07 54 20 80 AC 80 AD 53 3F 5E 06 50 CD 81 84 67 40 43 4D 5E 6E 4D 42 0A 48 3E 1F	[DFT]あ·ありがとうございやした!\nだんなは やっぱり\nいい方ですねえ [PAU:1E][KATAKANA]グスン[HIRAGANA][FIN]そうそう 話ってのはですね\n[PAL:02]だんなの 父上[PAL:00]のことなんですよ\nあっしの [KATAKANA]ハッカー時代[HIRAGANA]の\n仲間から 聞いたんですけどね[FIN]なんでも だんなの父上は\n今 [PAL:02][KATAKANA]ハッカー本部[HIRAGANA][PAL:00]で\nはたらかされてるって話ですよ[FIN]あいつらのことです お父上が\nどんな目にあってるか···\n[PAU:28]だんなっ!すぐにでも\n助けにいくべきじゃないですかい?[FIN][PAL:02][KATAKANA]ハッカー本部[HIRAGANA][PAL:00]なら あっしも\n研修旅行で 行ったことがありやす\nだんなに 場所をお教えします\nすぐにでも 行ってくださいっ![FIN]上の家の 漁師のおやじに\n[KATAKANA]ハッカー本部[HIRAGANA]のある島まで行ける\n[PAL:02]船[PAL:00]を出してくれるよう\n話をつけてありやす[FIN]ささっ[PAU:14]だんなっ!急いで!\nとりあえずは 漁師のおやじに\n声をかけてやってくだせえ˳		pending
C0-079F25	0x079F25	0046	D7 59 07 54 20 80 AC 80 AD 53 3F 5E 06 50 CD 81 84 67 40 43 4D 5E 6E 4D 42 0A 48 3E CD D4 54 6E 40 73 80 D9 80 79 D5 53 3B 63 80 3B 54 20 80 D4 80 C8 0D CD 81 E2 3C 0D 47 40 61 80 89 67 4C 43 4D 42 0A 48 3E 1F	[DFT]まずは 漁師のおやじに\n声をかけてやってくだせえ\n[KATAKANA]ハッカー本部[HIRAGANA]のある所は 雪山で\n寒いですから気をつけてくだせえ˳		pending
C0-079F6C	0x079F6C	0028	D7 D4 52 07 5A D5 4F 68 40 50 6F 3B CD D4 40 50 D5 53 80 89 80 2D 4B 54 20 66 40 63 59 3C 60 CD C9 1E 56 6E 7E 7E 7E 1F	[DFT][KATAKANA]ネズミ[HIRAGANA]なんかにゃあ\n[KATAKANA]カニ[HIRAGANA]の気持ちは わかるまいよ\n[PAU:1E]ふっ···˳		pending
C0-07A03E	0x07A03E	0030	D7 4F 68 0A 60 6D CD 18 42 4A 4B 00 20 80 54 4C 43 4A D4 40 50 D5 0A 09 7D CD 3C 06 5C 4D 81 01 16 68 0A 40 61 CD 06 6F 59 47 63 4F 60 4F 3B 1F	[DFT]なんだよぉ\nぼくたちが 見つけた[KATAKANA]カニ[HIRAGANA]だぞ!\nいじめて遊ぶんだから\nじゃまするなよなあ˳		pending
C0-07A06F	0x07A06F	008E	D7 3E 0F D4 40 50 D5 3C 06 5C 67 5E 5C 65 0F CD 4F 68 0D 0A 60 20 80 21 81 2D 3C 53 50 7D CD C9 1E DC 09 7E 7E 7E DC 00 49 3D 0A 4F 20 5E 5C 4D 5D 3C 3C 60 CD 0D 5D 20 D4 4A 0A D5 6E 4D 66 43 50 54 3C 40 4F 3C 08 D1 50 3C 4B 6F 68 20 80 27 80 14 80 55 0A 65 0F CD C3 02 80 21 81 2D 3C 80 27 80 14 80 8C C3 00 67 CD 80 EA 40 20 18 42 4A 4B 50 4B 71 3D 0A 3C 60 CD 3C 3C 53 67 20 C3 02 80 0D 80 0E 46 4D C3 00 80 54 48 4D 52 1F	[DFT]え?[KATAKANA]カニ[HIRAGANA]いじめをやめろ?\nなんでだよ 面白いのに!\n[PAU:1E][NXT]ぞ···[NXT]がそうだな やめてもいいよ\nでも [KATAKANA]タダ[HIRAGANA]ってわけにはいかないぜ[FIN]にいちゃん 発明家だろ?\n[PAL:02]面白い発明品[PAL:00]を\n何か ぼくたちにちょうだいよ\nいいのを [PAL:02]裝備して[PAL:00]見せてね˳		pending
C0-07A0FE	0x07A0FE	0039	D7 4F 68 0A 60 20 49 64 CD 49 68 4F 20 4C 59 68 4F 3C 5D 53 06 6F 5E 0A 60 CD 49 3D 0A 4F 3B 20 80 46 50 3C 4A 07 61 46 4D CD 81 01 17 63 5D 53 4F 68 4D 20 3C 3C 4F 3B 1F	[DFT]なんだよ それ\nそんな つまんないものじゃやだよ\nそうだなあ 人にいたずらして\n遊べるものなんて いいなあ˳		pending
C0-07A138	0x07A138	0029	D7 80 21 81 2D 49 3D 4F 5D 53 00 3B 6E 4A 61 CD 4B 6F 68 4E 20 80 0D 80 0E 46 4D CD 18 42 4A 4B 50 20 80 54 48 4D 60 52 1F	[DFT]面白そうなものがあったら\nちゃんと 裝備して\nぼくたちに 見せてよね˳		pending
C0-07A162	0x07A162	0078	D7 DC 01 66 3B 6E 20 49 64 4F 50 7D 0F CD C9 1E DC 00 3E 0F 80 43 41 4F 80 44 67 0A 46 4D CD 80 46 67 3F 0E 40 48 63 5D 53 0F CD C9 1E 3C 3C 4F 3C 3C 4F 20 49 64 4B 71 3D 0A 3C 7D D1 20 C2 00 54 CD C3 02 20 15 6E 42 62 D4 58 73 68 D5 C3 00 67 20 3D 14 66 64 4A 7D D1 CD 66 D4 73 D5 3C 20 66 D4 73 D5 3C CD 44 64 67 80 08 6E 4D 20 81 01 18 3D 08 D4 73 D5 6E 7D	[DFT][NXT]ぎわあっ それなに!?\n[PAU:1E][NXT]がえ?大きな音をだして\n人をおどかせるもの?\n[PAU:1E]いいないいな それちょうだい![FIN] [NAM:00]は\n[PAL:02] びっくり[KATAKANA]ホーン[HIRAGANA][PAL:00]を うばわれた![FIN]\nわ[KATAKANA]ー[HIRAGANA]い わ[KATAKANA]ー[HIRAGANA]い\nこれを使って 遊ぼうぜ[KATAKANA]ー[HIRAGANA]っ!		pending
C0-07A1DB	0x07A1DB	001B	D7 4F 68 0A 60 20 44 53 D4 52 07 5A D5 CD 3F 59 3E 5D 20 3C 06 5C 4B 6F 3D 09 7D	[DFT]なんだよ この[KATAKANA]ネズミ[HIRAGANA]\nおまえも いじめちゃうぞ!		pending
C0-07A318	0x07A318	0050	D7 D4 3F 64 D5 54 4F 3B 20 80 26 81 E3 46 3C 68 0A 7D CD D4 3F 64 D5 53 40 66 3C 3C 20 D4 40 4E 62 73 51 D5 7E 7E 7E CD 7E 7E 7E 3B 20 C9 3C 50 66 4E 62 53 80 00 80 01 0A 43 0E 52 CD C9 1E 00 20 C9 1E 3C 4F 42 4F 6E 4B 59 6E 4A 68 0A 60 7D	[DFT][KATAKANA]オレ[HIRAGANA]はなあ 今悲しいんだ!\n[KATAKANA]オレ[HIRAGANA]のかわいい [KATAKANA]カトリーヌ[HIRAGANA]···\n···あ [PAU:3C]にわとりの名前だけどね\n[PAU:1E]が [PAU:1E]いなくなっちまったんだよ!		pending
C0-07A369	0x07A369	0086	D7 D4 40 D5 7E C9 1E D4 40 4E 62 73 51 D5 6B 6E 7D 7D 7D CD 0E 44 50 80 1E 6E 4D 4A 68 0A 3B 6E 7D CD 4E 4D 5D 20 80 E6 81 64 46 4A 68 0A 09 6D 6E 7D 7D D1 81 46 00 20 80 54 4C 43 4D 42 64 4A 53 40 0F CD 3B 62 00 4E 3D 7D CD 49 3D 0A 7D 80 EA 40 81 28 67 45 48 4D 42 64 7D DE D7 80 2D 4B 80 6D 00 20 3C 6E 19 3C 53 60 3D 0A 52 CD 50 5D 4C 53 81 3A 4F 3C 80 87 50 CD 59 4A 20 08 55 20 80 10 4D 42 64 7D	[DFT][KATAKANA]カ[HIRAGANA]·[PAU:1E][KATAKANA]カトリーヌ[HIRAGANA]ぅっ!!!\nどこに行ってたんだあっ!\nとても 心配したんだぞぉっ!![FIN]君が 見つけてくれたのか?\nありがとう!\nそうだ!何か礼をさせてくれ![TPL:D7]持ち物が いっぱいのようだね\nにもつの少ない時に\nまた ぜひ 来てくれ!		pending
C0-07A3F0	0x07A3F0	0076	D7 44 64 54 20 44 53 3B 3C 0A CD D4 40 4E 62 73 51 D5 00 20 0E 44 40 61 40 CD 55 65 6E 4D 41 4A 68 0A CD 44 64 67 81 46 50 20 3F 81 28 4E 46 4D 3B 03 60 3D 7D D1 20 C2 00 54 CD C3 02 20 D4 1B 61 07 59 16 64 3C 0E D5 C3 00 67 20 3C 4A 0A 3C 4A 7D CC D7 50 66 4E 62 54 52 6C 20 40 66 3C 3C 60 CD 5D 3D 20 80 54 4D 3C 63 0A 43 0D CD 58 6E 4E 47 63 52 3E 1F	[DFT]これは このあいだ\n[KATAKANA]カトリーヌ[HIRAGANA]が どこからか\nひろってきたんだ\nこれを君に お礼としてあげよう![FIN] [NAM:00]は\n[PAL:02] [KATAKANA]プラズマブレイド[HIRAGANA][PAL:00]を いただいた![TER][DFT]にわとりはねぇ かわいいよ\nもう 見ているだけで\nほっとするねえ˳		pending
C0-07A467	0x07A467	001F	D7 D4 52 07 5A D5 60 62 20 50 66 4E 62 53 81 04 00 CD 81 77 80 2E 81 E4 40 66 3C 3C 52 3E 1F	[DFT][KATAKANA]ネズミ[HIRAGANA]より にわとりの方が\n数十倍かわいいねえ˳		pending
C0-07A4FC	0x07A4FC	000C	D7 DC 01 CD D4 44 43 6E D5 7D DC 00	[DFT][NXT]ぎ\n[KATAKANA]コケッ[HIRAGANA]![NXT]が		pending
C0-07A509	0x07A509	000D	D7 DC 01 CD D4 44 43 73 6E D5 7D DC 00	[DFT][NXT]ぎ\n[KATAKANA]コケーッ[HIRAGANA]![NXT]が		pending
C0-07A517	0x07A517	0015	D7 D4 44 43 43 6E D5 20 D4 3E 45 D5 42 64 20 D4 3E 45 6E D5 7D	[DFT][KATAKANA]コケケッ[HIRAGANA] [KATAKANA]エサ[HIRAGANA]くれ [KATAKANA]エサッ[HIRAGANA]!		pending
C0-07A52D	0x07A52D	0037	D7 41 6F D4 73 D5 6E 20 3B 68 4A 6E 4D CD D4 44 43 4D 6A 6E 46 70 D5 4F 80 25 46 4D 63 66 52 CD 3B 4A 46 20 D4 56 69 68 D5 50 4F 62 49 3D 60 CD D4 44 43 43 6E D5 7D	[DFT]きゃ[KATAKANA]ー[HIRAGANA]っ あんたって\n[KATAKANA]コケティッシュ[HIRAGANA]な顔してるわね\nあたし [KATAKANA]ファン[HIRAGANA]になりそうよ\n[KATAKANA]コケケッ[HIRAGANA]!		pending
C0-07A565	0x07A565	0020	D7 D4 40 4E 62 73 51 D5 4F 61 20 C3 02 80 55 53 40 03 C3 00 50 CD 40 42 64 4D 63 D4 44 43 D5 1F	[DFT][KATAKANA]カトリーヌ[HIRAGANA]なら [PAL:02]家のかげ[PAL:00]に\nかくれてる[KATAKANA]コケ[HIRAGANA]˳		pending
C0-07A60D	0x07A60D	003E	D7 3E 0F 59 4A 20 04 81 4D 80 46 80 BF 00 CD 80 43 45 66 01 46 4D 63 D4 44 43 D5 0F CD 3C 4C 5D 20 44 3D 4F 68 0A D4 44 43 D5 CD 4B 71 6E 4E 20 45 68 1D 46 4D 4A 0A 43 0A D4 44 43 D5 1F	[DFT]え?また ご主人樣が\n大さわぎしてる[KATAKANA]コケ[HIRAGANA]?\nいつも こうなんだ[KATAKANA]コケ[HIRAGANA]\nちょっと さんぽしてただけだ[KATAKANA]コケ[HIRAGANA]˳		pending
C0-07A64C	0x07A64C	0021	D7 80 E6 81 64 46 4D 42 64 63 53 54 CD 3D 64 46 3C 43 0E CD 40 58 04 54 20 44 59 63 D4 44 43 D5 1F	[DFT]心配してくれるのは\nうれしいけど\nかほごは こまる[KATAKANA]コケ[HIRAGANA]˳		pending
C0-07AED5	0x07AED5	000C	D8 AE 6B 02 1D 55 B1 64 30 02 0D 20	[DF4][BYTE:AE]ぅぐぽひ[BYTE:B1]れPぐで 		pending
C0-07B111	0x07B111	0043	D7 20 C2 00 54 CD C3 02 20 10 80 27 80 14 53 81 69 20 D4 64 17 63 D5 C6 02 F0 05 11 C3 00 53 CD 20 80 D9 67 20 81 5D 68 0D 5A 4A D1 20 0A 00 20 5B 07 40 46 42 4D CD 20 60 42 20 66 40 61 4F 40 6E 4A 1F	[DFT] [NAM:00]は\n[PAL:02] ┌発明の友 [KATAKANA]レベル[HIRAGANA][NUM:02F005]┘[PAL:00]の\n 本を 読んでみた[FIN] だが むずかしくて\n よく わからなかった˳		pending
C0-07B155	0x07B155	002B	D7 20 C2 00 54 CD C3 02 20 10 80 27 80 14 53 81 69 20 D4 64 17 63 D5 C6 02 F0 05 11 C3 00 53 CD 20 80 D9 67 20 81 5D 68 0D 5A 4A	[DFT] [NAM:00]は\n[PAL:02] ┌発明の友 [KATAKANA]レベル[HIRAGANA][NUM:02F005]┘[PAL:00]の\n 本を 読んでみた		pending
C0-07B181	0x07B181	0031	D7 20 C2 00 54 CD C3 02 20 10 80 27 80 14 53 81 69 20 D4 64 17 63 D5 C6 02 F0 05 11 C3 00 53 CD 20 80 D9 67 20 81 5D 5A 40 3E 46 4A D1 CF DA DA 81	[DFT] [NAM:00]は\n[PAL:02] ┌発明の友 [KATAKANA]レベル[HIRAGANA][NUM:02F005]┘[PAL:00]の\n 本を 読みかえした[FIN][STR:DADA81]		pending
C0-07B1C9	0x07B1C9	0016	D7 81 C1 56 6E 4A 7D 81 C1 56 6E 4A 7D CD 5E 6E 4A 20 5E 6E 4A 7D	[DFT]雨ふった!雨ふった!\nやった やった!		pending
C0-07B23D	0x07B23D	0044	D7 44 44 20 3F 64 53 80 81 7D CD 3B 46 4A 20 3F 59 3E 67 80 C7 80 C8 50 81 55 81 56 47 63 CD 80 C7 80 C8 47 04 3C 20 3F 59 3E 80 89 50 80 31 63 7D CD 80 26 80 59 54 20 80 81 53 80 1C 80 54 63 4E 3C 3C 1F	[DFT]ここ おれの村!\nあした おまえを火山に案内する\n火山すごい おまえ気に入る!\n今日は 村の中見るといい˳		pending
C0-07B282	0x07B282	0047	D7 80 26 80 59 54 20 80 C7 80 C8 80 54 63 53 50 3C 3C 80 59 7D CD 3F 59 3E 20 81 F6 53 81 33 4C 3C 4D 42 63 7D CD 3F 64 20 80 C7 80 C8 50 81 55 81 56 47 63 7D CD 81 93 80 BF 60 65 44 16 7D 5A 68 4F 60 65 44 16 7D	[DFT]今日は 火山見るのにいい日!\nおまえ 俺の後ついてくる!\nおれ 火山に案内する!\n神樣よろこぶ!みんなよろこぶ!		pending
C0-07B367	0x07B367	0035	D7 6B 02 1D B4 B3 6B D7 80 C7 80 C8 20 81 93 80 BF 00 80 DD 68 0D 63 CD 0D 5D 20 81 93 80 BF 3F 44 6E 4D 63 CD 81 93 80 BF 3F 44 63 4E 20 4E 4D 5D 44 66 3C 7D	[DFT]ぅぐぽ[BYTE:B4][BYTE:B3]ぅ[DFT]火山 神樣が住んでる\nでも 神樣おこってる\n神樣おこると とてもこわい!		pending
C0-07B39D	0x07B39D	0016	D7 44 66 3C 20 44 66 3C CD 59 4A 20 81 93 80 BF 3F 44 6E 4D 63 7D	[DFT]こわい こわい\nまた 神樣おこってる!		pending
C0-07B3B4	0x07B3B4	003F	D7 4A 3C 57 68 20 4A 3C 57 68 CD 41 4E 3D 80 AD 00 20 81 93 80 BF 53 4A 4A 62 4E 81 10 6E 4D CD 80 81 53 80 46 20 5A 68 4F D4 52 07 5A D5 50 46 4A 7D CD 0E 3D 46 60 3D 20 0E 3D 46 60 3D 1F	[DFT]たいへん たいへん\nきとう師が 神樣のたたりと言って\n村の人 みんな[KATAKANA]ネズミ[HIRAGANA]にした!\nどうしよう どうしよう˳		pending
C0-07B3F4	0x07B3F4	0037	D7 3F 59 3E 20 80 81 53 80 46 80 9A 43 4A 7D CD 81 93 80 BF 5D 20 3F 44 61 4F 42 4F 6E 4A 7D CD 3F 64 4A 4B 20 3D 64 46 3C 7D CD 5A 68 4F 20 3F 59 3E 53 3F 40 03 7D	[DFT]おまえ 村の人助けた!\n神樣も おこらなくなった!\nおれたち うれしい!\nみんな おまえのおかげ!		pending
C0-07B42C	0x07B42C	0013	D7 D4 52 07 5A D5 3C 61 4F 3C 7D CD 3B 6E 4B 80 1E 42 7D	[DFT][KATAKANA]ネズミ[HIRAGANA]いらない!\nあっち行く!		pending
C0-07B4E8	0x07B4E8	0029	D7 6B 02 1D 60 B5 6B D7 60 42 41 4A 20 60 42 41 4A CD 40 68 03 3C 7D 40 68 03 3C 7D CD 44 64 20 40 68 03 3C 53 3F 0E 62 7D	[DFT]ぅぐぽよ[BYTE:B5]ぅ[DFT]よくきた よくきた\nかんげい!かんげい!\nこれ かんげいのおどり!		pending
C0-07B512	0x07B512	002B	D7 4A 42 45 68 20 80 52 46 40 43 63 53 0A 5C 7D CD 3F 0E 62 20 5A 68 4F 4E 3C 6E 46 71 50 CD 3D 59 42 20 3F 0E 64 4F 42 4F 63 7D	[DFT]たくさん 話しかけるのだめ!\nおどり みんなといっしょに\nうまく おどれなくなる!		pending
C0-07B53E	0x07B53E	0021	D7 44 7E 44 64 20 59 60 43 53 3F 0E 62 6E 7D CD 82 2B 68 0A 80 46 20 80 EF 6E 4D 41 4B 6F 0A 5C 7D	[DFT]こ·これ まよけのおどりっ!\n死んだ人 帰ってきちゃだめ!		pending
C0-07B560	0x07B560	0031	D7 4A 3C 57 68 20 4A 3C 57 68 7D CD 5A 68 4F 20 52 07 5A 50 4F 6E 4A 7D CD 52 07 5A 20 3F 0E 63 44 4E 0D 41 4F 3C CD 44 59 6E 4A 20 44 59 6E 4A 1F	[DFT]たいへん たいへん!\nみんな ねずみになった!\nねずみ おどることできない\nこまった こまった˳		pending
C0-07B592	0x07B592	0023	D7 3F 59 3E 20 5E 6E 19 62 81 93 80 BF 53 80 08 3C 7D CD 44 64 20 81 93 80 BF 67 4A 4A 3E 63 3F 0E 62 7D	[DFT]おまえ やっぱり神樣の使い!\nこれ 神樣をたたえるおどり!		pending
C0-07B5B6	0x07B5B6	001D	D7 44 64 20 81 C1 04 3C 53 3F 0E 62 7D CD 3B 4C 42 4D 20 3F 0E 63 53 5D 4A 3C 57 68 7D	[DFT]これ 雨ごいのおどり!\nあつくて おどるのもたいへん!		pending
C0-07B5D4	0x07B5D4	001A	D7 81 C1 56 6E 4A 20 81 C1 56 6E 4A 7D CD 44 64 20 40 68 03 41 53 3F 0E 62 7D	[DFT]雨ふった 雨ふった!\nこれ かんげきのおどり!		pending
C0-07B6C0	0x07B6C0	0032	D7 52 07 5A 50 4F 63 4E 20 81 49 80 CA 0D 41 4F 3C 7D CD 81 49 80 CA 0D 41 4F 3C 4E 20 3F 64 20 81 09 80 56 4F 3C 7D CD 44 59 6E 4A 20 44 59 6E 4A 1F	[DFT]ねずみになると 料理できない!\n料理できないと おれ 仕事ない!\nこまった こまった˳		pending
C0-07B6F3	0x07B6F3	0025	D7 52 07 5A 6E 7D CD 52 07 5A 20 47 04 3C 04 4B 49 3D 7D CD 3F 59 3E 20 81 49 80 CA 53 81 19 81 49 50 4F 63 7D	[DFT]ねずみっ!\nねずみ すごいごちそう!\nおまえ 料理の材料になる!		pending
C0-07B719	0x07B719	006F	D7 D4 3F 64 D5 20 44 53 80 81 53 81 49 80 CA 80 46 7D CD D4 3F 64 D5 20 3F 3C 46 3C 81 49 80 CA 80 23 63 7D CD 81 49 80 CA 53 81 19 81 49 20 44 53 4C 18 0D CD 02 4C 02 4C 20 50 44 5B 7D 7D D1 80 26 80 59 53 20 81 49 80 CA 53 81 19 81 49 54 7E 7E 7E CD C3 02 C9 1E 3B C9 0A 68 C9 0A 4A C9 0A 53 20 C9 0A 82 23 C9 0A 0A C9 0A 60 C3 00	[DFT][KATAKANA]オレ[HIRAGANA] この村の料理人!\n[KATAKANA]オレ[HIRAGANA] おいしい料理作る!\n料理の材料 このつぼで\nぐつぐつ にこむ!![FIN]今日の 料理の材料は···\n[PAL:02][PAU:1E]あ[PAU:0A]ん[PAU:0A]た[PAU:0A]の [PAU:0A]肉[PAU:0A]だ[PAU:0A]よ[PAL:00]		pending
C0-07B789	0x07B789	002E	D7 3F 0E 65 3C 4A 40 0F CD C9 1E 44 64 20 3F 64 4A 4B 53 80 81 50 4C 4A 66 63 CD 81 90 3C 06 71 3D 0A 68 7D CD 5A 68 4F 20 3F 0E 65 42 1F	[DFT]おどろいたか?\n[PAU:1E]これ おれたちの村につたわる\n古いじょうだん!\nみんな おどろく˳		pending
C0-07B7B8	0x07B7B8	0033	D7 44 53 04 65 20 80 C7 80 C8 50 CD 14 43 5D 53 20 3B 61 66 64 63 CD 14 43 5D 53 20 50 4D 5D 5E 3C 4D 5D 80 CB 3E 4F 3C CD 3F 64 20 3D 64 46 42 4F 3C 7D	[DFT]このごろ 火山に\nばけもの あらわれる\nばけもの にてもやいても食えない\nおれ うれしくない!		pending
C0-07B7EC	0x07B7EC	0032	D7 3F 7E 3F 64 20 4A 0A 53 81 49 80 CA 80 23 63 80 46 7D CD 3F 64 20 4B 6E 4E 5D 80 42 42 4F 3C 7D CD 0A 40 61 20 3F 64 20 3D 61 5B 53 60 42 4F 3C 7D	[DFT]お·おれ ただの料理作る人!\nおれ ちっとも悪くない!\nだから おれ うらむのよくない!		pending
C0-07B81F	0x07B81F	0045	D7 3F 59 3E 20 80 81 53 3E 3C 5F 3D 7D CD 3F 64 20 3F 59 3E 53 4A 5C 20 81 49 80 CA 4C 42 63 CD 80 26 80 59 54 20 D4 3B 62 03 73 4A 73 D5 53 40 61 3B 03 7D CD 3F 01 42 18 0D 54 20 4B 71 6E 4E 81 47 80 00 7D	[DFT]おまえ 村のえいゆう!\nおれ おまえのため 料理つくる\n今日は [KATAKANA]アリゲーター[HIRAGANA]のからあげ!\nおぎくぼでは ちょっと有名!		pending
C0-07B865	0x07B865	001C	D7 3B 4C 42 4D 20 81 49 80 CA 5D 4A 3C 57 68 7D CD 3F 64 20 3B 48 20 0A 42 0A 42 7D	[DFT]あつくて 料理もたいへん!\nおれ あせ だくだく!		pending
C0-07B91E	0x07B91E	0040	D7 6B 02 1D 01 BA 6B D7 44 44 20 3F 59 3E 53 52 63 4E 44 CD 0D 5D 20 80 26 52 63 53 54 4F 59 43 5D 53 CD 80 81 53 80 1C 20 02 63 02 63 59 66 63 CD 4C 40 64 4D 52 5B 63 20 44 64 81 1D 81 6F 7D	[DFT]ぅぐぽぎ[BYTE:BA]ぅ[DFT]ここ おまえのねるとこ\nでも 今ねるのはなまけもの\n村の中 ぐるぐるまわる\nつかれてねむる これ最高!		pending
C0-07B95F	0x07B95F	005B	D7 3C 6E 19 3C 20 80 81 59 66 6E 4A 40 0F CD 3F 59 3E 20 80 14 80 59 54 80 C7 80 C8 50 80 1E 42 CD 80 26 80 59 52 63 4E 20 80 14 80 59 80 85 80 89 3C 6E 19 3C 7D D1 3F 59 3E 53 D4 17 6E 0E D5 20 D4 11 D5 53 81 04 7D CD 45 3B 20 52 63 52 63 CD 3F 5E 47 5A 20 3F 5E 47 5A 1F	[DFT]いっぱい 村まわったか?\nおまえ 明日は火山に行く\n今日ねると 明日元気いっぱい![FIN]おまえの[KATAKANA]ベッド[HIRAGANA] [KATAKANA]←[HIRAGANA]の方!\nさあ ねるねる\nおやすみ おやすみ˳		pending
C0-07B9BB	0x07B9BB	0045	D7 80 26 80 59 5D 20 4E 4D 5D 3C 3C 80 88 80 89 7D CD 3F 59 3E 20 80 26 80 59 80 C7 80 C8 50 80 1E 42 CD 81 55 81 56 47 63 81 2A 20 80 81 53 80 45 80 A8 50 3C 63 CD 80 1E 6E 4D 44 3C 20 80 1E 6E 4D 44 3C 7D	[DFT]今日も とてもいい天気!\nおまえ 今日火山に行く\n案内する奴 村の出口にいる\n行ってこい 行ってこい!		pending
C0-07BA01	0x07BA01	0039	D7 3F 64 5D 52 07 5A 20 5A 68 4F 5D 52 07 5A CD 80 81 80 1C 20 52 07 5A 0A 61 43 CD 5A 68 4F 20 41 4E 3D 80 AD 53 46 66 05 7D CD 3F 64 53 81 BA 80 12 20 3B 00 6E 4A 62 7D	[DFT]おれもねずみ みんなもねずみ\n村中 ねずみだらけ\nみんな きとう師のしわざ!\nおれの商売 あがったり!		pending
C0-07BA3B	0x07BA3B	002D	D7 3F 7E 3F 59 3E 67 20 80 C7 80 C8 50 82 2C 6E 4A 53 CD 41 4E 3D 80 AD 53 20 5C 7E 81 3C 80 B4 7D CD 3F 7E 3F 64 20 80 42 42 4F 3C 7D	[DFT]お·おまえを 火山に送ったの\nきとう師の め·命令!\nお·おれ 悪くない!		pending
C0-07BA69	0x07BA69	002D	D7 3F 59 3E 20 80 81 53 82 2D 80 46 7D CD 80 81 53 82 2D 80 46 54 20 3B 4C 42 5D 4D 4F 47 7D CD 81 0B 41 4F 0A 43 20 52 63 4E 3C 3C 7D	[DFT]おまえ 村の恩人!\n村の恩人は あつくもてなす!\n好きなだけ ねるといい!		pending
C0-07BB93	0x07BB93	007F	D7 3F 5E 20 C2 00 42 68 CD 81 46 5D 20 81 4A 81 1C 67 3D 43 4A 53 40 52 0F CD 66 4A 46 40 52 0F 66 4A 46 54 44 64 5D CD 81 09 80 56 53 3D 4B 0D 4F 20 54 6E 54 6E 54 6E D1 4E 44 65 0D 41 5A 20 C3 03 D4 65 73 07 D5 C3 00 81 46 67 CD 80 54 40 43 4F 40 6E 4A 40 52 0F CD 44 64 40 61 3C 6E 46 71 50 81 DD C9 14 7E 7E 7E 3C 5E CD 81 4B 80 A2 50 80 45 60 3D 4E 80 7A 6E 4A 68 0A 00 4F 1F	[DFT]おや [NAM:00]くん\n君も 招待をうけたのかね?\nわたしかね?わたしはこれも\n仕事のうちでな はっはっはっ[FIN]ところできみ [PAL:03][KATAKANA]ローズ[HIRAGANA][PAL:00]君を\n見かけなかったかね?\nこれからいっしょに海[PAU:14]···いや\n視察に出ようと思ったんだがな˳		pending
C0-07BC13	0x07BC13	0038	D7 D4 65 73 07 81 46 D5 67 80 54 40 43 4A 61 CD 47 02 5D 0E 63 60 3D 50 81 1B 3E 4D 42 64 CD 48 6E 40 42 20 81 4B 80 A2 50 3C 3C 80 88 80 89 4F 53 50 CD 59 6E 4A 42 7D	[DFT][KATAKANA]ローズ君[HIRAGANA]を見かけたら\nすぐもどるように伝えてくれ\nせっかく 視察にいい天気なのに\nまったく!		pending
C0-07BD3D	0x07BD3D	004A	D7 6B 02 1D C6 BD 6B D7 44 44 20 80 81 53 41 4E 3D 80 AD 80 BF 53 80 55 7D CD 41 4E 3D 80 AD 20 81 93 80 BF 53 3C 40 62 3F 45 5C 63 CD 0A 40 61 20 41 4E 3D 80 AD 80 BF 3E 61 3C CD 0A 40 61 20 5A 4C 01 5D 53 3C 6E 19 3C 7D	[DFT]ぅぐぽ[NUM:BD6BD7]ここ 村のきとう師樣の家!\nきとう師 神樣のいかりおさめる\nだから きとう師樣えらい\nだから みつぎものいっぱい!		pending
C0-07BD88	0x07BD88	003D	D7 41 4E 3D 80 AD 80 BF 20 80 26 20 3F 0D 40 43 7D CD 41 4E 3D 80 AD 80 BF 20 63 47 53 81 2B CD 80 55 53 80 1C 50 54 20 0A 64 5D 80 31 64 4F 3C CD 0A 40 61 20 3F 59 3E 5D 80 EF 63 7D	[DFT]きとう師樣 今 おでかけ!\nきとう師樣 るすの間\n家の中には だれも入れない\nだから おまえも帰る!		pending
C0-07BDC6	0x07BDC6	002B	D7 3F 64 20 4E 4D 5D 59 4B 00 6E 4D 4A CD 41 4E 3D 80 AD 20 80 D9 81 15 54 80 42 3C 81 2A CD 3F 64 20 4E 4D 5D 54 07 40 46 3C 1F	[DFT]おれ とてもまちがってた\nきとう師 本当は悪い奴\nおれ とてもはずかしい˳		pending
C0-07BDF2	0x07BDF2	003C	D7 41 4E 3D 80 AD 80 BF 20 80 26 80 81 80 82 53 80 55 50 3C 63 CD 80 81 80 82 20 41 4E 3D 80 AD 80 BF 53 81 10 3D 44 4E 81 41 43 14 CD 4B 6F 68 4E 20 5A 68 4F 80 85 50 5D 0E 63 7D	[DFT]きとう師樣 今村長の家にいる\n村長 きとう師樣の言うこと聞けば\nちゃんと みんな元にもどる!		pending
C0-07BE2F	0x07BE2F	0036	D7 3F 7E 3F 64 20 4B 6E 4E 5D 44 66 42 4F 3C 7D CD 3F 64 20 41 4E 3D 80 AD 80 BF 20 80 3D 06 4D 63 7D CD 41 4E 3D 80 AD 80 BF 50 54 20 81 93 80 BF 4C 3C 4D 63 7D	[DFT]お·おれ ちっともこわくない!\nおれ きとう師樣 信じてる!\nきとう師樣には 神樣ついてる!		pending
C0-07BE66	0x07BE66	0042	D7 CD 5E 5E 5E 5E 5E 5E 5E 5E 5E 6E 7D CD DC 09 3F 7E 3F 7E 3F 59 3E 6E 7D 0F D1 DC 01 4A 3C 57 68 20 4A 3C 57 68 7D CD 82 2B 68 0A 80 46 20 80 D0 41 81 6C 6E 4A 7D CD 4A 4A 62 7D 4A 4A 62 7D DC 00	[DFT]\nやややややややややっ!\n[NXT]ぞお·お·おまえっ!?[FIN][NXT]ぎたいへん たいへん!\n死んだ人 生き返った!\nたたり!たたり![NXT]が		pending
C0-07BEA9	0x07BEA9	0027	D7 3F 59 3E 20 60 42 80 EF 6E 4D 41 4A 7D CD 80 81 80 82 00 20 3F 59 3E 67 81 1C 6E 4D 63 7D CD 54 5E 42 80 1E 42 7D	[DFT]おまえ よく帰ってきた!\n村長が おまえを待ってる!\nはやく行く!		pending
C0-07BF69	0x07BF69	00FD	D7 3F 64 20 80 80 53 5B 40 46 80 52 81 0E 6E 4D 63 CD 81 41 41 4A 3C 40 0F CD 20 81 41 40 48 4D 20 81 41 40 48 4D CD 20 81 27 50 20 3C 3C 60 CC D0 5B 40 46 5B 40 46 20 44 53 80 80 50 CD 81 93 80 BF 20 80 1A 40 61 56 6E 4D 41 4A CD 81 93 80 BF 20 80 C7 5D 82 2E 42 4F 3C CD 81 93 80 BF 20 D4 5E 62 D5 5D 82 2A 42 4F 3C D1 5B 40 46 53 80 81 53 80 46 20 80 C7 80 C8 50 81 37 6E 4D 4A CD 06 46 68 3C 6E 19 3C 20 80 C7 53 82 2F 3C 6E 19 3C CD 0D 5D 81 93 80 BF 20 80 C7 80 C8 50 80 1E 6E 4D CD 80 C7 80 C8 67 20 3F 4E 4F 46 42 45 48 4A 7D D1 3B 63 80 87 20 81 93 80 BF 3C 4F 42 4F 6E 4A CD 81 93 80 BF 53 3C 63 80 18 80 3B 20 80 81 80 82 0A 43 81 0E 6E 4D 63 CD 0D 5D 81 93 80 BF 20 80 81 53 80 46 81 37 6E 4A 80 87 CD 41 6E 4E 20 59 4A 20 80 9A 43 4D 42 64 63 1F	[DFT]おれ 島のむかし話知ってる\n聞きたいか?\n 聞かせて 聞かせて\n 別に いいよ[TER][CLR]むかしむかし この島に\n神樣 空からふってきた\n神樣 火も熱くない\n神樣 [KATAKANA]ヤリ[HIRAGANA]も痛くない[FIN]むかしの村の人 火山に困ってた\nじしんいっぱい 火の粉いっぱい\nでも神樣 火山に行って\n火山を おとなしくさせた![FIN]ある時 神樣いなくなった\n神樣のいる場所 村長だけ知ってる\nでも神樣 村の人困った時\nきっと また 助けてくれる˳		pending
C0-07C067	0x07C067	002A	D0 81 41 42 54 20 80 ED 80 87 53 54 06 7D CD 81 41 40 51 54 20 80 ED 80 D0 53 54 06 7D CD 3C 4C 0D 5D 20 81 41 41 50 44 3C 7D	[CLR]聞くは 一時のはじ!\n聞かぬは 一生のはじ!\nいつでも 聞きにこい!		pending
C0-07C092	0x07C092	0080	D7 41 4E 3D 80 AD 20 80 50 4F 80 7C 0D CD 5A 68 4F 67 20 D4 52 07 5A D5 50 46 4A 7D CD 41 4E 3D 80 AD 20 81 93 80 BF 53 3C 63 80 18 80 3B 81 41 41 50 CD 80 81 80 82 53 80 55 50 20 80 1E 6E 4A 7D D1 3B 3C 4C 20 80 D9 81 15 54 80 42 3C 81 2A 7D CD 81 93 80 BF 53 80 18 80 3B 20 81 0E 61 64 4A 61 80 43 80 50 7D CD 3F 59 3E 20 81 93 80 BF 53 80 08 3C 7D CD 80 81 80 82 20 80 9A 43 63 7D	[DFT]きとう師 変な光で\nみんなを [KATAKANA]ネズミ[HIRAGANA]にした!\nきとう師 神樣のいる場所聞きに\n村長の家に 行った![FIN]あいつ 本当は悪い奴!\n神樣の場所 知られたら大変!\nおまえ 神樣の使い!\n村長 助ける!		pending
C0-07C113	0x07C113	004A	D7 80 81 53 81 10 3C 81 1B 3E 20 44 3D 81 10 6E 4D 63 CD 3C 4C 40 20 81 93 80 BF 53 80 08 3C 5E 6E 4D 41 4D CD 80 81 67 81 9C 3C 20 80 81 53 80 74 80 D2 43 81 18 63 CD 3F 59 3E 41 6E 4E 20 80 74 20 80 36 50 80 31 64 63 7D	[DFT]村の言い伝え こう言ってる\nいつか 神樣の使いやってきて\n村を救い 村の宝受け取る\nおまえきっと 宝 手に入れる!		pending
C0-07C15E	0x07C15E	0045	D7 3F 64 20 80 54 4A 7D CD 80 C7 80 C8 53 82 30 53 20 80 CD 80 C4 53 3C 62 3E 50 CD 80 50 4F 81 3E 20 50 03 4D 6E 4A D1 80 50 4F 81 3E 20 80 50 4F 80 C2 50 80 68 6E 4D CD 3C 62 3E 40 61 20 80 45 4D 6E 4A 7D	[DFT]おれ 見た!\n火山の裹の 秘密のいりえに\n変な男 にげてった[FIN]変な男 変な船に乘って\nいりえから 出てった!		pending
C0-07C1D9	0x07C1D9	00BF	D7 E0 04 C2 00 06 6F 4F 3C 53 7D CD 7E 7E 7E 55 71 6E 4E 46 4D 81 46 5D 81 4A 81 1C 80 40 67 CD 5D 61 6E 4D 20 44 44 50 80 10 4A 53 0F D1 3B 3B 5D 3D 6E 20 0A 59 45 64 5E 47 3C 81 02 52 7D CD 3B 53 81 4A 81 1C 80 40 67 5D 61 6E 4A 80 46 4A 4B 00 CD 80 1E 81 04 80 60 80 14 50 4F 6E 4D 63 53 20 81 0E 61 4F 3C 53 0F D1 3B 4A 46 54 52 20 44 53 80 ED 81 24 50 CD 3B 53 20 D4 54 6E 40 73 D5 4E 40 3C 3D 81 2A 61 00 CD 81 81 81 82 46 4D 63 4E 20 50 61 68 0D 63 53 60 D1 3C 3C 0F 80 EA 40 80 50 66 6E 4A 44 4E 00 3B 6E 4A 61 CD 3B 4A 46 50 81 0E 61 48 63 53 60 20 66 40 6E 4A 0F	[DFT][E2:04C2]がじゃないの!\n···ひょっとして君も招待状を\nもらって ここに来たの?[FIN]ああもうっ だまされやすい子ね!\nあの招待状をもらった人たちが\n行方不明になってるの 知らないの?[FIN]あたしはね この一件に\nあの [KATAKANA]ハッカー[HIRAGANA]とかいう奴らが\n關係してると にらんでるのよ[FIN]いい?何か変わったことがあったら\nあたしに知らせるのよ わかった?		pending
C0-07C299	0x07C299	0038	D7 E0 04 0E 3D 0F 80 EA 40 66 40 6E 4A 53 0F CD 3E 0F C9 0A 3B 4A 46 4E 20 80 52 00 46 4A 40 6E 4A 0A 43 0F CD C9 1E 40 7E 40 66 3C 3C 44 4E 81 10 3D 06 6F 4F 3C 53 1F	[DFT][E2:040E]う?何かわかったの?\nえ?[PAU:0A]あたしと 話がしたかっただけ?\n[PAU:1E]か·かわいいこと言うじゃないの˳		pending
C0-07C2E3	0x07C2E3	000E	D7 CD 20 3E 61 3C 20 80 81 80 82 53 80 55	[DFT]\n えらい 村長の家		pending
C0-07C325	0x07C325	0009	D7 02 62 02 00 B1 C3 02 0C	[DFT]ぐりぐが[BYTE:B1][PAL:02]づ		pending
C0-07C3B6	0x07C3B6	002D	D7 81 42 53 80 46 20 60 42 80 10 4A 7D CD 80 CE 20 44 53 80 81 53 80 81 80 82 7D CD 81 42 53 80 46 20 4E 4D 5D 20 40 68 03 3C 47 63 7D	[DFT]旅の人 よく来た!\n私 この村の村長!\n旅の人 とても かんげいする!		pending
C0-07C3E4	0x07C3E4	0033	D7 81 42 53 80 46 20 47 59 4F 3C CD 4E 4D 5D 20 54 07 40 46 3C 80 3B 80 54 48 4A CD 0D 5D 20 3B 64 20 4F 68 0D 5D 4F 3C CD 81 D0 64 63 20 81 D0 64 63 7D	[DFT]旅の人 すまない\nとても はずかしい所見せた\nでも あれ なんでもない\n忘れる 忘れる!		pending
C0-07C418	0x07C418	00DF	D7 81 93 53 3C 43 50 3E 20 80 EF 6E 4D 41 4A 7D CD 41 6E 4E 3F 59 3E 20 80 D9 81 15 53 81 93 53 80 08 3C 7D CD 81 93 53 80 08 3C 20 80 81 67 81 9C 3D 7D CD 81 93 53 80 08 3C 20 80 81 80 82 53 80 52 81 41 42 7D D1 80 81 53 81 93 80 BF 20 80 D9 81 15 54 5E 45 46 3C 81 93 80 BF CD 0D 5D 41 4E 3D 80 AD 20 44 3D 81 10 6E 4A CD 3C 43 50 3E 4F 3C 4E 20 81 93 80 BF 3F 44 63 7D CD 81 93 80 BF 3F 44 63 4E 20 80 C7 80 C8 00 3F 44 63 7D D1 80 80 50 41 4A 80 46 4A 4B 20 3C 43 50 3E 50 4F 6E 4A CD 81 93 80 BF 20 80 26 80 EE 54 C3 03 81 88 46 3C 81 7E C3 00 58 46 00 6E 4D 63 CD 0D 5D 20 80 81 50 81 88 46 3C 81 7E 3C 4F 3C CD 80 81 80 82 20 4E 4D 5D 44 59 6E 4A 20 44 59 6E 4A	[DFT]神のいけにえ 帰ってきた!\nきっとおまえ 本当の神の使い!\n神の使い 村を救う!\n神の使い 村長の話聞く![FIN]村の神樣 本当はやさしい神樣\nでもきとう師 こう言った\nいけにえないと 神樣おこる!\n神樣おこると 火山がおこる![FIN]島にきた人たち いけにえになった\n神樣 今度は[PAL:03]美しい娘[PAL:00]ほしがってる\nでも 村に美しい娘いない\n村長 とてもこまった こまった		pending
C0-07C4F8	0x07C4F8	00DD	D7 3F 59 3E 20 80 81 67 81 9C 6E 4A 7D CD 3F 59 3E 20 81 93 80 BF 53 80 08 3C 7D CD 80 81 80 82 53 80 55 50 54 20 5B 40 46 40 61 CD 44 68 4F 20 81 10 3C 81 1B 3E 00 3B 63 D1 80 81 67 81 9C 3D 20 81 93 80 BF 53 80 08 3C 42 63 CD 81 93 80 BF 53 80 08 3C 67 20 46 68 0D 68 50 81 C9 64 4D 42 CD 46 68 0D 68 50 20 81 93 80 BF 53 80 74 3B 63 CD 81 93 80 BF 53 80 74 20 49 3C 4C 53 5D 53 7D D1 44 53 56 4A 62 20 80 81 80 82 50 80 08 3E 63 81 26 CD 46 68 0D 68 53 80 1C 57 53 CD 80 5F 67 80 9F 43 63 44 4E 0D 41 63 D1 44 3C 4C 61 50 20 46 68 0D 68 53 81 55 81 56 45 48 63 CD 44 53 56 4A 62 4E 20 46 68 0D 68 50 80 1E 6E 4D CD 81 93 53 80 74 20 3D 43 4E 6E 4D 58 46 3C 1F	[DFT]おまえ 村を救った!\nおまえ 神樣の使い!\n村長の家には むかしから\nこんな 言い伝えがある[FIN]村を救う 神樣の使いくる\n神樣の使いを しんでんに連れてく\nしんでんに 神樣の宝ある\n神樣の宝 そいつのもの![FIN]このふたり 村長に使える者\nしんでんの中への\n道を開けることできる[FIN]こいつらに しんでんの案内させる\nこのふたりと しんでんに行って\n神の宝 うけとってほしい˳		pending
C0-07C5D6	0x07C5D6	0043	D7 3F 59 3E 4E 20 3B 53 81 7E 20 82 31 80 89 00 3B 63 7D CD 0D 5D 20 3F 59 3E 20 81 44 80 89 7D CD 3F 59 3E 20 81 93 53 80 08 3C 7D CD 41 6E 4E 20 80 D9 81 15 53 81 93 80 BF 20 80 E9 6E 4D 42 64 63 7D	[DFT]おまえと あの娘 男気がある!\nでも おまえ 平気!\nおまえ 神の使い!\nきっと 本当の神樣 守ってくれる!		pending
C0-07C61A	0x07C61A	00C1	D7 3F 59 3E 20 81 93 53 80 74 80 36 50 80 31 64 4A 40 7D CD 44 64 40 61 3F 59 3E 67 20 80 81 80 ED 80 1B 53 CD 3E 3C 5F 3D 50 3B 4A 3E 63 20 80 00 80 01 0D 60 16 7D CD 49 53 80 00 80 01 C3 02 20 D4 58 68 06 6F 61 57 53 57 D5 7D D1 C3 00 81 93 80 BF 53 80 00 80 01 40 4A 63 20 80 42 81 26 CD 81 DD 53 81 04 57 20 50 03 4A 61 46 3C CD C3 02 80 C6 80 A4 53 80 01 50 3C 63 20 80 81 53 81 3E CD C3 00 80 50 4F 81 3E 20 81 DD 50 80 1E 42 53 67 80 54 4A 61 46 3C D1 0D 5D 20 44 64 0D 20 80 81 54 81 11 80 E6 7D CD 44 64 20 5A 68 4F CD D4 58 68 06 6F 61 57 53 57 D5 53 20 3F 40 03 7D 7D	[DFT]おまえ 神の宝手に入れたか!\nこれからおまえを 村一番の\nえいゆうにあたえる 名前でよぶ!\nその名前[PAL:02] [KATAKANA]ホンジャラヘノヘ[HIRAGANA]![FIN][PAL:00]神樣の名前かたる 悪者\n海の方へ にげたらしい\n[PAL:02]宿屋の前にいる 村の男\n[PAL:00]変な男 海に行くのを見たらしい[FIN]でも これで 村は安心!\nこれ みんな\n[KATAKANA]ホンジャラヘノヘ[HIRAGANA]の おかげ!!		pending
C0-07C6DC	0x07C6DC	0026	D7 D3 69 C6 D7 E0 1B CD 3F 59 3E 53 44 4E 54 20 44 64 40 61 07 6E 4E CD 44 53 80 80 0D 20 40 4A 62 4C 00 64 63 7D	[DFT][JMP]ぁ[NUM:D7E01B]\nおまえのことは これからずっと\nこの島で かたりつがれる!		pending
C0-07C703	0x07C703	0081	D7 E0 1B CD 60 42 41 4A 20 60 42 41 4A 7D CD 80 26 20 44 53 80 81 4E 4D 5D 81 37 6E 4D 3C 63 7D D1 44 44 81 77 80 59 20 81 C1 00 08 68 08 68 56 61 4F 3C CD 80 81 53 80 1C 20 40 61 40 61 CD 80 81 53 80 46 5D 20 40 61 40 61 D1 D4 58 68 06 6F 61 57 53 57 D5 53 80 32 0D CD 81 C1 20 56 61 47 44 4E 0D 41 4F 3C 40 0F CD 3F 59 3E 20 81 93 80 BF 53 80 08 3C CD 41 6E 4E 20 81 C1 56 61 48 63 7D	[DFT][E2:1BCD]よくきた よくきた!\n今 この村とても困っている![FIN]ここ数日 雨がぜんぜんふらない\n村の中 からから\n村の人も からから[FIN][KATAKANA]ホンジャラヘノヘ[HIRAGANA]の力で\n雨 ふらすことできないか?\nおまえ 神樣の使い\nきっと 雨ふらせる!		pending
C0-07C785	0x07C785	005E	D7 E0 1B CD 3F 59 3E 20 3C 53 6E 4A 61 20 81 C1 56 6E 4A 7D CD 80 81 80 46 20 4E 4D 5D 60 65 44 68 0D 63 7D D1 3F 80 01 20 5E 6E 19 62 80 81 53 3E 3C 5F 3D 7D CD 80 81 80 82 53 20 81 5A 81 5B 53 46 63 46 7D CD 47 5A 50 3B 63 20 56 4A 4C 53 80 8D CD 46 61 17 4D 5A 63 4E 3C 3C 7D 7D	[DFT][E2:1BCD]おまえ いのったら 雨ふった!\n村人 とてもよろこんでる![FIN]お前 やっぱり村のえいゆう!\n村長の 感謝のしるし!\nすみにある ふたつの箱\nしらべてみるといい!!		pending
C0-07C7E4	0x07C7E4	0015	D7 52 07 5A 5D 60 42 41 4A 7D CD 40 68 03 3C 20 40 68 03 3C 7D	[DFT]ねずみもよくきた!\nかんげい かんげい!		pending
C0-07C8BF	0x07C8BF	0049	D7 44 53 80 46 20 80 81 80 82 7D CD 80 81 80 82 20 80 D9 81 15 54 20 80 81 0D 80 ED 80 1B 3E 61 3C 7D CD 0D 5D 81 1D 80 F1 20 41 4E 3D 80 AD 53 81 04 00 3E 61 3C 7D CD 0A 43 0E 20 4E 4D 5D 5E 45 46 3C 20 3C 3C 80 46 7D	[DFT]この人 村長!\n村長 本当は 村で一番えらい!\nでも最近 きとう師の方がえらい!\nだけど とてもやさしい いい人!		pending
C0-07C909	0x07C909	002F	D7 3C 43 50 3E 20 80 EF 6E 4D 41 4A 7D CD 41 6E 4E 3F 59 3E 20 81 93 80 BF 53 80 08 3C 7D CD 3E 61 3C 80 81 80 82 20 49 3D 81 10 6E 4D 63 7D	[DFT]いけにえ 帰ってきた!\nきっとおまえ 神樣の使い!\nえらい村長 そう言ってる!		pending
C0-07C939	0x07C939	002E	D7 3F 59 3E 20 80 81 67 81 9C 6E 4A 7D CD 3F 59 3E 20 5E 6E 19 62 81 93 53 80 08 3C 7D CD 3E 61 3C 80 81 80 82 20 49 3D 81 10 6E 4D 63 7D	[DFT]おまえ 村を救った!\nおまえ やっぱり神の使い!\nえらい村長 そう言ってる!		pending
C0-07C968	0x07C968	0042	D7 3F 64 4A 4B 20 80 CD 80 C4 53 3F 0E 62 81 0E 6E 4D 63 CD 3F 0E 62 3F 0E 63 4E 20 46 68 0D 68 53 80 5F 80 9F 42 CD 3F 59 3E 53 4A 5C 50 20 3F 0E 62 3F 0E 63 CD 3F 64 4A 4B 50 20 4C 3C 4D 42 63 7D	[DFT]おれたち 秘密のおどり知ってる\nおどりおどると しんでんの道開く\nおまえのために おどりおどる\nおれたちに ついてくる!		pending
C0-07C9AB	0x07C9AB	003F	D7 80 74 20 80 54 4C 40 6E 4A 40 0F CD 81 93 80 BF 20 80 46 67 4A 5C 47 CD 0D 5D 20 80 D9 81 15 50 81 93 80 BF 53 80 08 3C 4F 61 CD 41 6E 4E 20 81 93 80 BF 53 80 74 80 36 50 80 31 64 63 7D	[DFT]宝 見つかったか?\n神樣 人をためす\nでも 本当に神樣の使いなら\nきっと 神樣の宝手に入れる!		pending
C0-07C9EB	0x07C9EB	0033	D7 3F 59 3E 20 80 81 53 82 2D 80 46 7D 80 81 53 82 2D 80 46 7D CD 3F 59 3E 53 44 4E 20 44 64 40 61 07 6E 4E CD 80 81 0D 20 81 10 3C 81 1B 3E 61 64 63 7D	[DFT]おまえ 村の恩人!村の恩人!\nおまえのこと これからずっと\n村で 言い伝えられる!		pending
C0-07CA1F	0x07CA1F	0042	D7 80 C6 80 A4 53 80 01 50 3C 63 81 3E 20 C3 02 3C 62 3E 0D CD 80 50 4F 81 3E 20 50 03 4A 53 80 54 4A 61 46 3C CD 80 50 4F 81 3E 41 6E 4E 20 81 93 80 BF 53 80 00 80 01 40 4A 63 CD 80 42 3C 5E 4C 7D	[DFT]宿屋の前にいる男 [PAL:02]いりえで\n変な男 にげたの見たらしい\n変な男きっと 神樣の名前かたる\n悪いやつ!		pending
C0-07CA62	0x07CA62	0021	D7 80 81 07 6E 4E 20 81 C1 56 61 4F 3C CD 80 81 20 40 61 40 61 CD 3F 64 4A 4B 5D 20 40 61 40 61 1F	[DFT]村ずっと 雨ふらない\n村 からから\nおれたちも からから˳		pending
C0-07CAFB	0x07CAFB	0014	D7 CD 49 53 80 52 20 81 41 40 48 4D 5D 61 6E 4A 66 60 6E 7D	[DFT]\nその話 聞かせてもらったわよっ!		pending
C0-07CB10	0x07CB10	0034	D7 E0 04 3F 5D 46 65 3C 80 52 06 6F 4F 3C 7D CD C3 03 81 88 46 3C 81 7E C3 00 53 3C 43 50 3E 6E 4D 81 10 3D 68 4F 61 CD 44 44 50 20 3C 63 06 6F 4F 3C 53 7D	[DFT][E2:043F]もしろい話じゃない!\n[PAL:03]美しい娘[PAL:00]のいけにえって言うんなら\nここに いるじゃないの!		pending
C0-07CB45	0x07CB45	0088	D7 4B 71 6E 4E 7D C9 14 80 46 53 80 52 67 20 81 41 3C 4D 63 53 0F CD C9 14 44 53 D4 5A 68 4E D5 45 68 00 20 3C 43 50 3E 50 CD 4F 6E 4D 3B 03 63 6E 4D 81 10 6E 4D 63 53 60 7D CD 81 93 80 BF 4E 40 53 81 21 81 22 67 4C 41 4E 5C 4D 5E 63 66 D1 C2 00 CD C9 14 81 46 5D 3C 6E 46 71 50 42 63 53 60 CD 80 EA 67 20 3C 5E 49 3D 4F 80 25 46 4D 63 53 60 0F CD 40 60 66 3C 81 54 82 32 55 4E 62 0D 80 1E 40 48 63 80 89 0F	[DFT]ちょっと![PAU:14]人の話を 聞いてるの?\n[PAU:14]この[KATAKANA]ミント[HIRAGANA]さんが いけにえに\nなってあげるって言ってるのよ!\n神樣とかの正体をつきとめてやるわ[FIN][NAM:00]\n[PAU:14]君もいっしょにくるのよ\n何を いやそうな顔してるのよ?\nかよわい女性ひとりで行かせる気?		pending
C0-07CCD2	0x07CCD2	00CC	D7 6B 02 1D 4B CF 6B D8 C3 02 41 4E 3D 46 7F CD C3 00 80 81 80 82 7D 81 93 80 BF 20 80 74 81 6C 47 60 3D 50 81 10 6E 4D 63 CD 44 53 59 59 0A 4E 20 80 C7 80 C8 0E 6E 40 D4 73 D5 68 7D CD 0A 40 61 20 81 30 42 81 93 80 BF 53 80 74 81 6C 47 7D DE D8 C3 02 80 81 80 82 7F CD C3 00 81 93 80 BF 20 3C 3C 81 93 80 BF 20 49 68 4F 44 4E 46 4F 3C CD 80 81 80 82 20 81 93 80 BF 53 80 74 80 E9 63 53 00 81 09 80 56 CD 81 93 80 BF 53 80 74 20 66 4A 48 4F 3C 1F DE D8 C3 02 41 4E 3D 46 7F CD C3 00 80 81 80 82 20 04 3D 06 71 3D 7D CD 41 6E 4E 20 60 42 4F 3C 44 4E 3F 41 63 7D CD 81 30 42 81 8B 3E 80 50 3E 63 7D 59 4A 42 63 7D	[DFT]ぅぐぽち[STR:6BD8C3]ぐきとうし:\n[PAL:00]村長!神樣 宝返すように言ってる\nこのままだと 火山どっか[KATAKANA]ー[HIRAGANA]ん!\nだから 早く神樣の宝返す![TPL:D8][PAL:02]村長:\n[PAL:00]神樣 いい神樣 そんなことしない\n村長 神樣の宝守るのが仕事\n神樣の宝 わたせない˳[TPL:D8][PAL:02]きとうし:\n[PAL:00]村長 ごうじょう!\nきっと よくないことおきる!\n早く考え変える!またくる!		pending
C0-07CDC5	0x07CDC5	006A	D8 C3 02 41 4E 3D 46 7F CD C3 00 80 81 80 82 20 81 93 80 BF 53 81 10 3D 44 4E 41 40 4F 3C 7D CD 0A 40 61 81 93 80 BF 20 41 4E 3D 80 AD 50 81 10 6E 4A D1 44 64 0D 20 80 81 53 80 46 D4 52 07 5A D5 50 47 63 7D CD 81 10 3D 44 4E 41 40 4F 3C 4E D4 0A 5C D5 7D CD 81 93 80 BF 53 80 74 53 3B 63 80 18 80 3B 20 80 DB 3E 63 7D	[DF4][PAL:02]きとうし:\n[PAL:00]村長 神樣の言うこときかない!\nだから神樣 きとう師に言った[FIN]これで 村の人[KATAKANA]ネズミ[HIRAGANA]にする!\n言うこときかないと[KATAKANA]ダメ[HIRAGANA]!\n神樣の宝のある場所 教える!		pending
C0-07CE30	0x07CE30	0099	D8 C3 02 80 81 80 82 7F CD C3 00 81 93 80 BF 20 49 68 4F 44 4E 46 4F 3C CD 80 81 80 82 20 81 93 80 BF 53 80 74 80 E9 63 53 00 81 09 80 56 CD 81 93 80 BF 53 80 74 20 66 4A 48 4F 3C 1F D1 C3 02 41 4E 3D 46 7F CD C3 00 80 81 80 82 20 3B 3C 40 66 61 07 20 04 3D 06 71 3D 7D CD 44 64 20 81 93 80 BF 00 42 64 4A 59 58 3D 7D D1 81 93 80 BF 20 81 10 3D 44 4E 41 40 4F 3C 81 2A CD D4 52 07 5A D5 50 80 50 3E 4D 46 59 3E 4E 81 10 6E 4A CD 44 64 67 20 80 54 63 3C 3C 7D	[DF4][PAL:02]村長:\n[PAL:00]神樣 そんなことしない\n村長 神樣の宝守るのが仕事\n神樣の宝 わたせない˳[FIN][PAL:02]きとうし:\n[PAL:00]村長 あいかわらず ごうじょう!\nこれ 神樣がくれたまほう![FIN]神樣 言うこときかない奴\n[KATAKANA]ネズミ[HIRAGANA]に変えてしまえと言った\nこれを 見るいい!		pending
C0-07CECA	0x07CECA	002E	D8 44 64 0D 20 80 81 53 80 46 CD 5A 68 4F 20 D4 52 07 5A D5 50 4F 6E 4A CD 3B 4E 54 20 80 81 80 82 0A 43 7D CD 7E 7E 7E 7E 7E 7E 5B 6E 0F	[DF4]これで 村の人\nみんな [KATAKANA]ネズミ[HIRAGANA]になった\nあとは 村長だけ!\n······むっ?		pending
C0-07CF4B	0x07CF4B	0034	D7 4F 68 0D 20 3E 61 3C 41 4E 3D 80 AD CD 52 07 5A 50 4F 63 7D 0F CD 80 85 50 5D 0E 48 7D 5D 0E 45 4F 3C 4E CD 81 93 53 4A 4A 62 20 41 6E 4E 81 3F 4B 63 7D	[DFT]なんで えらいきとう師\nねずみになる!?\n元にもどせ!もどさないと\n神のたたり きっと落ちる!		pending
C0-07CF9F	0x07CF9F	0064	D7 3F 59 3E 20 4F 50 7D 0F CD 3E 61 3C 41 4E 3D 80 AD 20 81 93 80 BF 50 CD 3F 3C 53 62 45 45 03 4D 63 7D CD 4A 3C 48 4C 4F 20 3F 81 09 80 56 7D D1 3E 61 3C 41 4E 3D 80 AD 20 3C 53 63 4E CD 81 93 80 BF 53 81 84 20 41 44 3E 63 CD 06 6F 59 47 63 4E 20 80 88 14 4C 42 0A 63 7D CD 80 EF 63 7D 80 EF 63 7D	[DFT]おまえ なに!?\nえらいきとう師 神樣に\nおいのりささげてる!\nたいせつな お仕事![FIN]えらいきとう師 いのると\n神樣の声 きこえる\nじゃますると 天ばつくだる!\n帰る!帰る!		pending
C0-07D06B	0x07D06B	0029	D0 80 F3 02 3B 00 08 61 D0 02 1D 7A D0 80 E7 D7 CD 44 61 6E 7D CD 81 93 80 BF 53 80 18 80 3B 50 20 80 F1 0C 42 0A 5C 6E 7D	[CLR]々ぐあがぜら[CLR]ぐぽ7[CLR]小[DFT]\nこらっ!\n神樣の場所に 近づくだめっ!		pending
C0-07D188	0x07D188	003C	D0 3C 00 02 0A 02 80 02 B2 6B D8 3F 59 3E 20 44 44 0D 81 1C 4C 7D CD 47 02 50 20 81 93 80 BF 53 3F 5B 40 3E 42 63 CD 3F 64 4A 4B 20 81 93 80 BF 44 66 3C CD 0A 40 61 20 80 EF 63 7D	[CLR]いがぐだぐ技[BYTE:B2]ぅ[DF4]おまえ ここで待つ!\nすぐに 神樣のおむかえくる\nおれたち 神樣こわい\nだから 帰る!		pending
C0-07D210	0x07D210	004E	D7 DC 01 3F 5E 6E C9 1E 20 3F 4B 15 4B 6F 68 7D CD C9 1E 80 21 81 2D 3C 20 D4 4C 3B 73 D5 0A 6E 4A 52 3E 7D CD 81 1D 81 33 50 20 80 5B 80 18 00 81 61 80 27 47 63 80 3B 4F 68 4D CD 81 0A 00 3C 5D 4F 42 20 0E 41 0E 41 46 4A 60 7D DC 00	[DFT][NXT]ぎおやっ[PAU:1E] おちびちゃん!\n[PAU:1E]面白い [KATAKANA]ツアー[HIRAGANA]だったねえ!\n最後に 工場が爆発する所なんて\n年がいもなく どきどきしたよ![NXT]が		pending
C0-07D280	0x07D280	0068	D7 5E 64 5E 64 20 60 3D 5E 42 CD 80 99 50 20 80 EF 63 44 4E 00 0D 41 63 CD 44 68 4F D4 4C 3B 73 D5 CD 5D 3D 20 44 62 04 62 0A 7D D1 3E 0F 81 AA 80 F3 67 80 9A 43 80 45 46 4D 42 64 4A CD 81 7E 54 0E 3D 46 4A 40 6E 4D 0F CD 4F 68 0D 5D 20 80 46 67 45 00 47 4E 40 0D CD 0E 44 40 50 20 80 1E 6E 4D 46 59 6E 4A 09 1F	[DFT]やれやれ ようやく\n町に 帰ることができる\nこんな[KATAKANA]ツアー[HIRAGANA]\nもう こりごりだ![FIN]え?我々を助け出してくれた\n娘はどうしたかって?\nなんでも 人をさがすとかで\nどこかに 行ってしまったぞ˳		pending
C0-07D310	0x07D310	006B	D7 44 4B 61 20 81 93 80 BF 44 4E CD 80 88 80 FA 80 27 80 14 80 55 20 D4 1C 6E 19 73 D5 0D 47 CD 4A 0A 3C 59 80 E8 80 E9 50 46 4D 3F 62 59 47 D1 04 80 6C 53 81 04 54 20 80 27 80 3D 80 44 53 81 33 CD D4 5C 6E 48 73 06 D5 67 80 31 64 4D 42 0A 45 3C 1F CD C9 3C CD C3 03 1A D4 73 73 73 73 73 73 73 73 73 73 73 73 D5 6E C3 00	[DFT]こちら 神樣こと\n天才発明家 [KATAKANA]ペッパー[HIRAGANA]です\nただいま留守にしております[FIN]ご用の方は 発信音の後\n[KATAKANA]メッセージ[HIRAGANA]を入れてください˳\n[PAU:3C]\n[PAL:03]ぴ[KATAKANA]ーーーーーーーーーーーー[HIRAGANA]っ[PAL:00]		pending
C0-07D37C	0x07D37C	0060	D7 54 3C 54 3C 20 44 4B 61 CD 80 81 80 ED 80 1B 3E 61 3C 20 41 4E 3D 80 AD 7D CD 81 93 80 BF 53 81 10 3D 44 4E 20 80 EA 0D 5D 41 42 7D D1 7E 7E 7E 3B 64 0F CD C9 14 81 93 80 BF 20 80 26 80 59 4E 4D 5D 81 84 81 35 3C 7D CD 41 6E 4E 20 3C 43 50 3E 53 48 3C 7D CD 4E 4D 5D 20 3C 3C 44 4E 7D	[DFT]はいはい こちら\n村一番えらい きとう師!\n神樣の言うこと 何でもきく![FIN]···あれ?\n[PAU:14]神樣 今日とても声若い!\nきっと いけにえのせい!\nとても いいこと!		pending
C0-07D3DD	0x07D3DD	001C	D7 20 7E 7E 7E 7E 7E 7E 7E 7E 7E 7E 7E CD 20 7E 7E 7E 7E 7E 82 34 82 35 00 4F 3C 1F	[DFT] ···········\n ·····応答がない˳		pending
C0-07D477	0x07D477	0079	D7 5E 3C 20 5E 3C 20 5E 3C CD D4 3B 41 54 14 61 D5 4E D4 56 61 18 53 D5 0A 4F 7D CD 81 AA 80 F3 D4 54 6E 40 73 D5 53 80 39 80 3A 53 4A 5C 50 54 CD 3F 56 4A 62 53 80 32 00 80 09 80 0A 0A 7D D1 7E 7E 7E 4E 20 3E 61 3C 80 46 00 81 10 6E 4D 63 53 0D CD 82 2A 3C 80 7A 3C 67 20 46 4A 42 4F 40 6E 4A 61 CD 3F 4E 4F 46 42 20 3C 6E 46 71 50 CD 80 10 4D 4B 71 3D 0A 3C 1F	[DFT]やい やい やい\n[KATAKANA]アキハバラ[HIRAGANA]と[KATAKANA]フラボノ[HIRAGANA]だな!\n我々[KATAKANA]ハッカー[HIRAGANA]の研究のためには\nおふたりの力が必要だ![FIN]···と えらい人が言ってるので\n痛い思いを したくなかったら\nおとなしく いっしょに\n来てちょうだい˳		pending
C0-07D53A	0x07D53A	00A8	D0 3C 00 02 0A 04 80 80 CA D7 E0 02 D4 56 61 18 53 81 46 D5 CD 81 46 54 20 44 53 59 59 50 03 4A 59 3E CD 44 3C 4C 54 20 80 CE 00 4F 68 4E 40 46 60 3D D1 E0 0F 46 7E 46 40 46 7E 7E 7E D1 E0 02 66 54 54 20 66 4A 46 54 80 27 80 14 80 55 0A 09 0F CD 44 68 4F 80 87 53 4A 5C 50 80 F6 80 F9 4C 5D 53 67 CD 55 4E 4C 56 4A 4C 80 6C 80 48 46 4D 3B 63 68 0A D1 45 3B CD C9 1E 80 F8 4F 3C 40 61 20 81 33 65 50 80 A5 00 63 68 0A CD 4F 50 20 44 68 4F 81 2A 61 CD 3B 6E 4E 3C 3D 81 2B 50 20 56 41 4E 14 46 4D 5E 63 1F	[CLR]いがぐだご島[CA][DFT][E2:02D4]ふらぼの君[HIRAGANA]\n君は このままにげたまえ\nこいつは 私がなんとかしよう[FIN][E2:0F46]·しかし···[FIN][E2:0266]はは わたしは発明家だぞ?\nこんな時のために役立つものを\nひとつふたつ用意してあるんだ[FIN]さあ\n[PAU:1E]危ないから 後ろに下がるんだ\nなに こんな奴ら\nあっという間に ふきとばしてやる˳		pending
C0-07D65D	0x07D65D	0020	D0 64 00 02 18 6E 00 04 00 08 0B 02 CB 6B 03 00 49 00 00 02 34 50 FF 64 30 02 6A 01 10 20 E0 20	[CLR]れがぐぼっがごがぜぢぐ[CB]ぅげがそががぐTに[CMD:FF]れPぐぃぎ┌ [E2:20]		pending
C0-07D767	0x07D767	003C	D0 3C 00 02 1D 7D D7 02 D0 78 00 02 18 1A 00 06 01 17 17 02 CB 6B D7 E0 0F DC 06 7E 7E 7E 7E 7E 7E 7E 7E 7E 7E 7E 7E CD C9 1E 7E 7E 7E DC 00 D4 3B 41 54 14 61 81 46 D5 7E 7E 7E 1F	[CLR]いがぐぽ![DFT]ぐ[CLR]5がぐぼぴがじぎべべぐ[CB]ぅ[DFT][E2:0FDC]じ············\n[PAU:1E]···[NXT]が[KATAKANA]アキハバラ君[HIRAGANA]···˳		pending
C0-07D7A4	0x07D7A4	000D	D7 CD D4 4B 70 3D D5 20 D4 4B 70 3D D5	[DFT]\n[KATAKANA]チュウ[HIRAGANA] [KATAKANA]チュウ[HIRAGANA]		pending
C0-07D7FB	0x07D7FB	0045	D8 6B 02 1D 0B D8 02 34 F0 FF 02 CF DB D7 87 6B D7 44 53 80 A5 20 80 C7 80 C8 CD 80 C7 80 C8 53 80 1C 20 D4 47 62 63 D5 59 68 4D 68 7D CD 44 44 40 61 20 3F 59 3E 55 4E 62 7D CD 3F 64 20 44 44 0D 81 1C 4C 7D	[DF4]ぅぐぽぢ[DF4]ぐT[CMD:F0][CMD:FF]ぐ[STR:DBD787]ぅ[DFT]この下 火山\n火山の中 [KATAKANA]スリル[HIRAGANA]まんてん!\nここから おまえひとり!\nおれ ここで待つ!		pending
C0-07D858	0x07D858	008A	D8 80 F5 02 1D 70 D8 02 0A 85 80 64 30 02 50 30 00 00 20 17 00 02 B2 6B D7 C3 02 D4 00 3C 0E D5 7F CD C3 00 82 36 80 7C 4F 68 4D 20 80 D9 81 15 54 3D 49 7D CD 3D 49 4C 41 20 60 42 4F 3C 00 CD 81 93 80 BF 20 3C 43 50 3E 58 46 00 6E 4D 63 D1 41 6E 4E 20 81 93 80 BF 53 3F 80 08 3C CD 3F 80 01 67 20 5B 40 3E 4D 42 64 63 CD 3F 80 01 20 81 93 80 BF 53 3C 43 50 3E 50 4F 63 CD 3D 61 5B 53 60 42 4F 3C 20 14 3C 14 3C 1F	[DF4]報ぐぽゅ[DF4]ぐだ[BYTE:85]土PぐにPがが べがぐ[BYTE:B2]ぅ[DFT][PAL:02][KATAKANA]ガイド[HIRAGANA]:\n[PAL:00]観光なんて 本当はうそ!\nうそつき よくないが\n神樣 いけにえほしがってる[FIN]きっと 神樣のお使い\nお前を むかえてくれる\nお前 神樣のいけにえになる\nうらむのよくない ばいばい˳		pending
C0-07D9EF	0x07D9EF	0066	D0 3C 00 02 1D 56 DA 02 0A 01 80 02 B2 6B D7 E0 04 C2 00 06 6F 4F 3C 6E 7D CD 59 0A 20 44 68 4F 80 3B 50 3C 4A 53 6E 7D 0F D1 81 92 53 20 D4 65 44 44 80 99 D5 53 80 46 4A 4B 54 CD 5D 3D 20 50 03 0A 46 4A 66 60 6E 7D CD 44 44 50 3C 4A 61 20 3B 16 4F 3C 66 60 7D CD 58 61 6E 7D 81 30 42 50 03 63 53 60 6E 7D	[CLR]いがぐぽふ[DLY:02]だぎ技[BYTE:B2]ぅ[DFT][E2:04C2]がじゃないっ!\nまだ こんな所にいたのっ!?[FIN]他の [KATAKANA]ロココ町[HIRAGANA]の人たちは\nもう にげだしたわよっ!\nここにいたら あぶないわよ!\nほらっ!早くにげるのよっ!		pending
C0-07DA56	0x07DA56	006A	D7 E0 04 7E 7E 7E 56 3D 6E 20 40 68 3C 6E 19 4C 7D CD 5D 3D 81 3A 46 20 3F 49 40 6E 4A 61 CD 59 41 44 59 64 4D 3C 4A 80 3B 06 6F 4F 3C 53 7D D1 3B 4A 46 54 20 4B 71 6E 4E CD 80 89 50 4F 63 44 4E 00 3B 63 40 61 CD 80 BD 50 20 80 81 50 80 1E 6E 4D 63 66 60 CD 3C 3C 0F C9 1E 81 B9 62 80 5F 46 4F 3C 0D 5D 0E 63 53 60 7D	[DFT][E2:047E]··ふうっ かんいっぱつ!\nもう少し おそかったら\nまきこまれていた所じゃないの![FIN]あたしは ちょっと\n気になることがあるから\n先に 村に行ってるわよ\nいい?[PAU:1E]寄り道しないでもどるのよ!		pending
C0-07DB38	0x07DB38	002D	D7 44 64 40 61 20 81 93 80 BF 50 45 45 03 63 CD 3F 0E 62 3F 0E 63 7D CD 5F 3C 46 71 81 21 46 41 CD 81 1B 82 37 3B 63 20 3F 0E 62 7D 7D	[DFT]これから 神樣にささげる\nおどりおどる!\nゆいしょ正しき\n伝統ある おどり!!		pending
C0-07DB66	0x07DB66	0045	D7 81 93 80 BF 53 3C 63 80 18 80 3B 57 53 20 80 5F 80 9F 3C 4A CD 81 93 80 BF 53 80 08 3C 20 44 53 80 BD 50 80 1E 42 CD 3F 64 4A 4B 81 09 80 56 3F 46 59 3C 20 80 EF 63 CD 81 93 80 BF 50 20 60 65 46 42 7D 7D	[DFT]神樣のいる場所への 道開いた\n神樣の使い この先に行く\nおれたち仕事おしまい 帰る\n神樣に よろしく!!		pending
C0-07DC75	0x07DC75	0023	D7 54 6E 54 6E 54 6E 54 6E CD 44 64 0D 20 60 3D 5E 42 CD 80 BD 57 20 81 63 5C 63 4E 3C 3D 66 43 0A 4F 7D	[DFT]はっはっはっはっ\nこれで ようやく\n先へ 進めるというわけだな!		pending
C0-07DC99	0x07DC99	00F9	D7 E0 05 04 42 65 3D 0A 6E 4A 4F 20 18 3D 07 CD C9 14 49 3D 0A 20 80 7A 3C 80 45 46 4A 09 CD 4A 46 40 20 80 27 80 14 80 55 53 81 D5 4E 40 81 10 6E 4D 4A 4F D1 45 4D 54 3F 80 01 5D 20 80 43 5B 40 46 53 CD 47 68 14 61 46 3C 80 27 80 14 80 8C 67 CD 45 00 47 53 00 80 8F 81 1F 4F 53 40 0F D1 0A 00 4F 20 3F 80 01 53 60 3D 4F 81 35 81 6B 00 CD 49 64 67 80 C9 17 4D 20 80 EA 50 4F 63 0F CD D4 5B 0A D5 0A D4 5B 0A D5 0A 20 5E 5C 4D 3F 43 7D D1 3B 53 81 99 81 9A 80 32 67 80 C9 17 51 3C 4D CD 44 53 D4 1C 6E 19 73 80 BF D5 54 20 80 88 80 FA 81 1F 80 27 80 14 50 CD 45 61 50 20 5A 00 41 67 40 43 63 53 0A 7D CD 0A 64 50 5D 20 06 6F 59 54 45 48 68 09 7D D1 66 40 6E 4A 61 20 45 6E 45 4E CD 49 44 67 0E 43 7D CD 3E D4 73 D5 3C 20 06 6F 59 0A 06 6F 59 0A 7D	[DFT][E2:0504]くろうだったな ぼうず\n[PAU:14]そうだ 思い出したぞ\nたしか 発明家の卵とか言ってたな[FIN]さてはお前も 大むかしの\nすんばらしい発明品を\nさがすのが目的なのか?[FIN]だがな お前のような若造が\nそれを調べて 何になる?\n[KATAKANA]ムダ[HIRAGANA]だ[KATAKANA]ムダ[HIRAGANA]だ やめておけ![FIN]あの科学力を調べぬいて\nこの[KATAKANA]ペッパー樣[HIRAGANA]は 天才的発明に\nさらに みがきをかけるのだ!\nだれにも じゃまはさせんぞ![FIN]わかったら さっさと\nそこをどけ!\nえ[KATAKANA]ー[HIRAGANA]い じゃまだじゃまだ!		pending
C0-07E06D	0x07E06D	0073	D7 5B 5B C9 14 20 59 4A 3F 80 01 40 6E 0F 7D CD 80 CE 53 20 06 6F 59 14 40 62 46 3F 6E 4D CD 80 26 80 EE 4E 3C 3D 80 26 80 EE 54 20 00 59 68 4F 61 68 D1 44 53 80 88 80 FA 80 27 80 14 80 55 D4 1C 6E 19 73 D5 53 CD D4 47 7B 19 7B 3D 63 4E 61 5C 40 D5 CD C3 02 D4 15 6E 02 3B 3C D5 C3 00 0D CD 3F 46 3F 41 46 4D 42 64 63 7D C9 14 40 42 04 48 3C 7D	[DFT]むむ[PAU:14] またお前かっ?!\n私の じゃまばかりしおって\n今度という今度は がまんならん[FIN]この天才発明家[KATAKANA]ペッパー[HIRAGANA]の\n[KATAKANA]ス-パ-ウルトラメカ[HIRAGANA]\n[PAL:02][KATAKANA]ビッグアイ[HIRAGANA][PAL:00]で\nおしおきしてくれる![PAU:14]かくごせい!		pending
C0-07E0E1	0x07E0E1	0040	D7 4F 68 0A 0F 7D 59 0A 20 44 53 80 CE 50 CD 4A 4D 4C 42 4E 3C 3D 53 40 6E 0F 7D CD 54 6E 54 6E 54 6E 20 80 EA 80 EE 80 15 6E 4D 5D CD D4 5B 0A D5 0A 4E 3C 3D 44 4E 67 20 80 DB 3E 4D 5E 63 7D	[DFT]なんだ?!まだ この私に\nたてつくというのかっ?!\nはっはっはっ 何度戦っても\n[KATAKANA]ムダ[HIRAGANA]だということを 教えてやる!		pending
C0-07E122	0x07E122	0074	D7 DC 09 7E 7E 7E 7E 4F 7E DC 00 C9 14 4F 68 4E 3C 3D 44 4E 0A 7D CD 44 53 20 80 88 80 FA 80 27 80 14 80 55 53 E0 1A 00 CD 44 68 4F 80 71 81 C4 80 FA 5C 53 E0 1A 50 CD 82 03 43 63 4E 54 7E 7E 7E D1 0A 00 6E 7D CD C9 14 44 64 0D 80 30 6E 4A 66 43 0D 54 4F 3C 09 CD 44 53 81 75 62 54 20 81 E4 50 46 4D 81 6C 46 4D 5E 63 7D CD 3F 18 3E 4D 3F 43 6E 7D	[DFT][NXT]ぞ····な·[NXT]が[PAU:14]なんということだ!\nこの 天才発明家の[E2:1A00]\nこんな青二才めの[E2:1A50]\n負けるとは···[FIN]だがっ!\n[PAU:14]これで終ったわけではないぞ\nこの借りは 倍にして返してやる!\nおぼえておけっ!		pending
C0-07E1C4	0x07E1C4	0087	D0 78 00 02 1D D2 E1 02 0A 9F 80 02 B2 6B D7 44 64 54 20 47 04 3C 09 7D CD 80 54 4A 44 4E 5D 4F 3C 20 81 06 82 38 0A 7D CD 3F 59 43 50 20 44 53 82 39 53 80 75 7D CD 44 64 00 D4 3E 52 63 01 73 81 B2 D5 50 4B 00 3C 4F 3C 7D D1 3B 3B 7E 7E 7E C9 0A 0A 00 7E 7E 7E C9 0A 46 40 46 CD 44 53 E0 1A 54 20 0E 3D 5E 6E 4A 61 CD 80 67 42 4E 3C 3D 53 0A 7D 0F CD 3D 6D 3F 3F 3F 20 80 67 42 80 3B 00 80 54 4A 3C 09 7D	[CLR]5がぐぽ[WAI][E3:02]だ[BYTE:9F]技[BYTE:B2]ぅ[DFT]これは すごいぞ!\n見たこともない 金属だ!\nおまけに この胸の石!\nこれが[KATAKANA]エネルギー源[HIRAGANA]にちがいない![FIN]ああ···[PAU:0A]だが···[PAU:0A]しかし\nこの[E2:1A54] どうやったら\n動くというのだ!?\nうぉおおお 動く所が見たいぞ!		pending
C0-07E357	0x07E357	00C5	D7 DC 09 7E 7E 7E DC 00 C9 1E C2 00 0F C9 0A 20 D4 3F 59 3E D5 40 0F CD D4 66 4A 46 D5 0A 20 C3 02 D4 4F 1D 64 3F 68 D5 C3 00 0A CD C9 1E DC 09 7E 7E 7E 49 3D 40 C9 14 DC 00 20 D4 3F 59 3E D5 54 59 0A CD C9 0A D4 66 4A 46 D5 67 20 81 0E 61 4F 3C 53 40 7E 7E 7E D1 7E 7E 7E D4 3F 59 3E D5 C9 14 20 49 53 80 75 54 0F 7D CD C9 14 E0 00 67 20 80 05 5C 4D 3C 4A 53 40 CD 49 3D 40 7E 7E 7E C9 14 60 40 6E 4A 7E 7E 7E DE D7 D4 3F 59 3E D5 50 20 4A 42 46 4A 3C 5D 53 00 CD 3B 63 53 0A 00 7E 7E 7E CD 5D 4B 5D 53 00 20 3C 6E 19 3C 53 60 3D 0A 4F CD 47 59 4F 3C 00 20 40 4A 0C 43 4D 42 64 4F 3C 40 0F	[DFT][NXT]ぞ···[NXT]が[PAU:1E][NAM:00]?[PAU:0A] [KATAKANA]オマエ[HIRAGANA]か?\n[KATAKANA]ワタシ[HIRAGANA]だ [PAL:02][KATAKANA]ナポレオン[HIRAGANA][PAL:00]だ\n[PAU:1E][NXT]ぞ···そうか[PAU:14][NXT]が [KATAKANA]オマエ[HIRAGANA]はまだ\n[PAU:0A][KATAKANA]ワタシ[HIRAGANA]を 知らないのか···[FIN]···[KATAKANA]オマエ[HIRAGANA][PAU:14] その石は?!\n[PAU:14][E2:0067] 集めていたのか\nそうか···[PAU:14]よかった···[TPL:D7][KATAKANA]オマエ[HIRAGANA]に たくしたいものが\nあるのだが···\nもちものが いっぱいのようだな\nすまないが かたづけてくれないか?		pending
C0-07E41D	0x07E41D	008F	D7 44 53 80 65 0D E0 00 67 80 54 4C 43 CD 80 82 3C 81 2B 20 44 64 67 80 E9 6E 4D 41 4A CD 3C 4C 40 20 D4 3F 59 3E D5 50 66 4A 48 63 4E 80 3D 06 4D 4F CD C9 1E C2 00 C9 0A 20 3D 43 4E 6E 4D 42 64 D1 20 C2 00 54 CD C3 02 20 80 75 76 C3 00 67 20 80 36 50 80 31 64 4A 7D CC D7 3C 40 68 7D C9 14 44 3D 54 46 4D 61 64 68 CD 5D 3D 47 02 44 44 54 20 42 07 64 63 09 CD 44 44 40 61 20 80 45 4F 43 64 14 7D CD C2 00 C9 0A 20 44 6E 4B 0A 7D	[DFT]この地で[E2:0067]見つけ\n長い間 これを守ってきた\nいつか [KATAKANA]オマエ[HIRAGANA]にわたせると信じてな\n[PAU:1E][NAM:00][PAU:0A] うけとってくれ[FIN] [NAM:00]は\n[PAL:02] 石3[PAL:00]を 手に入れた![TER][DFT]いかん![PAU:14]こうはしてられん\nもうすぐここは くずれるぞ\nここから 出なければ!\n[NAM:00][PAU:0A] こっちだ!		pending
C0-07E501	0x07E501	0021	D7 0A 5C 0A 7D CD 44 44 40 61 54 20 80 1E 43 4F 3C 7D CD 81 27 53 D4 63 73 4E D5 67 82 3A 49 3D 1F	[DFT]だめだ!\nここからは 行けない!\n別の[KATAKANA]ルート[HIRAGANA]を探そう˳		pending
C0-07E5A8	0x07E5A8	0023	D7 44 53 40 17 67 20 44 66 47 46 40 4F 3C 4F CD D4 41 5A D5 54 20 4B 71 6E 4E 81 33 65 50 45 00 6E 4D 1F	[DFT]このかべを こわすしかないな\n[KATAKANA]キミ[HIRAGANA]は ちょっと後ろにさがって˳		pending
C0-07E5CC	0x07E5CC	001C	D7 7E 7E 7E 3B 7E 3B 3C 4A 60 3D 0A 7E 7E 7E CD 45 7E 45 3B 20 3C 7E 80 1E 44 3D 1F	[DFT]···あ·あいたようだ···\nさ·さあ い·行こう˳		pending
C0-07E786	0x07E786	0042	DA 02 0A 69 03 02 0A 6A 83 02 CF 1E E7 87 6B 02 1D CB E8 6B D7 44 7E 7E 7E 44 53 40 17 5D CD 44 66 7E 7E 7E 45 7E 4F 3C 4E CD C9 0A D4 41 D5 7E D4 5A D5 54 7E 7E 7E 81 33 65 7E 7E 7E 45 00 6E 4D 1F	[DLY:02]だぁげぐだぃ[BYTE:83]ぐ[STR:1EE787]ぅぐぽ[CB][CMD:E8]ぅ[DFT]こ···このかべも\nこわ···さ·ないと\n[PAU:0A][KATAKANA]キ[HIRAGANA]·[KATAKANA]ミ[HIRAGANA]は···後ろ···さがって˳		pending
C0-07E7C9	0x07E7C9	002C	D7 44 7E 7E 7E 53 7E 7E 7E 40 17 5D CD 44 7E 7E 7E 66 45 4F 7E 7E 7E 3C 7E 7E 7E 4E CD 7E 7E 3D 7E 46 7E 65 7E 45 00 7E 7E 6E 4D 1F	[DFT]こ···の···かべも\nこ···わさな···い···と\n··う·し·ろ·さが··って˳		pending
C0-07E7F6	0x07E7F6	0018	D7 7E 7E 7E 3B 3C 4A 7E 7E 7E 60 3D 0A CD 45 7E 45 3B 20 80 1E 44 3D 1F	[DFT]···あいた···ようだ\nさ·さあ 行こう˳		pending
C0-07E80F	0x07E80F	009D	D7 DC 04 7E 7E 7E 5D 3D D4 0A 5C D5 7E 7E 7E 0A CD D4 3E 52 63 01 73 D5 00 7E 7E 7E 4F 42 4F 6E 4A CD 0A 00 7E 7E 7E 59 50 3B 6E 4D 60 40 6E 4A D1 7E 7E 7E 0D 41 63 44 4E 4F 61 7E 7E 7E CD D4 47 42 61 6E 1B D5 4E 4F 63 20 D4 66 4A 46 D5 53 7E 7E 7E CD 40 43 61 0D 5D 7E 7E 7E 55 65 6E 4D 42 64 CD D4 41 5A D5 67 20 80 54 80 E9 64 63 D1 3B 4E 53 44 4E 54 7E 7E 7E 4A 53 5B CD C3 02 D4 61 47 42 D5 C3 00 45 59 53 7E 7E 7E 80 48 82 3B 67 CD 7E 7E 7E 4C 3C 0D 42 64 1F DC 00	[DFT][NXT]ご···もう[KATAKANA]ダメ[HIRAGANA]···だ\n[KATAKANA]エネルギー[HIRAGANA]が···なくなった\nだが···まにあってよかった[FIN]···できることなら···\n[KATAKANA]スクラップ[HIRAGANA]となる [KATAKANA]ワタシ[HIRAGANA]の···\nかけらでも···ひろってくれ\n[KATAKANA]キミ[HIRAGANA]を 見守れる[FIN]あとのことは···たのむ\n[PAL:02][KATAKANA]ラスク[HIRAGANA][PAL:00]さまの···意志を\n···ついでくれ˳[NXT]が		pending
C0-07E8AD	0x07E8AD	004E	D7 20 C2 00 54 CD C3 02 20 D4 47 42 61 6E 1B D5 21 C3 00 67 20 80 36 50 80 31 64 4A 7D CC D7 20 C2 00 54 CD C3 02 20 D4 47 42 61 6E 1B D5 21 C3 00 67 20 80 54 4C 43 4A 7D CD C9 1E 20 0A 00 20 80 2D 4B 80 6D 00 3C 6E 19 3C 0A 6E 4A 1F	[DFT] [NAM:00]は\n[PAL:02] [KATAKANA]スクラップ[HIRAGANA]A[PAL:00]を 手に入れた![TER][DFT] [NAM:00]は\n[PAL:02] [KATAKANA]スクラップ[HIRAGANA]A[PAL:00]を 見つけた!\n[PAU:1E] だが 持ち物がいっぱいだった˳		pending
C0-07E935	0x07E935	0044	D7 C3 02 20 44 44 50 80 10 63 17 41 20 80 46 53 4A 5C CD 20 D4 5C 6E 48 73 06 D5 67 20 81 16 47 CD 20 80 5F 54 20 81 83 3C 58 0E 80 F1 42 50 80 3C 06 63 CD 20 80 3D 06 63 80 5F 67 20 46 61 17 60 1F C3 00	[DFT][PAL:02] ここに来るべき 人のため\n [KATAKANA]メッセージ[HIRAGANA]を 残す\n 道は 遠いほど近くに通じる\n 信じる道を しらべよ˳[PAL:00]		pending
C0-07E98B	0x07E98B	0084	D7 C3 02 20 46 40 43 54 20 40 68 4A 68 0A 6E 4A 65 3D 0F CD 20 81 46 00 80 10 63 53 67 20 81 1C 6E 4D 3C 4A 00 CD 20 D4 66 4A 46 D5 53 81 16 62 D4 3E 52 63 01 73 D5 54 CD 20 3B 4E 20 66 07 40 46 40 4F 3C 7E 7E 7E D1 20 81 46 00 20 44 44 50 80 F4 64 63 80 87 59 0D CD 20 81 1C 4C 44 4E 00 20 0D 41 63 0A 65 3D 40 CD 20 0A 00 D4 66 4A 46 D5 50 54 81 16 45 64 4A 44 4E 00 3B 63 CD 20 81 46 53 20 81	[DFT][PAL:02] しかけは かんたんだったろう?\n 君が来るのを 待っていたが\n [KATAKANA]ワタシ[HIRAGANA]の残り[KATAKANA]エネルギー[HIRAGANA]は\n あと わずかしかない···[FIN] 君が ここに現れる時まで\n 待つことが できるだろうか\n だが[KATAKANA]ワタシ[HIRAGANA]には残されたことがある\n 君の [BYTE:81]		pending
C0-07EAA6	0x07EAA6	005B	D7 E0 04 DC 01 5D 3D 6E 7D C9 28 DC 00 D4 1C 6E 19 73 D5 00 CD 80 C2 0D 20 50 03 4B 6F 6E 4A 53 60 7D CD 44 44 59 0D 20 3F 3C 4C 5C 4A 53 50 7D D1 49 3D 3C 3E 14 20 3B 3C 4C CD 3B 66 4D 4D 20 80 EA 40 81 3F 4E 46 4D 3C 6E 4A 66 CD 49 44 50 3B 63 20 D4 40 1B 48 63 D5 60 1F	[DFT][E2:04DC]ぎもうっ![PAU:28][NXT]が[KATAKANA]ペッパー[HIRAGANA]が\n船で にげちゃったのよ!\nここまで おいつめたのに![FIN]そういえば あいつ\nあわてて 何か落としていったわ\nそこにある [KATAKANA]カプセル[HIRAGANA]よ˳		pending
C0-07EB02	0x07EB02	005C	D7 E0 04 3E 0F 4F 68 0D D4 40 1B 48 63 D5 67 CD 80 9F 43 4F 3C 53 40 0D 47 6E 4D 0F CD 56 56 68 20 3B 59 3C 66 52 D1 81 29 80 36 54 20 80 42 53 80 27 80 14 80 55 60 0F 7D CD D4 40 1B 48 63 D5 50 20 4F 50 40 80 50 4F 46 40 43 67 CD 46 4D 3C 63 40 5D 46 64 4F 3C 0D 46 71 6E 7D	[DFT][E2:043E]?なんで[KATAKANA]カプセル[HIRAGANA]を\n開けないのかですって?\nふふん あまいわね[FIN]相手は 悪の発明家よ?!\n[KATAKANA]カプセル[HIRAGANA]に なにか変なしかけを\nしているかもしれないでしょっ!		pending
C0-07EB5F	0x07EB5F	0070	D7 E0 04 DC 01 4B 71 6E 4E C9 1E 20 80 26 53 80 52 41 3C 4A 66 60 7D CD D4 65 44 44 80 99 D5 0D 20 80 EA 40 3B 6E 4A 53 52 7D 0F D1 DC 00 56 56 68 20 C9 1E 80 56 81 24 53 50 3F 3C 00 47 63 66 CD D4 1C 6E 19 73 D5 53 44 4E 5D 80 89 50 4F 63 43 0E CD 44 6E 4B 53 81 04 00 20 80 BD 52 CD DC 01 44 3D 46 4B 6F 3C 61 64 4F 3C 66 6E 7D DC 00	[DFT][E2:04DC]ぎちょっと[PAU:1E] 今の話きいたわよ!\n[KATAKANA]ロココ町[HIRAGANA]で 何かあったのね!?[FIN][NXT]がふふん [PAU:1E]事件のにおいがするわ\n[KATAKANA]ペッパー[HIRAGANA]のことも気になるけど\nこっちの方が 先ね\n[NXT]ぎこうしちゃいられないわっ![NXT]が		pending
C0-07EC02	0x07EC02	0053	D7 C3 03 D4 4F 01 45 D5 7F CD C3 00 C2 00 52 20 81 41 44 3E 4D 63 0F CD 4B 71 6E 4E 20 80 43 80 50 4F 44 4E 00 3F 41 4A 53 D1 4E 50 40 42 20 47 02 50 CD D4 65 44 44 80 99 D5 50 80 EF 6E 4D 41 4D 4B 71 3D 0A 3C CD 3C 49 3C 0D 52 20 3F 52 00 3C 60 1F	[DFT][PAL:03][KATAKANA]ナギサ[HIRAGANA]:\n[PAL:00][NAM:00]ね 聞こえてる?\nちょっと 大変なことがおきたの[FIN]とにかく すぐに\n[KATAKANA]ロココ町[HIRAGANA]に帰ってきてちょうだい\nいそいでね おねがいよ˳		pending
C0-088055	0x088055	0040	D7 44 53 80 99 80 82 80 D1 54 CD D4 54 6E 40 73 D5 00 48 68 62 71 3D 46 4B 6F 6E 4A 60 CD 44 66 3C 80 8F 50 3B 3C 4A 42 4F 40 6E 4A 61 CD 80 EF 6E 4A 81 04 00 20 3C 3C 4E 80 7A 3D 43 0E 4F 1F	[DFT]この町長會は\n[KATAKANA]ハッカー[HIRAGANA]がせんりょうしちゃったよ\nこわい目にあいたくなかったら\n帰った方が いいと思うけどな˳		pending
C0-088096	0x088096	003F	D7 3E 0F C9 1E 3F 42 53 80 54 81 62 62 67 CD 5E 6E 4C 43 4B 6F 6E 4A 53 0F CD C9 1E 49 68 4F 80 42 3C 81 02 54 20 58 6E 4D 3F 43 4F 3C 4F CD 3F 06 45 68 00 20 3F 46 3F 41 46 4D 5E 63 09 7D	[DFT]え?[PAU:1E]おくの見張りを\nやっつけちゃったの?\n[PAU:1E]そんな悪い子は ほっておけないな\nおじさんが おしおきしてやるぞ!		pending
C0-088149	0x088149	003B	D7 D4 54 6E 40 73 D5 4E 40 3C 3D CD 80 50 4F 81 2A 61 00 20 5E 6E 4D 41 4D CD 80 99 80 82 80 D1 00 20 53 6E 4E 61 64 4A 68 0A CD 80 99 80 82 54 20 0E 3D 4F 6E 4A 68 0A 65 3D 1F	[DFT][KATAKANA]ハッカー[HIRAGANA]とかいう\n変な奴らが やってきて\n町長會が のっとられたんだ\n町長は どうなったんだろう˳		pending
C0-088185	0x088185	0040	D7 80 99 80 82 5D 20 3B 68 4F 44 4E 00 3B 6E 4D CD 80 01 60 62 81 3A 46 54 CD 59 06 5C 50 81 09 80 56 67 46 4D 42 64 63 60 3D 50 CD 4F 6E 4A 68 0A 60 D1 7E 7E 7E C9 1E 81 3A 46 0A 43 0E 52 1F	[DFT]町長も あんなことがあって\n前より少しは\nまじめに仕事をしてくれるように\nなったんだよ[FIN]···[PAU:1E]少しだけどね˳		pending
C0-0881C6	0x0881C6	002A	D7 44 61 44 61 20 18 3D 5E CD 49 53 80 BD 50 54 20 80 54 81 62 62 00 3C 63 60 CD 80 45 4D 80 1E 6E 4A 61 20 3B 16 4F 3C 60 1F	[DFT]こらこら ぼうや\nその先には 見張りがいるよ\n出て行ったら あぶないよ˳		pending
C0-088256	0x088256	002F	D7 D4 54 6E 40 73 D5 53 20 80 54 81 62 62 00 3C 4D CD 81 36 50 80 45 63 44 4E 5D 0D 41 68 53 0A CD 3B 3B 20 44 64 40 61 0E 3D 4F 63 68 0A 1F	[DFT][KATAKANA]ハッカー[HIRAGANA]の 見張りがいて\n外に出ることもできんのだ\nああ これからどうなるんだ˳		pending
C0-08828C	0x08828C	0086	D7 CF 13 83 88 D1 3F 81 28 50 3C 3C 44 4E 67 80 DB 3E 4D 3B 03 60 3D CD 44 53 81 B7 53 81 04 50 CD 0A 68 65 53 3B 63 80 79 80 A4 67 81 0E 6E 4D 63 40 52 0F CD 49 44 50 20 C3 02 D4 4A 68 47 D5 C3 00 00 3B 63 68 0A 00 52 D1 49 44 50 80 99 80 82 00 20 C3 02 57 49 42 62 C3 00 67 CD 40 42 46 4D 3C 63 68 0A CD 4F 50 20 0E 3D 48 D4 66 3C 65 D5 53 81 06 45 CD 81 46 00 20 81 47 80 4E 50 80 08 6E 4D 42 64 1F	[DFT][STR:138388][FIN]お礼にいいことを教えてあげよう\nこの與の方に\nだんろのある部屋を知ってるかね?\nそこに [PAL:02][KATAKANA]タンス[HIRAGANA][PAL:00]があるんだがね[FIN]そこに町長が [PAL:02]へそくり[PAL:00]を\nかくしているんだ\nなに どうせ[KATAKANA]ワイロ[HIRAGANA]の金さ\n君が 有効に使ってくれ˳		pending
C0-0883CC	0x0883CC	0037	D7 3F 4E 4F 46 42 46 4D 4D 60 6E 4D CD 81 10 6E 4A 0D 46 71 7D 0F CD D4 18 42 D5 4A 4B 20 5E 45 46 49 3D 50 80 54 3E 63 43 0E CD 3F 44 63 4E 20 44 66 3C 68 0A 09 1F	[DFT]おとなしくしててよって\n言ったでしょ!?\n[KATAKANA]ボク[HIRAGANA]たち やさしそうに見えるけど\nおこると こわいんだぞ˳		pending
C0-088404	0x088404	003A	D7 5B 6E 7E 7E 7E C9 1E 5D 3D 20 3F 44 6E 4A 09 7D CD 81 10 6E 4D 5D 66 40 61 4F 3C 81 02 54 CD 3F 46 3F 41 46 4B 6F 3D 40 61 4F 7D CD 81 F5 3C 4D 5D 81 0E 61 4F 3C 09 7D 7D	[DFT]むっ···[PAU:1E]もう おこったぞ!\n言ってもわからない子は\nおしおきしちゃうからな!\n泣いても知らないぞ!!		pending
C0-088532	0x088532	00FC	D7 E0 09 C2 00 42 68 06 6F 4F 3C 40 6E 7D CD 47 02 50 20 44 44 40 61 80 45 46 4D 42 64 6E 7D CD 80 26 3C 63 20 80 99 80 82 54 50 48 5D 53 0A 6E 7D D1 D4 65 73 07 D5 7E 7E 7E 3B 53 81 54 54 CD 4E 68 0A 42 66 48 5D 53 0A 6E 4A 7D CD 80 CE 40 61 20 3B 53 82 1F 4C 53 80 75 67 3D 14 6E 4A 81 33 CD 80 CE 67 20 44 44 50 4E 06 44 5C 3F 6E 4A 7D D1 0A 00 20 81 11 80 E6 46 4A 59 3E 20 3B 53 80 75 54 CD C3 02 56 4A 4C 54 3D 14 66 64 4A 00 20 55 4E 4C 0A 43 CD 3B 53 81 54 50 20 80 54 4C 40 61 4F 3C 80 18 80 3B 50 CD 44 6E 49 62 40 42 46 4D 3B 63 C3 00 53 0A D1 80 CE 67 44 44 40 61 80 45 46 4D 42 64 4A 61 CD 81 46 50 20 3B 53 80 75 54 40 4F 61 07 81 6C 47 7D CD 4A 53 5B 7D 3B 53 50 48 80 99 80 82 53 81 21 81 22 67 CD 5A 68 4F 50 3B 14 3C 4D 5E 6E 4D 42 64 7D	[DFT][E2:09C2]がくんじゃないかっ!\nすぐに ここから出してくれっ!\n今いる 町長はにせものだっ![FIN][KATAKANA]ローズ[HIRAGANA]···あの女は\nとんだくわせものだった!\n私から あの三つの石をうばった後\n私を ここにとじこめおった![FIN]だが 安心したまえ あの石は\n[PAL:02]ふたつはうばわれたが ひとつだけ\nあの女に 見つからない場所に\nこっそりかくしてある[PAL:00]のだ[FIN]私をここから出してくれたら\n君に あの石はかならず返す!\nたのむ!あのにせ町長の正体を\nみんなにあばいてやってくれ!		pending
C0-08862F	0x08862F	0084	D7 E0 09 81 46 50 54 20 55 0E 3C 44 4E 67 46 4A 00 CD 3B 53 81 54 53 20 81 10 3C 80 45 46 4A 44 4E 4F 68 0A CD 80 CE 5D 20 3B 53 81 54 54 3B 5E 46 3C 4E CD 80 7A 6E 4D 3C 4A 68 0A 00 7E 7E 7E D1 80 CE 67 44 44 40 61 80 45 46 4D 42 64 4A 61 CD 81 46 50 20 3B 53 80 75 54 40 4F 61 07 81 6C 47 7D CD 4A 53 5B 7D 3B 53 50 48 80 99 80 82 53 81 21 81 22 67 CD 5A 68 4F 50 3B 14 3C 4D 5E 6E 4D 42 64 7D	[DFT][E2:0981]しには ひどいことをしたが\nあの女の 言い出したことなんだ\n私も あの女はあやしいと\n思っていたんだが···[FIN]私をここから出してくれたら\n君に あの石はかならず返す!\nたのむ!あのにせ町長の正体を\nみんなにあばいてやってくれ!		pending
C0-0886B4	0x0886B4	009F	D7 E0 09 3F 3F 20 C2 00 42 68 7D 80 9A 40 6E 4A 60 7D CD 81 46 54 20 81 3C 53 82 2D 80 46 0A 7D D1 49 3D 49 3D 20 80 75 0A 6E 4A 4F CD 44 53 80 BD 53 80 79 80 A4 50 20 C3 02 0A 68 65 C3 00 00 3B 6E 4D 4F CD 49 44 40 61 20 40 42 46 80 79 80 A4 50 CD 80 1E 42 44 4E 00 0D 41 63 D1 81 46 53 80 75 54 20 49 44 50 46 59 6E 4D 3B 63 CD 3B 68 4F 20 3C 59 3C 59 46 3C 80 75 4F 0E CD 54 5E 42 20 81 78 0C 43 4D 46 59 6E 4D 42 64 CD C9 1E 5E 64 5E 64 20 55 0E 3C 80 8F 50 3B 6E 4A 60 1F	[DFT][E2:093F]お [NAM:00]くん!助かったよ!\n君は 命の恩人だ![FIN]そうそう 石だったな\nこの先の部屋に [PAL:02]だんろ[PAL:00]があってな\nそこから かくし部屋に\n行くことができる[FIN]君の石は そこにしまってある\nあんな いまいましい石など\nはやく 片づけてしまってくれ\n[PAU:1E]やれやれ ひどい目にあったよ˳		pending
C0-088754	0x088754	0037	D7 E0 09 C2 00 42 68 06 6F 4F 3C 40 7D CD 80 ED 81 22 20 0E 44 40 61 80 31 6E 4D 41 4A 68 0A 0F CD 81 30 42 44 53 80 79 80 A4 53 D4 40 01 D5 67 80 9F 43 4D 42 64 7D	[DFT][E2:09C2]がくんじゃないか!\n一体 どこから入ってきたんだ?\n早くこの部屋の[KATAKANA]カギ[HIRAGANA]を開けてくれ!		pending
C0-08878C	0x08878C	0034	D7 E0 09 7E 7E 7E 4F 68 0A 20 D4 52 07 5A D5 40 CD D4 52 07 5A D5 0D 5D 20 0A 64 0D 5D 3C 3C CD 80 CE 67 20 44 44 40 61 80 45 46 4D 42 64 D4 73 D5 6E 7D 7D	[DFT][E2:097E]··なんだ [KATAKANA]ネズミ[HIRAGANA]か\n[KATAKANA]ネズミ[HIRAGANA]でも だれでもいい\n私を ここから出してくれ[KATAKANA]ー[HIRAGANA]っ!!		pending
C0-088804	0x088804	002A	D7 20 C2 00 54 20 C3 02 0A 68 65 C3 00 67 20 46 61 17 4A CD 20 4F 68 4E 20 45 42 00 4E 64 63 60 3D 50 CD 20 4F 6E 4D 3C 63 1F	[DFT] [NAM:00]は [PAL:02]だんろ[PAL:00]を しらべた\n なんと さくがとれるように\n なっている˳		pending
C0-08889B	0x08889B	0095	DA 02 34 50 FF 02 CF 3F 88 88 6B D7 20 C2 00 54 CD C3 02 20 80 75 74 C3 00 67 20 80 36 50 80 31 64 4A 7D CC D7 C3 03 58 58 58 58 6E CD 04 42 65 3D 0A 6E 4A 66 52 20 18 3D 5E CD 81 1D 81 33 53 55 4E 4C 00 20 80 54 4C 40 61 4F 42 6E 4D CD 81 37 6E 4D 4A 4E 44 65 0A 6E 4A 53 60 D1 44 53 20 E0 00 C3 03 54 CD 81 AA 80 F3 20 D4 54 6E 40 73 D5 00 CD 80 43 81 0F 50 20 80 08 66 48 4D 3C 4A 0A 42 66 CD C9 1E 3B 62 00 4E 3D 52 20 C9 1E 18 3D 5E 1F C3 00	[DLY:02]Tに[CMD:FF]ぐ[STR:3F8888]ぅ[DFT] [NAM:00]は\n[PAL:02] 石1[PAL:00]を 手に入れた![TER][DFT][PAL:03]ほほほほっ\nごくろうだったわね ぼうや\n最後のひとつが 見つからなくって\n困ってたところだったのよ[FIN]この [E2:00C3]げは\n我々 [KATAKANA]ハッカー[HIRAGANA]が\n大切に 使わせていただくわ\n[PAU:1E]ありがとうね [PAU:1E]ぼうや˳[PAL:00]		pending
C0-088931	0x088931	001B	D7 CD 20 C2 00 54 CD C3 02 20 80 75 74 C3 00 67 20 3D 14 66 64 4D 46 59 6E 4A 7D	[DFT]\n [NAM:00]は\n[PAL:02] 石1[PAL:00]を うばわれてしまった!		pending
C0-088997	0x088997	0038	D7 E0 04 80 A4 80 22 C3 00 4F 61 20 44 53 80 79 80 A4 67 80 45 4D CD C3 02 D4 11 D5 C3 00 53 81 04 0A 43 0E 7E 7E 7E CD C9 1E 3C 6E 4A 3C 20 80 EA 00 3B 6E 4A 53 60 0F	[DFT][E2:0480][BYTE:A4]上[PAL:00]なら この部屋を出て\n[PAL:02][KATAKANA]←[HIRAGANA][PAL:00]の方だけど···\n[PAU:1E]いったい 何があったのよ?		pending
C0-0889D0	0x0889D0	001C	D7 E0 04 59 4A 20 D4 52 07 5A D5 4F 53 6E 7D 0F CD 3B 3B 20 5D 3D 20 3C 5E 3B 6E 7D	[DFT][E2:0459]た [KATAKANA]ネズミ[HIRAGANA]なのっ!?\nああ もう いやあっ!		pending
C0-088B60	0x088B60	0047	D7 44 44 54 20 D4 54 6E 40 73 D5 53 80 D5 80 1A 80 B0 80 65 CD 0A 43 0E 20 80 61 80 1E 80 62 54 80 26 CD 80 23 80 15 0D 20 47 17 4D 0D 54 61 6E 4D 3C 4D CD 81 16 6E 4D 63 5E 4C 61 54 20 D4 55 59 D5 4F 5D 68 45 1F	[DFT]ここは [KATAKANA]ハッカー[HIRAGANA]の航空幽地\nだけど 飛行機は今\n作戦で すべてではらっていて\n残ってるやつらは [KATAKANA]ヒマ[HIRAGANA]なもんさ˳		pending
C0-088BA8	0x088BA8	001D	D7 3B 59 62 50 5D 20 D4 55 59 D5 0A 6E 4A 40 61 CD 59 4A 20 80 23 6E 4B 6F 6E 4A 60 1F	[DFT]あまりにも [KATAKANA]ヒマ[HIRAGANA]だったから\nまた 作っちゃったよ˳		pending
C0-088BF8	0x088BF8	0079	D7 66 4A 46 54 20 80 61 80 1E 80 C2 53 81 FE 80 0E 80 AB CD 0A 6E 4A 53 0D 47 00 CD D4 54 6E 40 73 D5 4E 40 3C 3D 5E 4C 61 50 CD 45 61 66 64 4D 20 44 44 50 41 4A 53 0D 47 D1 C3 02 5E 4C 61 50 45 40 61 3D 4E CD 41 3F 42 67 80 35 45 64 4D 46 59 3D C3 00 4E 3C 3D CD 80 52 67 81 41 3C 4A 5D 53 0D 20 3F 4E 4F 46 42 CD 81 09 80 56 67 46 4D 63 68 0D 47 60 20 54 3C 1F	[DFT]わたしは 飛行船の整備士\nだったのですが\n[KATAKANA]ハッカー[HIRAGANA]とかいうやつらに\nさらわれて ここにきたのです[FIN][PAL:02]やつらにさからうと\nきおくを消されてしまう[PAL:00]という\n話を聞いたもので おとなしく\n仕事をしてるんですよ はい˳		pending
C0-088C72	0x088C72	0049	D7 C3 02 41 3F 42 67 80 35 45 64 63 C3 00 53 4F 68 40 CD 3C 5E 0D 46 71 3D 0F 80 CE 50 54 CD 81 D0 64 4A 42 4F 3C 80 46 00 20 3C 63 68 0D 47 40 61 CD C9 1E DC 09 7E 7E 7E DC 00 4E 20 81 10 6E 4D 5A 4A 3C 5D 68 0D 47 1F	[DFT][PAL:02]きおくを消される[PAL:00]のなんか\nいやでしょう?私には\n忘れたくない人が いるんですから\n[PAU:1E][NXT]ぞ···[NXT]がと 言ってみたいもんです˳		pending
C0-088CEE	0x088CEE	004C	D7 44 53 80 61 80 1E 80 18 50 5D CD 80 61 80 1E 80 C2 00 20 4A 42 45 68 3B 6E 4A 53 0A 00 D1 4F 50 5E 61 80 23 80 15 00 3B 63 4E 40 0D CD 47 17 4D 20 C3 02 80 B3 80 B4 80 BC C3 00 57 4E CD 80 61 15 80 F9 6E 4D 46 59 6E 4A 60 1F	[DFT]この飛行場にも\n飛行船が たくさんあったのだが[FIN]なにやら作戦があるとかで\nすべて [PAL:02]司令塔[PAL:00]へと\n飛び立ってしまったよ˳		pending
C0-088D3B	0x088D3B	0043	D7 C3 02 80 B3 80 B4 80 BC C3 00 4E 3C 3D 53 54 20 44 44 40 61 CD 45 61 50 20 54 4F 64 4A 80 80 50 3B 6E 4D CD 0A 68 00 3C 08 6E 1C 41 53 4A 5C CD 80 C2 0D 54 20 80 22 82 57 0D 41 4F 3C 61 46 3C 09 1F	[DFT][PAL:02]司令塔[PAL:00]というのは ここから\nさらに はなれた島にあって\nだんがいぜっぺきのため\n船では 上陸できないらしいぞ˳		pending
C0-088DB1	0x088DB1	0054	D7 D4 3B 41 54 14 61 80 AA 80 AB D5 67 81 0E 6E 4D 63 40 6E 4D 0F CD 49 53 80 46 40 0E 3D 40 20 66 40 61 4F 3C 43 0E CD C3 02 80 61 80 1E 80 C2 53 80 D6 80 04 67 5E 6E 4D 3C 63 80 46 C3 00 00 CD 81 92 53 80 18 80 3B 50 20 3C 63 61 46 3C 00 7E 7E 7E 1F	[DFT][KATAKANA]アキハバラ博士[HIRAGANA]を知ってるかって?\nその人かどうか わからないけど\n[PAL:02]飛行船の設計をやっている人[PAL:00]が\n他の場所に いるらしいが···˳		pending
C0-088E06	0x088E06	0030	D7 49 53 80 46 53 3C 63 80 18 80 3B 0F CD 3D D4 73 D5 68 20 44 53 80 5B 80 18 53 81 B7 53 81 04 6E 4D CD 44 4E 46 40 20 81 0E 61 4F 3C 4F 3B 1F	[DFT]その人のいる場所?\nう[KATAKANA]ー[HIRAGANA]ん この工場の與の方って\nことしか 知らないなあ˳		pending
C0-088F7F	0x088F7F	00EA	DA 80 6B 02 1D 1C 91 6B D7 4F 50 0F D4 3B 41 54 14 61 80 AA 80 AB D5 0F CD 3E 0F 81 46 54 80 AA 80 AB 53 80 E3 81 02 45 68 4F 53 40 CD 80 AA 80 AB 54 20 46 14 61 42 44 44 50 3C 4A 43 0E CD C3 02 80 B3 80 B4 80 BC C3 00 57 81 C9 64 4D 3C 40 64 4D 46 59 6E 4A 60 D1 81 46 00 80 AA 80 AB 53 20 80 E3 81 02 45 68 40 CD 80 AA 80 AB 40 61 20 81 46 53 44 4E 54 81 41 3C 4D 63 60 CD 46 40 46 C3 02 80 B3 80 B4 80 BC C3 00 50 54 20 80 1A 40 61 46 40 CD 80 1E 42 44 4E 00 0D 41 4F 3C 4E 3C 3D 46 4F 3B D1 3F 06 45 68 50 5D 20 81 02 81 03 00 3C 4D 52 CD C3 02 D4 40 73 63 D5 C3 00 6E 4D 80 00 80 01 4F 68 0A 43 0E 52 CD 0A 40 61 20 41 5A 53 80 89 80 2D 4B 54 66 40 63 60 CD 4F 68 4E 40 46 4D 3B 03 4A 3C 4F 3B 1F	[DLY:80]ぅぐぽぺ[BYTE:91]ぅ[DFT]なに?[KATAKANA]アキハバラ博士[HIRAGANA]?\nえ?君は博士の息子さんなのか\n博士は しばらくここにいたけど\n[PAL:02]司令塔[PAL:00]へ連れていかれてしまったよ[FIN]君が博士の 息子さんか\n博士から 君のことは聞いてるよ\nしかし[PAL:02]司令塔[PAL:00]には 空からしか\n行くことができないというしなあ[FIN]おじさんにも 子供がいてね\n[PAL:02][KATAKANA]カール[HIRAGANA][PAL:00]って名前なんだけどね\nだから きみの気持ちはわかるよ\nなんとかしてあげたいなあ˳		pending
C0-08906A	0x08906A	00B1	D7 3E 0F C3 02 D4 40 73 63 D5 C3 00 67 81 0E 6E 4D 63 6E 4D 0F CD 49 3D 40 20 41 5A 5D D4 65 44 44 80 99 D5 53 80 46 4F 53 40 CD D4 40 73 63 D5 54 20 80 85 80 89 50 46 4D 4A 40 3C 0F CD 40 3B 45 68 67 20 44 59 61 48 4D 4F 3C 40 3C 0F D1 49 3D 0A 20 D4 40 73 63 D5 50 C3 02 4D 00 5A C3 00 67 80 38 42 40 61 CD 66 4A 46 4D 5D 61 3E 4F 3C 0A 65 3D 40 0F CD 20 3F 5E 47 3C 04 80 6C 0D 47 CD 20 3F 44 4E 66 62 46 59 47 CC D0 49 3D 40 7D 60 40 6E 4A 7D CD 47 02 50 80 38 42 40 61 20 4B 71 6E 4E 0A 43 CD 49 44 0D 20 81 1C 6E 4D 4D 42 64	[DFT]え?[PAL:02][KATAKANA]カール[HIRAGANA][PAL:00]を知ってるって?\nそうか きみも[KATAKANA]ロココ町[HIRAGANA]の人なのか\n[KATAKANA]カール[HIRAGANA]は 元気にしてたかい?\nかあさんを こまらせてないかい?[FIN]そうだ [KATAKANA]カール[HIRAGANA]に[PAL:02]てがみ[PAL:00]を書くから\nわたしてもらえないだろうか?\n おやすいご用です\n おことわりします[TER][CLR]そうか!よかった!\nすぐに書くから ちょっとだけ\nそこで 待っててくれ		pending
C0-08911C	0x08911C	003D	D7 7E 7E 7E 46 40 46 20 81 46 54 CD 5D 4B 5D 53 00 20 3C 6E 19 3C 53 60 3D 0A 52 CD 47 59 4F 3C 00 20 80 36 80 76 67 66 4A 48 63 60 3D CD 50 5D 4C 67 20 57 61 46 4D 42 64 4F 3C 40 0F	[DFT]···しかし 君は\nもちものが いっぱいのようだね\nすまないが 手紙をわたせるよう\nにもつを へらしてくれないか?		pending
C0-08915A	0x08915A	0026	D0 7E 7E 7E 49 3D 40 CD 5E 6E 4E 20 D4 40 73 63 D5 4E 64 68 61 42 00 CD 4E 64 63 4E 80 7A 6E 4A 53 50 7E 7E 7E 1F	[CLR]···そうか\nやっと [KATAKANA]カール[HIRAGANA]とれんらくが\nとれると思ったのに···˳		pending
C0-089181	0x089181	00A0	D7 45 6E 41 54 3B 41 61 5C 4A 00 CD D4 40 73 63 D5 4E 20 0E 3D 50 40 64 68 61 42 67 CD 4E 62 4A 3C 68 0A 7E 7E 7E D1 D4 40 73 63 D5 50 C3 02 4D 00 5A C3 00 67 80 38 42 40 61 CD 66 4A 46 4D 5D 61 3E 4F 3C 0A 65 3D 40 0F CD 20 3F 5E 47 3C 04 80 6C 0D 47 CD 20 3F 44 4E 66 62 46 59 47 CC D7 3E 0F 44 53 80 61 80 1E 80 C2 40 3C 0F CD 44 64 54 20 59 0A 80 D6 80 04 80 1C 0D 52 CD 44 53 20 D4 18 0D 6A D5 50 5A 3B 3D 60 3D 4F CD C3 02 D4 3E 68 06 68 D5 C3 00 00 80 23 64 4F 42 4D 52 1F	[DFT]さっきはあきらめたが\n[KATAKANA]カール[HIRAGANA]と どうにかれんらくを\nとりたいんだ···[FIN][KATAKANA]カール[HIRAGANA]に[PAL:02]てがみ[PAL:00]を書くから\nわたしてもらえないだろうか?\n おやすいご用です\n おことわりします[TER][DFT]え?この飛行船かい?\nこれは まだ設計中でね\nこの [KATAKANA]ボディ[HIRAGANA]にみあうような\n[PAL:02][KATAKANA]エンジン[HIRAGANA][PAL:00]が作れなくてね˳		pending
C0-089222	0x089222	0034	D7 3F 5E 20 81 46 40 CD 80 61 80 1E 80 C2 53 80 C9 81 02 54 0E 3D 0A 3C 0F CD 4E 50 40 42 80 26 54 20 3F 4E 3D 45 68 67 CD 81 30 42 20 45 00 46 4F 45 3C 1F	[DFT]おや 君か\n飛行船の調子はどうだい?\nとにかく今は おとうさんを\n早く さがしなさい˳		pending
C0-089257	0x089257	0025	D7 81 30 42 20 81 44 81 45 4F 81 85 53 80 1C 50 4F 6E 4D CD 80 55 50 20 80 EF 64 63 4E 3C 3C 68 0A 43 0E 52 1F	[DFT]早く 平和な世の中になって\n家に 帰れるといいんだけどね˳		pending
C0-08927D	0x08927D	00B7	D7 3E 6E 4E 7E 7E 7E CD C9 3C C3 02 D4 40 73 63 D5 20 57 CD 80 85 80 89 50 46 4D 3C 59 47 40 0F CD 81 51 50 3C 4F 42 4F 6E 4D 20 04 5C 68 4F 45 3C D1 4E 3D 45 68 54 20 80 42 3C 80 46 4A 4B 50 CD 45 61 66 64 4D 20 81 09 80 56 67 45 48 61 64 4D 59 47 CD 3F 80 01 5E 20 40 3B 45 68 53 44 4E 00 CD 80 89 00 40 62 0D 20 46 40 4A 3B 62 59 48 68 D1 3C 4C 80 EF 64 63 40 20 66 40 62 59 48 68 00 CD 3F 80 01 54 20 81 3E 53 81 02 4F 53 0A 40 61 CD 80 55 5E 40 3B 45 68 53 44 4E 67 4A 53 5A 59 47 1F CD 20 20 20 20 20 20 20 20 20 20 20 20 20 81 9E 60 62 C3 00	[DFT]えっと···\n[PAU:3C][PAL:02][KATAKANA]カール[HIRAGANA] へ\n元気にしていますか?\n急にいなくなって ごめんなさい[FIN]とうさんは 悪い人たちに\nさらわれて 仕事をさせられてます\nお前や かあさんのことが\n気がかりで しかたありません[FIN]いつ帰れるか わかりませんが\nお前は 男の子なのだから\n家やかあさんのことをたのみます˳\n             父より[PAL:00]		pending
C0-089335	0x089335	0119	D7 06 6F 3B 20 44 53 80 36 80 76 67 CD 4A 53 5A 59 47 CD 81 46 5D 20 80 43 80 50 4F 80 87 0A 65 3D 50 CD 66 00 59 59 81 10 6E 4D 20 47 59 4F 3C 52 1F D1 CD 20 C2 00 54 CD C3 02 20 4D 00 5A C3 00 67 20 3D 43 4E 6E 4A 7D CC D7 3E 0F D4 40 73 63 D5 00 20 80 CE 50 44 64 67 0F CD DC 09 7E 7E 7E 7E 7E 7E 7E 7E 7E 7E 7E 7E 7E 7E 7E CD DC 00 44 68 4F 5D 53 50 20 80 38 3C 4D 42 63 4F 68 4D CD 3B 53 81 02 61 46 3C 4F 20 54 54 54 D1 DC 09 7E 7E 7E 7E 7E 7E 7E 7E 7E 7E 7E 7E 68 0F CD C9 1E DC 00 44 53 20 80 75 80 77 54 0E 44 0D 0F CD C9 1E 44 64 54 20 80 EA 40 53 80 D6 80 04 82 59 7E 7E 7E 3C 5E CD D4 3E 68 06 68 D5 53 80 D6 80 04 82 59 50 4B 00 3C 4F 3C 7D D1 44 64 54 20 55 71 6E 4E 46 4A 61 CD 80 08 3E 63 40 5D 46 64 4F 3C 09 7D CD C9 1E 08 55 20 41 5A 50 82 2D 00 3E 46 67 45 48 4D 42 64 CD 60 46 7D 45 6E 49 42 80 23 80 24 50 40 40 63 09 7D	[DFT]じゃあ この手紙を\nたのみます\n君も 大変な時だろうに\nわがまま言って すまないね˳[FIN]\n [NAM:00]は\n[PAL:02] てがみ[PAL:00]を うけとった![TER][DFT]え?[KATAKANA]カール[HIRAGANA]が 私にこれを?\n[NXT]ぞ···············\n[NXT]がこんなものに 書いてくるなんて\nあの子らしいな ははは[FIN][NXT]ぞ············ん?\n[PAU:1E][NXT]がこの 石版はどこで?\n[PAU:1E]これは 何かの設計図···いや\n[KATAKANA]エンジン[HIRAGANA]の設計図にちがいない![FIN]これは ひょっとしたら\n使えるかもしれないぞ!\n[PAU:1E]ぜひ きみに恩がえしをさせてくれ\nよし!さっそく作業にかかるぞ!		pending
C0-0894C6	0x0894C6	005F	D7 60 3D 5E 42 20 80 61 80 1E 80 C2 00 46 3B 00 6E 4A 60 7D CD 44 64 54 20 81 46 50 3B 03 60 3D CD 44 64 0D 81 30 42 20 3F 4E 3D 45 68 67 CD 45 00 46 50 80 1E 41 4F 45 3C DE D7 20 C2 00 54 CD C3 02 20 80 61 80 1E 80 C2 C3 00 67 20 80 36 50 80 31 64 4A 7D CC D7 80 61 80 1E 80 C2 67 81	[DFT]ようやく 飛行船がしあがったよ!\nこれは 君にあげよう\nこれで早く おとうさんを\nさがしに行きなさい[TPL:D7] [NAM:00]は\n[PAL:02] 飛行船[PAL:00]を 手に入れた![TER][DFT]飛行船を[BYTE:81]		pending
C0-089557	0x089557	002D	D7 46 40 46 7E 7E 7E CD C9 1E 0E 3D 5D 20 81 6D 80 6D 00 3C 6E 19 3C 53 60 3D 0A 52 CD 81 3A 46 20 81 78 0C 43 4D 5D 61 3E 4F 3C 40 0F	[DFT]しかし···\n[PAU:1E]どうも 荷物がいっぱいのようだね\n少し 片づけてもらえないか?		pending
C0-0895C0	0x0895C0	0021	D7 3F 46 6E 44 46 4D 63 68 0A 40 61 CD 80 54 50 44 4F 3C 0D 60 7E 7E 7E CD 3C 5E 61 46 3C 4F 3B 7D	[DFT]おしっこしてるんだから\n見にこないでよ···\nいやらしいなあ!		pending
C0-089652	0x089652	000B	D7 81 46 5D 20 46 71 43 3C 50 81	[DFT]君も しょけいに[BYTE:81]		pending
C0-08968A	0x08968A	003A	D7 80 26 80 59 53 46 71 43 3C 54 CD 80 85 80 78 80 79 53 20 D4 40 50 D5 4F 68 0A 6E 4D 45 CD 5A 68 4F 20 D4 40 50 D5 00 80 CB 17 61 64 63 6E 4D CD 3F 3F 60 65 44 15 0A 60 1F	[DFT]今日のしょけいは\n元幹部の [KATAKANA]カニ[HIRAGANA]なんだってさ\nみんな [KATAKANA]カニ[HIRAGANA]が食べられるって\nおおよろこびだよ˳		pending
C0-0896C5	0x0896C5	0013	D7 3F 59 3E 53 80 2F 4F 68 40 4F 3C 60 CD 46 6E 46 6E 7D	[DFT]おまえの分なんかないよ\nしっしっ!		pending
C0-089731	0x089731	0026	D7 3B 3B 20 3D 64 46 3C 4F 3B CD D4 40 50 D5 67 80 CB 17 63 53 4F 68 40 CD 81 BF 46 16 62 0A 60 20 3D 63 3D 63 1F	[DFT]ああ うれしいなあ\n[KATAKANA]カニ[HIRAGANA]を食べるのなんか\n久しぶりだよ うるうる˳		pending
C0-089758	0x089758	001D	D7 5E 6E 19 62 20 80 D4 50 54 CD D4 40 50 D5 4E 20 80 59 80 D9 82 5B 00 3B 3D 60 52 1F	[DFT]やっぱり 雪には\n[KATAKANA]カニ[HIRAGANA]と 日本酒があうよね˳		pending
C0-08981D	0x08981D	0026	D7 81 30 42 80 CB 17 4A 3C 53 54 66 40 63 00 CD 59 0A 20 3F 4E 4F 46 42 CD 82 5A 50 47 66 6E 4D 4D 42 64 60 4F 1F	[DFT]早く食べたいのはわかるが\nまだ おとなしく\n席にすわっててくれよな˳		pending
C0-089844	0x089844	01A4	D7 E0 08 D4 54 6E 40 73 D5 53 20 5F 3D 46 70 3D 4F 63 CD 80 15 80 16 80 98 53 46 71 42 68 7D CD 80 05 59 6E 4D 5D 61 6E 4A 53 54 20 81 92 0D 5D 4F 3C D1 D4 54 6E 40 73 D5 53 20 80 85 80 78 80 79 0D 3B 62 4F 00 61 CD 81 56 80 79 53 82 33 80 F5 67 20 81 36 50 5D 61 46 4D 3C 4A CD 3D 61 01 62 5D 53 53 20 D4 40 50 D5 67 CD 46 71 43 3C 47 63 4A 5C 0D 3B 63 DE D7 4C 3C 4D 54 20 44 53 D4 40 50 D5 67 40 59 5F 0D 50 46 CD 46 71 43 3C 81 33 54 20 81 AA 80 F3 00 CD 3F 3C 46 42 3C 4A 0A 42 44 4E 50 CD 46 60 3D 4E 80 7A 3D 1F D1 C3 02 45 66 D4 00 50 D5 7F CD C3 00 55 D4 73 D5 6E 20 40 68 17 68 46 4D 42 0A 45 3C 60 CD 45 66 D4 00 50 D5 4F 68 40 42 6E 4A 6E 4D CD 3D 59 42 4F 3C 0D 47 60 3F 6E 7D D1 DC 09 3B 6E 7E 7E 7E 7E 7E 7E 7E 7E 7E 7E 7E 7E CD DC 00 49 7E 49 44 50 20 3C 61 6E 46 6F 63 53 54 CD 0A 68 4F 06 6F 4F 3C 0D 47 40 3C 6E 7D CD 0A 68 4F D4 73 D5 7D 80 9A 43 4D 42 0A 45 3C 60 6E 7D DE D7 E0 08 5B 5B 5B 6E 20 4F 68 0A 3F 59 3E 54 CD 7E 7E 7E 45 4D 54 20 3F 80 01 00 CD 3F 4A 07 52 5D 53 53 20 80 27 80 14 80 55 40 7D 0F D1 44 62 6F 3B 20 4E 68 0D 80 C7 50 3C 63 CD 81 59 53 82 29 0A 7D 80 15 80 16 80 98 53 5A 4F 45 D4 73 D5 68 7D CD 80 CB 80 01 53 81 E7 80 0E 81 E0 80 67 0D 47 60 D4 73 D5 6E 7D CD 44 3C 4C 67 20 4C 40 59 3E 4B 6F 3C 59 46 71 3D 7D	[DFT][E2:08D4]はっか0[HIRAGANA]の ゆうしゅうなる\n戦闘員のしょくん!\n集まってもらったのは 他でもない[FIN][KATAKANA]ハッカー[HIRAGANA]の 元幹部でありながら\n内部の情報を 外にもらしていた\nうらぎりものの [KATAKANA]カニ[HIRAGANA]を\nしょけいするためである[TPL:D7]ついては この[KATAKANA]カニ[HIRAGANA]をかまゆでにし\nしょけい後は 我々が\nおいしくいただくことに\nしようと思う˳[FIN][PAL:02]さわ[KATAKANA]ガニ[HIRAGANA]:\n[PAL:00]ひ[KATAKANA]ー[HIRAGANA]っ かんべんしてくださいよ\nさわ[KATAKANA]ガニ[HIRAGANA]なんかくったって\nうまくないですよおっ![FIN][NXT]ぞあっ············\n[NXT]がそ·そこに いらっしゃるのは\nだんなじゃないですかいっ!\nだんな[KATAKANA]ー[HIRAGANA]!助けてくださいよっ![TPL:D7][E2:085B]むむっ なんだおまえは\n···さては お前が\nおたずねものの 発明家か!?[FIN]こりゃあ とんで火にいる\n夏の虫だ!戦闘員のみなさ[KATAKANA]ー[HIRAGANA]ん!\n食前の準備運動ですよ[KATAKANA]ー[HIRAGANA]っ!\nこいつを つかまえちゃいましょう!		pending
C0-0899E9	0x0899E9	0035	D7 E0 08 49 3D 40 68 4A 68 50 54 20 50 00 45 4F 3C 60 CD 80 15 80 16 80 98 53 5A 4F 45 D4 73 D5 68 7D CD 5D 3D 80 ED 80 0B 80 45 80 1B 0D 47 60 D4 73 D5 6E 7D	[DFT][E2:0849]うかんたんには にがさないよ\n戦闘員のみなさ[KATAKANA]ー[HIRAGANA]ん!\nもう一回出番ですよ[KATAKANA]ー[HIRAGANA]っ!		pending
C0-089A1F	0x089A1F	002E	D7 44 61 44 61 20 82 5C 80 46 50 CD 40 6E 4D 50 20 80 52 46 40 43 4B 6F 3C 40 68 7D CD 3F 4E 4F 46 42 20 82 5A 50 4C 3C 4D 3C 4F 45 3C 1F	[DFT]こらこら 罪人に\nかってに 話しかけちゃいかん!\nおとなしく 席についていなさい˳		pending
C0-089AB5	0x089AB5	002E	D7 3B 7E 44 61 6E 20 80 26 44 44 54 CD 80 15 80 16 80 98 81 34 81 36 20 80 F9 80 31 62 81 A1 80 6F 0A 60 CD 80 EF 6E 4A 20 80 EF 6E 4A 7D	[DFT]あ·こらっ 今ここは\n戦闘員以外 立入り禁止だよ\n帰った 帰った!		pending
C0-089BA4	0x089BA4	00B0	D7 47 5A 59 48 68 20 0A 68 4F CD 3B 6E 46 54 20 0A 68 4F 53 44 4E 00 CD 80 E6 81 64 0D 80 E6 81 64 0D 7E 7E 7E 0D 5D 20 40 3E 6E 4D CD 82 0A 80 36 59 4E 3C 50 4F 6E 4B 59 3C 59 46 4A 52 D1 49 3D 49 3D 20 44 64 67 CD 45 46 3B 03 60 3D 4E 80 7A 3C 59 46 4D 7E 7E 7E CD 3B 6E 46 00 20 80 78 80 79 80 87 81 67 50 CD 80 08 6E 4D 3C 4A 5D 68 4F 68 0D 47 43 0E 52 DE D7 7E 7E 7E 4E 20 80 7A 6E 4A 61 CD 50 5D 4C 00 20 3C 6E 19 3C 53 60 3D 0D 47 52 CD 50 5D 4C 54 20 4C 52 55 04 65 40 61 CD 81 78 0C 43 4F 3C 4E 20 3C 43 59 48 68 08 1F	[DFT]すみません だんな\nあっしは だんなのことが\n心配で心配で···でも かえって\n足手まといになっちまいましたね[FIN]そうそう これを\nさしあげようと思いまして···\nあっしが 幹部時代に\n使っていたもんなんですけどね[TPL:D7]···と 思ったら\nにもつが いっぱいのようですね\nにもつは つねひごろから\n片づけないと いけませんぜ˳		pending
C0-089C55	0x089C55	009F	D7 20 C2 00 54 CD C3 02 20 40 68 16 D4 14 6E 4B D5 C3 00 67 20 80 36 50 80 31 64 4A 7D CC D7 44 64 00 3B 64 14 CD C3 02 80 78 80 79 46 40 80 31 64 4F 3C 80 79 80 A4 C3 00 50 CD 80 31 63 44 4E 5D 0D 41 63 54 07 0D 47 CD 3F 80 F6 50 4A 4C 4E 80 7A 3C 59 46 4D 52 D1 0D 41 64 14 04 3C 6E 46 71 46 4A 3C 68 0D 47 00 CD 59 4A 82 0A 80 36 59 4E 3C 50 4F 62 49 3D 0D 47 46 CD 44 64 0D 20 3B 6E 46 54 81 12 81 28 3C 4A 46 59 47 CD C9 1E 0A 68 4F 6E 7D 00 68 14 6E 4D 42 0A 45 3C 60 7D	[DFT] [NAM:00]は\n[PAL:02] かんぶ[KATAKANA]バッチ[HIRAGANA][PAL:00]を 手に入れた![TER][DFT]これがあれば\n[PAL:02]幹部しか入れない部屋[PAL:00]に\n入ることもできるはずです\nお役にたつと思いましてね[FIN]できればごいっしょしたいんですが\nまた足手まといになりそうですし\nこれで あっしは失礼いたします\n[PAU:1E]だんなっ!がんばってくださいよ!		pending
C0-089D80	0x089D80	0052	D7 44 53 80 BD 0D 54 C3 02 81 1D 80 28 3E 3C 53 80 61 80 1E 80 C2 C3 00 53 CD 80 9F 80 27 67 80 1E 4F 6E 4D 3C 63 68 0A CD 44 53 80 BD 50 54 C3 02 80 78 80 79 C3 00 D4 42 61 47 D5 53 80 46 81 2B 46 40 CD 80 31 63 44 4E 54 20 0D 41 4F 3C 53 45 1F	[DFT]この先では[PAL:02]最新えいの飛行船[PAL:00]の\n開発を行なっているんだ\nこの先には[PAL:02]幹部[PAL:00][KATAKANA]クラス[HIRAGANA]の人間しか\n入ることは できないのさ˳		pending
C0-089DD3	0x089DD3	0034	D7 5E 5E 6E 7D CD C9 14 44 7E 44 64 54 20 80 78 80 79 53 81 04 0D 46 4A 40 7D CD 0E 3D 5D 20 81 12 81 28 46 59 46 4A CD 45 3B 20 3F 80 3C 62 42 0A 45 3C 1F	[DFT]ややっ!\n[PAU:14]こ·これは 幹部の方でしたか!\nどうも 失礼しました\nさあ お通りください˳		pending
C0-089E08	0x089E08	002A	D7 07 3C 16 68 20 3F 81 35 3C 53 50 CD 5D 3D 80 78 80 79 4F 68 4D 20 47 04 3C 0D 47 52 3E CD 3B 44 00 64 4B 6F 3C 59 47 60 1F	[DFT]ずいぶん お若いのに\nもう幹部なんて すごいですねえ\nあこがれちゃいますよ˳		pending
C0-08A00D	0x08A00D	0010	D0 02 0A 97 01 64 30 02 50 30 04 10 40 05 07 80	[CLR]ぐだ[BYTE:97]ぎれPぐにPご┌かざず[BYTE:80]		pending
C0-08A10C	0x08A10C	0049	D7 CF 83 A1 88 D1 3E 0F 49 64 4F 61 20 80 45 80 31 80 A8 67 CD 80 54 81 62 61 4F 3C 4E 20 80 48 81 87 00 4F 3C 6E 4D 0F CD C9 28 DC 08 7E 7E 7E DC 00 49 64 5D 20 49 3D 0A 52 CD 80 DB 3E 4D 42 64 4D 20 3B 62 00 4E 3D 7D	[DFT][STR:83A188][FIN]え?それなら 出入口を\n見張らないと 意味がないって?\n[PAU:28][NXT]ぜ···[NXT]がそれも そうだね\n教えてくれて ありがとう!		pending
C0-08A243	0x08A243	0042	D7 4F 68 0A 3F 80 01 20 80 54 40 43 4F 3C 80 25 0A 4F CD 80 26 54 C3 02 81 AC 81 28 80 1C C3 00 0A 40 61 4F CD 3F 80 01 5A 4A 3C 4F 20 3B 5E 46 3C 81 2A 67 CD 80 3C 47 66 43 50 54 3C 40 4F 3C 4F 1F	[DFT]なんだお前 見かけない顔だな\n今は[PAL:02]朝礼中[PAL:00]だからな\nお前みたいな あやしい奴を\n通すわけにはいかないな˳		pending
C0-08A286	0x08A286	003E	D7 5D 3D 47 02 20 81 AC 81 28 00 81 F9 59 62 59 47 CD D4 16 61 6E 42 5D 3B 80 BF D5 40 61 CD 81 32 80 43 4F 80 27 81 73 00 3B 63 49 3D 0D 47 CD 3F 81 30 42 20 3F 80 31 62 42 0A 45 3C 1F	[DFT]もうすぐ 朝礼が始まります\n[KATAKANA]ブラックモア樣[HIRAGANA]から\n重大な発表があるそうです\nお早く お入りください˳		pending
C0-08A2C5	0x08A2C5	0032	D7 44 7E C9 1E 44 64 54 CD 80 78 80 79 D4 42 61 47 D5 53 81 04 0D 46 4A 40 7D CD 81 12 81 28 46 59 46 4A 7D CD 0E 3D 09 20 3F 80 3C 62 42 0A 45 3C 7D	[DFT]こ·[PAU:1E]これは\n幹部[KATAKANA]クラス[HIRAGANA]の方でしたか!\n失礼しました!\nどうぞ お通りください!		pending
C0-08A359	0x08A359	004D	D7 80 26 40 61 CD C3 02 D4 54 6E 40 7B 80 9B 80 9C 80 6B 81 43 80 79 80 B3 80 B4 81 A8 D5 CD D4 16 61 6E 42 5D 3B D5 C3 00 80 BF 40 61 CD 80 26 81 33 53 80 23 80 15 53 20 80 13 80 14 00 3B 63 49 3D 0A CD 66 42 20 66 42 20 66 42 1F	[DFT]今から\n[PAL:02][KATAKANA]ハッカ-極楽星支部司令官[HIRAGANA]\n[KATAKANA]ブラックモア[HIRAGANA][PAL:00]樣から\n今後の作戦の 説明があるそうだ\nわく わく わく˳		pending
C0-08A3EB	0x08A3EB	002B	D7 44 61 20 5D 3D 47 02 CD D4 16 61 6E 42 5D 3B 80 BF D5 40 61 20 3F 80 52 00 3B 63 CD 3F 4E 4F 46 42 20 81 FE 82 5D 46 4D 65 7D	[DFT]こら もうすぐ\n[KATAKANA]ブラックモア樣[HIRAGANA]から お話がある\nおとなしく 整列してろ!		pending
C0-08A4A7	0x08A4A7	0041	D7 DC 09 7E 7E 7E DC 01 4F 50 0F C9 1E 3F 4E 3D 45 68 0A 4E 7D 0F CD DC 00 81 12 81 28 4F 7D 80 CE 54 20 80 5E 53 82 5E 80 4B 0A 09 7D CD 49 64 50 20 3F 80 01 53 60 3D 4F 81 2A 54 81 0E 61 68 7D	[DFT][NXT]ぞ···[NXT]ぎなに?[PAU:1E]おとうさんだと!?\n[NXT]が失礼な!私は 花の独身だぞ!\nそれに お前のような奴は知らん!		pending
C0-08A4E9	0x08A4E9	0049	D7 46 4C 44 3C 81 2A 0A 4F CD 80 CE 54 20 D4 54 6E 40 73 D5 53 81 99 81 9A 81 26 53 55 4E 62 CD C3 02 D4 3B 41 54 14 61 D5 C3 00 0A 6E 7D D1 3F 80 01 53 60 3D 4F 81 2A 54 CD 81 0E 61 68 4E 81 10 6E 4A 61 81 0E 61 68 7D	[DFT]しつこい奴だな\n私は [KATAKANA]ハッカー[HIRAGANA]の科学者のひとり\n[PAL:02][KATAKANA]アキハバラ[HIRAGANA][PAL:00]だっ![FIN]お前のような奴は\n知らんと言ったら知らん!		pending
C0-08A580	0x08A580	00BD	D8 E0 0A 5E 65 3D 0E 5D 20 60 42 81 41 41 5E 00 64 7D CD 3F 5C 3E 61 53 20 3F 40 03 0D CD 76 4C 53 E0 00 00 20 49 65 6E 4A 08 DE D8 0A 00 60 20 44 64 40 61 00 80 D9 80 1B 0A 08 CD 44 53 80 9B 80 9C 80 6B 67 20 48 3C 56 42 46 4D CD D4 3F 64 D5 4A 4B 53 80 32 67 20 80 54 48 4C 43 4D 5E 64 7D CD 80 28 46 3C 20 C3 02 80 CD 80 C4 80 E1 81 D4 C3 00 5D 3B 63 44 4E 0A 46 4F D1 45 3B 6E 7D 5E 65 3D 0E 5D CD 80 89 3B 3C 80 31 64 4D 20 3F 6E 19 06 5C 65 60 CD 80 D9 80 6B 53 81 2A 61 50 5D 20 D4 3F 64 D5 4A 4B 53 80 32 67 CD 80 54 48 4C 43 63 20 D4 4B 6F 68 47 D5 0A 08 7D	[DF4][E2:0A5E]ろうども よく聞きやがれ!\nおめえらの おかげで\n3つの[E2:0000] そろったぜ[TPL:D8]だがよ これからが本番だぜ\nこの極楽星を せいふくして\n[KATAKANA]オレ[HIRAGANA]たちの力を 見せつけてやれ!\n新しい [PAL:02]秘密兵器[PAL:00]もあることだしな[FIN]さあっ!やろうども\n気あい入れて おっぱじめろよ\n本星の奴らにも [KATAKANA]オレ[HIRAGANA]たちの力を\n見せつける [KATAKANA]チャンス[HIRAGANA]だぜ!		pending
C0-08A66F	0x08A66F	0015	D7 CD 20 80 1C 40 61 D4 40 01 D5 00 20 40 43 61 64 4D 3C 63 1F	[DFT]\n 中から[KATAKANA]カギ[HIRAGANA]が かけられている˳		pending
C0-08A6E0	0x08A6E0	012F	D7 E0 0A 7E 7E 7E 3F 3C 6E C9 1E 20 D4 3B 41 54 14 61 D5 7D CD C9 1E E0 00 00 20 80 27 80 67 46 4F 3C 4E 54 CD 0E 3D 3C 6E 4A 66 43 0A 7D 0F D1 E0 02 45 3B 4F 20 44 64 00 4A 0A 53 80 75 0D 54 CD 4F 3C 44 4E 54 20 3B 41 61 40 0A D1 4A 0A 20 44 64 54 59 0A CD 80 60 81 B3 80 57 4F 80 40 80 41 50 20 3B 63 61 46 3C CD C9 1E 80 ED 80 79 00 20 4A 62 4F 3C 53 40 CD 80 27 80 67 45 48 63 53 50 82 5F 81 24 00 3B 63 53 40 7E 7E 7E D1 E0 0A DC 09 7E 7E 7E 44 7E C9 1E DC 00 44 53 20 5E 42 4A 4A 07 5C 7D CD 49 64 00 20 66 40 61 52 3E 40 61 CD 3F 5C 3E 50 20 80 C9 17 45 48 4A 68 0A 65 3D 00 7D D1 44 53 80 32 00 20 66 40 61 4F 3C 44 4E 50 6F 3B CD 80 D9 80 6B 53 5E 4C 61 67 20 80 45 46 51 3C 4D CD 44 3C 4C 53 80 32 67 20 80 08 3F 3D 6E 4D 3C 3D CD D4 3F 64 D5 53 80 04 80 20 54 20 80 A6 53 3B 66 0A 08 7D D1 5D 3D 3C 3C 6E 7D CD 3F 5C 3E 4F 68 05 50 6F 20 4A 53 59 52 3E 7D CD 3F 3C 6E 7D 7D 0A 64 40 3C 63 40 7D 7D	[DFT][E2:0A7E]··おいっ[PAU:1E] [KATAKANA]アキハバラ[HIRAGANA]!\n[PAU:1E][E2:0000] 発動しないとは\nどういったわけだ!?[FIN][E2:0245]あな これがただの石では\nないことは あきらかだ[FIN]ただ これはまだ\n不完全な状態に あるらしい\n[PAU:1E]一部が たりないのか\n発動させるのに条件があるのか···[FIN][E2:0ADC]ぞ···こ·[PAU:1E][NXT]がこの やくたたずめ!\nそれが わからねえから\nおめえに 調べさせたんだろうが![FIN]この力が わからないことにゃあ\n本星のやつらを 出しぬいて\nこいつの力を 使おうっていう\n[KATAKANA]オレ[HIRAGANA]の計画は 水のあわだぜ![FIN]もういいっ!\nおめえなんざにゃ たのまねえ!\nおいっ!!だれかいるか!!		pending
C0-08A867	0x08A867	0076	D7 E0 0B 7E 7E 7E 3C 3C 53 0F CD C9 1E 44 64 0D 54 20 E0 00 53 44 4E 54 CD 66 40 61 07 06 59 3C 06 6F 4F 3C 0F D1 E0 0A 56 68 6E 20 3B 68 4F 5E 65 3D 50 CD 80 43 81 0F 4F 20 E0 00 67 CD 59 40 48 4D 3F 43 63 40 7D D1 E0 0B 80 89 53 82 60 3C 81 3E 52 C9 1E 20 59 3B 3C 3C 66 CD E0 00 54 20 80 CE 4A 4B 0D CD 5D 3D 81 3A 46 20 80 C9 17 4D 5A 59 46 71 3D 1F	[DFT][E2:0B7E]··いいの?\n[PAU:1E]これでは [E2:0053]ことは\nわからずじまいじゃない?[FIN][E2:0A56]んっ あんなやろうに\n大切な [E2:0067]\nまかせておけるか![FIN][E2:0B80][BYTE:89]の短い男ね[PAU:1E] まあいいわ\n[E2:0054] 私たちで\nもう少し 調べてみましょう˳		pending
C0-08A8DE	0x08A8DE	0093	D7 E0 0B 3B 61 20 5C 07 61 46 3C C9 1E 20 D4 52 07 5A D5 0A 66 CD C9 1E 3B 53 59 51 43 80 21 20 4F 68 4E 4F 42 CD 3B 53 20 18 3D 5E 67 80 7A 3C 80 45 47 66 1F D1 E0 0A 4F 68 0A 20 49 53 18 3D 5E 6E 4D 53 54 0F CD 81 41 41 07 4D 4F 61 52 3E 20 D4 48 62 56 D5 0A 4F 1F D1 E0 0B 7E 7E 7E 56 56 56 20 55 5A 4C 60 CD C9 3C 45 3B 20 80 1E 41 59 46 71 3D CD 80 D9 80 6B 50 20 81 0E 61 64 63 80 01 50 CD 44 4E 67 20 47 59 48 4A 3C 68 0D 46 71 3D 0F	[DFT][E2:0B3B]ら めずらしい[PAU:1E] [KATAKANA]ネズミ[HIRAGANA]だわ\n[PAU:1E]あのまぬけ面 なんとなく\nあの ぼうやを思い出すわ˳[FIN][E2:0A4F]んだ そのぼうやってのは?\n聞きずてならねえ [KATAKANA]セリフ[HIRAGANA]だな˳[FIN][E2:0B7E]··ふふふ ひみつよ\n[PAU:3C]さあ 行きましょう\n本星に 知られる前に\nことを すませたいんでしょう?		pending
C0-08A9FA	0x08A9FA	003B	D7 44 3C 4C 67 20 0E 44 40 50 16 4B 44 68 0D 3F 43 CD D4 64 73 05 73 D5 5D 81 B3 80 2B 46 4A 46 20 80 6C 4F 46 0A 7D CD 80 D0 D4 04 5A D5 53 80 59 50 0D 5D 20 47 4D 4D 5E 63 7D	[DFT]こいつを どこかにぶちこんでおけ\n[KATAKANA]レーザー[HIRAGANA]も完成したし 用なしだ!\n生[KATAKANA]ゴミ[HIRAGANA]の日にでも すててやる!		pending
C0-08ACB7	0x08ACB7	0136	D7 80 CE 53 80 00 80 01 54 C3 02 D4 0E 42 4A 73 D5 27 CD C3 00 80 88 80 FA 80 3E 82 3C 81 99 81 9A 81 26 0D 3B D4 73 D5 63 CD 44 53 D4 54 6E 40 73 D5 53 D4 44 68 1A 70 73 4A 73 D5 5D CD 47 17 4D 80 CE 00 80 D6 80 04 46 4A 5D 53 0D 3B D4 73 D5 63 D1 80 CE 53 20 80 28 46 3C 80 27 80 14 53 80 52 67 CD 81 41 41 4A 3C 0A 65 3D 0F CD 20 81 41 40 48 4D 42 0A 45 3C CD 20 81 27 50 20 81 41 41 4A 42 4F 3C 5E CC D0 49 3D 40 49 3D 40 20 81 1A 81 27 50 80 DB 3E 4D 5E 65 3D CD D3 6B AD D0 59 3B 20 49 3D 81 10 66 07 50 81 41 41 4F 45 D4 73 D5 3C CD 80 1D 54 C3 02 80 46 81 2B 00 20 D4 44 68 1A 70 73 4A 73 81 56 80 79 D5 50 CD 80 31 63 44 4E 00 0D 41 63 C3 00 80 0D 80 84 67 CD 80 9F 80 27 80 1C 4F 53 0A D1 4E 62 3B 3E 07 C3 02 D4 52 07 5A D5 C3 00 0D CD 80 1D 80 D7 46 60 3D 4E 80 7A 6E 4D 3C 63 53 0A 00 CD 44 53 80 D4 80 C8 0D 54 20 D4 52 07 5A D5 5D 3C 4F 42 4D 4F CD 80 EA 4F 61 20 D4 41 5A D5 00 80 1D 80 D7 80 2C 50 4F 63 40 52 0F	[DFT]私の名前は[PAL:02][KATAKANA]ドクター[HIRAGANA]G\n[PAL:00]天才電算科学者であ[KATAKANA]ー[HIRAGANA]る\nこの[KATAKANA]ハッカー[HIRAGANA]の[KATAKANA]コンピューター[HIRAGANA]も\nすべて私が設計したものであ[KATAKANA]ー[HIRAGANA]る[FIN]私の 新しい発明の話を\n聞きたいだろう?\n 聞かせてください\n 別に 聞きたくないや[TER][CLR]そうかそうか 特別に教えてやろう\n[JMP]ぅ[BYTE:AD][CLR]まあ そう言わずに聞きなさ[KATAKANA]ー[HIRAGANA]い\n実は[PAL:02]人間が [KATAKANA]コンピューター内部[HIRAGANA]に\n入ることができる[PAL:00]裝置を\n開発中なのだ[FIN]とりあえず[PAL:02][KATAKANA]ネズミ[HIRAGANA][PAL:00]で\n実驗しようと思っているのだが\nこの雪山では [KATAKANA]ネズミ[HIRAGANA]もいなくてな\n何なら [KATAKANA]キミ[HIRAGANA]が実驗台になるかね?		pending
C0-08ADEE	0x08ADEE	0030	D7 4F 50 00 20 C3 03 D4 4B 70 3D D5 C3 00 0A CD 80 9A 80 36 21 7D 80 50 4F 80 44 67 4A 4D 63 4F 7D CD 80 89 80 2D 4B 80 42 3C 0D 54 4F 3C 40 7D	[DFT]なにが [PAL:03][KATAKANA]チュウ[HIRAGANA][PAL:00]だ\n助手A!変な音をたてるな!\n気持ち悪いではないか!		pending
C0-08AE1F	0x08AE1F	0074	D7 E0 16 80 9A 80 36 21 7D 80 36 80 19 54 66 40 6E 4D 63 4F 0F CD 4A 53 68 0A 09 DE D7 E0 17 3B 3C 3B 3C 45 D4 73 D5 20 D4 0E 42 4A 73 D5 27 7D CD 44 3C 4C 50 20 3B 53 80 0D 80 84 67 CD 4C 43 63 68 0D 47 52 7D CD D4 19 68 4C D5 53 48 68 4A 42 60 62 80 9C 4F 5D 68 0A D1 C3 02 CD C2 00 C3 00 20 53 81 4F 50 CD 80 EA 40 00 20 4E 62 4C 43 61 64 4A 7D	[DFT][E2:1680][BYTE:9A]手A!手順はわかってるな?\nたのんだぞ[TPL:D7][E2:173B]いあいさ[KATAKANA]ー[HIRAGANA] [KATAKANA]ドクター[HIRAGANA]G!\nこいつに あの裝置を\nつけるんですね!\n[KATAKANA]パンツ[HIRAGANA]のせんたくより楽なもんだ[FIN][PAL:02]\n[NAM:00][PAL:00] の耳に\n何かが とりつけられた!		pending
C0-08AE94	0x08AE94	00AF	D7 E0 16 3F 3F 6E 7D 80 9A 80 36 21 20 80 54 4A 59 3E 7D CD D4 52 07 5A D5 00 20 5D 0E 6E 4D 41 4A 09 7D D1 E0 17 6E 4D 44 4E 54 20 80 1D 80 D7 80 2B 81 DC 0D 47 52 7D CD D4 0E 42 4A 73 D5 27 7D CD 3F 5C 0D 4E 3D 04 05 3C 59 47 7D D1 E0 16 60 46 7D 81 30 82 4C D4 52 07 5A D5 40 61 CD 81 9B 53 5D 53 67 54 07 48 7D 81 AA 80 F3 5D CD D4 44 68 1A 70 73 4A 73 D5 53 80 1C 50 20 80 31 63 09 7D D1 E0 17 66 40 62 59 46 4A D4 73 D5 6E 20 D4 0E 42 4A 73 D5 27 7D CD D4 19 68 4C D5 53 48 68 4A 42 60 62 CD 3F 5E 47 3C 5D 68 0D 47 7D	[DFT][E2:163F]おっ!助手A 見たまえ!\n[KATAKANA]ネズミ[HIRAGANA]が もどってきたぞ![FIN][E2:176E]てことは 実驗成功ですね!\n[KATAKANA]ドクター[HIRAGANA]G!\nおめでとうございます![FIN][E2:1660]し!早速[KATAKANA]ネズミ[HIRAGANA]から\n例のものをはずせ!我々も\n[KATAKANA]コンピューター[HIRAGANA]の中に 入るぞ![FIN][E2:1766]かりました[KATAKANA]ー[HIRAGANA]っ [KATAKANA]ドクター[HIRAGANA]G!\n[KATAKANA]パンツ[HIRAGANA]のせんたくより\nおやすいもんです!		pending
C0-08AF44	0x08AF44	020C	D7 E0 16 56 3D 6E 20 4F 68 4E 40 80 45 63 44 4E 00 CD 0D 41 4A 40 7E 7E 7E DE D7 5E 7E 5E 42 49 42 54 20 80 E9 63 09 CD 80 CE 5D 20 81 3E 0A 40 61 4F 6E 7D CD 3F 3C 6E 20 80 9A 80 36 21 7D CD 81 06 67 20 80 2D 6E 4D 63 40 7D 0F DE D7 E0 17 3E 0F C9 14 3E 0F C9 14 3E 0F CD C9 3C 66 7E 66 4A 46 53 20 3F 81 06 0D 47 40 6E 7D 0F D1 E0 16 80 9A 80 36 53 5D 53 54 20 80 AA 80 AB 53 5D 53 7D CD 44 53 81 3A 81 0A 50 20 81 46 53 3B 62 81 06 80 57 80 79 67 CD 66 4A 46 4A 59 3E 7D D1 E0 17 66 7E 66 40 62 59 46 4A 60 6D CD C9 3C 3B 53 7E 7E 7E 80 CE 20 3F 81 98 81 49 00 81 3A 4F 42 4D CD 44 64 46 40 4F 3C 68 0D 47 43 0E 7E 7E 7E D1 20 C2 00 54 CD C3 02 20 78 73 73 D4 4E 65 68 D5 C3 00 67 20 80 36 50 80 31 64 4A 7D CC D7 66 40 6E 4D 63 20 66 40 6E 4D 63 CD 3B 53 20 81 2D 82 61 53 81 3E 53 44 4E 0A 6E 4A 4F D1 3B 53 81 3E 53 20 41 3F 42 54 CD C3 02 D4 5C 3C 68 44 68 1A 70 73 4A 73 D5 C3 00 50 CD D4 3C 68 1B 6E 4E D5 45 64 4D 3F 63 D1 46 40 46 20 80 CE 53 80 23 6E 4A CD C3 02 D4 1B 65 4D 42 4E D5 C3 00 00 20 80 E9 6E 4D 3C 63 40 61 4F CD 49 3D 20 40 68 4A 68 50 54 CD 4D 0A 46 54 20 0D 41 68 09 D1 59 3B 20 5E 64 63 0A 43 5E 6E 4D 5A 63 00 3C 3C CD 80 CE 53 80 23 6E 4A 20 D4 1B 65 4D 42 4E D5 67 CD 4A 5C 47 20 3C 3C D4 4B 6F 68 47 D5 0A 7D CD 44 64 67 20 81 46 50 42 64 4D 5E 65 3D DE D7 49 3D 49 3D 20 D4 40 01 D5 0A 6E 4A 4F CD 58 61 20 42 64 4D 5E 63 7D DE D7 20 C2 00 54 CD C3 02 20 D4 40 01 D5 C3 00 67 20 80 36 50 80 31 64 4A 7D CC D7 50 5D 4C 00 20 3C 6E 19 3C 06 6F 4F 3C 40 7D CD 49 64 0D 54 20 D4 40 01 D5 67 66 4A 47 44 4E 5D CD 0D 41 68 4F 20 1B 68 1B 68 1F	[DFT][E2:1656]うっ なんとか出ることが\nできたか···[TPL:D7]や·やくそくは 守るぞ\n私も 男だからなっ!\nおいっ 助手A!\n金を 持ってるか!?[TPL:D7][E2:173E]?[PAU:14]え?[PAU:14]え?\n[PAU:3C]わ·わたしの お金ですかっ!?[FIN][E2:1680][BYTE:9A]手のものは 博士のもの!\nこの少年に 君のあり金全部を\nわたしたまえ![FIN][E2:1766]·わかりましたよぉ\n[PAU:3C]あの···私 お給料が少なくて\nこれしかないんですけど···[FIN] [NAM:00]は\n[PAL:02] 500[KATAKANA]トロン[HIRAGANA][PAL:00]を 手に入れた![TER][DFT]わかってる わかってる\nあの 白衣の男のことだったな[FIN]あの男の きおくは\n[PAL:02][KATAKANA]メインコンピューター[HIRAGANA][PAL:00]に\n[KATAKANA]インプット[HIRAGANA]されておる[FIN]しかし 私の作った\n[PAL:02][KATAKANA]プロテクト[HIRAGANA][PAL:00]が 守っているからな\nそう かんたんには\nてだしは できんぞ[FIN]まあ やれるだけやってみるがいい\n私の作った [KATAKANA]プロテクト[HIRAGANA]を\nためす いい[KATAKANA]チャンス[HIRAGANA]だ!\nこれを 君にくれてやろう[TPL:D7]そうそう [KATAKANA]カギ[HIRAGANA]だったな\nほら くれてやる![TPL:D7] [NAM:00]は\n[PAL:02] [KATAKANA]カギ[HIRAGANA][PAL:00]を 手に入れた![TER][DFT]にもつが いっぱいじゃないか!\nそれでは [KATAKANA]カギ[HIRAGANA]をわたすことも\nできんな ぷんぷん˳		pending
C0-08B151	0x08B151	002F	D7 80 6C 00 47 68 0A 61 20 80 EF 62 4A 59 3E CD 80 CE 54 20 81 A2 53 80 39 80 3A 53 81 E7 80 0E 0D CD 3C 49 00 46 3C 53 0D 3B D4 73 D5 63 7D	[DFT]用がすんだら 帰りたまえ\n私は 次の研究の準備で\nいそがしいのであ[KATAKANA]ー[HIRAGANA]る!		pending
C0-08B313	0x08B313	00A2	D7 66 4A 46 54 20 44 4B 61 53 CD C3 02 D4 0E 42 4A 73 D5 27 C3 00 53 20 80 9A 80 36 67 46 4D 3C 59 47 CD D4 0E 42 4A 73 D5 4E 54 81 10 6E 4D 5D CD 82 44 81 91 54 D4 44 68 1A 70 73 4A 73 D5 0D 47 43 0E 52 D1 D4 0E 42 4A 73 D5 27 54 20 44 53 81 2B CD C3 02 80 46 81 2B 53 41 3F 42 67 20 D4 44 68 1A 70 73 4A 73 D5 50 CD 81 E9 82 62 47 63 C3 00 80 1D 80 D7 50 80 2B 81 DC 46 4A 68 0D 47 D1 5D 6E 4E 5D 20 80 1D 80 D7 81 26 54 CD C3 02 41 3F 42 49 3D 46 4C C3 00 50 4F 62 59 46 4A 43 0E 1F	[DFT]わたしは こちらの\n[PAL:02][KATAKANA]ドクター[HIRAGANA]G[PAL:00]の 助手をしています\n[KATAKANA]ドクター[HIRAGANA]とは言っても\n專門は[KATAKANA]コンピューター[HIRAGANA]ですけどね[FIN][KATAKANA]ドクター[HIRAGANA]Gは この間\n[PAL:02]人間のきおくを [KATAKANA]コンピューター[HIRAGANA]に\n保存する[PAL:00]実驗に成功したんです[FIN]もっとも 実驗者は\n[PAL:02]きおくそうしつ[PAL:00]になりましたけど˳		pending
C0-08B3B6	0x08B3B6	0047	D7 80 9A 80 36 6E 4D 53 54 20 81 41 44 3E 54 3C 3C 0D 47 00 CD 80 43 80 50 4F 20 81 09 80 56 0D 47 60 CD 80 87 50 54 D4 0E 42 4A 73 D5 27 53 20 D4 19 68 4C D5 53 CD 48 68 4A 42 59 0D 20 45 48 61 64 63 68 0D 47 1F	[DFT]助手ってのは 聞こえはいいですが\n大変な 仕事ですよ\n時には[KATAKANA]ドクター[HIRAGANA]Gの [KATAKANA]パンツ[HIRAGANA]の\nせんたくまで させられるんです˳		pending
C0-08B3FE	0x08B3FE	001D	D7 4F 68 0A 20 D4 52 07 5A D5 40 7E 7E 7E CD 7E 7E 7E 3E 0F C9 1E D4 52 07 5A D5 7D 0F	[DFT]なんだ [KATAKANA]ネズミ[HIRAGANA]か···\n···え?[PAU:1E][KATAKANA]ネズミ[HIRAGANA]!?		pending
C0-08B41C	0x08B41C	00AB	D7 E0 17 7E 7E 7E D4 0E 42 4A 73 D5 27 7D CD 52 7E D4 52 07 5A D5 0D 47 7D D4 52 07 5A D5 1F D1 E0 16 4F 50 67 20 52 18 43 4A 44 4E 67 CD 44 68 4F 80 D4 80 C8 50 20 D4 52 07 D5 7E 7E 7E CD C9 1E DC 01 4F 50 6E 0F DE D7 DC 09 7E 7E 7E 7E 7E 7E 7E 7E 7E DC 01 4F 68 4E 7D CD C9 1E 44 64 54 80 88 40 61 53 20 3F 42 62 5D 53 40 6E 7D CD C9 1E DC 00 80 9A 80 36 21 7D 80 1D 80 D7 0A 7D 7D CD 44 53 D4 52 07 5A D5 0D 20 80 1D 80 D7 67 47 63 09 7D D1 E0 17 66 40 62 59 46 4A 7D 80 AA 80 AB 7D CD 80 1D 80 D7 0D 47 52 7D	[DFT][E2:177E]··[KATAKANA]ドクター[HIRAGANA]G!\nね·[KATAKANA]ネズミ[HIRAGANA]です![KATAKANA]ネズミ[HIRAGANA]˳[FIN][E2:164F]にを ねぼけたことを\nこんな雪山に [KATAKANA]ネズ[HIRAGANA]···\n[PAU:1E][NXT]ぎなにっ?[TPL:D7][NXT]ぞ·········[NXT]ぎなんと!\n[PAU:1E]これは天からの おくりものかっ!\n[PAU:1E][NXT]が助手A!実驗だ!!\nこの[KATAKANA]ネズミ[HIRAGANA]で 実驗をするぞ![FIN][E2:1766]かりました!博士!\n実驗ですね!		pending
C0-08B4C8	0x08B4C8	004C	D7 D4 44 68 1A 70 73 4A 73 D5 53 81 09 80 56 67 46 4D 63 80 46 6E 4D CD 40 66 6E 4A 80 46 00 20 81 23 3C 4E 81 41 41 59 47 43 0E CD 80 D9 81 15 50 20 49 3D 80 7A 3C 59 47 60 CD 3B 4F 4A 5D 20 80 89 67 4C 43 4D 42 0A 45 3C 52 1F	[DFT][KATAKANA]コンピューター[HIRAGANA]の仕事をしてる人って\nかわった人が 多いと聞きますけど\n本当に そう思いますよ\nあなたも 気をつけてくださいね˳		pending
C0-08B515	0x08B515	00A6	D7 3B 7E 3B 53 6D 7E 7E 7E CD C9 1E 0E 7E D4 0E 42 4A 73 D5 27 54 CD 3B 3B 20 81 10 6E 4D 59 47 43 0E CD 45 6E 41 45 46 3B 03 4A 20 C3 03 80 CE 53 C3 00 3F 81 06 67 D1 81 6C 46 4D 42 64 4A 61 20 3B 53 81 3E 53 44 4E 67 CD 80 CE 00 20 80 DB 3E 4D 5D 3C 3C 68 0D 47 60 CD 20 3F 81 6C 46 46 59 46 71 3D CD 20 5D 61 6E 4A 81 06 54 20 81 6C 45 4F 3C 60 CC D0 66 7E 66 40 62 59 46 4A CD 80 89 00 20 40 66 62 59 46 4A 61 CD 3C 4C 0D 5D 20 81 10 6E 4D 42 0A 45 3C 52 CD C9 1E 7E 7E 7E D4 46 42 46 42 D5 1F	[DFT]あ·あのぉ···\n[PAU:1E]ど·[KATAKANA]ドクター[HIRAGANA]Gは\nああ 言ってますけど\nさっきさしあげた [PAL:03]私の[PAL:00]お金を[FIN]返してくれたら あの男のことを\n私が 教えてもいいんですよ\n お返ししましょう\n もらった金は 返さないよ[TER][CLR]わ·わかりました\n気が かわりましたら\nいつでも 言ってくださいね\n[PAU:1E]···[KATAKANA]シクシク[HIRAGANA]˳		pending
C0-08B5BC	0x08B5BC	003D	D0 3B 7E 3B 62 00 4E 3D 04 05 3C 59 47 7D CD 0D 5D 20 3F 81 28 50 66 4A 46 4A 3C 5D 53 00 CD 3B 63 68 0D 47 20 4B 71 6E 4E 3F 50 5D 4C 67 CD 81 78 0C 43 4D 3C 4A 0A 43 59 48 68 40 0F	[CLR]あ·ありがとうございます!\nでも お礼にわたしたいものが\nあるんです ちょっとおにもつを\n片づけていただけませんか?		pending
C0-08B5FA	0x08B5FA	0126	D0 CD 20 C2 00 54 CD C3 02 20 78 73 73 D4 4E 65 68 D5 C3 00 67 20 66 4A 46 4A 7D D1 3D 3D 3D 20 3B 62 00 4E 3D 04 05 3C 59 47 CD 44 64 0D 20 80 26 81 8F 5D CD 42 61 46 4D 3C 43 59 47 D1 3B 53 81 3E 53 20 41 3F 42 54 CD C3 02 D4 5C 3C 68 44 68 1A 70 73 4A 73 D5 C3 00 53 80 1C 50 CD 80 31 64 61 64 4D 3C 63 54 07 0D 47 D1 0A 43 0E 20 81 32 80 0A 80 62 80 C4 0D 47 40 61 52 CD 80 EA 40 50 20 80 E9 61 64 4D 3C 63 54 07 0D 47 D1 49 64 4E 20 44 64 67 45 46 3B 03 59 47 CD 44 64 0D C3 02 D4 5C 3C 68 44 68 1A 70 73 4A 73 80 A0 D5 C3 00 50 CD 80 31 63 44 4E 00 20 0D 41 63 0D 46 71 3D CD D4 0E 42 4A 73 D5 27 50 54 20 D4 4F 3C 46 71 D5 0D 47 60 1F D1 20 C2 00 54 CD C3 02 20 D4 40 01 D5 C3 00 67 20 80 36 50 80 31 64 4A 7D CC D0 3B 7E 3B 4F 4A CD 3F 81 06 67 80 2D 6E 4D 4F 3C 06 6F 4F 3C 0D 47 40 7D CD 5D 3D 20 80 08 6E 4B 6F 3D 4F 68 4D CD 3B 68 59 62 0A 6E 7D 3D 3E D4 73 73 D5 68 7D	[CLR]\n [NAM:00]は\n[PAL:02] 500[KATAKANA]トロン[HIRAGANA][PAL:00]を わたした![FIN]ううう ありがとうございます\nこれで 今月も\nくらしていけます[FIN]あの男の きおくは\n[PAL:02][KATAKANA]メインコンピューター[HIRAGANA][PAL:00]の中に\n入れられているはずです[FIN]だけど 重要機密ですからね\n何かに 守られているはずです[FIN]それと これをさしあげます\nこれで[PAL:02][KATAKANA]メインコンピューター室[HIRAGANA][PAL:00]に\n入ることが できるでしょう\n[KATAKANA]ドクター[HIRAGANA]Gには [KATAKANA]ナイショ[HIRAGANA]ですよ˳[FIN] [NAM:00]は\n[PAL:02] [KATAKANA]カギ[HIRAGANA][PAL:00]を 手に入れた![TER][CLR]あ·あなた\nお金を持ってないじゃないですか!\nもう 使っちゃうなんて\nあんまりだっ!うえ[KATAKANA]ーー[HIRAGANA]ん!		pending
C0-08B75F	0x08B75F	0070	D7 44 53 80 0A 80 6E 53 20 D4 44 68 1A 70 73 4A 73 D5 54 CD 47 17 4D 20 D4 52 6E 4E 66 73 42 D5 0D CD 4C 4F 00 6E 4D 3C 63 68 0D 47 60 D1 49 53 80 1C 80 E6 80 79 00 CD C3 02 D4 5C 3C 68 44 68 1A 70 73 4A 73 D5 C3 00 0D 47 00 CD D4 5C 3C 68 44 68 1A 70 73 4A 73 80 A0 D5 50 54 CD D4 0E 42 4A 73 D5 27 46 40 20 80 31 64 4F 3C 68 0D 47 1F	[DFT]この要塞の [KATAKANA]コンピューター[HIRAGANA]は\nすべて [KATAKANA]ネットワーク[HIRAGANA]で\nつながっているんですよ[FIN]その中心部が\n[PAL:02][KATAKANA]メインコンピューター[HIRAGANA][PAL:00]ですが\n[KATAKANA]メインコンピューター室[HIRAGANA]には\n[KATAKANA]ドクター[HIRAGANA]Gしか 入れないんです˳		pending
C0-08B7D0	0x08B7D0	003F	D7 D4 0E 42 4A 73 D5 27 00 CD D4 44 68 1A 70 73 4A 73 D5 53 80 1C 50 80 31 6E 4A 59 59 CD 80 EF 6E 4D 44 4F 3C 68 0D 47 7E 7E 7E CD C9 1E 80 1C 0D 20 80 EA 40 3B 6E 4A 68 0D 46 71 3D 40 0F	[DFT][KATAKANA]ドクター[HIRAGANA]Gが\n[KATAKANA]コンピューター[HIRAGANA]の中に入ったまま\n帰ってこないんです···\n[PAU:1E]中で 何かあったんでしょうか?		pending
C0-08B810	0x08B810	001E	D7 59 4A 20 80 1D 80 D7 00 81 12 81 13 46 4A 53 40 4E CD 80 7A 6E 4B 6F 3C 59 46 4A 60 1F	[DFT]また 実驗が失敗したのかと\n思っちゃいましたよ˳		pending
C0-08B89E	0x08B89E	0038	D7 B8 02 0A 02 00 6B D7 20 C2 00 54 20 80 D9 67 5A 4C 43 4A CD 20 80 D9 50 54 20 C3 02 D4 45 3C 14 73 06 6F 6E 42 D5 C3 00 53 CD 20 44 4E 00 20 80 38 40 64 4D 3C 4A 1F	[DFT][BYTE:B8]ぐだぐがぅ[DFT] [NAM:00]は 本をみつけた\n 本には [PAL:02][KATAKANA]サイバージャック[HIRAGANA][PAL:00]の\n ことが 書かれていた˳		pending
C0-08B8D7	0x08B8D7	002B	D7 3B 7E 44 61 CD 49 64 54 20 81 32 80 0A 4F 80 39 80 3A 81 B1 81 49 0A CD 81 7D 80 36 50 45 66 6E 4B 6F 20 D4 3C 40 73 68 D5 7D	[DFT]あ·こら\nそれは 重要な研究資料だ\n勝手にさわっちゃ [KATAKANA]イカーン[HIRAGANA]!		pending
C0-08BA02	0x08BA02	0035	D7 4F 50 20 81 46 54 0F CD 44 44 50 54 20 80 D0 D4 04 5A D5 7E 7E 7E 06 6F 4F 42 4D CD 82 5C 80 46 00 3C 63 68 0A 40 61 CD 80 31 64 4D 3B 03 61 64 4F 3C 60 1F	[DFT]なに 君は?\nここには 生[KATAKANA]ゴミ[HIRAGANA]···じゃなくて\n罪人がいるんだから\n入れてあげられないよ˳		pending
C0-08BA38	0x08BA38	003C	D7 4F 50 0F 44 44 50 3C 63 53 54 CD 80 1D 54 20 81 46 53 3F 4E 3D 45 68 0D CD 80 D0 41 81 27 64 50 20 4F 6E 4D 3C 4A 6E 4D 0F CD C9 1E 3F 59 43 50 20 41 3F 42 67 4F 42 46 4D 63 0F	[DFT]なに?ここにいるのは\n実は 君のおとうさんで\n生き別れに なっていたって?\n[PAU:1E]おまけに きおくをなくしてる?		pending
C0-08BA75	0x08BA75	005E	D7 3D 3D 3D 7E 7E 7E 40 66 3C 49 3D 50 6A CD C9 1E 3F 64 20 49 3D 3C 3D 81 11 6E 1D 3C 80 52 50 CD 82 28 3C 68 0A 60 4F 3B 7E 7E 7E D1 60 46 20 3F 3C 61 5D 80 46 53 81 02 0A 7D CD D4 16 61 6E 42 5D 3B D5 45 59 50 4F 3C 46 71 0D CD 3F 4E 3D 45 68 50 20 80 D8 66 48 4D 3B 03 60 3D 7D	[DFT]ううう···かわいそうにぃ\n[PAU:1E]おれ そういう安っぽい話に\n弱いんだよなあ···[FIN]よし おいらも人の子だ!\n[KATAKANA]ブラックモア[HIRAGANA]さまにないしょで\nおとうさんに 会わせてあげよう!		pending
C0-08BAD4	0x08BAD4	002E	D7 00 68 14 64 60 20 81 4E 42 80 D0 41 65 60 7D CD 59 43 63 4F 60 6E 7D 81 F5 42 4F 60 7D CD 80 14 80 59 67 20 80 3D 06 51 42 68 0A 09 7D	[DFT]がんばれよ 強く生きろよ!\nまけるなよっ!泣くなよ!\n明日を 信じぬくんだぞ!		pending
C0-08BB9B	0x08BB9B	0039	D7 E0 02 3F 59 3E 50 20 80 CE 53 80 89 80 2D 4B 00 66 40 63 40 0F CD C9 1E 80 CE 4F 62 50 20 D4 54 6E 40 73 D5 53 4A 5C 50 CD 4C 42 46 4D 41 4A 4E 3C 3D 53 50 7E 7E 7E 1F	[DFT][E2:023F]まえに 私の気持ちがわかるか?\n[PAU:1E]私なりに [KATAKANA]ハッカー[HIRAGANA]のために\nつくしてきたというのに···˳		pending
C0-08BBEA	0x08BBEA	011F	D7 E0 02 DC 09 7E 7E 7E 7E 7E 7E 66 7E DC 00 66 4A 46 54 CD 3C 6E 4A 3C 20 4F 50 67 46 4D 4A 53 0A 7D 0F D1 7E 7E 7E 7E 7E 7E 7E 7E 7E 7E 7E 7E 7E 7E 7E CD C2 00 06 6F 4F 3C 40 7E 7E 7E CD C9 3C 3C 5E 7E 7E 7E 47 17 4D 20 80 7A 3C 80 45 46 4A 09 CD C9 1E 80 CE 54 20 4E 68 0D 5D 4F 3C 44 4E 67 7E 7E 7E D1 C2 00 20 60 42 81 41 3C 4D 42 64 CD C9 1E 41 3F 42 67 20 3D 46 4F 6E 4D 3C 4A 4E 54 81 10 3E CD 4E 3D 45 68 54 20 4E 68 0D 5D 4F 3C 5D 53 67 CD 80 23 6E 4D 46 59 6E 4A 53 0A 60 D1 80 99 55 4E 4C 20 54 40 3C 46 4D 46 59 3E 63 CD 81 4E 80 32 4F 20 C3 02 D4 64 73 05 73 D5 C3 00 0A CD 5E 4C 61 54 20 D4 65 44 44 80 99 D5 67 49 53 CD D4 4A 73 03 6E 4E D5 50 46 60 3D 4E 20 81 8B 3E 4D 3C 63 D1 3B 64 67 20 49 53 59 59 50 46 4D 3F 3C 4D 54 CD D4 65 44 44 80 99 D5 00 20 3B 16 4F 3C 7D CD C9 1E 4E 50 40 42 20 4E 3D 45 68 53 81 33 67 CD 4C 3C 4D 41 4D 42 64 1F	[DFT][E2:02DC]ぞ······わ·[NXT]がわたしは\nいったい なにをしてたのだ!?[FIN]···············\n[NAM:00]じゃないか···\n[PAU:3C]いや···すべて 思い出したぞ\n[PAU:1E]私は とんでもないことを···[FIN][NAM:00] よく聞いてくれ\n[PAU:1E]きおくを うしなっていたとは言え\nとうさんは とんでもないものを\n作ってしまったのだよ[FIN]町ひとつ はかいしてしまえる\n強力な [PAL:02][KATAKANA]レーザー[HIRAGANA][PAL:00]だ\nやつらは [KATAKANA]ロココ町[HIRAGANA]をその\n[KATAKANA]ターゲット[HIRAGANA]にしようと 考えている[FIN]あれを そのままにしておいては\n[KATAKANA]ロココ町[HIRAGANA]が あぶない!\n[PAU:1E]とにかく とうさんの後を\nついてきてくれ˳		pending
C0-08BDDB	0x08BDDB	001D	D7 C3 02 3F 4E 3D 45 68 7F CD C3 00 C2 00 20 44 6E 4B 0A CD C9 1E 3C 49 3C 0D 42 64 7D	[DFT][PAL:02]おとうさん:\n[PAL:00][NAM:00] こっちだ\n[PAU:1E]いそいでくれ!		pending
C0-08BDF9	0x08BDF9	008F	D7 C3 02 3F 4E 3D 45 68 7F CD C3 00 C2 00 20 3C 3C 40 CD C9 1E 4E 3D 45 68 54 20 44 53 80 79 80 A4 50 3B 63 CD D4 64 73 05 73 D5 67 20 54 40 3C 47 63 D1 3F 59 3E 54 20 44 53 D4 13 D5 53 80 79 80 A4 50 3B 63 CD C3 02 80 A6 80 A7 53 80 A6 67 51 42 D4 47 3C 6E 4B D5 C3 00 67 CD 3F 47 68 0A D1 D4 16 61 6E 42 5D 3B D5 4A 4B 00 3C 63 CD C3 02 80 B3 80 B4 80 BC C3 00 57 53 80 5F 54 CD 49 53 20 80 A6 80 A7 53 80 A5 50 3B 63 68 0A 1F	[DFT][PAL:02]おとうさん:\n[PAL:00][NAM:00] いいか\n[PAU:1E]とうさんは この部屋にある\n[KATAKANA]レーザー[HIRAGANA]を はかいする[FIN]おまえは この[KATAKANA]↓[HIRAGANA]の部屋にある\n[PAL:02]水路の水をぬく[KATAKANA]スイッチ[HIRAGANA][PAL:00]を\nおすんだ[FIN][KATAKANA]ブラックモア[HIRAGANA]たちがいる\n[PAL:02]司令塔[PAL:00]への道は\nその 水路の下にあるんだ˳		pending
C0-08BE89	0x08BE89	001C	D7 C3 02 3F 4E 3D 45 68 7F CD C3 00 C2 00 CD C9 3C 46 6E 40 62 20 4A 53 68 0A 09 1F	[DFT][PAL:02]おとうさん:\n[PAL:00][NAM:00]\n[PAU:3C]しっかり たのんだぞ˳		pending
C0-08BECA	0x08BECA	004B	D7 C3 02 3F 4E 3D 45 68 7F CD C3 00 44 64 00 20 D4 64 73 05 73 D5 53 D4 46 47 4D 5B 80 79 D5 0A 60 CD 44 64 50 82 63 80 5B 67 47 63 68 0A 00 D1 59 0A 20 80 87 81 2B 00 40 40 62 49 3D 0A CD 3F 80 01 54 E0 00 67 4A 53 5B 60 1F	[DFT][PAL:02]おとうさん:\n[PAL:00]これが [KATAKANA]レーザー[HIRAGANA]の[KATAKANA]システム部[HIRAGANA]だよ\nこれに細工をするんだが[FIN]まだ 時間がかかりそうだ\nお前は[E2:0067]たのむよ˳		pending
C0-08BFEC	0x08BFEC	0014	D0 20 00 02 33 50 FF 4C 4C BF D7 E0 0A 68 0F 0A 64 0A 0F 7D	[CLR] がぐSに[CMD:FF]つつ[BYTE:BF][DFT][E2:0A68]?だれだ?!		pending
C0-08C001	0x08C001	0026	D7 E0 0A 4F 68 0D 20 44 68 4F 80 3B 50 CD D4 52 07 5A D5 00 3C 5E 00 63 68 0A 0F 7D CD 06 6F 59 42 48 3E 5E 6E 7D	[DFT][E2:0A4F]んで こんな所に\n[KATAKANA]ネズミ[HIRAGANA]がいやがるんだ?!\nじゃまくせえやっ!		pending
C0-08C028	0x08C028	0120	D7 E0 0A 7E 7E 7E 4F 68 0A 20 44 53 81 02 81 03 54 CD 3E 0F 4F 50 0F E0 00 67 CD 81 6C 48 0A 4E 0F D1 54 6E 54 6E 54 6E 54 6E 54 6E CD 4B 6F 68 4B 6F 61 20 3F 40 46 42 4D CD D4 57 49 D5 0D 82 64 67 20 66 40 46 4B 59 3D 08 1F DE D7 E0 0B D4 16 61 6E 42 5D 3B D5 20 0D 5D 49 53 81 02 60 CD E0 00 67 20 76 4C CD 80 4C 80 32 0D 80 05 5C 4A 53 54 7E 7E 7E 1F D1 E0 0A 7E 7E 7E 4F 50 6A 0F CD 47 63 6E 4D 3E 4E 20 3F 5C 3E 00 CD D4 3F 64 D5 53 40 66 3C 3C 20 81 02 80 2F 0E 5D 67 CD 3C 4A 5C 4C 43 4D 42 64 4A 53 40 7D 0F D1 49 3D 81 41 3C 4B 6F 20 0A 59 6E 4D 61 64 52 3E 4F CD 3F 3C 20 D4 65 73 07 D5 4B 71 6E 4E 80 A5 00 6E 4D 4F CD 54 0D 50 20 3F 6E 19 06 5C 63 40 61 60 DE D7 E0 0A 3C 3C 40 3C 20 18 3D 5E CD 44 53 20 D4 16 61 6E 42 5D 3B 80 BF D5 06 41 06 41 50 CD 80 26 59 0D 53 20 81 28 67 46 4D 5E 63 08 CD C9 1E 5F 6E 42 62 20 52 68 16 4C 0D 5D 4E 4F 3E 4F 7D	[DFT][E2:0A7E]··なんだ この子供は\nえ?なに?[E2:0067]\n返せだと?[FIN]はっはっはっはっはっ\nちゃんちゃら おかしくて\n[KATAKANA]ヘソ[HIRAGANA]で茶を わかしちまうぜ˳[TPL:D7][E2:0BD4]ぶらっくもあ[HIRAGANA] でもその子よ\n[E2:0067] 3つ\n自力で集めたのは···˳[FIN][E2:0A7E]··なにぃ?\nするってえと おめえが\n[KATAKANA]オレ[HIRAGANA]のかわいい 子分どもを\nいためつけてくれたのか!?[FIN]そう聞いちゃ だまってられねえな\nおい [KATAKANA]ローズ[HIRAGANA]ちょっと下がってな\nはでに おっぱじめるからよ[TPL:D7][E2:0A3C]いかい ぼうや\nこの [KATAKANA]ブラックモア樣[HIRAGANA]じきじきに\n今までの 礼をしてやるぜ\n[PAU:1E]ゆっくり ねんぶつでもとなえな!		pending
C0-08C149	0x08C149	001C	D7 E0 0A 59 0A 44 62 4F 3C 61 46 3C 4F CD 80 26 80 EE 44 49 20 3F 0A 16 4C 0A 08 7D	[DFT][E2:0A59]だこりないらしいな\n今度こそ おだぶつだぜ!		pending
C0-08C227	0x08C227	00D4	D8 E0 0A 7E 7E 7E 66 6E 40 61 52 3E 4F 3B CD 4F 68 0A 6E 4D 20 D4 54 6E 40 73 80 D9 80 6B D5 53 5E 4C 61 CD 44 68 4F 80 75 50 20 44 0A 66 63 68 0A 0F D1 D4 3B 41 54 14 61 D5 54 20 80 87 50 40 40 66 62 53 3B 63 CD 80 75 0A 4E 40 20 51 40 46 4D 3C 4A 00 7E 7E 7E CD 0E 3D 80 C9 17 4D 5D 20 4A 0A 53 80 75 50 46 40 CD 80 7A 3E 68 4F 3B 7E 7E 7E 1F DE D8 E0 0B 3B 61 20 5D 3D 82 28 80 44 0F CD 5D 3D 80 ED 80 EE 20 D4 3B 41 54 14 61 80 AA 80 AB D5 50 CD 16 68 48 41 67 20 4A 53 68 0A 61 0F DE D8 E0 0A 7E 7E 7E 49 3D 0A 4F 3B CD C9 1E 3B 7E 3C 5E 3C 5E 20 C9 1E 49 68 4F 44 4E 54 CD D4 3F 64 80 BF D5 53 20 81 88 81 9A 50 81 7F 47 63 08 7D	[DF4][E2:0A7E]··わっからねえなあ\nなんだって [KATAKANA]ハッカー本星[HIRAGANA]のやつら\nこんな石に こだわるんだ?[FIN][KATAKANA]アキハバラ[HIRAGANA]は 時にかかわりのある\n石だとか ぬかしていたが···\nどう調べても ただの石にしか\n思えんなあ···˳[TPL:D8][E2:0B3B]ら もう弱音?\nもう一度 [KATAKANA]アキハバラ博士[HIRAGANA]に\nぶんせきを たのんだら?[TPL:D8][E2:0A7E]··そうだなあ\n[PAU:1E]あ·いやいや [PAU:1E]そんなことは\n[KATAKANA]オレ樣[HIRAGANA]の 美学に反するぜ!		pending
C0-08C398	0x08C398	016F	D7 E0 0A D4 65 73 07 6E D5 7D 60 42 5D 20 80 26 53 80 26 59 0D CD 44 53 D4 3F 64 80 BF D5 67 20 0A 59 46 4D 42 64 4A 4F 7D D1 E0 0B 3B 61 20 0A 59 46 4A 3F 18 3E 54 4F 42 4D 60 CD 3B 4F 4A 00 20 81 7D 80 36 50 CD 80 CE 53 80 7A 3D 80 3C 62 50 20 80 67 3C 4A 59 0D 60 D1 80 26 45 61 3B 00 3C 4D 5D 20 3F 49 3C 66 CD 5D 3D 47 02 20 80 D9 80 6B 40 61 CD E0 00 67 20 3D 43 4E 62 50 CD 5E 6E 4D 42 63 66 20 3F 3B 3C 50 42 80 BF 1F D1 E0 0A 7E 7E 7E 4B 42 46 71 3D 6E 7D CD 44 3D 4F 6E 4A 61 7E 7E 7E D1 E0 0A 3F 5C 3E 61 20 44 64 00 80 EA 40 66 40 63 40 0F CD D4 64 73 05 73 D5 53 20 D4 62 5D 44 68 D5 0A CD 80 26 20 D4 4A 73 03 6E 4E D5 67 CD 44 53 20 80 9B 80 9C 80 6B 80 57 81 22 50 D4 48 6E 4E D5 46 4A 7D D1 44 64 67 3F 48 14 20 D4 03 73 5B 3F 73 14 73 D5 45 CD 80 D9 80 6B 50 20 81 0E 61 64 4A 40 61 50 6F 3B CD 0E 53 5A 4B 20 D4 4A 0A D5 06 6F 47 59 52 3E 68 0A CD 54 0D 50 20 5E 6E 4D 5E 63 08 1F DE D7 E0 0B 4F 6E 7E 4F 50 67 20 D4 14 40 D5 4F 44 4E 67 7D CD 5E 5C 4F 45 3C 6E 20 D4 16 61 6E 42 5D 3B D5 7D D1 E0 0A 82 05 82 06 54 20 06 04 42 0D 81 10 3C 4F 7D CD 66 54 54 54 54 20 3B 14 60 7D 7D	[DFT][E2:0AD4]ろ0ずっ[HIRAGANA]!よくも 今の今まで\nこの[KATAKANA]オレ樣[HIRAGANA]を だましてくれたな![FIN][E2:0B3B]ら だましたおぼえはなくてよ\nあなたが 勝手に\n私の思う通りに 動いたまでよ[FIN]今さらあがいても おそいわ\nもうすぐ 本星から\n[E2:0067] うけとりに\nやってくるわ おあいにく樣˳[FIN][E2:0A7E]··ちくしょうっ!\nこうなったら···[FIN][E2:0A3F]めえら これが何かわかるか?\n[KATAKANA]レーザー[HIRAGANA]の [KATAKANA]リモコン[HIRAGANA]だ\n今 [KATAKANA]ターゲット[HIRAGANA]を\nこの 極楽星全体に[KATAKANA]セット[HIRAGANA]した![FIN]これをおせば [KATAKANA]ゲームオーバー[HIRAGANA]さ\n本星に 知られたからにゃあ\nどのみち [KATAKANA]タダ[HIRAGANA]じゃすまねえんだ\nはでに やってやるぜ˳[TPL:D7][E2:0B4F]っ·なにを [KATAKANA]バカ[HIRAGANA]なことを!\nやめなさいっ [KATAKANA]ブラックモア[HIRAGANA]![FIN][E2:0A82]ざ句は じごくで言いな!\nわはははは あばよ!!		pending
C0-08C541	0x08C541	00C9	D0 10 00 02 05 20 00 02 D1 00 01 04 02 D1 02 02 04 02 D1 01 00 04 02 D1 03 03 04 02 06 02 CB 6B 02 62 02 00 79 C5 02 1D 7E C5 A9 00 01 14 06 02 0A 01 80 02 34 50 FF 6B 02 1D 0B C6 6B D7 E0 0B 18 3D 5E 53 20 81 7D 4B 0A 6E 4A 5A 4A 3C 52 CD C9 14 45 47 00 20 80 CE 53 80 54 44 68 0A 81 02 0A 66 CD D4 16 61 6E 42 5D 3B D5 5D 20 80 A8 80 BD 0A 43 53 81 3E 52 D1 18 3D 5E 00 20 80 05 5C 4D 42 64 4A 80 75 54 CD C3 02 D4 54 6E 40 73 80 69 80 6A 80 0A 80 6E D5 C3 00 57 20 80 2D 6E 4D 3C 42 66 CD C9 14 3B 53 81 3E 5D 3C 4F 42 4F 6E 4A 46 20 44 64 0D CD 80 B3 80 B4 81 A8 50 20 4F 63 44 4E 5D 0D 41 63 66 1F	[CLR]┌がぐざ がぐ[FIN]がぎごぐ[FIN]ぐぐごぐ[FIN]ぎがごぐ[FIN]げげごぐじぐ[CB]ぅぐりぐが6[TBL:021D7EC5][BYTE:A9]がぎばじぐだぎ技Tに[CMD:FF]ぅぐぽぢ[NUM:6BD7E0]ぢぼうやの 勝ちだったみたいね\n[PAU:14]さすが 私の見こんだ子だわ\n[KATAKANA]ブラックモア[HIRAGANA]も 口先だけの男ね[FIN]ぼうやが 集めてくれた石は\n[PAL:02][KATAKANA]ハッカー宇宙要塞[HIRAGANA][PAL:00]へ 持っていくわ\n[PAU:14]あの男もいなくなったし これで\n司令官に なることもできるわ˳		pending
C0-08C60B	0x08C60B	001E	D7 4F 68 4F 53 20 44 53 D4 52 07 5A D5 54 7D CD 46 6E 46 6E 7D 3B 6E 4B 57 3F 80 1E 41 7D	[DFT]なんなの この[KATAKANA]ネズミ[HIRAGANA]は!\nしっしっ!あっちへお行き!		pending
C0-08C6DD	0x08C6DD	00C6	D7 41 7E 41 5A 54 20 0E 3D 5E 6E 4D CD 44 44 50 41 4A 68 0A 7D 0F CD 59 3B 49 64 54 20 0E 3D 0D 5D 3C 3C 7D CD 66 4A 46 53 80 00 80 01 54 20 C3 02 D4 0E 42 4A 73 D5 27 D1 C3 00 80 1D 80 D7 0D 20 44 53 D4 44 68 1A 70 73 4A 73 D5 53 CD 80 1C 50 80 31 62 44 68 0A 53 0A 00 CD 80 9A 80 36 00 20 5B 53 3D 0D CD 80 45 80 A8 67 20 80 54 81 12 6E 4D 46 59 6E 4A 53 0A D1 47 59 4F 3C 00 20 80 CE 53 80 39 80 3A 80 A0 59 0D CD 5F 3D 0E 3D 46 4D 5D 61 3E 4F 3C 40 0F CD CF 86 C8 88 CC D7 E0 16 3C 6E 4A 3C 20 0E 44 50 80 1E 6E 4D 3C 4A 68 0A 7D CD 46 6E 40 62 20 5F 3D 0E 3D CD 46 4D 42 64 4A 59 3E 60 1F	[DFT]き·きみは どうやって\nここにきたんだ!?\nまあそれは どうでもいい!\nわたしの名前は [PAL:02][KATAKANA]ドクター[HIRAGANA]G[FIN][PAL:00]実驗で この[KATAKANA]コンピューター[HIRAGANA]の\n中に入りこんだのだが\n助手が むのうで\n出口を 見失ってしまったのだ[FIN]すまないが 私の研究室まで\nゆうどうしてもらえないか?\n[STR:86C888][TER][DFT][E2:163C]ったい どこに行っていたんだ!\nしっかり ゆうどう\nしてくれたまえよ˳		pending
C0-08C7A4	0x08C7A4	007F	D0 4F 7E 4F 50 00 20 58 46 3C 68 0A 0F CD 81 48 80 56 50 80 45 4A 61 20 81 8B 3E 63 09 7D CD 20 41 3F 42 67 81 12 6E 4A 81 3E 53 44 4E CD 20 3F 81 06 00 58 46 3C CC D0 49 3D 81 10 66 07 7D CD 49 44 67 20 4F 68 4E 40 7E 7E 7E CD CF 86 C8 88 CC D0 3B 53 20 C3 02 D4 3B 41 54 14 61 D5 C3 00 53 44 4E 40 0F CD 66 40 6E 4A 7D 80 DB 3E 4D 5E 63 7D CD 0D 54 20 81 30 82 4C 4A 53 5B 09 7D	[CLR]な·なにが ほしいんだ?\n無事に出たら 考えるぞ!\n きおくを失った男のこと\n お金がほしい[TER][CLR]そう言わず!\nそこを なんとか···\n[STR:86C888][TER][CLR]あの [PAL:02][KATAKANA]アキハバラ[HIRAGANA][PAL:00]のことか?\nわかった!教えてやる!\nでは 早速たのむぞ!		pending
C0-08C824	0x08C824	0031	D0 4F 7E 4F 50 6E 7D 0F C9 1E 81 06 40 6E 7D 0F CD C9 1E 66 7E 66 40 6E 4A 7D 81 06 4F 61 42 64 4D 5E 63 7D CD 0D 54 20 81 30 82 4C 4A 53 5B 09 7D	[CLR]な·なにっ!?[PAU:1E]金かっ!?\n[PAU:1E]わ·わかった!金ならくれてやる!\nでは 早速たのむぞ!		pending
C0-08C856	0x08C856	002F	D7 3B 6E 7D 49 44 53 20 80 5F 80 1E 42 81 3A 81 0A 60 7D CD 44 53 D4 0E 42 4A 73 D5 27 67 CD 81 48 81 4B 46 4D 80 1E 42 4E 3C 3D 53 40 7D 0F	[DFT]あっ!そこの 道行く少年よ!\nこの[KATAKANA]ドクター[HIRAGANA]Gを\n無視して行くというのか!?		pending
C0-08C8AB	0x08C8AB	0008	D7 C8 02 44 02 0B 01 80	[DFT][DES]ぐこぐぢぎ[BYTE:80]		pending
C0-08C8D1	0x08C8D1	0058	D7 C8 02 44 80 D8 02 1D DC C8 6B D7 3D 3D 3D 7E 7E 7E C9 1E 81 41 3C 4D 42 0A 45 3C 60 6D CD D4 0E 42 4A 73 D5 27 54 20 59 3C 04 50 4F 6E 4A 53 67 CD 80 CE 53 48 3C 50 20 47 63 68 0D 47 60 6D 6E 7D CD C9 1E D4 46 42 46 42 D5 20 C9 1E 40 66 3C 49 3D 4F 80 CE 6E 7D	[DFT][DES]ぐこ会ぐぽ[NXT][DES]ぅ[DFT]ううう···[PAU:1E]聞いてくださいよぉ\n[KATAKANA]ドクター[HIRAGANA]Gは まいごになったのを\n私のせいに するんですよぉっ!\n[PAU:1E][KATAKANA]シクシク[HIRAGANA] [PAU:1E]かわいそうな私っ!		pending
C0-08CA0B	0x08CA0B	00A0	D7 3F 59 3E 54 20 0A 64 0A 3B 0F CD 3F 61 69 20 44 53 80 3E 81 02 80 1A 81 2B 67 80 E9 63 CD 80 3E 81 02 40 3C 80 46 20 D4 14 02 14 02 D5 0A 3B D1 4F 50 6A 0F 3F 61 00 80 CB 6E 4A CD 80 46 81 2B 53 41 3F 42 67 20 81 6C 48 3E 0F CD 49 64 54 20 0D 41 52 3E 81 29 80 FE 0A 4F 3B CD 80 46 81 2B 53 20 41 3F 42 54 3D 5C 3E 68 0A 5D 68 D1 49 3D 3C 5E 3B 20 07 3C 16 68 82 4A 80 86 6E 4A 4F 3B CD 0E 64 0E 64 20 3F 5C 3E 53 41 3F 42 5D CD 3C 6E 4B 71 20 42 66 48 4D 5D 61 3D 40 4F 3B 1F	[DFT]おまえは だれだあ?\nおらぁ この電子空間を守る\n電子かい人 [KATAKANA]バグバグ[HIRAGANA]だあ[FIN]なにぃ?おらが食った\n人間のきおくを 返せえ?\nそれは できねえ相談だなあ\n人間の きおくはうめえんだもん[FIN]そういやあ ずいぶん腹減ったなあ\nどれどれ おめえのきおくも\nいっちょ くわせてもらうかなあ˳		pending
C0-08CAAC	0x08CAAC	0047	D7 DC 06 5D 7E 5D 6E 4E 20 81 6F 82 4C 53 CD 80 E5 80 CA D4 63 73 4B 68 D5 67 20 42 68 0D 5D 61 6E 4A 61 CD 81 7D 4D 4A 40 5D 20 46 64 52 3E 53 50 6A 7E 7E 7E CD C9 3C 14 02 14 02 14 02 6B 7E 7E 7E 7E 7E 1F DC 00	[DFT][NXT]じも·もっと 高速の\n処理[KATAKANA]ルーチン[HIRAGANA]を くんでもらったら\n勝てたかも しれねえのにぃ···\n[PAU:3C]ばぐばぐばぐぅ·····˳[NXT]が		pending
C0-08CF35	0x08CF35	00F8	D0 6B D7 E0 15 4F 68 4E 7D C9 1E C2 00 80 BF 00 CD 80 70 3C D4 42 06 D5 67 20 82 75 3C 4D 46 59 66 64 4A 4E 54 7D D1 46 40 46 20 44 64 5D 41 6E 4E CD D4 5A 63 56 6A 80 BF D5 53 20 3F 5A 4B 15 41 7E 7E 7E CD C9 1E 4F 50 4E 09 20 81 74 53 44 4E 67 4A 53 5A 59 47 D1 80 60 80 4C 81 6E 4F 45 3C 59 47 4E 20 3C 43 59 48 68 CD 44 64 0D 20 3F 46 4A 42 67 4E 4E 53 3E 42 0A 45 3C CD 80 5F 80 A3 80 A4 0D 46 4A 61 CD 80 DC 80 DD 80 DE 53 20 81 B7 53 81 04 50 04 05 3C 59 47 D1 CD 20 C2 00 54 CD C3 02 20 78 73 73 73 D4 4E 65 68 D5 C3 00 67 20 5D 61 6E 4A 7D D1 49 64 4E 20 C3 02 80 39 80 3A 80 3B 53 80 E4 80 B6 C3 00 67 CD 80 9F 43 45 48 59 46 71 3D CD 80 09 80 0A 4F 5D 53 00 20 04 05 3C 59 46 4A 61 CD 04 80 4C 81 6E 50 20 3F 80 08 3C 42 0A 45 3C 1F	[CLR]ぅ[DFT][E2:154F]んと![PAU:1E][NAM:00]樣が\n赤い[KATAKANA]クジ[HIRAGANA]を 引いてしまわれたとは![FIN]しかし これもきっと\n[KATAKANA]ミルフィ樣[HIRAGANA]の おみちびき···\n[PAU:1E]なにとぞ 姫のことをたのみます[FIN]不自由なさいますと いけません\nこれで おしたくをととのえください\n道具屋でしたら\n居住区の 與の方にございます[FIN]\n [NAM:00]は\n[PAL:02] 5000[KATAKANA]トロン[HIRAGANA][PAL:00]を もらった![FIN]それと [PAL:02]研究所の倉庫[PAL:00]を\n開けさせましょう\n必要なものが ございましたら\nご自由に お使いください˳		pending
C0-08D02E	0x08D02E	002B	D7 E0 15 0E 3D 40 20 D4 4D 6A 61 5A 47 80 BF D5 53 44 4E 67 CD 3F 4A 53 5A 3C 4A 46 59 47 CD 4A 60 62 50 46 4D 3F 62 59 47 09 1F	[DFT][E2:150E]うか [KATAKANA]ティラミス樣[HIRAGANA]のことを\nおたのみいたします\nたよりにしておりますぞ˳		pending
C0-08D05A	0x08D05A	0070	D7 E0 15 5A 4F 53 81 26 5D 20 47 0D 50 82 76 81 0E 53 80 3C 62 CD D4 4D 6A 61 5A 47 80 BF D5 4E D4 4D 6A 3B 4E 65 68 D5 00 CD D4 54 6E 40 73 D5 53 80 36 50 20 81 3F 4B 4D 46 59 6E 4A D1 0A 64 40 20 3B 53 80 69 80 6A 80 0A 80 6E 50 53 62 44 5A CD D4 4D 6A 61 5A 47 80 BF D5 67 CD 3F 80 9A 43 46 60 3D 4E 3C 3D 81 26 54 20 3C 4F 3C 40 0F	[DFT][E2:155A]なの者も すでに承知の通り\n[KATAKANA]ティラミス樣[HIRAGANA]と[KATAKANA]ティアトロン[HIRAGANA]が\n[KATAKANA]ハッカー[HIRAGANA]の手に 落ちてしまった[FIN]だれか あの宇宙要塞にのりこみ\n[KATAKANA]ティラミス樣[HIRAGANA]を\nお助けしようという者は いないか?		pending
C0-08D0CB	0x08D0CB	0077	D7 4F 68 4E 3C 3D 20 82 33 43 4F 3C 44 4E 0A 7D CD 4F 61 14 20 5E 5B 67 3E 4F 3C CD 44 64 60 62 20 82 77 80 46 53 82 5A 50 59 66 62 CD C3 02 D4 42 06 D5 C3 00 67 66 4A 47 D1 C3 02 80 70 3C D4 42 06 D5 C3 00 67 20 55 3C 4A 81 26 54 CD D4 4D 6A 61 5A 47 80 BF D5 20 81 9C 80 45 81 A9 4E 46 4D CD 82 4F 82 0D 46 4D 5D 61 3D 44 4E 4E 47 63 CD 60 65 46 3C 40 0F	[DFT]なんという 情けないことだ!\nならば やむをえない\nこれより 各人の席にまわり\n[PAL:02][KATAKANA]クジ[HIRAGANA][PAL:00]をわたす[FIN][PAL:02]赤い[KATAKANA]クジ[HIRAGANA][PAL:00]を ひいた者は\n[KATAKANA]ティラミス樣[HIRAGANA] 救出隊として\n参加してもらうこととする\nよろしいか?		pending
C0-08D143	0x08D143	0068	D7 E0 15 C2 00 80 BF 5D CD 55 4E 4C 20 3F 82 75 41 42 0A 45 3C D1 56 4A 4C 46 40 81 16 6E 4D 3F 62 59 48 68 00 7E 7E 7E CD 81 DE 4E 81 E6 20 0E 4B 61 00 60 65 46 3C 0D 47 40 0F CD 20 81 DE 67 55 42 CD 20 81 E6 67 55 42 CC D0 CD 20 C2 00 54 CD C3 02 20 80 70 3C D4 42 06 D5 C3 00 67 20 82 75 3C 4D 46 59 6E 4A 7D	[DFT][E2:15C2]が樣も\nひとつ お引きください[FIN]ふたつしか残っておりませんが···\n右と左 どちらがよろしいですか?\n 右をひく\n 左をひく[TER][CLR]\n [NAM:00]は\n[PAL:02] 赤い[KATAKANA]クジ[HIRAGANA][PAL:00]を 引いてしまった!		pending
C0-08D1AC	0x08D1AC	0072	D7 E0 15 0D 54 20 80 70 3C D4 42 06 D5 67 82 75 3C 4A 5D 53 54 CD 80 6C 80 48 00 0D 41 46 0A 3C CD C3 02 D4 0E 6E 02 D5 C3 00 50 20 80 05 80 03 46 4D 58 46 3C D1 D4 46 71 44 61 80 6B D5 00 20 D4 54 6E 40 73 D5 50 CD 53 6E 4E 61 64 4D 46 59 3D 40 0E 3D 40 54 CD 81 46 4A 4B 50 20 40 40 6E 4D 3C 63 53 0A CD C9 1E 60 65 46 42 20 4A 53 5B 09 1F	[DFT][E2:150D]は 赤い[KATAKANA]クジ[HIRAGANA]を引いたものは\n用意ができしだい\n[PAL:02][KATAKANA]ドッグ[HIRAGANA][PAL:00]に 集合してほしい[FIN][KATAKANA]ショコラ星[HIRAGANA]が [KATAKANA]ハッカー[HIRAGANA]に\nのっとられてしまうかどうかは\n君たちに かかっているのだ\n[PAU:1E]よろしく たのむぞ˳		pending
C0-08D242	0x08D242	0034	D7 3B 4F 4A 54 20 82 31 80 89 53 3B 63 81 04 0D 47 52 CD 80 4C 80 2F 53 80 6B 53 20 44 4E 4E 54 3C 3E CD 80 CE 4F 0E 20 82 0A 00 47 42 68 0D 46 59 6E 4D 1F	[DFT]あなたは 男気のある方ですね\n自分の星の こととはいえ\n私など 足がすくんでしまって˳		pending
C0-08D363	0x08D363	004E	D0 0A 00 02 1D DF D3 02 0A 4C 81 02 18 6E 01 04 01 08 2A 02 CB 6B D8 E0 15 3C 7E 80 26 53 80 52 54 20 80 D9 81 15 40 0F CD D4 00 4E 73 D5 5C 20 0E 3D 3C 3D 4C 5D 62 4F 53 0A 7D CD 81 74 50 20 5D 46 5D 53 44 4E 00 3B 6E 4A 61 7E 7E 7E	[CLR]だがぐぽ[ESC][JMP]ぐだつ子ぼっぎごぎぜJぐ[CB]ぅ[DF4][E2:153C]·今の話は 本当か?\n[KATAKANA]ガトー[HIRAGANA]め どういうつもりなのだ!\n姫に もしものことがあったら···		pending
C0-08D3B2	0x08D3B2	002C	D8 E0 15 C2 00 80 BF 5D CD 80 D8 80 7B 50 20 04 82 4F 82 0D 42 0A 45 61 51 40 CD 0E 3D 40 3F 80 32 67 20 3F 80 5C 46 42 0A 45 3C 1F	[DF4][E2:15C2]が樣も\n会誄に ご参加くださらぬか\nどうかお力を お貸しください˳		pending
C0-08D3DF	0x08D3DF	00D4	D7 E0 15 81 74 80 BF 7D C2 00 80 BF 7D CD 04 81 48 80 56 0D 4F 50 60 62 0D 47 7D CD 06 3C 54 20 3D 64 46 70 3D 04 05 3C 59 47 D1 80 D9 81 15 50 3B 62 00 4E 3D 04 05 3C 59 47 CD C2 00 45 59 7D CD 3B 4F 4A 54 20 44 53 D4 46 71 44 61 80 6B D5 53 CD 82 2D 80 46 0D 04 05 3C 59 47 7D D1 D4 4D 6A 61 5A 47 80 BF D5 53 44 4E 0A 43 0D 54 CD 04 05 3C 59 48 68 CD 3B 4F 4A 80 BF 00 80 2D 6E 4D 3C 4A C3 02 D4 47 42 61 6E 1B D5 C3 00 40 61 CD 80 43 80 50 4F 44 4E 00 66 40 6E 4A 53 0D 47 D1 3F 4C 40 64 4E 54 20 80 7A 3C 59 47 00 CD 80 39 80 3A 80 3B 80 82 40 61 20 80 52 00 3B 63 49 3D 0D 47 CD 08 55 20 3F 80 F9 4B 80 D8 3C 42 0A 45 3C 59 48 1F	[DFT][E2:1581]1樣![NAM:00]樣!\nご無事でなによりです!\nじいは うれしゅうございます[FIN]本当にありがとうございます\n[NAM:00]さま!\nあなたは この[KATAKANA]ショコラ星[HIRAGANA]の\n恩人でございます![FIN][KATAKANA]ティラミス樣[HIRAGANA]のことだけでは\nございません\nあなた樣が持っていた[PAL:02][KATAKANA]スクラップ[HIRAGANA][PAL:00]から\n大変なことがわかったのです[FIN]おつかれとは 思いますが\n研究所長から 話があるそうです\nぜひ お立ち会いくださいませ˳		pending
C0-08D4FF	0x08D4FF	0157	D8 C3 02 80 E1 80 AB 7F CD C3 00 80 43 80 50 0D 47 7D CD D4 00 4E 73 D5 40 61 20 80 3C 80 3D 00 80 31 62 59 46 4A CD 49 64 00 7E 7E 7E C9 1E 3B 53 7E 7E 7E 7E 7E 7E 1F DE D8 E0 15 4F 68 0A 0F 5D 3D 46 4D 5A 65 7D CD 81 10 3C 66 43 4F 09 20 81 41 3C 4D 5E 61 68 09 7D D1 C3 02 80 E1 80 AB 7F CD C3 00 0D 7E 0D 54 20 81 5D 5A 3B 03 59 47 D1 C3 02 D4 4D 6A 61 5A 47 D5 4E 20 D4 4D 6A 3B 4E 65 68 D5 54 CD 80 CE 53 20 80 36 80 1C 50 3B 63 CD 5D 54 5E 20 D4 46 71 44 61 80 6B D5 50 81 7D 4B 80 8F 54 4F 3C CD 4D 3C 44 3D 54 5E 5C 20 44 3D 56 42 48 60 D1 45 5D 4F 42 14 20 D4 4D 6A 61 5A 47 D5 53 CD 81 3C 54 20 4F 3C 4E 80 7A 3E CD CD C9 3C DC 07 D4 54 6E 40 73 82 78 82 37 D5 20 C9 14 D4 00 4E 73 D5 D1 C3 00 E0 15 7E 7E 7E 7E 7E 7E DC 00 4F 68 4E 7D 3B 53 81 3E 00 CD D4 54 6E 40 73 D5 53 82 78 82 37 0D 3B 6E 4A 4E 0F CD C9 1E 3D 40 4C 0D 3B 6E 4A 7E 7E 7E D1 44 3D 46 4D 54 20 3F 61 64 68 7D CD C9 1E 80 D8 80 7B 80 A0 50 20 80 46 67 80 05 5C 60 7D CD 81 30 81 51 50 20 80 26 81 33 53 44 4E 67 CD 81 29 80 FE 48 52 14 4F 61 68 7D	[DF4][PAL:02]兵士:\n[PAL:00]大変です!\n[KATAKANA]ガトー[HIRAGANA]から 通信が入りました\nそれが···[PAU:1E]あの······˳[TPL:D8][E2:154F]んだ?もうしてみろ!\n言いわけなぞ 聞いてやらんぞ![FIN][PAL:02]兵士:\n[PAL:00]で·では 読みあげます[FIN][PAL:02][KATAKANA]ティラミス[HIRAGANA]と [KATAKANA]ティアトロン[HIRAGANA]は\n私の 手中にある\nもはや [KATAKANA]ショコラ星[HIRAGANA]に勝ち目はない\nていこうはやめ こうふくせよ[FIN]さもなくば [KATAKANA]ティラミス[HIRAGANA]の\n命は ないと思え\n\n[PAU:3C][NXT]ず[KATAKANA]ハッカー総統[HIRAGANA] [PAU:14][KATAKANA]ガトー[HIRAGANA][FIN][PAL:00][E2:157E]·····[NXT]がなんと!あの男が\n[KATAKANA]ハッカー[HIRAGANA]の総統であったと?\n[PAU:1E]うかつであった···[FIN]こうしては おられん!\n[PAU:1E]会誄室に 人を集めよ!\n早急に 今後のことを\n相談せねばならん!		pending
C0-08D6BE	0x08D6BE	0031	D7 02 47 00 02 02 33 50 FF 02 44 02 22 D8 D6 02 63 CD D6 02 80 00 02 97 80 F5 02 1D C4 D7 6B D7 CD C2 00 80 BF CD C9 14 3F 81 1C 4B 42 0A 45 3C 1F	[DFT]ぐすがぐぐSに[CMD:FF]ぐこぐB[DF4][DF2]ぐる\n[DF2]ぐ名ぐ[BYTE:97]報ぐぽ[PGE][DFT]ぅ[DFT]\n[NAM:00]樣\n[PAU:14]お待ちください˳		pending
C0-08D6F0	0x08D6F0	00FD	D7 E0 0E 3B 53 7E 7E 7E 80 CE CD C9 0A 4E 61 3E 61 64 4D 3C 4A 80 79 80 A4 0D CD C9 0A 41 3C 4A 44 4E 00 20 3B 62 59 46 4D 7E 7E 7E D1 C3 02 80 CE 00 20 4E 61 3E 61 64 4D 3C 4A 80 79 80 A4 C3 00 53 CD C9 0A D4 44 68 1A 70 73 4A 73 D5 50 80 31 63 50 54 CD C9 0A C3 02 81 1A 81 27 4F D4 19 47 66 73 0E D5 C9 0A C3 00 00 CD 80 09 80 0A 4F 53 0A 49 3D 0D 47 D1 80 CE 20 D4 00 4E 73 D5 00 80 08 6E 4D 3F 62 59 46 4A 53 67 CD 3F 18 3E 4D 3F 62 59 47 66 CD C9 0A C2 00 80 BF 53 3F 80 F6 50 4A 4C 60 3D CD 3F 80 DB 3E 46 4D 3F 41 59 47 1F D1 20 C2 00 54 CD C3 02 20 D4 44 68 1A 70 73 4A 73 19 47 66 73 0E D5 C3 00 67 CD 20 80 DB 66 6E 4A 7D DE D7 E0 0E 42 64 02 64 5D C9 0A 20 3F 80 89 67 4C 43 4D CD C9 0A 04 81 48 80 56 0D C9 0A 3F 5D 0E 62 42 0A 45 3C 59 48 52 1F	[DFT][E2:0E3B]の···私\n[PAU:0A]とらえられていた部屋で\n[PAU:0A]きいたことが ありまして···[FIN][PAL:02]私が とらえられていた部屋[PAL:00]の\n[PAU:0A][KATAKANA]コンピューター[HIRAGANA]に入るには\n[PAU:0A][PAL:02]特別な[KATAKANA]パスワード[HIRAGANA][PAU:0A][PAL:00]が\n必要なのだそうです[FIN]私 [KATAKANA]ガトー[HIRAGANA]が使っておりましたのを\nおぼえておりますわ\n[PAU:0A][NAM:00]樣のお役にたつよう\nお教えしておきます˳[FIN] [NAM:00]は\n[PAL:02] [KATAKANA]コンピューターパスワード[HIRAGANA][PAL:00]を\n 教わった![TPL:D7][E2:0E42]れぐれも[PAU:0A] お気をつけて\n[PAU:0A]ご無事で[PAU:0A]おもどりくださいませね˳		pending
C0-08D873	0x08D873	0026	D8 02 25 02 04 8C D8 81 D8 02 1D A2 DB 6B 02 0B 34 81 9C D8 02 1D 6D DB 6B 02 1D 1C DB 6B 02 0B 34 81 9C D8 02 1D	[DF4]ぐEぐご[BYTE:8C][DF4]妻ぐぽ[BYTE:A2][DD]ぅぐぢT救[DF4]ぐぽぉ[DD]ぅぐぽぺ[DD]ぅぐぢT救[DF4]ぐぽ		pending
C0-08D908	0x08D908	003C	D8 88 6B 02 0B 54 81 16 D9 02 1D 74 DA 6B 02 1D A4 DA 6B 02 1D 53 DA 02 CF 3B D8 88 6B 02 1D 52 DA 6B D7 C2 00 80 BF 0D 47 52 0F CD 04 06 71 3D 0A 68 54 20 3F 5E 5C 42 0A 45 3C 1F	[DF4][BYTE:88]ぅぐぢは残[DF5]ぐぽ1[DLY:6B]ぐぽ[BYTE:A4][DLY:6B]ぐぽの[DLY:02][STR:3BD888]ぅぐぽね[DLY:6B][DFT][NAM:00]樣ですね?\nごじょうだんは おやめください˳		pending
C0-08D945	0x08D945	0010	D7 60 3D 44 49 20 D4 46 71 44 61 80 6B D5 57 1F	[DFT]ようこそ [KATAKANA]ショコラ星[HIRAGANA]へ˳		pending
C0-08D956	0x08D956	0048	D7 D4 4D 6A 61 5A 47 80 BF D5 0D 47 40 0F CD C9 1E 80 BD 58 0E D4 00 4E 73 D5 45 68 4E 20 45 68 1D 50 80 1E 42 4E CD 80 69 80 6A 80 C2 0D 20 80 45 4D 80 1E 40 64 59 46 4A 00 7E 7E 7E CD C9 1E 49 64 00 20 4F 50 40 0F	[DFT][KATAKANA]ティラミス樣[HIRAGANA]ですか?\n[PAU:1E]先ほど[KATAKANA]ガトー[HIRAGANA]さんと さんぽに行くと\n宇宙船で 出て行かれましたが···\n[PAU:1E]それが なにか?		pending
C0-08D99F	0x08D99F	0071	D7 80 6C 80 48 54 20 4E 4E 53 3C 59 46 4A 40 0F CD 60 65 46 43 64 14 20 04 81 55 81 56 46 59 47 00 7E 7E 7E 20 14 6E 4B 62 45 CD 20 59 0A 59 0A CC D7 3F 80 52 54 20 3D 40 00 3C 59 46 4A 60 CD 80 69 80 6A 80 0A 80 6E 50 20 5D 3D 80 ED 80 EE 80 1E 40 64 63 49 3D 0D CD 46 4A 42 00 4E 4E 53 3C 59 46 4A 61 CD 3F 5D 3D 46 4C 43 80 A5 45 3C 1F	[DFT]用意は ととのいましたか?\nよろしければ ご案内しますが··· ばっちりさ\n まだまだ[TER][DFT]お話は うかがいましたよ\n宇宙要塞に もう一度行かれるそうで\nしたくがととのいましたら\nおもうしつけ下さい˳		pending
C0-08DA11	0x08DA11	0028	D7 60 42 20 04 81 48 80 56 0D 7E 7E 7E CD 46 14 46 53 81 2B 0D 5D 20 5F 6E 42 62 4E CD 3F 5E 47 5A 42 0A 45 3C 59 48 1F	[DFT]よく ご無事で···\nしばしの間でも ゆっくりと\nおやすみくださいませ˳		pending
C0-08DA3A	0x08DA3A	0017	D0 CD 0D 54 20 80 69 80 6A 80 C2 50 04 81 55 81 56 3C 4A 46 59 47 1F	[CLR]\nでは 宇宙船にご案内いたします˳		pending
C0-08DA53	0x08DA53	0020	D0 0D 54 20 3C 6E 4D 61 6E 46 6F 3C 59 48 CD 04 81 D3 81 E0 67 20 3F 3C 53 62 3C 4A 46 59 47 1F	[CLR]では いってらっしゃいませ\nご武運を おいのりいたします˳		pending
C0-08DA74	0x08DA74	002F	D0 66 40 62 59 46 4A CD 80 6C 80 48 00 0D 41 59 46 4A 61 20 3F 3C 0D 42 0A 45 3C CD 80 69 80 6A 80 C2 50 20 04 81 55 81 56 3C 4A 46 59 47 1F	[CLR]わかりました\n用意ができましたら おいでください\n宇宙船に ご案内いたします˳		pending
C0-08DAA4	0x08DAA4	001B	D0 66 40 62 59 46 4A CD 80 6C 80 48 00 0D 41 59 46 4A 61 3F 3C 0D 42 0A 45 3C 1F	[CLR]わかりました\n用意ができましたらおいでください˳		pending
C0-08DAC0	0x08DAC0	002C	D7 D4 4D 6A 61 5A 47 80 BF D5 00 20 3F 81 1C 4B 0D 47 CD 44 53 81 B7 53 C3 02 80 B3 80 B4 80 A0 C3 00 50 CD 3F 3C 0D 42 0A 45 3C 1F	[DFT][KATAKANA]ティラミス樣[HIRAGANA]が お待ちです\nこの與の[PAL:02]司令室[PAL:00]に\nおいでください˳		pending
C0-08DAED	0x08DAED	002E	D7 44 4B 61 53 80 B3 80 B4 80 A0 0D 54 CD 80 FB D4 54 6E 40 73 D5 53 4A 5C 53 80 23 80 15 67 CD 80 59 82 65 81 8B 3E 4D 3C 63 53 0D 47 1F	[DFT]こちらの司令室では\n対[KATAKANA]ハッカー[HIRAGANA]のための作戦を\n日夜考えているのです˳		pending
C0-08DB1C	0x08DB1C	0050	D7 44 4B 61 54 20 80 39 80 3A 80 A0 0D 47 CD D4 46 71 44 61 80 6B D5 53 20 81 99 81 9A 81 26 4A 4B 00 CD 80 FB D4 54 6E 40 73 80 69 80 6A 80 0A 80 6E 80 6C D5 53 81 D3 81 D4 53 CD 80 39 80 3A 80 9F 80 27 67 20 3F 44 4F 6E 4D 63 53 0D 47 1F	[DFT]こちらは 研究室です\n[KATAKANA]ショコラ星[HIRAGANA]の 科学者たちが\n対[KATAKANA]ハッカー宇宙要塞用[HIRAGANA]の武器の\n研究開発を おこなってるのです˳		pending
C0-08DB6D	0x08DB6D	0034	D7 44 44 54 20 80 D8 80 7B 80 A0 0D 47 CD D4 4D 6A 61 5A 47 80 BF D5 0D 46 4A 61 20 44 53 81 B7 53 CD C3 02 80 B3 80 B4 80 A0 C3 00 50 20 3F 3C 0D 0D 47 1F	[DFT]ここは 会誄室です\n[KATAKANA]ティラミス樣[HIRAGANA]でしたら この與の\n[PAL:02]司令室[PAL:00]に おいでです˳		pending
C0-08DBA2	0x08DBA2	003D	D7 44 4B 61 54 20 80 DC 80 DD D4 47 1C 73 47 D5 0D 47 CD 80 0A 80 6E 53 81 CB 81 CC 67 20 53 00 64 4D 41 4A CD 81 A4 81 2B 80 46 4A 4B 00 20 44 44 0D CD 80 D0 82 67 46 4D 3C 59 47 1F	[DFT]こちらは 居住[KATAKANA]スペース[HIRAGANA]です\n要塞の攻擊を のがれてきた\n民間人たちが ここで\n生活しています˳		pending
C0-08DC24	0x08DC24	0031	D8 02 1D 2A DC 6B D7 C2 00 80 BF 0D 47 52 CD D4 4D 6A 61 5A 47 80 BF D5 00 20 3F 81 1C 4B 0D 47 CD 0E 3D 09 20 80 1C 50 3F 80 31 62 42 0A 45 3C 1F	[DF4]ぐぽJ[NXT]ぅ[DFT][NAM:00]樣ですね\n[KATAKANA]ティラミス樣[HIRAGANA]が お待ちです\nどうぞ 中にお入りください˳		pending
C0-08DCC4	0x08DCC4	006C	D7 5E 3B 20 80 52 54 81 41 3C 4D 63 60 CD 0E 3D 0A 3C 44 53 80 6B 54 7E 7E 7E 4E 54 81 10 6E 4D 5D CD 44 44 54 20 55 4F 68 80 3B 0A 43 0E 52 D1 5D 6E 4E 20 4B 6F 68 4E 46 4A 80 39 80 3A 80 3B 00 3B 64 14 CD D4 54 6E 40 73 D5 53 5E 4C 61 67 20 3B 6E 4E 81 10 66 48 63 CD 80 E1 81 D4 0D 20 81 09 81 6C 46 0D 41 63 53 50 4F 1F	[DFT]やあ 話は聞いてるよ\nどうだいこの星は···とは言っても\nここは ひなん所だけどね[FIN]もっと ちゃんとした研究所があれば\n[KATAKANA]ハッカー[HIRAGANA]のやつらを あっと言わせる\n兵器で 仕返しできるのにな˳		pending
C0-08DD31	0x08DD31	003F	D7 D4 4D 6A 61 5A 47 80 BF D5 50 54 20 80 D8 6E 4A 53 40 3C 0F CD D4 4D 6A 61 5A 47 80 BF D5 4F 61 20 80 D8 80 7B 80 A0 53 81 B7 53 CD C3 02 80 B3 80 B4 80 A0 C3 00 50 3C 63 54 07 0A 60 1F	[DFT][KATAKANA]ティラミス樣[HIRAGANA]には 会ったのかい?\n[KATAKANA]ティラミス樣[HIRAGANA]なら 会誄室の與の\n[PAL:02]司令室[PAL:00]にいるはずだよ˳		pending
C0-08DD75	0x08DD75	0078	D7 3B 68 4A 00 20 E0 00 4E 40 3C 3D CD 80 75 67 20 80 2D 6E 4D 41 4A 53 0F CD D4 3F 64 D5 54 52 20 81 7F 80 FB 0A 6E 4A 68 0A 60 CD 46 71 48 68 20 80 9D 80 9E 53 80 27 80 14 80 8C 0A 65 0F D1 59 07 54 20 D4 4D 6A 61 5A 47 80 BF D5 50 80 D8 6E 4A 61 0F CD 80 52 54 20 49 64 40 61 0A CD 81 33 0D 5F 6E 42 62 20 49 53 80 75 54 CD 80 C9 17 45 48 4D 5D 61 3D 60 1F	[DFT]あんたが [E2:004E]かいう\n石を 持ってきたの?\n[KATAKANA]オレ[HIRAGANA]はね 反対だったんだよ\nしょせん 過去の発明品だろ?[FIN]まずは [KATAKANA]ティラミス樣[HIRAGANA]に会ったら?\n話は それからだ\n後でゆっくり その石は\n調べさせてもらうよ˳		pending
C0-08DDEE	0x08DDEE	002E	D7 D4 4D 6A 3B 4E 65 68 D5 00 4F 68 0A 60 7D CD 80 9D 80 9E 53 80 27 80 14 80 8C 50 20 4A 60 63 4F 68 4D CD D4 4F 68 48 68 47 D5 0A 60 7D	[DFT][KATAKANA]ティアトロン[HIRAGANA]がなんだよ!\n過去の発明品に たよるなんて\n[KATAKANA]ナンセンス[HIRAGANA]だよ!		pending
C0-08DE59	0x08DE59	0083	D7 44 4B 61 53 81 04 54 52 CD C3 02 D4 00 4E 73 D5 C3 00 45 68 6E 4D 81 10 6E 4D CD 40 66 3C 49 3D 50 20 80 00 80 01 81 34 81 36 CD 47 17 4D 20 81 25 3F 42 67 3D 46 4F 6E 4D 3C 63 68 0A D1 0D 5D 20 80 43 80 50 47 02 64 4A CD 80 02 82 79 81 26 4F 53 0D 20 81 AA 80 F3 53 81 09 80 56 67 CD 80 36 81 1B 6E 4D 5D 61 6E 4D 3C 63 68 0A CD 81 20 50 54 20 5A 68 4F 80 ED 80 8F 3F 3C 4D 63 68 0A 60 1F	[DFT]こちらの方はね\n[PAL:02][KATAKANA]ガトー[HIRAGANA][PAL:00]さんって言って\nかわいそうに 名前以外\nすべて 記おくをうしなっているんだ[FIN]でも 大変すぐれた\n技術者なので 我々の仕事を\n手伝ってもらっているんだ\n彼には みんな一目おいてるんだよ˳		pending
C0-08DEDD	0x08DEDD	0024	D7 D4 00 4E 73 D5 45 68 0F CD 45 6E 41 20 D4 4D 6A 61 5A 47 80 BF D5 4E CD 0E 44 40 50 80 1E 6E 4A 43 0E 0F	[DFT][KATAKANA]ガトー[HIRAGANA]さん?\nさっき [KATAKANA]ティラミス樣[HIRAGANA]と\nどこかに行ったけど?		pending
C0-08DF02	0x08DF02	002C	D7 3B 53 20 D4 47 42 61 6E 1B D5 40 61 CD 44 68 4F 82 33 80 F5 00 55 41 0A 45 64 63 4E 54 CD 80 7A 6E 4D 3C 59 48 68 0D 46 4A 60 1F	[DFT]あの [KATAKANA]スクラップ[HIRAGANA]から\nこんな情報がひきだされるとは\n思っていませんでしたよ˳		pending
C0-08DF2F	0x08DF2F	001E	D7 3B 53 20 D4 00 4E 73 D5 45 68 00 52 3E CD 59 06 5C 0D 20 3C 3C 80 46 0A 6E 4A 53 50 1F	[DFT]あの [KATAKANA]ガトー[HIRAGANA]さんがねえ\nまじめで いい人だったのに˳		pending
C0-08E029	0x08E029	0064	D7 5E 3B 20 45 6E 41 54 0E 3D 5D CD 3B 53 20 E0 1A 53 D4 47 42 61 6E 1B D5 52 CD 40 4F 62 20 80 21 81 2D 3C D4 0D 73 4A 73 D5 00 CD 55 41 0A 48 49 3D 0D 47 60 D1 0D 5D 20 80 26 54 E0 00 53 CD 80 39 80 3A 00 20 80 BD 0D 46 4D 7E 7E 7E CD 5D 3D 81 3A 46 53 81 2B CD 80 5C 46 4D 3F 3C 4D 42 0A 45 3C 1F	[DFT]やあ さっきはどうも\nあの [E2:1A53][KATAKANA]スクラップ[HIRAGANA]ね\nかなり 面白い[KATAKANA]データー[HIRAGANA]が\nひきだせそうですよ[FIN]でも 今は[E2:0053]\n研究が 先でして···\nもう少しの間\n貸しておいてください˳		pending
C0-08E08E	0x08E08E	0034	D7 D4 00 4E 73 D5 45 68 00 E0 00 67 CD 80 C9 17 63 4E 3C 3D 53 0D CD 80 5C 46 4D 46 59 6E 4A 68 0D 47 7E 7E 7E CD 3B 3B 7E 7E 7E 4F 68 4E 3C 3D 44 4E 67 7D	[DFT][KATAKANA]ガトー[HIRAGANA]さんが[E2:0067]\n調べるというので\n貸してしまったんです···\nああ···なんということを!		pending
C0-08E0C3	0x08E0C3	0242	D7 3C 3C 80 3B 50 20 3C 61 6E 46 6F 3C 59 46 4A CD 4A 6E 4A 80 26 20 80 CD 80 C4 80 E1 81 D4 00 CD 81 B3 80 2B 46 4A 20 4E 44 65 0D 47 60 D1 44 64 54 20 80 69 80 6A 80 0A 80 6E 53 D4 3E 52 63 01 73 D5 65 67 CD 80 B1 80 6F 45 48 4D 46 59 3D 5D 53 0D 47 CD 82 7A 50 C3 02 D4 1D 6E 4E D5 C3 00 4E 20 60 68 0D 3F 41 59 46 71 3D D1 3B 53 20 82 7B 81 BC 50 3B 62 59 46 4A CD D4 3E 68 06 68 63 73 5B D5 53 80 1C 50 3B 63 CD C3 02 76 4C 53 D4 3E 52 63 01 73 D5 65 50 20 49 64 09 64 CD 74 4C 07 4C D4 1D 6E 4E D5 67 46 40 43 63 C3 00 53 0D 47 D1 44 64 67 20 C3 02 80 70 7E 80 72 7E 80 71 53 80 19 0D CD C3 00 D4 48 6E 4E D5 47 64 14 20 80 0A 80 6E 53 D4 3E 68 06 68 D5 53 CD 80 67 41 67 80 6F 5C 61 64 63 54 07 0D 47 D1 7E 7E 7E 49 44 0D 20 C2 00 80 BF 50 CD 3F 52 00 3C 00 3B 63 53 0D 47 CD C9 1E 80 1D 54 20 D4 46 71 44 61 80 6B D5 50 54 20 5D 3D CD 80 69 80 6A 80 C2 67 80 23 63 20 81 B1 81 19 00 4F 3C 53 0D 47 D1 C2 00 80 BF 54 20 80 69 80 6A 80 C2 67 CD 3F 80 2D 4B 0A 4E 20 81 41 3C 4D 3F 62 59 47 CD 49 64 50 20 80 ED 80 EE 80 0A 80 6E 53 81 56 80 79 50 5D CD 80 31 6E 4D 3C 61 6E 46 6F 63 D1 44 53 D4 1D 6E 4E D5 67 46 40 43 63 4A 5C 20 5D 3D 80 ED 80 EE CD 80 0A 80 6E 57 20 80 1E 6E 4D 3C 4A 0A 43 4F 3C 0D 47 40 0F CD 20 3F 5E 47 3C 04 80 6C 0D 47 CD 20 5D 3D 20 5E 0A 7D CC D0 58 7E 58 68 4E 3D 0D 47 40 7D 0D 54 76 4C 53 CD D4 1D 6E 4E D5 67 20 3F 66 4A 46 46 59 47 DE D7 20 C2 00 54 CD C3 02 20 D4 64 6E 0E 1D 6E 4E D5 C3 00 67 20 80 D2 43 81 18 6E 4A 7D D1 20 C2 00 54 CD C3 02 20 D4 16 63 73 1D 6E 4E D5 C3 00 67 20 80 D2 43 81 18 6E 4A 7D D1 20 C2 00 54 CD C3 02 20 D4 3C 3E 65 73 1D 6E 4E D5 C3 00 67 20 80 D2 43 81 18 6E 4A 7D CC D7 3F 3C 20 5A 68 4F 7D C9 1E 81 41 3C 4D 4A 40 0F CD 80 1E 6E 4D 42 0A 45 63 49 3D 0A 09 7D	[DFT]いい所に いらっしゃいました\nたった今 秘密兵器が\n完成した ところですよ[FIN]これは 宇宙要塞の[KATAKANA]エネルギー[HIRAGANA]ろを\n停止させてしまうものです\n仮に[PAL:02][KATAKANA]ポット[HIRAGANA][PAL:00]と よんでおきましょう[FIN]あの 映像にありました\n[KATAKANA]エンジンルーム[HIRAGANA]の中にある\n[PAL:02]3つの[KATAKANA]エネルギー[HIRAGANA]ろに それぞれ\n1つずつ[KATAKANA]ポット[HIRAGANA]をしかける[PAL:00]のです[FIN]これを [PAL:02]赤·黄·青の順で\n[PAL:00][KATAKANA]セット[HIRAGANA]すれば 要塞の[KATAKANA]エンジン[HIRAGANA]の\n動きを止められるはずです[FIN]···そこで [NAM:00]樣に\nおねがいがあるのです\n[PAU:1E]実は [KATAKANA]ショコラ星[HIRAGANA]には もう\n宇宙船を作る 資材がないのです[FIN][NAM:00]樣は 宇宙船を\nお持ちだと 聞いております\nそれに 一度要塞の内部にも\n入っていらっしゃる[FIN]この[KATAKANA]ポット[HIRAGANA]をしかけるため もう一度\n要塞へ 行っていただけないですか?\n おやすいご用です\n もう やだ![TER][CLR]ほ·ほんとうですか!では3つの\n[KATAKANA]ポット[HIRAGANA]を おわたしします[TPL:D7] [NAM:00]は\n[PAL:02] [KATAKANA]レッドポット[HIRAGANA][PAL:00]を 受け取った![FIN] [NAM:00]は\n[PAL:02] [KATAKANA]ブルーポット[HIRAGANA][PAL:00]を 受け取った![FIN] [NAM:00]は\n[PAL:02] [KATAKANA]イエローポット[HIRAGANA][PAL:00]を 受け取った![TER][DFT]おい みんな![PAU:1E]聞いてたか?\n行ってくださるそうだぞ!		pending
C0-08E306	0x08E306	0033	D0 58 7E 58 68 4E 3D 0D 47 40 0F 7D CD 7E 7E 7E 0D 5D 20 3F 50 5D 4C 00 CD 3C 6E 19 3C 0D 20 3F 66 4A 46 0D 41 59 48 68 52 CD 7E 7E 7E 4E 58 58 58 58 1F	[CLR]ほ·ほんとうですか?!\n···でも おにもつが\nいっぱいで おわたしできませんね\n···とほほほほ˳		pending
C0-08E33A	0x08E33A	003C	D0 7E 7E 7E 49 3D 0D 47 40 20 C9 1E 49 3D 0D 47 60 52 CD 81 92 53 80 6B 53 81 04 50 20 4A 53 5B 4F 68 4D CD 82 29 00 60 47 01 59 47 52 CD C9 1E 7E 7E 7E 81 12 81 28 46 59 46 4A 1F	[CLR]···そうですか [PAU:1E]そうですよね\n他の星の方に たのむなんて\n虫がよすぎますね\n[PAU:1E]···失礼しました˳		pending
C0-08E377	0x08E377	006E	D7 44 64 54 C2 00 80 BF CD C9 14 80 EA 40 20 04 80 6C 0D 47 40 0F CD 20 5E 6E 19 62 20 81 05 80 32 46 4D 3B 03 63 CD 20 4F 68 0D 5D 4F 3C 60 20 60 68 0A 0A 43 CC D0 49 3D 0D 47 40 7E 7E 7E CD C9 1E 3B 53 7E 7E 7E C9 1E 45 6E 41 53 80 52 CD 5D 46 20 81 8B 3E 4F 3F 46 4D 3C 4A 0A 43 4A 61 CD 81 84 67 20 40 43 4D 42 0A 45 3C 52 1F	[DFT]これは[NAM:00]樣\n[PAU:14]何か ご用ですか?\n やっぱり 協力してあげる\n なんでもないよ よんだだけ[TER][CLR]そうですか···\n[PAU:1E]あの···[PAU:1E]さっきの話\nもし 考えなおしていただけたら\n声を かけてくださいね˳		pending
C0-08E3E6	0x08E3E6	00C7	D7 C3 02 80 70 D4 1D 6E 4E D5 54 20 80 70 53 D4 3E 52 63 01 73 D5 65 50 CD 80 72 D4 1D 6E 4E D5 54 20 80 72 53 D4 3E 52 63 01 73 D5 65 50 CD 80 71 D4 1D 6E 4E D5 54 20 80 71 53 D4 3E 52 63 01 73 D5 65 50 CD C3 00 49 64 09 64 20 46 40 43 63 60 3D 50 4F 6E 4D 59 47 D1 C3 02 80 70 7E 80 72 7E 80 71 53 80 19 80 1B 0D CD C3 00 D4 48 6E 4E D5 47 64 14 20 80 0A 80 6E 53 D4 3E 68 06 68 D5 53 CD 80 67 41 67 80 6F 5C 61 64 63 54 07 0D 47 D1 59 4B 00 3E 4D D4 48 6E 4E D5 46 4D 46 59 6E 4A 80 87 54 CD D4 48 6E 4E D5 46 4A 80 18 80 3B 67 80 C9 17 64 14 CD 4E 62 54 07 47 44 4E 00 0D 41 59 47 40 61 52 1F	[DFT][PAL:02]赤[KATAKANA]ポット[HIRAGANA]は 赤の[KATAKANA]エネルギー[HIRAGANA]ろに\n黄[KATAKANA]ポット[HIRAGANA]は 黄の[KATAKANA]エネルギー[HIRAGANA]ろに\n青[KATAKANA]ポット[HIRAGANA]は 青の[KATAKANA]エネルギー[HIRAGANA]ろに\n[PAL:00]それぞれ しかけるようになってます[FIN][PAL:02]赤·黄·青の順番で\n[PAL:00][KATAKANA]セット[HIRAGANA]すれば 要塞の[KATAKANA]エンジン[HIRAGANA]の\n動きを止められるはずです[FIN]まちがえて[KATAKANA]セット[HIRAGANA]してしまった時は\n[KATAKANA]セット[HIRAGANA]した場所を調べれば\nとりはずすことができますからね˳		pending
C0-08E502	0x08E502	0035	D7 58 7E 80 D9 81 15 0D 47 40 6E 7D 0F CD 06 6F 3B 3F 64 4A 4B 54 20 80 1E 40 4F 42 4D CD 47 5B 68 0D 47 52 6E 7D CD C2 00 80 BF 20 14 68 05 D4 73 D5 3C 6E 7D	[DFT]ほ·本当ですかっ!?\nじゃあおれたちは 行かなくて\nすむんですねっ!\n[NAM:00]樣 ばんざ[KATAKANA]ー[HIRAGANA]いっ!		pending
C0-08E538	0x08E538	0025	D7 3D 4B 50 54 20 81 D8 4E 81 02 81 03 00 3C 63 68 0D 47 CD 58 68 4E 50 58 68 4E 50 20 80 9A 40 62 59 46 4A 7D	[DFT]うちには 妻と子供がいるんです\nほんとにほんとに 助かりました!		pending
C0-08E55E	0x08E55E	0031	D7 C2 00 80 BF 00 20 44 4E 66 6E 4A 61 CD 3F 64 4A 4B 00 20 80 1E 42 54 07 0A 6E 4A 68 0D 47 CD 58 68 4E 50 58 68 4E 50 20 80 9A 40 62 59 46 4A 7D	[DFT][NAM:00]樣が ことわったら\nおれたちが 行くはずだったんです\nほんとにほんとに 助かりました!		pending
C0-08E590	0x08E590	0018	D7 3B 62 00 4E 3D 04 05 3C 59 47 7D CD 3B 62 00 4E 3D 04 05 3C 59 47 7D	[DFT]ありがとうございます!\nありがとうございます!		pending
C0-08E5C8	0x08E5C8	0040	D7 80 CE 50 20 80 D8 6E 4A 44 4E 00 3B 63 0D 47 4E 0F CD C9 3C 5D 3D 46 66 43 4F 3C CD 80 CE 54 20 81 25 3F 42 67 81 12 6E 4D 3C 4D CD 80 EA 5D 20 80 7A 3C 80 45 48 4F 3C 68 0D 47 7E 7E 7E 1F	[DFT]私に 会ったことがあるですと?\n[PAU:3C]もうしわけない\n私は 記おくを失っていて\n何も 思い出せないんです···˳		pending
C0-08E62E	0x08E62E	002E	D7 E0 0E 76 4C 53 80 75 67 20 74 4C 50 4C 4F 03 63 CD 80 23 80 24 67 20 4F 45 6E 4D 63 68 0D 47 6E 4D CD 3F 5D 46 65 49 3D 0D 47 66 52 1F	[DFT][E2:0E76]つの石を 1つにつなげる\n作業を なさってるんですって\nおもしろそうですわね˳		pending
C0-08E6B0	0x08E6B0	0054	D7 E0 0E C2 00 80 BF CD 60 3D 44 49 20 3F 3C 0D 42 0A 45 3C 59 46 4A CD 41 6E 4E 20 80 10 4D 42 0A 45 63 4E CD 3F 5D 6E 4D 3C 59 46 4A 66 D1 42 66 46 3C 80 52 54 CD 06 3C 00 20 46 4D 42 64 59 47 CD 0E 3D 09 20 06 3C 50 81 41 3C 4D 42 0A 45 3C 59 48 1F	[DFT][E2:0EC2]が樣\nようこそ おいでくださいました\nきっと 来てくださると\nおもっていましたわ[FIN]くわしい話は\nじいが してくれます\nどうぞ じいに聞いてくださいませ˳		pending
C0-08E705	0x08E705	0034	D7 E0 0E 80 D9 81 15 50 20 C2 00 80 BF 54 CD 56 46 01 4F 81 04 0D 20 3C 61 6E 46 6F 63 53 0D 47 52 CD 4F 08 20 3B 68 4F 5D 53 67 3F 80 2D 4B 0D 46 4A 53 0F	[DFT][E2:0E80][DF5]当に [NAM:00]樣は\nふしぎな方で いらっしゃるのですね\nなぜ あんなものをお持ちでしたの?		pending
C0-08E73A	0x08E73A	0028	D7 E0 0E 06 3C 20 C9 1E 66 4A 46 5D CD 80 39 80 3A 80 A0 67 20 80 54 4D 59 3C 62 59 47 CD 47 02 50 20 5D 0E 62 59 47 1F	[DFT][E2:0E06]い [PAU:1E]わたしも\n研究室を 見てまいります\nすぐに もどります˳		pending
C0-08E763	0x08E763	001B	D7 E0 15 81 74 80 BF 7D 3B 59 62 3F 06 6F 59 67 CD 3C 4A 46 4F 45 3C 59 47 4F 7D	[DFT][E2:1581]1樣!あまりおじゃまを\nいたしなさいますな!		pending
C0-08E814	0x08E814	0060	D7 E0 15 60 3D 44 49 20 3F 3C 0D 42 0A 45 3C 59 46 4A CD 45 6E 49 42 0D 47 00 20 4E 4F 62 53 81 26 00 CD D4 46 71 44 61 80 6B D5 53 20 80 39 80 3A 80 3B 80 82 0D 47 D1 81 20 50 20 D4 4D 6A 3B 4E 65 68 D5 67 CD 3F 3B 07 43 42 0A 45 3C CD 4F 50 4E 09 20 60 65 46 42 3F 52 00 3C 46 59 47 1F	[DFT][E2:1560]うこそ おいでくださいました\nさっそくですが となりの者が\n[KATAKANA]ショコラ星[HIRAGANA]の 研究所長です[FIN]彼に [KATAKANA]ティアトロン[HIRAGANA]を\nおあずけください\nなにとぞ よろしくおねがいします˳		pending
C0-08E875	0x08E875	0045	D7 E0 15 81 20 61 54 20 E0 00 67 55 4E 4C 50 46 CD 40 4C 4D 53 80 32 67 CD 5A 4B 15 41 80 45 46 4D 42 64 63 0D 46 71 3D D1 C2 00 80 BF 5D CD 49 53 80 BF 67 20 04 61 68 50 4F 6E 4D 54 CD 3C 40 00 0D 47 40 0F	[DFT][E2:1581] らは [E2:0067]ひとつにし\nかつての力を\nみちびき出してくれるでしょう[FIN][NAM:00]樣も\nその樣を ごらんになっては\nいかがですか?		pending
C0-08E8BB	0x08E8BB	00F9	D7 E0 15 3B 7E 3C 5E 7E 3F 54 07 40 46 3C 80 3B 67 7E 7E 7E CD C9 1E 81 0A 67 4E 63 4E 20 80 F9 6E 4D 3C 63 53 00 CD 4C 61 42 4F 62 59 46 4D 7E 7E 7E D1 80 39 80 3A 80 3B 54 20 04 61 68 50 4F 62 59 46 4A 40 4F 0F CD 44 64 0D 20 D4 4D 6A 3B 4E 65 68 D5 40 61 CD 60 41 81 0E 61 48 00 20 81 60 61 64 64 14 7E 7E 7E D1 80 39 80 3A 80 98 53 20 D4 00 4E 73 D5 0D 47 40 0F CD C9 1E 3B 64 54 20 59 06 5C 4F 60 3C 80 71 81 0A 0D 47 60 CD D4 4D 6A 61 5A 47 80 BF D5 5D 20 3B 64 53 44 4E 67 CD 4A 3C 57 68 20 80 89 50 80 31 6E 4D 3F 62 59 46 4D 4F D1 4A 46 40 50 81 2E 20 D4 4D 6A 3B 4E 65 68 D5 67 CD 3D 14 3F 3D 4E 46 4D 3C 4A 81 26 00 CD 81 14 06 80 00 0A 6E 4A 4E 54 41 3C 4D 3F 62 59 47 00 CD C9 1E 81 E5 4F 63 20 02 3D 08 68 0D 04 05 3C 59 46 71 3D 1F	[DFT][E2:153B]·いや·おはずかしい所を···\n[PAU:1E]年をとると 立っているのが\nつらくなりまして···[FIN]研究所は ごらんになりましたかな?\nこれで [KATAKANA]ティアトロン[HIRAGANA]から\nよき知らせが 得られれば···[FIN]研究員の [KATAKANA]ガトー[HIRAGANA]ですか?\n[PAU:1E]あれは まじめなよい青年ですよ\n[KATAKANA]ティラミス樣[HIRAGANA]も あれのことを\nたいへん 気に入っておりましてな[FIN]たしかに昔 [KATAKANA]ティアトロン[HIRAGANA]を\nうばおうとしていた者が\n同じ名だったとはきいておりますが\n[PAU:1E]単なる ぐうぜんでございましょう˳		pending
C0-08E9B5	0x08E9B5	0026	D7 E0 15 44 64 0D 20 81 79 81 7A 53 80 7C 00 CD 80 54 3E 4D 59 3C 62 59 46 4A CD 3B 62 00 4E 3D 04 05 3C 59 47 1F	[DFT][E2:1544]れで 希望の光が\n見えてまいりました\nありがとうございます˳		pending
C0-08EB2F	0x08EB2F	01CB	D7 C2 00 80 BF 20 C9 1E 81 30 82 4C 0D 47 00 CD E0 00 67 3F 3B 07 40 62 46 4D CD 60 65 46 3C 0D 47 40 0F D1 44 53 E0 00 54 CD 80 87 53 81 F2 64 67 3D 4C 46 0A 47 44 4E 53 0D 41 63 CD 80 27 80 14 80 8C 0A 4E 20 81 41 3C 4D 3C 59 47 D1 44 53 E0 00 40 61 20 3B 53 80 0A 80 6E 53 CD 82 28 81 B5 67 20 3D 4C 46 0A 46 CD 3B 64 50 20 80 FB 44 3D 0D 41 63 5D 53 67 CD 80 27 80 14 47 63 44 4E 00 0D 41 63 54 07 0D 47 D1 CD 20 C2 00 54 CD C3 02 20 80 75 74 C3 00 67 20 66 4A 46 4A D1 CD 20 C2 00 54 CD C3 02 20 80 75 75 C3 00 67 20 66 4A 46 4A D1 CD 20 C2 00 54 CD C3 02 20 80 75 76 C3 00 67 20 66 4A 46 4A D1 7E 7E 7E 3F 5E 0F CD C9 1E 40 66 6E 4A 5D 53 67 20 3F 5D 4B 0D 47 52 CD 49 53 C3 02 D4 47 42 61 6E 1B D5 21 C3 00 0D 47 60 CD E0 1A 53 20 D4 47 42 61 6E 1B D5 0D 47 52 D1 80 CE 54 20 D4 65 18 6E 4E D5 53 80 39 80 3A 5D 46 4D 59 46 4D 52 CD 82 4F 81 8B 50 20 80 54 48 4D 3C 4A 0A 43 59 48 68 40 0F CD 20 4B 71 6E 4E 0A 43 0A 60 CD 20 7E 7E 7E 7E 7E 7E 5E 0A CC D0 80 D9 81 15 0D 47 40 0F C9 1E 3B 62 00 4E 3D 04 05 3C 59 47 CD 3C 65 68 4F 5D 53 67 20 80 C9 17 63 44 4E 00 CD 80 27 80 14 53 20 D4 55 68 4E D5 50 4F 62 59 47 40 61 52 D1 20 C2 00 54 CD C3 02 20 D4 47 42 61 6E 1B D5 21 C3 00 67 20 3F 80 5C 46 46 4A D1 0D 54 20 81 3A 46 53 81 2B 3F 81 75 62 46 59 47 CD 80 CE 54 20 80 39 80 3A 80 3B 53 81 04 50 3C 59 47 53 0D CD 08 55 20 80 54 81 9A 50 3C 61 46 4D 42 0A 45 3C 1F	[DFT][NAM:00]樣 [PAU:1E]早速ですが\n[E2:0067]おあずかりして\nよろしいですか?[FIN]この[E2:0054]\n時の流れをうつしだすことのできる\n発明品だと 聞いています[FIN]この[E2:0040]ら あの要塞の\n弱点を うつしだし\nあれに 対こうできるものを\n発明することができるはずです[FIN]\n [NAM:00]は\n[PAL:02] 石1[PAL:00]を わたした[FIN]\n [NAM:00]は\n[PAL:02] 石2[PAL:00]を わたした[FIN]\n [NAM:00]は\n[PAL:02] 石3[PAL:00]を わたした[FIN]···おや?\n[PAU:1E]かわったものを おもちですね\nその[PAL:02][KATAKANA]スクラップ[HIRAGANA]A[PAL:00]ですよ\n[E2:1A53] [KATAKANA]スクラップ[HIRAGANA]ですね[FIN]私は [KATAKANA]ロボット[HIRAGANA]の研究もしてましてね\n参考に 見せていただけませんか?\n ちょっとだけだよ\n ······やだ[TER][CLR]本当ですか?[PAU:1E]ありがとうございます\nいろんなものを 調べることが\n発明の [KATAKANA]ヒント[HIRAGANA]になりますからね[FIN] [NAM:00]は\n[PAL:02] [KATAKANA]スクラップ[HIRAGANA]A[PAL:00]を お貸しした[FIN]では 少しの間お借りします\n私は 研究所の方にいますので\nぜひ 見学にいらしてください˳		pending
C0-08ECFB	0x08ECFB	00D8	D0 49 3D 3C 66 64 63 4E 20 59 47 59 47 CD 80 54 4A 42 4F 63 4F 3B 20 3F 52 00 3C 46 59 47 60 7D CD 20 4B 71 6E 4E 0A 43 0A 60 CD 20 7E 7E 7E 7E 7E 7E 5E 0A CC D9 E0 19 4A 7E 80 43 80 50 0D 47 7D CD D4 4D 6A 3B 4E 65 68 D5 4E C9 1E 20 D4 4D 6A 61 5A 47 80 BF D5 4E CD C9 1E D4 00 4E 73 D5 00 20 C9 1E 41 7E 80 35 3E 59 46 4A 7D DE D9 E0 15 4F 7E 4F 68 4E 7D 0F CD 0E 3D 3C 3D 44 4E 0A 0F 80 13 80 14 46 4D 5A 65 1F D1 E0 19 49 7E 49 64 00 7E 7E 7E CD 80 CE 00 20 81 3A 46 82 5A 67 54 07 46 4A 81 2B 50 CD 80 39 80 3A 80 3B 53 81 36 50 20 80 45 4A 61 46 3C 53 0D 47 1F D1 E0 15 4F 68 4E 3C 3D 44 4E 0A 7D CD 45 00 48 7D 3C 49 3C 0D 45 00 47 53 0A 7D	[CLR]そういわれると ますます\n見たくなるなあ おねがいしますよ!\n ちょっとだけだよ\n ······やだ[TER][DF5][E2:194A]·大変です!\n[KATAKANA]ティアトロン[HIRAGANA]と[PAU:1E] [KATAKANA]ティラミス樣[HIRAGANA]と\n[PAU:1E][KATAKANA]ガトー[HIRAGANA]が [PAU:1E]き·消えました![TPL:D9][E2:154F]·なんと!?\nどういうことだ?説明してみろ˳[FIN][E2:1949]·それが···\n私が 少し席をはずした間に\n研究所の外に 出たらしいのです˳[FIN][E2:154F]んということだ!\nさがせ!いそいでさがすのだ!		pending
C0-08EE55	0x08EE55	00E4	D7 E0 19 44 53 20 80 20 80 21 50 54 20 80 69 80 6A 80 0A 80 6E 53 CD 80 E6 82 7C 80 79 4E 5D 81 10 3E 63 C3 02 D4 3E 68 06 68 63 73 5B D5 C3 00 00 CD 3D 4C 45 64 4D 3C 59 46 4A D1 81 AA 80 F3 54 20 44 64 67 80 85 50 CD D4 3E 68 06 68 63 73 5B D5 67 20 54 40 3C 47 63 CD 80 CD 80 C4 80 E1 81 D4 67 20 80 9F 80 27 46 54 06 5C 59 46 4A D1 81 B3 80 2B 47 64 14 20 80 69 80 6A 80 0A 80 6E 67 CD 80 6F 5C 63 44 4E 00 20 0D 41 63 54 07 0D 47 CD 44 64 5D 20 C2 00 80 BF 53 3F 40 03 CD 80 E6 40 61 20 3F 81 28 5D 3D 46 3B 03 59 47 D1 45 4D 20 80 CE 54 80 39 80 3A 80 A0 50 5D 0E 62 CD 80 CD 80 C4 80 E1 81 D4 53 20 80 9F 80 27 67 81 63 5C 59 47 CD 49 64 0D 54 20 59 4A 53 4B 58 0E 7E 7E 7E 1F	[DFT][E2:1944]の 画面には 宇宙要塞の\n心臓部とも言える[PAL:02][KATAKANA]エンジンルーム[HIRAGANA][PAL:00]が\nうつされていました[FIN]我々は これを元に\n[KATAKANA]エンジンルーム[HIRAGANA]を はかいする\n秘密兵器を 開発しはじめました[FIN]完成すれば 宇宙要塞を\n止めることが できるはずです\nこれも [NAM:00]樣のおかげ\n心から お礼もうしあげます[FIN]さて 私は研究室にもどり\n秘密兵器の 開発を進めます\nそれでは またのちほど···˳		pending
C0-08EF83	0x08EF83	0044	D7 3D 66 45 54 20 81 41 3C 4A 60 CD 81 46 20 82 24 80 9F 53 80 6B 40 61 80 10 4A 68 0A 6E 4D 0F CD 82 24 80 9F 53 80 6B 0D 54 20 82 7D 67 45 46 4A CD 3F 45 5B 61 3C 00 80 63 3C 4D 63 6E 4D 20 58 68 4E 0F	[DFT]うわさは 聞いたよ\n君 未開の星から来たんだって?\n未開の星では 刀をさした\nおさむらいが步いてるって ほんと?		pending
C0-08EFC8	0x08EFC8	004F	D7 D4 46 71 44 61 80 6B D5 54 20 80 62 82 46 4E 82 7E 00 CD 80 C9 81 45 46 4A 20 81 88 46 3C 82 40 82 7F 67 80 2D 6E 4D 4A 53 CD 49 64 00 20 44 68 4F 44 4E 50 4F 6E 4D 7E 7E 7E CD C9 1E 3C 6E 4A 3C 20 3C 4C 59 0D 81 CA 42 53 40 46 61 1F	[DFT][KATAKANA]ショコラ星[HIRAGANA]は 機械と縁が\n調和した 美しい都市を持ってたの\nそれが こんなことになって···\n[PAU:1E]いったい いつまで続くのかしら˳		pending
C0-08F018	0x08F018	0030	D7 66 4A 42 46 20 3C 4F 40 5D 53 4E 54 CD 80 52 46 4A 42 4F 3C 53 CD 0A 6E 4D 20 3C 4F 40 5D 53 00 3D 4C 6E 4A 61 CD 81 37 63 06 6F 4F 3C 53 1F	[DFT]わたくし いなかものとは\n話したくないの\nだって いなかものがうつったら\n困るじゃないの˳		pending
C0-08F049	0x08F049	004B	D7 5A 68 4F 54 20 81 44 81 F1 4E 46 4D 63 43 0E CD 3B 4A 46 54 20 44 66 42 4D 81 09 81 04 4F 3C 53 7E 7E 7E CD C9 1E 59 4A 3B 53 20 80 43 41 4F 80 0A 80 6E 00 48 5C 4D 41 4A 61 CD 0E 3D 4F 6E 4B 6F 3D 53 40 46 61 7E 7E 7E 1F	[DFT]みんなは 平然としてるけど\nあたしは こわくて仕方ないの···\n[PAU:1E]またあの 大きな要塞がせめてきたら\nどうなっちゃうのかしら···˳		pending
C0-08F095	0x08F095	004C	D7 44 44 57 80 10 4D 20 60 40 6E 4A 44 4E 4E 81 10 3E 14 CD D4 4D 6A 61 5A 47 80 BF D5 67 20 80 F1 42 0D 80 54 63 44 4E 00 CD 0D 41 63 60 3D 50 4F 6E 4A 44 4E 0A 60 CD 80 22 80 8C 0D 40 66 3C 42 4D 7E 7E 7E 81 1D 81 6F 0A 52 7D	[DFT]ここへ来て よかったことと言えば\n[KATAKANA]ティラミス樣[HIRAGANA]を 近くで見ることが\nできるようになったことだよ\n上品でかわいくて···最高だね!		pending
C0-08F0E2	0x08F0E2	0047	D7 D4 54 6E 40 73 D5 0A 40 4F 68 0A 40 81 0E 61 4F 3C 00 CD D4 46 71 44 61 80 6B D5 53 81 99 81 9A 81 26 4A 4B 00 CD 4F 68 4E 40 46 4D 42 64 63 45 CD 81 20 61 54 20 80 69 80 6A 80 ED 5F 3D 46 70 3D 0A 40 61 4F 7D	[DFT][KATAKANA]ハッカー[HIRAGANA]だかなんだか知らないが\n[KATAKANA]ショコラ星[HIRAGANA]の科学者たちが\nなんとかしてくれるさ\n彼らは 宇宙一ゆうしゅうだからな!		pending
C0-08F167	0x08F167	0014	D0 20 00 02 68 00 00 E0 01 02 D0 30 00 64 30 02 6A 01 01 30	[CLR] がぐんがが[E2:0102][CLR]PがれPぐぃぎぎP		pending
C0-08F1E4	0x08F1E4	003A	D7 44 53 80 69 80 6A 80 C2 54 20 D4 46 71 44 61 80 6B D5 53 CD 81 99 81 9A 81 26 4A 4B 20 04 06 59 68 53 80 C2 0A 40 61 52 CD 40 68 4A 68 50 20 5E 61 64 4A 62 46 4F 3C 45 1F	[DFT]この宇宙船は [KATAKANA]ショコラ星[HIRAGANA]の\n科学者たち ごじまんの船だからね\nかんたんに やられたりしないさ˳		pending
C0-08F21F	0x08F21F	0037	D7 59 0A 20 D4 46 71 44 61 80 6B D5 53 81 26 0D CD 80 0A 80 6E 53 80 1C 50 CD 80 31 6E 4A 81 26 54 3C 4F 3C 68 0A 7E 7E 7E CD D4 0E 41 0E 41 D5 47 63 4F 7E 7E 7E 1F	[DFT]まだ [KATAKANA]ショコラ星[HIRAGANA]の者で\n要塞の中に\n入った者はいないんだ···\n[KATAKANA]ドキドキ[HIRAGANA]するな···˳		pending
C0-08F2AD	0x08F2AD	002A	D7 D4 42 06 D5 0D 54 07 64 4B 6F 6E 4D CD 80 1E 42 44 4E 50 4F 6E 4B 6F 6E 4A 43 0E 7E 7E 7E CD C9 1E 5E 0A 4F 3B 7E 7E 7E 1F	[DFT][KATAKANA]クジ[HIRAGANA]ではずれちゃって\n行くことになっちゃったけど···\n[PAU:1E]やだなあ···˳		pending
C0-08F2D8	0x08F2D8	002C	D7 D4 4D 6A 61 5A 47 80 BF D5 54 20 04 81 48 80 56 0A 65 3D 40 0F CD 55 0E 3C 80 8F 50 3B 6E 4D 4F 43 64 14 CD 3C 3C 68 0A 43 0E 1F	[DFT][KATAKANA]ティラミス樣[HIRAGANA]は ご無事だろうか?\nひどい目にあってなければ\nいいんだけど˳		pending
C0-08F34C	0x08F34C	0056	D8 02 1D 56 F3 02 0A 01 80 6B D7 80 D9 80 C2 54 20 59 5D 4F 42 81 6F 82 4C D4 66 73 1B D5 0D CD 80 0A 80 6E 53 80 F1 42 57 20 80 66 80 67 46 59 47 CD D4 66 73 1B 80 1C D5 54 20 D4 4E 3C 64 D5 50 80 1E 43 59 48 68 40 61 CD 80 89 67 4C 43 4D 42 0A 45 3C 52 1F	[DF4]ぐぽふ[CMD:F3]ぐだぎ星[DFT]本船は まもなく高速[KATAKANA]ワープ[HIRAGANA]で\n要塞の近くへ 移動します\n[KATAKANA]ワープ中[HIRAGANA]は [KATAKANA]トイレ[HIRAGANA]に行けませんから\n気をつけてくださいね˳		pending
C0-08F441	0x08F441	001E	D0 20 00 02 41 13 A9 20 00 85 30 02 6D 02 D0 1E 00 02 01 D7 CD 4F 68 0A 20 3C 6E 4A 3C 0F	[CLR] がぐき)[BYTE:A9] が[BYTE:85]Pぐぉぐ[CLR]ˎがぐぎ[DFT]\nなんだ いったい?		pending
C0-08F460	0x08F460	003C	D7 80 43 80 50 0D 47 7D CD D4 54 6E 40 73 D5 53 20 81 CB 81 CC 0D 47 7D D1 4F 50 6E 7D 0F CD C9 1E 82 34 80 15 0A 7D 82 34 80 15 46 65 7D CD 44 53 59 59 0D 54 20 5E 61 64 63 09 7D	[DFT]大変です!\n[KATAKANA]ハッカー[HIRAGANA]の 攻擊です![FIN]なにっ!?\n[PAU:1E]応戦だ!応戦しろ!\nこのままでは やられるぞ!		pending
C0-08F49D	0x08F49D	0029	D7 80 C2 80 82 7D CD 82 80 80 2C 00 20 81 CB 81 CC 67 3D 43 59 46 4A 7D CD 82 34 80 15 47 63 44 4E 00 0D 41 59 48 68 6E 7D	[DFT]船長!\n砲台が 攻擊をうけました!\n応戦することができませんっ!		pending
C0-08F4C7	0x08F4C7	002B	D7 80 C2 80 82 7D D4 3E 68 06 68 63 73 5B D5 00 CD 81 CB 81 CC 67 3D 43 59 46 4A 7D CD 44 53 59 59 0D 54 20 80 F8 80 34 0D 47 7D	[DFT]船長![KATAKANA]エンジンルーム[HIRAGANA]が\n攻擊をうけました!\nこのままでは 危険です!		pending
C0-09805A	0x09805A	002C	D8 3B 6E 4A 20 3B 6E 4A CD 44 64 0A 4F 20 5A 4C 01 5D 53 54 CD CD 60 46 80 39 80 3A 80 3B 80 82 53 80 79 80 A4 59 0D 81 E0 16 09 1F	[DF4]あった あった\nこれだな みつぎものは\n\nよし研究所長の部屋まで運ぶぞ˳		pending
C0-098117	0x098117	0010	D0 02 0A 90 01 64 30 02 50 50 02 03 30 04 10 80	[CLR]ぐだ[BYTE:90]ぎれPぐににぐげPご┌[BYTE:80]		pending
C0-09829B	0x09829B	0039	D7 44 61 44 61 CD 81 7D 80 36 50 20 80 2D 4B 80 18 67 80 67 3C 4B 6F 0A 5C 0A 60 CD 0E 6E 4B 50 46 4D 5D 20 44 53 80 BD 50 54 CD 80 3C 46 4D 3B 03 61 64 4F 3C 40 61 52 7D	[DFT]こらこら\n勝手に 持ち場を動いちゃだめだよ\nどっちにしても この先には\n通してあげられないからね!		pending
C0-0982D5	0x0982D5	0040	D7 3B 7E C9 1E 81 46 00 80 28 46 3C 3C 43 50 3E 53 80 46 0F CD 60 40 6E 4A 20 80 46 80 36 00 4A 62 4F 42 4D CD 81 37 6E 4D 4A 68 0A 60 CD 45 45 20 80 23 80 24 80 18 50 81 55 81 56 47 63 60 1F	[DFT]あ·[PAU:1E]君が新しいいけにえの人?\nよかった 人手がたりなくて\n困ってたんだよ\nささ 作業場に案内するよ˳		pending
C0-098316	0x098316	0036	D7 44 44 00 20 81 46 53 80 23 80 24 80 18 0A 60 CD 81 10 6E 4D 3F 42 43 0E CD 50 03 60 3D 4F 68 4D 46 4A 61 CD 80 C7 80 C8 50 58 3D 62 44 68 06 6F 3D 40 61 52 1F	[DFT]ここが 君の作業場だよ\n言っておくけど\nにげようなんてしたら\n火山にほうりこんじゃうからね˳		pending
C0-098382	0x098382	0046	D7 3F 5E 6E 20 3F D4 4B 15 D5 4B 6F 68 06 6F 4F 3C 40 3C CD 3B 68 4A 5D 20 81 4A 81 1C 45 64 4A 53 40 3C 0F CD 0D 5D 20 80 50 66 6E 4D 63 60 52 CD 80 5B 80 18 53 81 22 80 D7 D4 4C 3B 73 D5 00 3B 63 4F 68 4D 1F	[DFT]おやっ お[KATAKANA]チビ[HIRAGANA]ちゃんじゃないかい\nあんたも 招待されたのかい?\nでも 変わってるよね\n工場の体驗[KATAKANA]ツアー[HIRAGANA]があるなんて˳		pending
C0-0983C9	0x0983C9	0044	D7 0D 5D 20 44 53 80 5B 80 18 54 CD 80 ED 81 22 20 80 EA 67 80 23 6E 4D 63 68 0A 65 3D 52 3E 0F CD 49 64 50 20 49 65 49 65 3B 41 4A 40 61 CD 81 A2 53 D4 4C 3B 73 D5 50 80 1E 6E 4D 42 64 4F 3C 40 52 3E 1F	[DFT]でも この工場は\n一体 何を作ってるんだろうねえ?\nそれに そろそろあきたから\n次の[KATAKANA]ツアー[HIRAGANA]に行ってくれないかねえ˳		pending
C0-09840E	0x09840E	0012	D7 3F 5E 20 44 68 4F 80 3B 50 D4 52 07 5A D5 40 3C 0F	[DFT]おや こんな所に[KATAKANA]ネズミ[HIRAGANA]かい?		pending
C0-098440	0x098440	003A	D7 44 64 00 82 36 80 7C D4 4C 3B 73 D5 4F 5D 53 40 7D CD 81 F6 4A 4B 54 20 0A 59 45 64 4A 68 0A 7D CD 3B 3B 20 44 64 40 61 0E 3D 4F 63 68 0A CD 3F 80 BD 81 1E 6E 82 11 0A 7D	[DFT]これが観光[KATAKANA]ツアー[HIRAGANA]なものか!\n俺たちは だまされたんだ!\nああ これからどうなるんだ\nお先真っ暗だ!		pending
C0-09849A	0x09849A	002C	D7 5E 6E 19 62 20 81 85 53 80 1C 50 54 CD 3F 3C 46 3C 80 52 54 4F 3C 6E 4D 44 4E 0A 52 CD 81 5E 81 4E 50 4F 6E 4A 60 20 4E 58 58 1F	[DFT]やっぱり 世の中には\nおいしい話はないってことだね\n勉強になったよ とほほ˳		pending
C0-09858D	0x09858D	0019	D7 C3 02 CD 20 80 1C 40 61 20 D4 40 01 D5 00 40 43 61 64 4D 3C 63 1F C3 00	[DFT][PAL:02]\n 中から [KATAKANA]カギ[HIRAGANA]がかけられている˳[PAL:00]		pending
C0-0985A7	0x0985A7	0203	D7 20 81 4F 67 47 59 47 4E CD 20 80 1C 53 20 80 52 46 81 84 00 81 41 44 3E 4D 41 4A D1 C3 03 59 6E 4A 42 20 3F 49 59 4C 4F 80 04 80 20 0A 66 CD 59 45 40 20 D4 65 44 44 80 99 D5 40 61 CD 80 5B 80 18 53 80 46 80 36 67 45 61 6E 4D 42 63 4F 68 4D 1F D1 C3 02 56 68 6E 7D 80 46 80 36 00 82 0A 62 4F 3C 68 0A 7D CD 80 43 81 22 20 80 D9 80 79 40 61 53 80 FF 82 3C 5D 82 0A 62 68 7D CD D4 54 6E 40 73 D5 4E 5E 61 54 20 81 93 82 3D 4F 80 27 80 14 67 CD 4F 68 0A 4E 80 7A 6E 4D 3C 63 68 0A 7D 0F D1 C3 03 3B 61 20 81 27 50 3B 4F 4A 50 80 27 80 14 67 CD 4A 53 68 0A 82 3E 3E 54 4F 42 6E 4D 60 CD 3B 4F 4A 54 20 44 53 81 6A 81 6B 80 46 81 2B 53 80 39 80 3A 80 3B 53 CD 82 3F 80 CA 45 3E 46 4D 3C 64 14 3C 3C 53 60 D1 49 64 4E 20 81 9B 53 5D 53 54 0E 3D 4F 6E 4A 53 0F CD 4A 40 0A 40 20 80 81 53 80 81 80 82 67 3F 0E 47 53 50 CD 07 3C 16 68 80 87 81 2B 00 40 40 63 5D 53 0A 66 1F D1 C3 02 7E 7E 7E 56 68 6E 7D CD 44 6E 4B 50 54 20 44 6E 4B 53 82 40 80 03 00 3B 63 CD 80 A8 80 45 46 48 68 0D 5D 61 3F 3D 40 7D D1 C3 03 49 3D CD C9 1E 06 6F 3B 20 3F 80 36 4F 5A 82 25 80 54 46 59 46 71 3D CD 60 65 46 42 4A 53 68 0A 66 60 CD C9 1E D4 1C 6E 19 73 80 AA 80 AB D5 D1 49 64 4E 20 80 99 80 82 0A 43 54 81 C9 64 4D 80 EF 63 66 CD 3B 64 54 20 80 CE 53 80 26 81 33 53 80 04 80 20 53 CD 80 43 81 0F 4F D4 44 59 D5 0D 47 40 61 52 D1 7E 7E 7E 4E 44 65 0D 45 6E 41 40 61 CD 49 44 50 20 81 41 41 81 4F 4A 4D 4D 3C 63 CD 16 47 3C 4F 3F 81 57 45 68 00 CD 3C 63 5A 4A 3C 0A 43 0E 0F D1 C3 02 4F 50 7D 0F CD C9 3C 5B 5B 5B 6E 7E 7E 7E CD 4F 68 0A 20 3F 59 3E 54 6E 7D 7D C3 00	[DFT] 耳をすますと\n 中の 話し声が聞こえてきた[FIN][PAL:03]まったく おそまつな計画だわ\nまさか [KATAKANA]ロココ町[HIRAGANA]から\n工場の人手をさらってくるなんて˳[FIN][PAL:02]ふんっ!人手が足りないんだ!\n大体 本部からの予算も足りん!\n[KATAKANA]ハッカー[HIRAGANA]とやらは 神聖な発明を\nなんだと思っているんだ!?[FIN][PAL:03]あら 別にあなたに発明を\nたのんだ営えはなくってよ\nあなたは この改造人間の研究所の\n管理さえしていればいいのよ[FIN]それと 例のものはどうなったの?\nたかだか 村の村長をおどすのに\nずいぶん時間がかかるものだわ˳[FIN][PAL:02]···ふんっ!\nこっちには こっちの都合がある\n口出しせんでもらおうか![FIN][PAL:03]そう\n[PAU:1E]じゃあ お手なみ拝見しましょう\nよろしくたのんだわよ\n[PAU:1E][KATAKANA]ペッパー博士[HIRAGANA][FIN]それと 町長だけは連れて帰るわ\nあれは 私の今後の計画の\n大切な[KATAKANA]コマ[HIRAGANA]ですからね[FIN]···ところでさっきから\nそこに 聞き耳たてている\nぶすいなお客さんが\nいるみたいだけど?[FIN][PAL:02]なに!?\n[PAU:3C]むむむっ···\nなんだ おまえはっ!![PAL:00]		pending
C0-0987AB	0x0987AB	003E	D7 14 6E 40 5D D4 73 D5 68 6E 7D 7D CD 3F 59 3E 54 20 5B 44 3D 74 73 73 81 0A 81 2B CD C3 02 D4 4E 3C 64 D5 49 3D 06 C3 00 0A 6E 7D 7D CD 45 6E 45 4E 80 1E 43 D4 73 73 73 73 D5 6E 7D 7D	[DFT]ばっかも[KATAKANA]ー[HIRAGANA]んっ!!\nおまえは むこう100年間\n[PAL:02][KATAKANA]トイレ[HIRAGANA]そうじ[PAL:00]だっ!!\nさっさと行け[KATAKANA]ーーーー[HIRAGANA]っ!!		pending
C0-09886A	0x09886A	000D	D7 CD D4 4B 70 3D D5 20 D4 4B 70 3D D5	[DFT]\n[KATAKANA]チュウ[HIRAGANA] [KATAKANA]チュウ[HIRAGANA]		pending
C0-098878	0x098878	0038	D7 D4 52 07 5A D5 54 20 44 53 81 33 65 50 3B 63 CD C3 02 52 07 5A 80 51 C3 00 40 61 80 45 80 31 62 0D 41 4D CD 3C 65 3C 65 4E 20 82 41 81 C6 4F 68 0A D4 4B 70 3D D5 1F	[DFT][KATAKANA]ネズミ[HIRAGANA]は この後ろにある\n[PAL:02]ねずみ穴[PAL:00]から出入りできて\nいろいろと 便利なんだ[KATAKANA]チュウ[HIRAGANA]˳		pending
C0-098A79	0x098A79	0025	D7 3F 3C 3F 3C CD 49 44 54 20 59 0A 49 3D 06 80 1C 4F 68 0A 60 CD 81 7D 80 36 50 80 31 61 52 3E 0D 42 64 60 1F	[DFT]おいおい\nそこは まだそうじ中なんだよ\n勝手に入らねえでくれよ˳		pending
C0-098B0E	0x098B0E	0038	D7 3F 0F C9 1E C2 00 06 6F 52 3E 40 7D CD 81 F6 0A 60 20 81 F6 7E 7E 7E 6E 4E CD 44 53 D4 40 6E 44 D5 06 6F 66 40 61 52 3E 40 CD 4B 71 6E 4E 20 49 44 0D 81 1C 6E 4D 4F	[DFT]お?[PAU:1E][NAM:00]じゃねえか!\n俺だよ 俺···っと\nこの[KATAKANA]カッコ[HIRAGANA]じゃわからねえか\nちょっと そこで待ってな		pending
C0-098BB7	0x098BB7	0032	D8 81 F6 0A 60 20 D4 44 4D 4C D5 0A 60 CD CD 4F 68 0A 60 20 3F 80 01 5D 50 48 81 4A 81 1C 80 40 50 CD 0A 59 45 64 4A 53 40 0F 4F 45 43 4F 3C 52 3E 1F	[DF4]俺だよ [KATAKANA]コテツ[HIRAGANA]だよ\n\nなんだよ お前もにせ招待状に\nだまされたのか?なさけないねえ˳		pending
C0-098BEA	0x098BEA	0071	D7 3E 0F 44 44 0D 80 EA 46 4D 63 40 6E 4D 0F CD 7E 7E 7E 3D 63 48 3E 4F 3B 20 44 64 5D CD 80 43 81 0F 4F 3F 81 09 80 56 53 55 4E 4C 4F 68 0A 60 D1 3F 80 01 44 49 20 44 44 40 61 80 45 61 64 4F 42 4D CD 81 37 6E 4D 63 68 06 6F 52 3E 53 40 0F CD C9 14 59 3B 20 3F 80 01 50 54 81 75 62 5D 3B 63 46 4F CD 4B 71 6E 4E 20 44 6E 4B 50 80 10 4F 7D	[DFT]え?ここで何してるかって?\n···うるせえなあ これも\n大切なお仕事のひとつなんだよ[FIN]お前こそ ここから出られなくて\n困ってるんじゃねえのか?\n[PAU:14]まあ お前には借りもあるしな\nちょっと こっちに来な!		pending
C0-098CCD	0x098CCD	0038	D7 E0 03 50 03 63 68 4F 61 20 44 44 40 61 50 03 4F CD 44 3C 4C 54 20 D4 04 5A 80 8E D5 4D 80 A8 0A 43 0E 60 CD 80 C7 80 C8 53 0E 6E 40 50 80 45 61 64 63 54 07 0A 08 1F	[DFT][E2:0350]げるんなら ここからにげな\nこいつは [KATAKANA]ゴミ捨[HIRAGANA]て口だけどよ\n火山のどっかに出られるはずだぜ˳		pending
C0-098D06	0x098D06	0036	D7 E0 03 4F 50 6A 0F 80 1C 00 42 45 3C 0A 3B 6E 0F CD 4C 17 44 17 82 05 82 06 14 40 62 81 10 6E 4D 63 4E CD 80 15 80 16 80 98 53 81 2A 61 50 20 4C 41 0A 47 09 1F	[DFT][E2:034F]にぃ?中がくさいだあっ?\nつべこべ文句ばかり言ってると\n戦闘員の奴らに つきだすぞ˳		pending
C0-098D3D	0x098D3D	002E	D7 E0 03 3B D4 73 73 73 D5 6E 4A 42 5D 3D 6E 7D CD 49 44 54 20 3F 3E 61 3C 45 68 53 D4 4E 3C 64 D5 0A 60 CD 80 45 80 A8 54 20 44 6E 4B 7D	[DFT][E2:033B][KATAKANA]ーーー[HIRAGANA]ったくもうっ!\nそこは おえらいさんの[KATAKANA]トイレ[HIRAGANA]だよ\n出口は こっち!		pending
C0-098D6C	0x098D6C	0012	D7 E0 03 3B 14 60 20 C2 00 7D CD 80 85 80 89 0D 4F 1F	[DFT][E2:033B]ばよ [NAM:00]!\n元気でな˳		pending
C0-098E50	0x098E50	00A7	D7 E0 04 C2 00 06 6F 4F 3C 7D CD 3C 3C 80 3B 50 80 10 4D 42 64 4A 66 7D CD 3F 82 42 3C 00 3B 63 53 60 7D D1 3B 3C 4C 7E 7E 7E D4 1C 6E 19 73 D5 00 CD 44 53 80 BD 50 20 50 03 44 68 0A 53 60 CD 4B 71 6E 4E 20 45 00 46 4D 41 4D 42 64 4F 3C 0F CD 44 53 59 59 82 43 80 7D 46 50 0D 41 4F 3C 66 7D D1 4F 68 0D 80 4C 80 2F 0D 80 54 50 3C 40 4F 3C 40 6E 4D 0F CD C9 14 7E 7E 7E 44 44 81 3E 81 02 82 41 80 3B 0D 46 71 6E 7D CD C3 03 D4 64 0D 6A D5 C3 00 00 20 3D 65 3D 65 0D 41 63 66 43 CD 4F 3C 0D 46 71 6E 7D	[DFT][E2:04C2]がじゃない!\nいい所に来てくれたわ!\nお願いがあるのよ![FIN]あいつ···[KATAKANA]ペッパー[HIRAGANA]が\nこの先に にげこんだのよ\nちょっと さがしてきてくれない?\nこのまま野放しにできないわ![FIN]なんで自分で見にいかないかって?\n[PAU:14]···ここ男子便所でしょっ!\n[PAL:03][KATAKANA]レディ[HIRAGANA][PAL:00]が うろうろできるわけ\nないでしょっ!		pending
C0-098EF8	0x098EF8	0035	D7 E0 04 3B 53 3C 40 45 59 80 27 80 14 80 55 53 44 4E 0A 5D 53 CD 4F 50 67 46 0D 40 47 40 20 66 40 61 4F 3C 66 CD 3F 82 42 3C 7D 81 30 42 45 00 46 4D 41 4D 7D	[DFT][E2:043B]のいかさま発明家のことだもの\nなにをしでかすか わからないわ\nお願い!早くさがしてきて!		pending
C0-098F2E	0x098F2E	007D	D7 E0 04 0E 3D 0A 6E 4A 0F C9 1E 3E 0F C9 1E 3C 4F 3C 0F CD C9 1E 80 D9 81 15 50 45 00 46 4A 53 0F CD 3F 82 42 3C 7D 5D 6E 4E 60 42 82 3A 46 4D 41 4D 60 D1 3B 3C 4C 54 20 3C 40 45 59 80 27 80 14 80 55 4F 53 60 7D CD 3B 3C 4C 00 20 3F 44 46 4A 80 56 81 24 54 CD 3C 42 4C 5D 81 18 81 19 46 4D 41 4A 68 0A 40 61 7D CD 80 26 80 EE 5D 41 6E 4E 20 80 EA 40 46 0D 40 47 80 89 60 7D	[DFT][E2:040E]うだった?[PAU:1E]え?[PAU:1E]いない?\n[PAU:1E]本当にさがしたの?\nお願い!もっとよく探してきてよ[FIN]あいつは いかさま発明家なのよ!\nあいつが おこした事件は\nいくつも取材してきたんだから!\n今度もきっと 何かしでかす気よ!		pending
C0-098FAC	0x098FAC	006E	D7 E0 04 0E 3D 0F 80 54 4C 40 6E 4A 0F C9 14 3E 0F CD 80 1E 41 80 6F 59 62 0D 0A 64 5D 3C 4F 40 6E 4A 0F CD C9 1E 7E 7E 7E 49 3D C9 14 20 46 40 4A 4F 3C 66 52 D1 66 40 6E 4A 66 20 3B 4A 46 54 81 92 67 45 00 47 66 CD 44 44 50 54 20 59 0A 80 EA 40 3B 62 49 3D 0A 46 CD 06 6F 3B 52 20 C2 00 CD 81 46 5D 20 80 89 67 4C 43 63 53 60 7D	[DFT][E2:040E]う?見つかった?[PAU:14]え?\n行き止まりでだれもいなかった?\n[PAU:1E]···そう[PAU:14] しかたないわね[FIN]わかったわ あたしは他をさがすわ\nここには まだ何かありそうだし\nじゃあね [NAM:00]\n君も 気をつけるのよ!		pending
C0-09906A	0x09906A	007F	D7 3E 0F 80 39 80 3A 80 3B 80 82 67 82 3A 46 4D 63 53 0F CD 80 39 80 3A 80 3B 80 82 4F 61 20 49 44 53 C3 02 82 44 80 6C D4 4E 3C 64 D5 C3 00 50 CD 54 3C 6E 4A 43 0E 0F D1 3E 0F D4 44 4D 4C D5 54 20 0E 3D 46 4A 6E 4D 0F CD 44 44 53 20 49 3D 06 67 46 4D 3C 4A 81 2A 4F 61 CD 80 26 20 80 CB 80 56 50 80 1E 6E 4D 3C 63 60 CD C3 02 80 CB 80 CC C3 00 50 20 80 1E 6E 4D 63 54 07 0A 60 1F	[DFT]え?研究所長を探してるの?\n研究所長なら そこの[PAL:02]專用[KATAKANA]トイレ[HIRAGANA][PAL:00]に\nはいったけど?[FIN]え?[KATAKANA]コテツ[HIRAGANA]は どうしたって?\nここの そうじをしていた奴なら\n今 食事に行っているよ\n[PAL:02]食堂[PAL:00]に 行ってるはずだよ˳		pending
C0-0990EA	0x0990EA	001B	D7 4F 68 0A 40 20 81 1D 80 F1 CD D4 52 07 5A D5 00 82 45 3E 4A 4F 3B 7E 7E 7E 1F	[DFT]なんだか 最近\n[KATAKANA]ネズミ[HIRAGANA]が增えたなあ···˳		pending
C0-099106	0x099106	0021	D7 3F 3C 3F 3C 20 49 44 54 D4 04 5A 80 8E D5 4D 80 18 0A 60 CD 81 3F 4B 4A 61 20 3B 16 4F 3C 60 1F	[DFT]おいおい そこは[KATAKANA]ゴミ捨[HIRAGANA]て場だよ\n落ちたら あぶないよ˳		pending
C0-099217	0x099217	0057	D7 44 44 53 80 3B 80 82 54 20 80 89 50 80 31 61 4F 3C 81 2A 67 CD C3 02 D4 52 07 5A D5 50 80 50 80 4B 45 48 63 80 62 82 46 C3 00 67 80 23 6E 4A 68 0A CD 81 46 5D 20 80 89 67 4C 43 4D 52 CD 49 64 4E 20 C9 1E 3B 53 80 52 54 C3 03 D4 4F 3C 46 71 D5 C3 00 0A 60 1F	[DFT]ここの所長は 気に入らない奴を\n[PAL:02][KATAKANA]ネズミ[HIRAGANA]に変身させる機械[PAL:00]を作ったんだ\n君も 気をつけてね\nそれと [PAU:1E]あの話は[PAL:03][KATAKANA]ナイショ[HIRAGANA][PAL:00]だよ˳		pending
C0-09926F	0x09926F	011B	D7 54 3B 7E 7E 7E 5E 6E 4D 61 64 4F 3C 60 4F CD 48 6E 40 42 53 80 7F 53 80 80 0A 6E 4D 3C 3D 53 50 CD 44 68 4F 82 11 3C 80 39 80 3A 80 3B 0D 20 82 47 80 59 82 47 80 59 CD 54 4A 61 40 45 64 4D 45 3B 6E D1 0D 5D 20 80 D9 80 79 53 80 D4 80 C8 60 62 54 D4 59 46 D5 0A 60 CD C9 0A CD 4E 44 65 0D 45 20 80 26 80 EE 80 10 4A 80 3B 80 82 6E 4D CD 3C 5E 4F 81 2A 0A 4E 80 7A 66 4F 3C 0F D1 5E 6E 19 62 20 49 3D 80 7A 3D 0F CD 3B 53 80 46 D4 65 44 44 80 99 D5 50 3D 61 5A 00 3B 63 40 61 CD 66 05 66 05 20 80 99 53 80 46 4A 4B 67 45 61 6E 4D CD 81 FB 40 48 4D 63 68 0D 46 71 0F C9 0A 82 11 3C 60 52 D1 0D 5D 20 3B 53 80 46 50 82 48 61 3D 4E CD 60 42 4D 5B 44 3D 46 14 61 42 C3 02 D4 4E 3C 64 D5 49 3D 06 CD C3 00 80 42 3C 4E 20 80 50 4F 80 27 80 14 80 8C 0D CD C3 02 D4 52 07 5A D5 C3 00 50 45 64 4B 6F 3D 61 46 3C 60 D1 CD 56 6B 68 20 41 67 4C 43 60 3D 6E 4E	[DFT]はあ···やってられないよな\nせっかくの南の島だっていうのに\nこんな暗い研究所で 每日每日\nはたらかされてさあっ[FIN]でも 本部の雪山よりは[KATAKANA]マシ[HIRAGANA]だよ\n[PAU:0A]\nところでさ 今度来た所長って\nいやな奴だと思わない?[FIN]やっぱり そう思う?\nあの人[KATAKANA]ロココ町[HIRAGANA]にうらみがあるから\nわざわざ 町の人たちをさらって\n働かせてるんでしょ?[PAU:0A]暗いよね[FIN]でも あの人に逆らうと\nよくてむこうしばらく[PAL:02][KATAKANA]トイレ[HIRAGANA]そうじ\n[PAL:00]悪いと 変な発明品で\n[PAL:02][KATAKANA]ネズミ[HIRAGANA][PAL:00]にされちゃうらしいよ[FIN]\nふぅん きをつけようっと		pending
C0-09939C	0x09939C	0079	D7 52 6E 7D C9 0A 52 6E 7D C9 0A 52 6E 7D CD 80 26 53 80 52 20 81 41 3C 4D 4A 7D 0F CD 0A 64 40 50 20 80 52 47 4C 5D 62 7D 0F CD 20 49 64 54 20 55 5A 4C 0D 47 CD 20 80 52 46 4A 62 46 4F 3C 60 CC D0 3D 66 D4 73 D5 6E 20 3F 7E 3F 52 00 3C 6E 7D CD 80 3B 80 82 50 54 20 D4 4F 3C 46 71 D5 50 46 4D 60 D4 73 D5 6E CD D4 52 07 5A D5 50 45 64 4B 6F 3D 60 D4 73 D5 6E 7D	[DFT]ねっ![PAU:0A]ねっ![PAU:0A]ねっ!\n今の話 聞いてた!?\nだれかに 話すつもり!?\n それは ひみつです\n 話したりしないよ[TER][CLR]うわ[KATAKANA]ー[HIRAGANA]っ お·おねがいっ!\n所長には [KATAKANA]ナイショ[HIRAGANA]にしてよ[KATAKANA]ー[HIRAGANA]っ\n[KATAKANA]ネズミ[HIRAGANA]にされちゃうよ[KATAKANA]ー[HIRAGANA]っ!		pending
C0-099416	0x099416	00A2	D0 49 7E 49 6E 40 7E 7E 7E 60 40 6E 4A 7D CD C9 1E 49 7E 49 3D 0A 7D 80 A8 80 6F 5C 81 49 00 66 62 50 CD C3 02 D4 47 4A 68 1B D5 C3 00 67 80 36 50 3F 46 4D 3B 03 63 7D D1 44 64 00 20 3F 46 4D 3B 64 14 CD 44 53 80 39 80 3A 80 3B 53 20 4A 3C 4D 3C 53 80 3B 50 54 CD 80 45 80 31 62 47 63 44 4E 00 0D 41 63 40 61 52 CD 0D 5D 80 3B 80 82 50 54 20 C3 03 D4 4F 3C 46 71 D5 C3 00 0A 60 1F D1 20 C2 00 54 20 80 15 80 16 80 98 50 CD C3 02 20 D4 47 4A 68 1B D5 C3 00 67 20 3F 46 4D 5D 61 6E 4A 7D	[CLR]そ·そっか···よかった!\n[PAU:1E]そ·そうだ!口止め料がわりに\n[PAL:02][KATAKANA]スタンプ[HIRAGANA][PAL:00]を手におしてあげる![FIN]これが おしてあれば\nこの研究所の たいていの所には\n出入りすることができるからね\nでも所長には [PAL:03][KATAKANA]ナイショ[HIRAGANA][PAL:00]だよ˳[FIN] [NAM:00]は 戦闘員に\n[PAL:02] [KATAKANA]スタンプ[HIRAGANA][PAL:00]を おしてもらった!		pending
C0-0994E1	0x0994E1	0023	D7 4A 53 5B 60 6D CD 81 30 42 44 44 40 61 20 80 45 4D 6E 4D 42 64 60 CD 3B 5E 46 59 64 4B 6F 3D 0A 65 7D	[DFT]たのむよぉ\n早くここから 出てってくれよ\nあやしまれちゃうだろ!		pending
C0-099554	0x099554	005D	D7 4F 68 0A 60 20 3F 4E 4F 46 42 4F 61 DC 06 7E 7E 7E CD DC 00 C9 3C 4F 68 0A C2 00 06 6F 52 3E 40 CD C9 1E 81 F6 0A 60 20 D4 44 4D 4C D5 0A 60 DE D7 3E 0F 4F 50 46 4D 63 40 6E 4D 0F CD C9 1E 82 49 67 80 CB 3D 68 0A 60 CD 82 4A 00 57 6E 4D 54 20 80 15 54 0D 41 52 3E 40 61 4F 1F	[DFT]なんだよ おとなしくなら[NXT]じ···\n[NXT]が[PAU:3C]なんだ[NAM:00]じゃねえか\n[PAU:1E]俺だよ [KATAKANA]コテツ[HIRAGANA]だよ[TPL:D7]え?なにしてるかって?\n[PAU:1E]飯を食うんだよ\n腹がへっては 戦はできねえからな˳		pending
C0-0995B2	0x0995B2	012F	D7 3E 0F 80 3B 80 82 67 82 3A 46 4D 63 68 0A 00 CD 80 54 81 12 6E 4A 6E 4D 0F CD C9 3C 14 6E 40 0A 52 3E 3F 80 01 20 44 53 80 39 80 3A 80 3B 50 54 CD 4B 71 6E 4E 46 4A 20 46 40 43 00 3B 63 53 45 D1 56 4C 3D 06 6F 20 80 54 3E 4F 3C D4 0E 3B D5 5E CD D4 4E 61 6E 1B D5 00 3B 6E 4D 4F CD C3 02 D4 40 5C 64 3F 68 02 61 47 D5 C3 00 6E 4D 53 00 4F 3C 4E CD 49 64 67 20 80 54 63 44 4E 54 0D 41 52 3E 68 0A 08 D1 81 F6 0F 81 F6 54 5D 4B 65 68 80 2D 6E 4D 63 45 CD C9 28 3E 0F C9 14 81 B6 46 3C 0F CD C9 14 57 57 57 20 81 85 53 80 1C 49 68 4F 50 3B 59 42 4F 3C 08 CD 81 3E 4F 61 20 80 4C 80 2F 0D 80 36 50 80 31 64 4F D1 4A 46 40 CD C3 02 80 39 80 3A 80 9F 80 27 80 A0 C3 00 6E 4D 80 3B 0D CD 80 23 6E 4D 63 54 07 0A 08 D1 D3 A6 96 D7 E0 03 C3 02 80 39 80 3A 80 9F 80 27 80 A0 C3 00 54 20 80 CB 80 CC 67 80 45 4D CD D4 10 D5 53 81 04 0A 43 0E 20 49 3D 40 68 4A 68 50 CD 80 31 64 4D 42 64 4F 3C 68 06 6F 52 3E 40 3B 0F	[DFT]え?所長を探してるんだが\n見失ったって?\n[PAU:3C]ばっかだねえお前 この研究所には\nちょっとした しかけがあるのさ[FIN]ふつうじゃ 見えない[KATAKANA]ドア[HIRAGANA]や\n[KATAKANA]トラップ[HIRAGANA]があってな\n[PAL:02][KATAKANA]カメレオングラス[HIRAGANA][PAL:00]ってのがないと\nそれを 見ることはできねえんだぜ[FIN]俺?俺はもちろん持ってるさ\n[PAU:28]え?[PAU:14]欲しい?\n[PAU:14]へへへ 世の中そんなにあまくないぜ\n男なら 自分で手に入れな[FIN]たしか\n[PAL:02]研究開発室[PAL:00]って所で\n作ってるはずだぜ[FIN][JMP][BYTE:A6][BYTE:96][DFT][E2:03C3]ぐ研究開発室[PAL:00]は 食堂を出て\n[KATAKANA]→[HIRAGANA]の方だけど そうかんたんに\n入れてくれないんじゃねえかあ?		pending
C0-0996E2	0x0996E2	003A	D7 3F 64 54 CD C3 02 D4 59 59 D5 53 4D 0C 42 62 D4 54 68 14 73 02 D5 C3 00 67 42 64 60 CD 04 54 68 54 20 80 43 5D 62 0D 4F CD C9 1E 3E 0F C9 14 49 68 4F 5D 53 4F 3C 6E 4D 0F	[DFT]おれは\n[PAL:02][KATAKANA]ママ[HIRAGANA]のてづくり[KATAKANA]ハンバーグ[HIRAGANA][PAL:00]をくれよ\nごはんは 大もりでな\n[PAU:1E]え?[PAU:14]そんなものないって?		pending
C0-0997E3	0x0997E3	0033	D7 82 47 80 59 81 14 06 D4 5C 50 70 73 D5 14 40 62 0D CD 3C 5E 50 4F 6E 4B 6F 3D 60 7E 7E 7E CD 81 09 80 56 47 63 80 89 5D 4F 42 4F 6E 4B 6F 3D 60 4F 1F	[DFT]每日同じ[KATAKANA]メニュー[HIRAGANA]ばかりで\nいやになっちゃうよ···\n仕事する気もなくなっちゃうよな˳		pending
C0-099817	0x099817	0018	D7 CD 3B 6E 7D 59 4A D4 52 07 5A D5 0A 7D CD 44 53 5E 65 3D 5C 6E 7D 7D	[DFT]\nあっ!また[KATAKANA]ネズミ[HIRAGANA]だ!\nこのやろうめっ!!		pending
C0-099830	0x099830	0035	D7 4F 68 0A 20 44 53 D4 52 07 5A D5 7D 0F CD 4B 6E 4E 5D 80 46 81 2B 67 44 66 00 6E 4D 4F 3C 7D CD CD 80 D0 80 48 80 89 4F 81 2A 5C 7D 44 61 46 5C 4D 5E 63 7D	[DFT]なんだ この[KATAKANA]ネズミ[HIRAGANA]!?\nちっとも人間をこわがってない!\n\n生意気な奴め!こらしめてやる!		pending
C0-099866	0x099866	002A	D7 44 7E C9 14 44 53 52 07 5A 7D CD 14 43 5D 68 0A 3B 69 69 6E 7D 7D CD 4A 7E 4A 47 43 4D 20 3F 40 3B 4B 6F D4 73 D5 68 6E 7D	[DFT]こ·[PAU:14]このねずみ!\nばけもんだあぁぁっ!!\nた·たすけて おかあちゃ[KATAKANA]ー[HIRAGANA]んっ!		pending
C0-0998CB	0x0998CB	0017	D7 4F 68 0A 60 6D CD 3F 4E 4F 46 42 20 80 19 80 1B 67 59 4D 60 6D 1F	[DFT]なんだよぉ\nおとなしく 順番をまてよぉ˳		pending
C0-0998E3	0x0998E3	0041	D7 80 CB 80 CC 53 3F 5E 06 00 CD C3 02 80 45 80 01 C3 00 47 63 81 2A 00 3C 4F 3C 7D 6E 4D CD 81 F6 50 20 3B 4A 63 68 0A 60 7E 7E 7E CD C9 14 0E 44 5D 20 80 46 80 36 80 60 82 0A 4F 68 0A 60 52 1F	[DFT]食堂のおやじが\n[PAL:02]出前[PAL:00]する奴がいない!って\n俺に あたるんだよ···\n[PAU:14]どこも 人手不足なんだよね˳		pending
C0-099925	0x099925	0045	D7 81 F6 20 21 D4 61 68 4B D5 7D 54 5E 42 46 4D 52 CD 44 64 40 61 20 D4 52 07 5A D5 4A 3C 06 53 81 15 80 1B 4F 68 0A CD 59 6E 4A 42 20 81 1D 80 F1 CD D4 52 07 5A D5 00 81 23 42 4D 20 81 37 6E 4B 6F 3D 60 1F	[DFT]俺 A[KATAKANA]ランチ[HIRAGANA]!はやくしてね\nこれから [KATAKANA]ネズミ[HIRAGANA]たいじの当番なんだ\nまったく 最近\n[KATAKANA]ネズミ[HIRAGANA]が多くて 困っちゃうよ˳		pending
C0-09998C	0x09998C	005F	D7 44 44 54 52 20 81 6A 81 6B 80 46 81 2B 53 CD 80 39 80 3A 67 20 80 1E 6E 4D 3C 63 68 0A 43 0E CD 81 1D 80 F1 54 20 80 28 46 3C 80 3B 80 82 53 46 70 5A 0D CD 80 50 4F 80 62 82 46 14 40 62 20 80 23 61 45 64 4D 63 68 0A D1 CD 7E 7E 7E 3F 6E 4E CD 46 6F 17 62 47 01 4B 6F 6E 4A 40 4F 1F	[DFT]ここはね 改造人間の\n研究を 行っているんだけど\n最近は 新しい所長のしゅみで\n変な機械ばかり 作らされてるんだ[FIN]\n···おっと\nしゃべりすぎちゃったかな˳		pending
C0-099A52	0x099A52	0046	D7 4D 5E 68 0D 3C 6E CD 80 3B 80 82 53 81 2A 00 20 80 D9 80 79 40 61 53 80 FF 82 3C 67 CD 80 57 80 79 20 80 39 80 3A 50 4C 01 44 68 06 59 3D 40 61 CD D4 65 42 D5 4F 81 49 80 CA 00 20 80 23 64 5E 46 52 3E 60 7D	[DFT]てやんでいっ\n所長の奴が 本部からの予算を\n全部 研究につぎこんじまうから\n[KATAKANA]ロク[HIRAGANA]な料理が 作れやしねえよ!		pending
C0-099A99	0x099A99	00BB	D7 3F 3F 6E 7D 3C 3C 80 3B 50 80 46 00 80 10 4A 08 7D CD 3F 80 01 45 68 20 80 26 D4 55 59 D5 40 3C 0F CD 20 54 3C 20 D4 55 59 D5 0D D4 73 D5 47 CD 20 80 26 20 3C 49 00 46 3C 0D D4 73 D5 47 CC D0 49 64 54 20 60 40 6E 4A 08 7D CD 80 46 80 36 00 82 0A 62 4F 42 4D 20 81 37 6E 4D 4A 68 0A 60 CD C3 02 80 39 80 3A 80 9F 80 27 80 A0 50 20 80 45 80 01 67 CD 4E 0E 43 4D 42 64 52 3E 40 3C 0F D1 C3 00 80 CB 80 CC 53 80 45 80 01 0A 6E 4D 81 10 3E 14 CD 80 9F 43 4D 42 64 63 40 61 60 CD 66 62 3C 4F 20 4A 53 68 0A 08 7D CD C9 14 3B 3B 20 3C 49 00 46 3C 3C 49 00 46 3C 7D	[DFT]おおっ!いい所に人が来たぜ!\nお前さん 今[KATAKANA]ヒマ[HIRAGANA]かい?\n はい [KATAKANA]ヒマ[HIRAGANA]で[KATAKANA]ー[HIRAGANA]す\n 今 いそがしいで[KATAKANA]ー[HIRAGANA]す[TER][CLR]それは よかったぜ!\n人手が足りなくて 困ってたんだよ\n[PAL:02]研究開発室に 出前を\nとどけてくれねえかい?[FIN][PAL:00]食堂の出前だって言えば\n開けてくれるからよ\nわりいな たのんだぜ!\n[PAU:14]ああ いそがしいいそがしい!		pending
C0-099B55	0x099B55	0038	D0 4D 5E 68 0D 3C 6E 7D CD 81 1D 80 F1 53 20 81 35 3C 5D 68 54 47 02 50 CD 3C 49 00 46 3C 0D 20 50 03 5E 00 63 7D CD 06 6F 59 0A 06 6F 59 0A 20 80 45 4D 3C 41 4F 6E 7D	[CLR]てやんでいっ!\n最近の 若いもんはすぐに\nいそがしいで にげやがる!\nじゃまだじゃまだ 出ていきなっ!		pending
C0-099B8E	0x099B8E	0036	D7 C3 02 80 39 80 3A 80 9F 80 27 80 A0 C3 00 54 20 80 CB 80 CC 67 80 45 4D CD D4 10 D5 53 81 04 0A 40 61 4F CD 3C 3C 40 3C 20 59 4B 00 3E 63 68 06 6F 52 3E 09 1F	[DFT][PAL:02]研究開発室[PAL:00]は 食堂を出て\n[KATAKANA]→[HIRAGANA]の方だからな\nいいかい まちがえるんじゃねえぞ˳		pending
C0-099BC5	0x099BC5	007B	D7 81 1D 80 F1 60 6D 20 41 71 3D 82 4B 4F D4 52 07 5A D5 00 CD 80 45 63 6E 4C 3D 68 0D 20 5A 68 4F 44 66 00 6E 4D CD 0A 64 5D 80 CB 80 56 50 20 44 4F 42 4F 6E 4B 59 6E 4A D1 81 09 81 04 52 3E 40 61 20 D4 52 07 5A D5 0E 5D 50 CD 5C 46 67 20 42 66 46 4D 5E 6E 4D 63 68 0A CD 59 20 82 05 82 06 67 81 10 66 52 3E 80 2F CD 3B 3C 4C 61 53 81 04 00 20 40 66 3C 3C 5D 68 45 1F	[DFT]最近よぉ きょう暴な[KATAKANA]ネズミ[HIRAGANA]が\n出るっつうんで みんなこわがって\nだれも食事に こなくなっちまった[FIN]仕方ねえから [KATAKANA]ネズミ[HIRAGANA]どもに\nめしを くわしてやってるんだ\nま 文句を言わねえ分\nあいつらの方が かわいいもんさ˳		pending
C0-099C9D	0x099C9D	0031	D7 0A 64 0A 3C 0F CD 80 79 81 36 81 26 53 80 F9 80 31 62 54 20 3F 44 4E 66 62 0A 60 CD 80 39 80 3A 53 06 6F 59 0A 60 7D 80 EF 6E 4D 80 EF 6E 4D 7D	[DFT]だれだい?\n部外者の立入りは おことわりだよ\n研究のじゃまだよ!帰って帰って!		pending
C0-099CCF	0x099CCF	003D	D7 0A 64 0F 80 CB 80 CC 53 80 45 80 01 53 80 46 0F CD 3E 0F 4B 00 3D 53 CD 06 6F 3B 20 80 EF 6E 4A 80 EF 6E 4A 7D CD 80 79 81 36 81 26 53 80 F9 80 31 62 54 20 3F 44 4E 66 62 0A 60 1F	[DFT]だれ?食堂の出前の人?\nえ?ちがうの\nじゃあ 帰った帰った!\n部外者の立入りは おことわりだよ˳		pending
C0-099D0D	0x099D0D	002F	D7 0A 64 0F 80 CB 80 CC 53 80 45 80 01 53 80 46 0F CD 3B 3B 60 40 6E 4A 20 3F 82 4A 1C 44 1C 44 0A 60 CD 45 3B 20 80 31 6E 4D 80 31 6E 4D 7D	[DFT]だれ?食堂の出前の人?\nああよかった お腹ぺこぺこだよ\nさあ 入って入って!		pending
C0-099D3D	0x099D3D	002D	D7 0A 64 0F 80 CB 80 CC 53 80 45 80 01 53 80 46 0F CD 3E 0F 3F 45 61 67 81 18 62 50 41 4A 53 0F CD 06 6F 3B 20 80 31 6E 4D 3C 3C 60 1F	[DFT]だれ?食堂の出前の人?\nえ?おさらを取りにきたの?\nじゃあ 入っていいよ˳		pending
C0-099DA7	0x099DA7	0091	D7 80 28 46 3C 80 3B 80 82 00 80 10 4D 40 61 CD 80 50 4F 5D 53 14 40 62 80 9F 80 27 45 48 61 64 4D 63 60 CD 44 53 81 2B 54 20 C3 02 80 46 81 2B 67 D4 52 07 5A D5 50 80 50 3E 63 CD 80 62 82 46 C3 00 67 80 23 6E 4A 46 52 D1 80 26 54 20 80 3B 80 82 00 81 C8 6E 4D 41 4A CD 80 79 80 8C 67 80 C9 17 4D 3C 63 68 0A CD 80 3B 80 82 54 C3 02 80 43 5B 40 46 53 80 27 80 14 80 8C C3 00 0A 6E 4D CD 81 10 6E 4D 4A 43 0E 20 80 D9 81 15 40 52 3E 0F	[DFT]新しい所長が来てから\n変なものばかり開発させられてるよ\nこの間は [PAL:02]人間を[KATAKANA]ネズミ[HIRAGANA]に変える\n機械[PAL:00]を作ったしね[FIN]今は 所長が拾ってきた\n部品を調べているんだ\n所長は[PAL:02]大むかしの発明品[PAL:00]だって\n言ってたけど 本当かねえ?		pending
C0-099E39	0x099E39	0031	D7 3B 62 00 4E D4 73 D5 6E 7D 80 26 3C 49 00 46 42 4D CD 80 36 00 20 54 4F 48 4F 3C 68 0A CD 49 53 80 F2 50 80 84 3C 4D 3F 3C 4D 52 D4 73 D5 6E 7D	[DFT]ありがと[KATAKANA]ー[HIRAGANA]っ!今いそがしくて\n手が はなせないんだ\nその辺に置いておいてね[KATAKANA]ー[HIRAGANA]っ!		pending
C0-099E96	0x099E96	0058	D7 80 26 54 20 3F 4D 04 65 D4 45 3C 07 D5 53 CD C3 02 80 46 81 2B 67 D4 52 07 5A D5 50 47 63 D4 64 73 05 73 D5 C3 00 67 CD 80 23 61 45 64 4D 3C 63 68 0A 7E 7E 7E CD 80 50 4F 5D 68 14 6E 40 0D 20 3C 5E 50 4F 63 60 D1 CD 81 3A 46 20 4D 51 41 46 4B 6F 3F 3D 40 4F 1F	[DFT]今は おてごろ[KATAKANA]サイズ[HIRAGANA]の\n[PAL:02]人間を[KATAKANA]ネズミ[HIRAGANA]にする[KATAKANA]レーザー[HIRAGANA][PAL:00]を\n作らされているんだ···\n変なもんばっかで いやになるよ[FIN]\n少し てぬきしちゃおうかな˳		pending
C0-099EEF	0x099EEF	0046	D7 3F D4 56 65 D5 50 74 73 80 59 5D 80 31 6E 4D 4F 3C 46 CD 42 4C 80 A5 5D 20 42 45 42 4F 6E 4D 41 4A 46 7E 7E 7E CD C9 1E 4A 59 50 54 20 3F 3D 4B 53 D4 17 6E 0E D5 0D CD 5F 6E 42 62 20 52 4A 3C 60 7E 7E 7E 1F	[DFT]お[KATAKANA]フロ[HIRAGANA]に10日も入ってないし\nくつ下も くさくなってきたし···\n[PAU:1E]たまには おうちの[KATAKANA]ベッド[HIRAGANA]で\nゆっくり ねたいよ···˳		pending
C0-099FA6	0x099FA6	0031	D7 20 C2 00 54 20 80 D9 67 5A 4C 43 4A CD 20 80 D9 50 54 20 C3 02 D4 40 5C 64 3F 68 02 61 47 D5 C3 00 53 CD 20 44 4E 00 20 80 38 40 64 4D 3C 4A 1F	[DFT] [NAM:00]は 本をみつけた\n 本には [PAL:02][KATAKANA]カメレオングラス[HIRAGANA][PAL:00]の\n ことが 書かれていた˳		pending
C0-09A08D	0x09A08D	002C	D7 3B 6E 7D 44 61 6E 7D CD 81 7D 80 36 50 20 80 45 4D 41 4B 6F D4 0A 5C D5 0A 60 6E 7D CD 58 61 7D 80 2D 4B 80 18 50 5D 0E 6E 4D 7D	[DFT]あっ!こらっ!\n勝手に 出てきちゃ[KATAKANA]ダメ[HIRAGANA]だよっ!\nほら!持ち場にもどって!		pending
C0-09A243	0x09A243	001B	D7 20 7E 7E 7E 7E 7E 7E 7E 7E 7E 7E CD C9 1E 20 4F 68 4E 4F 42 20 3B 5E 46 3C 1F	[DFT] ··········\n[PAU:1E] なんとなく あやしい˳		pending
C0-09A30B	0x09A30B	0037	D7 E0 05 54 6E 54 6E 54 6E 20 3C 3C 40 6E 44 3D 0A CD 80 88 80 FA 80 27 80 14 80 55 D4 1C 6E 19 73 80 BF D5 50 45 40 61 3D 4E CD 44 3D 3C 3D 80 8F 50 3B 3D 53 0A 7D	[DFT][E2:0554]っはっはっ いいかっこうだ\n天才発明家[KATAKANA]ペッパー樣[HIRAGANA]にさからうと\nこういう目にあうのだ!		pending
C0-09A343	0x09A343	0030	D7 E0 05 43 00 61 66 46 3C 20 52 07 5A 5C 6E 7D CD 45 6E 45 4E 20 49 53 80 79 80 A4 53 47 5A 53 CD 52 07 5A 80 51 40 61 20 80 45 4D 80 1E 43 7D	[DFT][E2:0543]がらわしい ねずみめっ!\nさっさと その部屋のすみの\nねずみ穴から 出て行け!		pending
C0-09A374	0x09A374	002A	D7 E0 05 5B 5B 5B 6E 20 4F 68 0A 3F 80 01 54 7D CD 81 93 82 3D 4F 80 39 80 3A 80 3B 50 20 81 7D 80 36 50 80 31 62 3F 6E 4D 7D	[DFT][E2:055B]むむっ なんだお前は!\n神聖な研究所に 勝手に入りおって!		pending
C0-09A39F	0x09A39F	001B	D7 E0 05 3F 80 01 53 60 3D 4F 20 56 4E 0E 41 81 26 54 CD 44 3D 46 4D 42 64 63 7D	[DFT][E2:053F]前のような ふとどき者は\nこうしてくれる!		pending
C0-09A415	0x09A415	0217	D7 CD C3 02 20 80 88 80 FA 80 27 80 14 80 55 20 D4 1C 6E 19 73 D5 53 80 59 81 25 D1 20 D4 79 81 8F 79 80 59 D5 CD 20 D4 54 6E 40 73 D5 50 D4 47 40 3D 4E D5 45 64 CD 20 44 44 57 80 10 4A 00 20 4A 0A 53 CD 20 80 5B 80 18 0D 54 4F 3C 40 7D D4 14 40 D5 50 46 4E 63 7D D1 20 D4 79 81 8F 79 80 59 D5 CD 20 80 26 80 CE 54 20 5D 3D 64 4C 50 81 5A 80 67 46 4D 63 7D CD 20 80 C7 80 C8 53 80 1C 0D 20 4E 68 0D 5D 4F 3C 5D 53 67 CD 20 80 27 80 54 46 4A 53 0A 7D D1 20 80 ED 81 22 20 0E 64 02 61 3C 81 2E 53 5D 53 40 CD C3 03 20 80 C7 80 C8 53 56 68 80 C7 67 80 8B 80 23 47 63 80 62 82 46 C3 02 0A 7D CD 20 44 64 67 81 C6 80 6C 46 4F 3C 80 36 54 4F 3C CD 20 81 30 82 4C 20 80 39 80 3A 80 3B 50 80 2D 4B 80 EF 6E 4D 41 4A 1F D1 20 D4 79 81 8F 79 80 59 D5 CD 20 3B 53 80 62 82 46 54 20 80 7A 66 51 80 4E 80 4F 00 3B 6E 4A CD 20 44 64 0D 80 80 53 80 81 80 46 67 80 8B 63 44 4E 00 0D 41 63 CD 20 80 43 3C 50 81 C6 80 6C 46 60 3D 1F D1 20 D4 79 81 8F 79 80 59 D5 CD 20 D4 54 6E 40 73 D5 53 80 15 80 16 80 98 0E 5D 00 CD 20 5E 63 80 89 53 4F 3C 81 2A 61 14 40 62 4F 53 0D CD 20 D4 65 44 44 80 99 D5 40 61 20 80 46 67 81 C9 64 4D 41 4A D1 20 D4 4A 0A D5 0D 80 7F 53 80 80 50 81 4A 81 1C 47 63 4E 81 10 6E 4A 61 CD 20 0A 59 45 64 4A D4 14 40 D5 0E 5D 00 5E 6E 4D 41 4A CD 20 3C 4C 09 5E 20 44 53 D4 1C 6E 19 73 80 BF D5 67 CD 20 D4 14 40 D5 50 46 4A 81 09 81 6C 46 0A 20 05 59 5A 65 D1 20 3B 53 80 62 82 46 53 44 4E 00 80 89 50 4F 63 53 0D CD 20 80 C7 80 C8 67 20 80 73 80 F3 80 C9 17 63 44 4E 50 46 4A CD 20 81 92 50 5D 20 80 BD 80 46 53 80 23 6E 4A 80 27 80 14 80 8C 00 CD 20 80 54 4C 40 63 40 5D 46 64 68 7E 7E 7E 1F C3 00	[DFT]\n[PAL:02] 天才発明家 [KATAKANA]ペッパー[HIRAGANA]の日記[FIN] [KATAKANA]*月*日[HIRAGANA]\n [KATAKANA]ハッカー[HIRAGANA]に[KATAKANA]スカウト[HIRAGANA]され\n ここへ来たが ただの\n 工場ではないか![KATAKANA]バカ[HIRAGANA]にしとる![FIN] [KATAKANA]*月*日[HIRAGANA]\n 今私は もうれつに感動してる!\n 火山の中で とんでもないものを\n 発見したのだ![FIN] 一体 どれぐらい昔のものか\n[PAL:03] 火山のふん火を操作する機械[PAL:02]だ!\n これを利用しない手はない\n 早速 研究所に持ち帰ってきた˳[FIN] [KATAKANA]*月*日[HIRAGANA]\n あの機械は 思わぬ効果があった\n これで島の村人を操ることができる\n 大いに利用しよう˳[FIN] [KATAKANA]*月*日[HIRAGANA]\n [KATAKANA]ハッカー[HIRAGANA]の戦闘員どもが\n やる気のない奴らばかりなので\n [KATAKANA]ロココ町[HIRAGANA]から 人を連れてきた[FIN] [KATAKANA]タダ[HIRAGANA]で南の島に招待すると言ったら\n だまされた[KATAKANA]バカ[HIRAGANA]どもがやってきた\n いつぞや この[KATAKANA]ペッパー樣[HIRAGANA]を\n [KATAKANA]バカ[HIRAGANA]にした仕返しだ ざまみろ[FIN] あの機械のことが気になるので\n 火山を 色々調べることにした\n 他にも 先人の作った発明品が\n 見つかるかもしれん···˳[PAL:00]		pending
C0-09A62D	0x09A62D	0012	D7 20 7E 7E 7E C9 28 80 70 42 4D 81 5D 5A 07 61 3C 1F	[DFT] ···[PAU:28]赤くて読みずらい˳		pending
C0-09A6FF	0x09A6FF	0033	D7 E0 03 60 3D 80 10 4A 4F 20 D4 52 07 81 DF D5 CD 80 26 47 02 20 44 53 80 62 82 46 0D 80 46 81 2B 50 CD 5D 0E 46 4D 5E 63 40 61 4F 20 C9 14 3C 3C 40 0F	[DFT][E2:0360]う来たな [KATAKANA]ネズ公[HIRAGANA]\n今すぐ この機械で人間に\nもどしてやるからな [PAU:14]いいか?		pending
C0-09A733	0x09A733	0023	D7 E0 03 3F 3C 3F 3C 20 D4 52 07 81 DF D5 CD 49 68 4F 54 06 6E 44 50 3C 4F 3C 0D CD 80 01 50 80 10 4F 1F	[DFT][E2:033F]いおい [KATAKANA]ネズ公[HIRAGANA]\nそんなはじっこにいないで\n前に来な˳		pending
C0-09A757	0x09A757	0010	D7 20 C2 00 54 20 80 46 81 2B 50 5D 0E 6E 4A 7D	[DFT] [NAM:00]は 人間にもどった!		pending
C0-09A768	0x09A768	0117	D7 E0 03 DC 09 7E 7E 7E 4F 68 0A 60 7E 7E 7E 3F 80 01 CD DC 00 C2 00 06 6F 52 3E 40 60 CD 40 D4 73 D5 6E 20 3F 80 01 5D 80 71 3C 52 3E D1 0A 3C 4A 3C 20 80 EA 0D 5D 0E 6E 4D 41 4A 68 0A 0F CD C9 1E 3E 0F C9 1E 80 65 80 CF 67 80 6F 5C 50 41 4A 0F CD D4 14 40 D5 0A 52 3E 20 C3 02 80 65 80 CF 80 27 80 D0 80 0D 80 84 C3 00 67 CD 80 6F 5C 63 50 54 20 5E 62 81 04 00 3B 63 68 0A 09 D1 81 0E 6E 4D 3C 63 53 54 20 80 39 80 3A 80 3B 80 82 4E CD C3 02 82 3F 80 CA 46 4D 4A 80 15 80 16 80 98 C3 00 02 61 3C 0A 65 3D 4F CD C9 1E 5D 6E 4E 5D 20 80 15 80 16 80 98 53 81 04 54 CD C3 02 D4 52 07 5A D5 50 45 64 4A C3 00 6E 4D 80 52 0A 46 4F D1 45 4D 55 4E 81 09 80 56 80 30 6E 4A 46 20 80 EF 63 40 4F CD 3B 53 20 54 52 6E 40 3E 62 81 54 00 80 10 4A 61 CD 40 4F 66 68 46 4F D1 CD 06 6F 20 3B 14 60 7D CD 5D 3D 20 D4 0E 06 D5 56 5B 68 06 6F 52 3E 09 7D	[DFT][E2:03DC]ぞ···なんだよ···お前\n[NXT]が[NAM:00]じゃねえかよ\nか[KATAKANA]ー[HIRAGANA]っ お前も青いねえ[FIN]だいたい 何でもどってきたんだ?\n[PAU:1E]え?[PAU:1E]地震を止めにきた?\n[KATAKANA]バカ[HIRAGANA]だねえ [PAL:02]地震発生裝置[PAL:00]を\n止めるには やり方があるんだぞ[FIN]知っているのは 研究所長と\n[PAL:02]管理してた戦闘員[PAL:00]ぐらいだろうな\n[PAU:1E]もっとも 戦闘員の方は\n[PAL:02][KATAKANA]ネズミ[HIRAGANA]にされた[PAL:00]って話だしな[FIN]さてひと仕事終ったし 帰るかな\nあの はねっかえり女が来たら\nかなわんしな[FIN]\nじゃ あばよ!\nもう [KATAKANA]ドジ[HIRAGANA]ふむんじゃねえぞ!		pending
C0-09A976	0x09A976	0021	D7 E0 04 DC 01 4B 71 6E 4E 7D 7D 46 6E 46 6E 7D CD 44 6E 4B 50 20 80 10 4F 3C 0D 60 6D 6E 7D DC 00	[DFT][E2:04DC]ぎちょっと!!しっしっ!\nこっちに 来ないでよぉっ![NXT]が		pending
C0-09A998	0x09A998	003A	D7 E0 04 DC 09 7E 7E 7E 7E 7E 7E 7E 7E 7E 7E 7E CD DC 01 41 6F D4 73 73 73 73 73 73 73 73 73 73 73 73 D5 6E 7D CD D4 52 07 5A D5 6A 6A 6A 6A 6A 6A 6A 6A 6A 6A 6E 7D 7D DC 00	[DFT][E2:04DC]ぞ···········\n[NXT]ぎきゃ[KATAKANA]ーーーーーーーーーーーー[HIRAGANA]っ!\n[KATAKANA]ネズミ[HIRAGANA]ぃぃぃぃぃぃぃぃぃぃっ!![NXT]が		pending
C0-09A9D3	0x09A9D3	0022	D7 E0 04 0A 6E 7E C9 28 0A 5C D4 73 73 73 73 73 73 D5 6E CD 5D 3D 20 4A 3E 61 68 4F 3C 6A 6A 6E 7D 7D	[DFT][E2:040A]っ·[PAU:28]だめ[KATAKANA]ーーーーーー[HIRAGANA]っ\nもう たえらんないぃぃっ!!		pending
C0-09AB1C	0x09AB1C	0040	D7 E0 03 4A 53 5B 66 20 81 F6 44 53 80 36 53 81 54 81 7B 80 36 4F 68 0A CD 3D 59 42 81 10 6E 4A 61 20 3F 80 01 00 80 46 81 2B 50 CD 5D 0E 63 81 04 81 76 67 80 DB 3E 4D 5E 6E 4D 5D 3C 3C 08 1F	[DFT][E2:034A]のむわ 俺この手の女苦手なんだ\nうまく言ったら お前が人間に\nもどる方法を教えてやってもいいぜ˳		pending
C0-09AB5D	0x09AB5D	0143	D7 E0 03 57 6E 57 6E 57 6E 20 0D 40 46 4A 4F CD 59 6E 4A 42 20 4F 68 0A 60 3B 53 81 54 54 CD 4E 68 0A 20 54 52 6E 40 3E 62 0A 08 D1 45 4D 20 81 BA 80 FE 50 80 31 65 3D 40 CD C9 14 80 1D 54 4F 20 44 53 80 39 80 3A 80 3B 53 80 1C 50 CD 80 D9 80 79 4E 40 81 10 3D 80 3B 40 61 82 2C 61 64 4D 42 63 CD C3 02 80 39 80 3A 81 B1 81 06 C3 00 4D 53 00 20 3B 63 61 46 3C 68 0A D1 0A 00 4F 20 C3 02 80 79 80 A4 53 80 01 50 CD 76 80 46 5D 80 54 81 62 62 00 3C 4D C3 00 80 31 62 44 5C 52 3E 68 0A CD 3F 80 01 54 20 D4 52 07 5A D5 0A CD 81 F6 60 62 54 20 80 73 68 4F 80 3B 50 80 67 43 63 0A 65 0F D1 49 44 0D 0A 7D C3 02 49 53 81 B1 81 06 67 80 36 50 80 31 64 4D CD 81 F6 50 20 66 4A 46 4D 58 46 3C 68 0A CD C3 00 49 3D 46 4A 61 20 3F 80 01 67 CD 80 46 81 2B 50 5D 0E 47 80 36 81 1B 3C 67 46 4D 5E 63 60 D1 81 F6 54 20 44 44 0D 81 1C 6E 4D 63 40 61 4F CD 49 44 53 20 52 07 5A 80 51 40 61 CD 80 73 68 4F 80 3B 50 20 80 1E 43 63 54 07 0A 08 CD 4A 53 68 0A 08 20 D4 52 07 81 DF D5 60 7D	[DFT][E2:0357]っへっへっ でかしたな\nまったく なんだよあの女は\nとんだ はねっかえりだぜ[FIN]さて 商談に入ろうか\n[PAU:14]実はな この研究所の中に\n本部とか言う所から送られてくる\n[PAL:02]研究資金[PAL:00]てのが あるらしいんだ[FIN]だがな [PAL:02]部屋の前に\n3人も見張りがいて[PAL:00]入りこめねえんだ\nお前は [KATAKANA]ネズミ[HIRAGANA]だ\n俺よりは 色んな所に動けるだろ?[FIN]そこでだ![PAL:02]その資金を手に入れて\n俺に わたしてほしいんだ\n[PAL:00]そうしたら お前を\n人間にもどす手伝いをしてやるよ[FIN]俺は ここで待ってるからな\nそこの ねずみ穴から\n色んな所に 行けるはずだぜ\nたのんだぜ [KATAKANA]ネズ公[HIRAGANA]よ!		pending
C0-09ACA1	0x09ACA1	0083	D7 E0 03 0E 3D 46 4A 0F 3F 80 74 54 5A 4C 40 6E 4A 40 0F CD C9 0A 7E 7E 7E 4F 68 0A 20 4D 16 61 06 6F 52 3E 40 CD 3F 80 01 0A 6E 4D 80 46 81 2B 50 5D 0E 62 4A 3C 0A 65 0F D1 80 39 80 3A 81 B1 81 06 53 3B 63 20 80 79 80 A4 53 80 01 50 54 CD C3 02 76 80 46 53 80 54 81 62 62 C3 00 00 3C 63 54 07 0A CD 49 64 67 80 8F 82 4D 50 46 4D 20 45 00 47 68 0A 09 CD 4A 53 68 0A 08 20 D4 52 07 81 DF D5 7D	[DFT][E2:030E]うした?お宝はみつかったか?\n[PAU:0A]···なんだ てぶらじゃねえか\nお前だって人間にもどりたいだろ?[FIN]研究資金のある 部屋の前には\n[PAL:02]3人の見張り[PAL:00]がいるはずだ\nそれを目印にして さがすんだぞ\nたのんだぜ [KATAKANA]ネズ公[HIRAGANA]!		pending
C0-09AD25	0x09AD25	00A6	D7 E0 03 0D 40 46 4A 06 6F 52 3E 40 20 D4 52 07 81 DF D5 7D CD 81 30 82 4C 0A 00 20 49 53 3F 80 74 54 CD 44 6E 4B 50 20 4B 71 3D 0A 3C 47 63 08 DE D7 20 D4 44 4D 4C D5 50 20 C3 02 78 73 73 73 D4 4E 65 68 D5 C3 00 67 CD 20 4E 61 64 4D 46 59 6E 4A 7D D1 45 4D 20 5E 42 49 42 54 80 E9 65 3D 40 CD 3F 80 01 20 C3 02 80 CD 80 C4 80 39 80 3A 80 A0 C3 00 54 81 0E 6E 4D 63 4F 0F CD 3F 80 01 00 20 D4 52 07 5A D5 50 80 50 3E 61 64 4A 80 3B 0A 60 CD 49 44 0D 81 1C 6E 4D 63 40 61 20 81 33 40 61 80 10 4F 1F	[DFT][E2:030D]かしたじゃねえか [KATAKANA]ネズ公[HIRAGANA]!\n早速だが そのお宝は\nこっちに ちょうだいするぜ[TPL:D7] [KATAKANA]コテツ[HIRAGANA]に [PAL:02]5000[KATAKANA]トロン[HIRAGANA][PAL:00]を\n とられてしまった![FIN]さて やくそくは守ろうか\nお前 [PAL:02]秘密研究室[PAL:00]は知ってるな?\nお前が [KATAKANA]ネズミ[HIRAGANA]に変えられた所だよ\nそこで待ってるから 後から来な˳		pending
C0-09ADCC	0x09ADCC	0098	D7 68 0F CD C9 28 7E 7E 7E 3F 3C 7E 7E 7E 80 D9 81 15 50 CD 44 64 46 40 20 80 31 6E 4D 4F 40 6E 4A 53 40 0F CD 7E 7E 7E 59 3B 46 40 4A 52 3E 5E D1 20 D4 44 4D 4C D5 50 20 C3 02 80 3B 80 2D 81 06 80 57 80 79 C3 00 67 CD 20 4E 61 64 4D 46 59 6E 4A 7D D1 D3 79 AD D7 68 0F 7E 7E 7E 4B 71 6E 4E 59 4D CD 81 06 54 0E 3D 46 4A 68 0A 20 81 06 0A 60 7D CD 81 06 00 4F 41 6F 20 80 46 81 2B 50 5D 0E 48 52 3E 4F 3B CD 3B D4 73 D5 3B D4 73 D5 20 40 66 3C 49 3D 50 1F	[DFT]ん?\n[PAU:28]···おい···本当に\nこれしか 入ってなかったのか?\n···まあしかたねえや[FIN] [KATAKANA]コテツ[HIRAGANA]に [PAL:02]所持金全部[PAL:00]を\n とられてしまった![FIN][JMP]6[BYTE:AD][DFT]ん?···ちょっとまて\n金はどうしたんだ 金だよ!\n金がなきゃ 人間にもどせねえなあ\nあ[KATAKANA]ー[HIRAGANA]あ[KATAKANA]ー[HIRAGANA] かわいそうに˳		pending
C0-09AE65	0x09AE65	003E	D7 3B 5E 46 3C 66 52 3E 20 44 53 80 62 82 46 7E 7E 7E CD D4 47 3C 6E 4B D5 3F 46 4D 5D CD 3D 68 4E 5D 47 68 4E 5D 81 10 66 4F 3C 06 6F 4F 3C CD 44 66 64 4D 3C 63 53 40 46 61 7E 7E 7E 1F	[DFT]あやしいわねえ この機械···\n[KATAKANA]スイッチ[HIRAGANA]おしても\nうんともすんとも言わないじゃない\nこわれているのかしら···˳		pending
C0-09AEA4	0x09AEA4	002A	D7 E0 03 7E 7E 7E 7E 7E 7E 7E 7E 7E 7E 7E CD 7E 7E 7E 4F 68 0A 0F 3F 80 01 0F CD 80 EA 5E 6E 4D 68 0A 0F 44 68 4F 80 3B 0D 1F	[DFT][E2:037E]··········\n···なんだ?お前?\n何やってんだ?こんな所で˳		pending
C0-09AECF	0x09AECF	00EC	D7 E0 04 5B 6E 20 C9 1E 3F 80 01 4E 54 80 EA 60 7D 3F 80 01 4E 54 6E 7D CD 3B 68 4A 44 49 80 EA 60 6E 20 80 54 4A 80 3B CD 44 44 53 81 81 81 82 81 26 0D 5D 4F 45 49 3D 0A 43 0E 0F D1 E0 03 40 D4 73 D5 6E 20 40 66 3C 42 52 3E 81 54 0A 4F 6E 7D CD 4E 44 65 0D 49 44 53 D4 52 07 81 DF D5 54 4F 68 0A 60 CD 3F 80 01 5D 20 D4 14 40 80 3B 80 82 D5 53 01 48 3C 81 26 40 0F D1 E0 04 D4 52 07 5A D5 4F 68 40 50 80 52 67 46 4D CD 59 47 59 47 5D 6E 4D 20 80 50 4F 81 2A 0A 66 7D CD 3B 68 4A 80 ED 81 22 20 80 EA 4F 53 60 0F D1 E0 03 7E 7E 7E 6E 4A 42 20 3D 63 48 3E 81 54 0A 4F CD 3F 3C D4 52 07 81 DF D5 7D CD 3F 80 01 20 80 46 81 2B 53 81 10 82 4E 00 66 40 63 4F 61 CD 44 53 81 54 67 20 81 38 3C 54 61 6E 4D 42 64 1F	[DFT][E2:045B]っ [PAU:1E]お前とは何よ!お前とはっ!\nあんたこそ何よっ 見た所\nここの關係者でもなさそうだけど?[FIN][E2:0340][KATAKANA]ー[HIRAGANA]っ かわいくねえ女だなっ!\nところでそこの[KATAKANA]ネズ公[HIRAGANA]はなんだよ\nお前も [KATAKANA]バカ所長[HIRAGANA]のぎせい者か?[FIN][E2:04D4]ねずみ[HIRAGANA]なんかに話をして\nますますもって 変な奴だわ!\nあんた一体 何なのよ?[FIN][E2:037E]··ったく うるせえ女だな\nおい[KATAKANA]ネズ公[HIRAGANA]!\nお前 人間の言葉がわかるなら\nこの女を 追いはらってくれ˳		pending
C0-09AFBC	0x09AFBC	0031	D7 E0 03 3F 3C 3F 3C 20 D4 52 07 81 DF D5 60 CD 3F 80 01 67 20 80 46 81 2B 50 5D 0E 47 81 04 81 76 67 CD 80 DB 3E 4D 5E 6E 4D 5D 3C 3C 68 0A 08 0F	[DFT][E2:033F]いおい [KATAKANA]ネズ公[HIRAGANA]よ\nお前を 人間にもどす方法を\n教えてやってもいいんだぜ?		pending
C0-09B119	0x09B119	0053	D7 59 4A 80 28 82 4F 81 26 53 20 D4 52 07 5A D5 0A D4 4B 70 3D D5 CD 81 1D 80 F1 20 60 49 81 26 00 82 45 3E 4D 81 37 63 D4 4B 70 3D D5 CD D4 44 44 D5 54 20 D4 3F 64 82 50 D5 53 4F 66 14 62 0A D4 4B 70 3D D5 CD 3B 6E 4B 50 80 1E 42 D4 4B 70 3D D5 1F	[DFT]また新参者の [KATAKANA]ネズミ[HIRAGANA]だ[KATAKANA]チュウ[HIRAGANA]\n最近 よそ者が增えて困る[KATAKANA]チュウ[HIRAGANA]\n[KATAKANA]ココ[HIRAGANA]は [KATAKANA]オレ達[HIRAGANA]のなわばりだ[KATAKANA]チュウ[HIRAGANA]\nあっちに行く[KATAKANA]チュウ[HIRAGANA]˳		pending
C0-09B16D	0x09B16D	0109	D7 80 EA 80 EE 41 4D 5D 20 D4 0A 5C D5 0A D4 4B 70 3D D5 CD C9 14 7E 7E 7E D4 4F 50 4F 50 D5 0F CD 3F 80 01 54 80 85 80 F3 80 46 81 2B 0D 20 44 64 40 61 CD 80 46 81 2B 50 5D 0E 46 4D 5D 61 3D D4 4B 70 3D D5 0F D1 0E 3D 5D 20 3B 5E 46 3C D4 4B 70 3D D5 CD 0D 5D 20 D4 52 07 5A D5 53 42 48 50 CD 80 46 81 2B 50 3B 44 00 64 63 53 5D 80 50 0A D4 4B 70 3D D5 CD C9 14 60 46 7D 06 6F 3B 3F 80 01 67 82 51 47 D4 4B 70 3D D5 D1 80 26 C3 02 80 CB 80 CC C3 00 0D CD C3 02 D4 52 07 5A D5 49 3D 06 C3 00 20 00 3F 44 4F 66 64 4D 3C 4D CD 80 CB 17 80 6D 67 81 18 62 50 80 1E 43 4F 42 4D CD 4E 4D 5D 81 37 6E 4D 63 D4 4B 70 3D D5 D1 3F 80 01 20 4B 71 6E 4E 80 1E 6E 4D CD 3B 3C 4C 61 67 20 80 EA 4E 40 47 63 D4 4B 70 3D D5 CD 0D 41 4F 3C 68 0A 6E 4A 61 CD 44 44 54 20 80 3C 46 4D 5E 61 4F 3C D4 4B 70 3D D5 1F	[DFT]何度きても [KATAKANA]ダメ[HIRAGANA]だ[KATAKANA]チュウ[HIRAGANA]\n[PAU:14]···[KATAKANA]ナニナニ[HIRAGANA]?\nお前は元々人間で これから\n人間にもどしてもらう[KATAKANA]チュウ[HIRAGANA]?[FIN]どうも あやしい[KATAKANA]チュウ[HIRAGANA]\nでも [KATAKANA]ネズミ[HIRAGANA]のくせに\n人間にあこがれるのも変だ[KATAKANA]チュウ[HIRAGANA]\n[PAU:14]よし!じゃあお前を試す[KATAKANA]チュウ[HIRAGANA][FIN]今[PAL:02]食堂[PAL:00]で\n[PAL:02][KATAKANA]ネズミ[HIRAGANA]そうじ[PAL:00] がおこなわれていて\n食べ物を取りに行けなくて\nとても困ってる[KATAKANA]チュウ[HIRAGANA][FIN]お前 ちょっと行って\nあいつらを 何とかする[KATAKANA]チュウ[HIRAGANA]\nできないんだったら\nここは 通してやらない[KATAKANA]チュウ[HIRAGANA]˳		pending
C0-09B277	0x09B277	003B	D7 59 0A 20 80 CB 80 CC 53 81 2A 61 67 CD 4F 68 4E 40 0D 41 4F 3C 53 40 D4 4B 70 3D D5 0F CD 80 D9 81 15 54 20 80 46 81 2B 0A 4F 68 4D CD D4 3D 49 D5 0A 65 20 D4 4B 70 3D D5 1F	[DFT]まだ 食堂の奴らを\nなんとかできないのか[KATAKANA]チュウ[HIRAGANA]?\n本当は 人間だなんて\n[KATAKANA]ウソ[HIRAGANA]だろ [KATAKANA]チュウ[HIRAGANA]˳		pending
C0-09B2B3	0x09B2B3	0043	D7 3E 0F 80 D9 81 15 50 80 CB 80 CC 53 81 2A 61 67 CD 4F 68 4E 40 46 4D 42 64 4A D4 4B 70 3D D5 0F CD 3F 80 01 54 20 47 04 3C D4 4B 70 3D D5 7D CD 06 6F 3B 20 80 CB 80 56 50 80 1E 42 D4 4B 70 3D D5 7D	[DFT]え?本当に食堂の奴らを\nなんとかしてくれた[KATAKANA]チュウ[HIRAGANA]?\nお前は すごい[KATAKANA]チュウ[HIRAGANA]!\nじゃあ 食事に行く[KATAKANA]チュウ[HIRAGANA]!		pending
C0-09B324	0x09B324	008B	D7 3F 80 01 5D 20 80 5B 80 18 80 82 50 D4 52 07 5A D5 50 CD 45 64 4A D4 4B 70 3D D5 0F CD 49 53 3D 4B 20 44 53 80 5B 80 18 54 CD D4 52 07 5A D5 0A 61 43 50 4F 63 D4 4B 70 3D D5 D1 49 3D 3C 3E 14 20 44 53 80 22 53 81 04 50 3B 63 CD C3 02 80 65 80 CF 80 27 80 D0 80 0D 80 84 C3 00 53 82 3F 80 CA 80 46 5D CD D4 52 07 5A D5 50 45 64 4A 61 46 3C D4 4B 70 3D D5 CD 3B 3C 4C 54 20 0E 44 50 80 1E 6E 4A 40 D4 4B 70 3D D5 1F	[DFT]お前も 工場長に[KATAKANA]ネズミ[HIRAGANA]に\nされた[KATAKANA]チュウ[HIRAGANA]?\nそのうち この工場は\n[KATAKANA]ネズミ[HIRAGANA]だらけになる[KATAKANA]チュウ[HIRAGANA][FIN]そういえば この上の方にある\n[PAL:02]地震発生裝置[PAL:00]の管理人も\n[KATAKANA]ネズミ[HIRAGANA]にされたらしい[KATAKANA]チュウ[HIRAGANA]\nあいつは どこに行ったか[KATAKANA]チュウ[HIRAGANA]˳		pending
C0-09B3B0	0x09B3B0	0049	D7 45 6E 41 20 44 53 80 BD 53 80 79 80 A4 50 CD 81 54 53 81 02 00 20 D4 3D 65 3D 65 D5 46 4D 4A D4 4B 70 3D D5 CD 4B 71 6E 4E 53 09 3C 4A 61 20 47 04 3C 81 84 0D CD 45 43 14 64 4D 20 15 6E 42 62 46 4A D4 4B 70 3D D5 1F	[DFT]さっき この先の部屋に\n女の子が [KATAKANA]ウロウロ[HIRAGANA]してた[KATAKANA]チュウ[HIRAGANA]\nちょっとのぞいたら すごい声で\nさけばれて びっくりした[KATAKANA]チュウ[HIRAGANA]˳		pending
C0-09B455	0x09B455	0036	D7 4B 71 6E 4E 20 80 CB 80 56 50 80 10 4A 0A 43 4F 53 50 CD 3B 53 80 46 81 2B 00 20 06 6F 59 47 63 D4 4B 70 3D D5 CD 4F 68 4E 40 46 4D 58 46 3C D4 4B 70 3D D5 1F	[DFT]ちょっと 食事に来ただけなのに\nあの人間が じゃまする[KATAKANA]チュウ[HIRAGANA]\nなんとかしてほしい[KATAKANA]チュウ[HIRAGANA]˳		pending
C0-09B48C	0x09B48C	0033	D7 44 64 0D 20 5F 6E 42 62 CD 80 CB 80 56 00 0D 41 63 60 3D 50 4F 6E 4A D4 4B 70 3D D5 CD 44 44 53 04 54 68 54 CD 4F 40 4F 40 3C 43 63 D4 4B 70 3D D5 1F	[DFT]これで ゆっくり\n食事ができるようになった[KATAKANA]チュウ[HIRAGANA]\nここのごはんは\nなかなかいける[KATAKANA]チュウ[HIRAGANA]˳		pending
C0-09B523	0x09B523	0038	D7 D4 3F 64 D5 5D 20 80 01 54 CD 80 15 80 16 80 98 0A 6E 4A D4 4B 70 3D D5 7E 7E 7E CD 44 68 4F 80 8F 50 3B 3D 4F 68 4D CD 80 3B 80 82 67 20 3D 61 5B D4 4B 70 3D D5 1F	[DFT][KATAKANA]オレ[HIRAGANA]も 前は\n戦闘員だった[KATAKANA]チュウ[HIRAGANA]···\nこんな目にあうなんて\n所長を うらむ[KATAKANA]チュウ[HIRAGANA]˳		pending
C0-09B55C	0x09B55C	00BF	D7 D4 3F 64 D5 5D 20 80 01 54 80 15 80 16 80 98 0A 6E 4A D4 4B 70 3D D5 CD 59 4B 00 6E 4D 20 80 65 80 CF 80 27 80 D0 80 0D 80 84 53 CD 80 4C 81 61 D4 47 3C 6E 4B D5 67 20 3F 46 49 3D 50 4F 6E 4D CD 80 3B 80 82 50 20 D4 52 07 5A D5 50 45 64 4A D4 4B 70 3D D5 D1 80 65 80 CF 80 27 80 D0 80 0D 80 84 54 CD C3 02 81 DE 50 76 80 0B 20 81 E6 50 75 80 0B C3 00 D4 47 3C 6E 4B D5 67 3F 47 4E CD 80 4C 81 61 46 4D 46 59 3D 61 46 3C D4 4B 70 3D D5 D1 0D 5D 20 80 26 53 D4 3F 64 D5 50 54 81 81 81 82 4F 3C D4 4B 70 3D D5 CD D4 52 07 5A D5 54 20 3F 41 61 42 0D 3C 3C D4 4B 70 3D D5 1F	[DFT][KATAKANA]オレ[HIRAGANA]も 前は戦闘員だった[KATAKANA]チュウ[HIRAGANA]\nまちがって 地震発生裝置の\n自爆[KATAKANA]スイッチ[HIRAGANA]を おしそうになって\n所長に [KATAKANA]ネズミ[HIRAGANA]にされた[KATAKANA]チュウ[HIRAGANA][FIN]地震発生裝置は\n[PAL:02]右に3回 左に2回[PAL:00][KATAKANA]スイッチ[HIRAGANA]をおすと\n自爆してしまうらしい[KATAKANA]チュウ[HIRAGANA][FIN]でも 今の[KATAKANA]オレ[HIRAGANA]には關係ない[KATAKANA]チュウ[HIRAGANA]\n[KATAKANA]ネズミ[HIRAGANA]は おきらくでいい[KATAKANA]チュウ[HIRAGANA]˳		pending
C0-09B6B6	0x09B6B6	0049	D7 44 61 3B 6E 7D 80 EA 67 3D 65 3D 65 46 4D 63 68 0A 7D CD C9 14 D4 4E 3C 64 D5 50 0D 5D 80 1E 41 4A 3C 53 40 0F CD C3 02 D4 4E 3C 64 D5 C3 00 4F 61 20 44 53 80 A5 0A CD 49 53 80 F2 0D 20 5D 61 47 68 06 6F 4F 3C 09 7D	[DFT]こらあっ!何をうろうろしてるんだ!\n[PAU:14][KATAKANA]トイレ[HIRAGANA]にでも行きたいのか?\n[PAL:02][KATAKANA]トイレ[HIRAGANA][PAL:00]なら この下だ\nその辺で もらすんじゃないぞ!		pending
C0-09B700	0x09B700	003D	D7 44 61 3B 6E 7D 80 EA 67 3D 65 3D 65 46 4D 63 68 0A 7D CD 68 0F C9 1E C3 02 D4 47 4A 68 1B D5 C3 00 67 3F 46 4D 3B 63 53 40 CD 06 6F 3B 20 80 3C 46 4D 5D 3C 3C 4E 3C 3D 44 4E 40 1F	[DFT]こらあっ!何をうろうろしてるんだ!\nん?[PAU:1E][PAL:02][KATAKANA]スタンプ[HIRAGANA][PAL:00]をおしてあるのか\nじゃあ 通してもいいということか˳		pending
C0-09B73E	0x09B73E	002E	D7 80 6C 00 80 30 6E 4A 61 CD 45 6E 45 4E 20 80 2D 4B 80 18 50 5D 0E 64 60 7D CD 80 46 80 36 80 60 82 0A 0D 3C 49 00 46 3C 68 0A 40 61 7D	[DFT]用が終ったら\nさっさと 持ち場にもどれよ!\n人手不足でいそがしいんだから!		pending
C0-09B76D	0x09B76D	004A	D7 45 6E 41 80 3B 80 82 00 20 81 54 53 81 02 50 CD 81 38 3C 40 43 61 64 4F 00 61 C3 02 D4 4E 3C 64 D5 C3 00 50 CD 80 31 6E 4D 3C 6E 4A 43 0E DC 09 7E 7E 7E CD C9 1E DC 00 80 ED 81 22 20 80 EA 40 68 00 3E 4D 63 68 0A 65 1F	[DFT]さっき所長が 女の子に\n追いかけられながら[PAL:02][KATAKANA]トイレ[HIRAGANA][PAL:00]に\n入っていったけど[NXT]ぞ···\n[PAU:1E][NXT]が一体 何かんがえてるんだろ˳		pending
C0-09B7D6	0x09B7D6	0016	D7 20 80 54 81 62 62 00 3C 4D 20 81 36 50 80 45 64 4F 3C 7E 7E 7E	[DFT] 見張りがいて 外に出れない···		pending
C0-09B81B	0x09B81B	0040	D7 44 44 50 54 52 3E 20 44 53 80 39 80 3A 80 3B 53 CD C3 02 80 9F 80 27 81 CF C3 00 00 3F 3C 4D 3B 63 68 0A CD 0A 40 61 20 81 1A 50 80 54 81 62 62 5D 41 15 46 3C 53 45 CD C9 1E 3E 6E 57 68 1F	[DFT]ここにはねえ この研究所の\n[PAL:02]開発費[PAL:00]がおいてあるんだ\nだから 特に見張りもきびしいのさ\n[PAU:1E]えっへん˳		pending
C0-09B85C	0x09B85C	0041	D7 44 44 50 54 20 0A 64 5D CD 80 31 64 4B 6F 0A 5C 6E 4D 81 10 66 64 4D 63 68 0A CD 80 42 3C 43 0E 20 82 52 80 FB 50 80 31 64 61 64 4F 3C 60 CD 3B 41 61 5C 4D 20 80 EF 6E 4A 81 04 00 3C 3C 60 1F	[DFT]ここには だれも\n入れちゃだめって言われてるんだ\n悪いけど 絕対に入れられないよ\nあきらめて 帰った方がいいよ˳		pending
C0-09B8AF	0x09B8AF	003C	D7 C3 02 20 80 26 81 8F 54 20 D4 54 6E 40 73 81 EE 82 53 80 39 80 3A 80 3B D5 53 CD 20 80 23 80 24 81 4E 82 0B 81 8F 81 2B 0D 47 CD 20 5A 4F 45 68 20 00 68 14 62 59 46 71 3D C3 00	[DFT][PAL:02] 今月は [KATAKANA]ハッカー直営研究所[HIRAGANA]の\n 作業強化月間です\n みなさん がんばりましょう[PAL:00]		pending
C0-09B9E1	0x09B9E1	0036	D7 C3 03 20 80 3B 80 82 82 44 80 6C D4 4E 3C 64 D5 CD CD C3 02 20 40 6E 4D 50 80 08 6E 4A 61 CD 20 5B 44 3D 74 73 81 0A 81 2B D4 4E 3C 64 D5 49 3D 06 0A 7D C3 00	[DFT][PAL:03] 所長專用[KATAKANA]トイレ[HIRAGANA]\n\n[PAL:02] かってに使ったら\n むこう10年間[KATAKANA]トイレ[HIRAGANA]そうじだ![PAL:00]		pending
C0-09BA18	0x09BA18	0046	D7 C3 02 20 D4 54 6E 40 73 81 DF 80 D6 4E 3C 64 D5 CD CD C3 03 20 80 3B 80 82 82 44 80 6C D4 4E 3C 64 D5 C3 02 54 80 08 66 4F 3C 44 4E 7D CD C9 1E 20 81 F2 46 81 D0 64 50 54 20 80 47 80 48 46 59 46 71 3D C3 00	[DFT][PAL:02] [KATAKANA]ハッカー公設トイレ[HIRAGANA]\n\n[PAL:03] 所長專用[KATAKANA]トイレ[HIRAGANA][PAL:02]は使わないこと!\n[PAU:1E] 流し忘れには 注意しましょう[PAL:00]		pending
C0-09BA5F	0x09BA5F	003A	D7 20 81 E6 20 C3 02 80 39 80 3A 80 9F 80 27 80 A0 CD C3 00 20 80 79 81 36 81 26 53 80 F9 80 31 62 20 3F 44 4E 66 62 CD CD 20 65 3D 40 54 20 82 55 40 50 80 63 41 59 46 71 3D	[DFT] 左 [PAL:02]研究開発室\n[PAL:00] 部外者の立入り おことわり\n\n ろうかは 静かに步きましょう		pending
C0-09BA9A	0x09BA9A	0034	D7 C3 02 20 D4 54 6E 40 73 81 DF 82 53 80 CB 80 CC D5 CD CD 20 80 26 81 07 53 81 00 80 CB 54 CD C3 03 20 D4 5D 4C D5 50 44 5A 81 00 80 CB C3 02 0D 47 C3 00	[DFT][PAL:02] [KATAKANA]ハッカー公営食堂[HIRAGANA]\n\n 今週の定食は\n[PAL:03] [KATAKANA]モツ[HIRAGANA]にこみ定食[PAL:02]です[PAL:00]		pending
C0-09BACF	0x09BACF	003C	D7 C3 03 20 80 65 80 CF 80 27 80 D0 80 0D 80 84 80 A0 CD C3 02 20 40 6E 4D 50 80 31 6E 4A 61 20 3F 46 3F 41 0A 7D CD CD CE 12 80 88 80 FA 80 27 80 14 80 55 D4 1C 6E 19 73 D5 C3 00	[DFT][PAL:03] 地震発生裝置室\n[PAL:02] かってに入ったら おしおきだ!\n\n[SKP:12]天才発明家[KATAKANA]ペッパー[HIRAGANA][PAL:00]		pending
C0-09BB0C	0x09BB0C	002C	D7 20 80 22 20 80 39 80 3A 80 9F 80 27 80 A0 CD 20 81 E6 20 80 CB 80 CC CD CD 20 59 3C 04 50 4F 61 4F 3C 60 3D 20 80 0A 80 47 80 48	[DFT] 上 研究開発室\n 左 食堂\n\n まいごにならないよう 要注意		pending
C0-09BB5B	0x09BB5B	0053	D7 C3 02 20 D4 47 40 6E D5 4E 20 45 66 5E 40 CD 20 D4 16 61 6E 42 5D 3B 80 B3 80 B4 81 A8 D5 20 04 80 6C 82 50 CD C3 03 20 D4 54 6E 40 73 0E 73 1A 68 02 0E 62 68 42 D5 C3 02 0D CD 20 3B 4F 4A 5D 80 26 80 59 40 61 20 81 4E 82 0B 80 46 81 2B 7D C3 00	[DFT][PAL:02] [KATAKANA]スカッ[HIRAGANA]と さわやか\n [KATAKANA]ブラックモア司令官[HIRAGANA] ご用達\n[PAL:03] [KATAKANA]ハッカードーピングドリンク[HIRAGANA][PAL:02]で\n あなたも今日から 強化人間![PAL:00]		pending
C0-09BBAF	0x09BBAF	005D	D7 C3 02 20 81 0E 81 1F 4F 3B 4F 4A 50 20 5A 4F 01 63 D4 19 66 73 D5 7D CD 20 80 88 80 FA 80 27 80 14 80 55 D4 1C 6E 19 73 81 1A 82 56 D5 CD C3 03 20 01 68 01 68 D4 0A 3C 4F 59 3C 4E 0E 62 68 42 D5 C3 02 0D CD 20 3B 4F 4A 5D 80 26 80 59 40 61 20 80 43 80 27 80 14 80 55 7D C3 00	[DFT][PAL:02] 知的なあなたに みなぎる[KATAKANA]パワー[HIRAGANA]!\n 天才発明家[KATAKANA]ペッパー特製[HIRAGANA]\n[PAL:03] ぎんぎん[KATAKANA]ダイナマイトドリンク[HIRAGANA][PAL:02]で\n あなたも今日から 大発明家![PAL:00]		pending
C0-09BC61	0x09BC61	0037	D7 7E 7E 7E 44 44 54 20 3C 6E 4A 3C CD 0E 44 4F 53 0A 7E 7E 7E D1 80 69 80 6A 80 C2 54 0F CD C9 1E D4 4D 6A 3B 4E 65 68 D5 54 0F CD C9 1E 7E 7E 7E C9 1E C2 00 54 0F	[DFT]···ここは いったい\nどこなのだ···[FIN]宇宙船は?\n[PAU:1E][KATAKANA]ティアトロン[HIRAGANA]は?\n[PAU:1E]···[PAU:1E][NAM:00]は?		pending
C0-09BE44	0x09BE44	002D	D7 E0 12 7E 7E 7E 3B 4A 46 50 54 20 66 40 61 4F 3C 66 CD C9 28 06 6F 3B 20 3B 4F 4A 54 7E 7E 7E CD 3C 6E 4A 3C 20 4F 50 5D 53 4F 53 0F	[DFT][E2:127E]··あたしには わからないわ\n[PAU:28]じゃあ あなたは···\nいったい なにものなの?		pending
C0-09BE72	0x09BE72	0050	D7 E0 12 3B 53 E0 1A 54 C3 02 D4 4F 1D 64 3F 68 D5 C3 00 4E 81 10 6E 4D CD 80 CE 4A 4B 53 20 80 43 81 0F 4F 81 80 81 2B 4F 53 CD 80 CE 4A 4B 81 34 81 36 53 80 46 50 54 20 80 A8 00 80 42 3C 43 0E CD C9 1E 80 89 67 66 63 42 46 4F 3C 0D 52 1F	[DFT][E2:123B]の[E2:1A54][PAL:02][KATAKANA]ナポレオン[HIRAGANA][PAL:00]と言って\n私たちの 大切な仲間なの\n私たち以外の人には 口が悪いけど\n[PAU:1E]気をわるくしないでね˳		pending
C0-09BEC3	0x09BEC3	0049	D7 E0 12 80 54 07 81 0E 61 07 53 20 3B 4F 4A 67 CD 59 41 44 68 0D 20 04 5C 68 4F 45 3C 52 D1 0D 5D 20 3B 4F 4A 4F 61 80 3D 80 6C 0D 41 49 3D 4F 53 CD 54 06 5C 4D 80 D8 6E 4A 53 50 7E 7E 7E CD C9 1E 4F 08 40 46 61 52 1F	[DFT][E2:1280]はず知らずの あなたを\nまきこんで ごめんなさいね[FIN]でも あなたなら信用できそうなの\nはじめて会ったのに···\n[PAU:1E]なぜかしらね˳		pending
C0-09BF0D	0x09BF0D	00D7	D7 E0 12 D4 61 47 42 D5 7E 7E 7E C9 1E 06 6F 4F 3C 66 52 CD C9 1E D4 4F 1D 64 3F 68 D5 40 61 20 81 41 3C 4A 66 CD C3 00 D4 61 47 42 D5 54 20 D4 43 00 D5 67 46 4D 63 68 0D 47 6E 4D 0F D1 80 E6 81 64 0A 66 7E 7E 7E C9 1E 0D 5D 20 80 CE 54 CD 44 44 67 20 54 4F 64 63 66 43 50 54 CD 3C 40 4F 3C 46 7E 7E 7E D1 3E 0F C9 1E D4 4F 1D 64 3F 68 D5 4E D4 00 4E 73 D5 0F CD C9 1E D4 61 47 42 D5 00 20 4E 4D 5D 80 43 81 0F 4F 5D 53 67 CD 0A 64 40 50 20 3D 14 66 64 4A 61 46 3C 53 D1 49 64 67 20 45 00 46 50 CD C3 02 0E 3D 42 4C C3 00 57 20 80 1E 6E 4A 66 CD 3B 64 00 20 0A 64 40 53 80 36 50 66 4A 6E 4A 61 CD 80 43 80 50 4F 44 4E 50 4F 63 40 61 7E 7E 7E 1F	[DFT][E2:12D4]らすく[HIRAGANA]···[PAU:1E]じゃないわね\n[PAU:1E][KATAKANA]ナポレオン[HIRAGANA]から 聞いたわ\n[PAL:00][KATAKANA]ラスク[HIRAGANA]は [KATAKANA]ケガ[HIRAGANA]をしてるんですって?[FIN]心配だわ···[PAU:1E]でも 私は\nここを はなれるわけには\nいかないし···[FIN]え?[PAU:1E][KATAKANA]ナポレオン[HIRAGANA]と[KATAKANA]ガトー[HIRAGANA]?\n[PAU:1E][KATAKANA]ラスク[HIRAGANA]が とても大切なものを\nだれかに うばわれたらしいの[FIN]それを さがしに\n[PAL:02]どうくつ[PAL:00]へ 行ったわ\nあれが だれかの手にわたったら\n大変なことになるから···˳		pending
C0-09BFE5	0x09BFE5	0065	D7 E0 12 80 CE 4A 4B 54 52 CD 4B 00 3D 80 6B 40 61 20 5E 6E 4D 41 4A 53 7E 7E 7E CD C9 1E 80 3D 06 4D 20 5D 61 3E 63 40 46 61 0F D1 D4 61 47 42 D5 4E D4 00 4E 73 D5 4E 66 4A 46 54 CD 81 14 06 81 09 80 56 67 46 4D 3C 4A 53 CD 49 64 4F 53 50 7E 7E 7E CD C9 1E D4 61 47 42 D5 54 20 0E 3D 46 4D 7E 7E 7E 1F	[DFT][E2:1280][SKP:4A]ちはね\nちがう星から やってきたの···\n[PAU:1E]信じて もらえるかしら?[FIN][KATAKANA]ラスク[HIRAGANA]と[KATAKANA]ガトー[HIRAGANA]とわたしは\n同じ仕事をしていたの\nそれなのに···\n[PAU:1E][KATAKANA]ラスク[HIRAGANA]は どうして···˳		pending
C0-09C04B	0x09C04B	007A	D8 E0 0D 80 D9 81 15 50 20 C3 02 D4 61 47 42 D5 C3 00 0A 6E 4A 53 40 0F CD C9 1E 7E 7E 7E C9 28 49 64 0D 20 3B 3C 4C 54 CD 80 EA 40 20 81 10 6E 4D 3C 4F 40 6E 4A 40 0F D1 E0 12 4F 68 0A 40 20 18 3F 6E 4E 46 4D 3C 4A 43 0E CD 49 64 54 20 3C 4C 5D 53 44 4E 0A 46 7E 7E 7E CD C9 1E 4E 62 3B 3E 07 20 44 53 80 18 80 3B 53 44 4E 54 CD 80 52 46 4D 41 4A 43 0E 7E 7E 7E 1F	[DF4][E2:0D80][DF5]当に [PAL:02][KATAKANA]ラスク[HIRAGANA][PAL:00]だったのか?\n[PAU:1E]···[PAU:28]それで あいつは\n何か 言っていなかったか?[FIN][E2:124F]んだか ぼおっとしていたけど\nそれは いつものことだし···\n[PAU:1E]とりあえず この場所のことは\n話してきたけど···˳		pending
C0-09C132	0x09C132	000D	D7 E0 12 4B 71 6E 4E 20 81 1C 6E 4D 7D	[DFT][E2:124B]ょっと 待って!		pending
C0-09C140	0x09C140	003C	D7 3B 4F 4A 20 80 4C 80 2F 50 49 6E 42 62 53 81 3E 67 CD 80 54 4A 44 4E 54 4F 3C 0F CD C9 28 7E 7E 7E 3E 0F C9 1E 3B 53 80 99 53 20 81 A4 80 55 50 0F CD C9 1E 80 D9 81 15 4F 53 0F	[DFT]あなた 自分にそっくりの男を\n見たことはない?\n[PAU:28]···え?[PAU:1E]あの町の 民家に?\n[PAU:1E]本当なの?		pending
C0-09C17D	0x09C17D	0046	D8 E0 0D D4 5A 63 56 6A D5 C9 1E 20 81 1C 4D CD C9 1E 44 3C 4C 53 81 10 3D 44 4E 00 20 80 D9 81 15 40 0E 3D 40 CD 44 3C 4C 50 20 81 55 81 56 67 45 48 4D CD D4 4F 1D 64 3F 68 D5 50 20 4A 46 40 5C 45 48 60 3D 1F	[DF4][E2:0DD4]みるふぃ[HIRAGANA][PAU:1E] 待て\n[PAU:1E]こいつの言うことが 本当かどうか\nこいつに 案内をさせて\n[KATAKANA]ナポレオン[HIRAGANA]に たしかめさせよう˳		pending
C0-09C1D8	0x09C1D8	0037	D8 E0 0D 3F 80 01 5E 81 F6 0D 54 20 80 54 66 43 00 4C 40 68 CD C9 1E 49 64 50 44 3C 4C 54 20 0E 3D 5D 3B 5E 46 3C CD 80 8F 67 54 4F 47 66 43 50 54 20 3C 40 4F 3C 1F	[DF4][E2:0D3F]前や俺では 見わけがつかん\n[PAU:1E]それにこいつは どうもあやしい\n目をはなすわけには いかない˳		pending
C0-09C210	0x09C210	0025	D7 E0 12 7E 7E 7E 7E 7E 7E 7E 7E 7E 7E 7E 7E 7E 7E 7E CD C9 1E 7E 7E 7E 7E 7E 7E 7E 7E 7E 7E 66 40 6E 4A 66 DE	[DFT][E2:127E]··············\n[PAU:1E]··········わかったわ[TPL:]		pending
C0-09C236	0x09C236	004A	D7 52 3E 20 C9 28 3B 4F 4A 50 20 3B 53 E0 1A 4E CD D4 61 47 42 D5 53 3C 63 80 18 80 3B 50 20 80 1E 6E 4D 58 46 3C 53 CD C9 1E 3B 4F 4A 53 44 4E 54 20 80 42 3C 60 3D 50 54 CD 46 4F 3C 40 61 7E 7E 7E C9 1E 3F 52 00 3C 60 1F	[DFT]ねえ [PAU:28]あなたに あの[E2:1A4E]\n[KATAKANA]ラスク[HIRAGANA]のいる場所に 行ってほしいの\n[PAU:1E]あなたのことは 悪いようには\nしないから···[PAU:1E]おねがいよ˳		pending
C0-09C281	0x09C281	003C	D7 7E 7E 7E 3F 0E 65 3C 4A 66 CD 3B 4F 4A 20 49 68 4F 80 4D 50 4F 64 63 53 0F CD 0D 5D 20 80 CE 4A 4B 50 54 3B 4F 4A 53 CD 80 D9 81 15 53 80 4D 54 20 80 54 3E 4D 46 59 3D 53 60 1F	[DFT]···おどろいたわ\nあなた そんな姿になれるの?\nでも 私たちにはあなたの\n本当の姿は 見えてしまうのよ˳		pending
C0-09C3B1	0x09C3B1	002D	D7 E0 0D 7E 7E 7E 7E 7E 7E 7E 7E 7E 7E 7E 7E CD C9 28 41 45 59 20 59 45 40 81 F6 67 CD 0A 59 49 3D 4E 46 4D 63 68 06 6F 4F 3C 53 40 0F	[DFT][E2:0D7E]···········\n[PAU:28]きさま まさか俺を\nだまそうとしてるんじゃないのか?		pending
C0-09C3DF	0x09C3DF	0120	D7 E0 0D D4 61 47 42 D5 40 0F C9 1E 3C 5E 20 0E 4B 61 0D 5D 3C 3C CD C9 14 53 44 53 44 20 80 F4 64 4A 40 CD D4 14 40 D5 4F 5E 4C 5C D1 4F 50 0F C9 14 44 53 E0 00 54 CD 80 60 81 B3 80 57 81 22 0A 4E 0F CD C9 1E 54 54 54 6E 20 C9 14 49 68 4F 80 36 50 CD 0A 59 45 64 63 4E 20 80 7A 6E 4D 3C 63 53 40 0F D1 3F 59 3E 54 20 3C 4C 5D 49 3D 0A 6E 4A 60 CD C9 14 D4 61 47 42 D5 CD C9 1E 50 44 5E 40 4F 80 25 67 46 4D 20 3C 4C 53 59 50 40 CD 3F 64 53 80 01 67 20 82 6F 6E 4D 3C 63 7E 7E 7E D1 4A 46 40 50 20 44 53 E0 00 5D CD 3F 59 3E 53 20 80 27 80 14 80 8C 0A CD C9 14 46 40 46 20 3F 59 3E 54 20 44 64 53 80 08 80 6C 67 CD 44 14 68 0A 7E 7E 7E D1 0A 40 61 20 44 53 3F 64 00 80 08 6E 4D 5E 63 53 45 CD C9 14 80 87 67 80 54 63 D4 1B 62 07 5B D5 0D CD 80 9D 80 9E 67 20 C9 0A 82 24 80 10 67 20 C9 0A 80 4C 81 6E 50 53 09 41 CD 80 87 53 81 F2 64 67 20 3B 5E 4C 6E 4D 5E 63 7D	[DFT][E2:0DD4]らすく[HIRAGANA]か?[PAU:1E]いや どちらでもいい\n[PAU:14]のこのこ 現れたか\n[KATAKANA]バカ[HIRAGANA]なやつめ[FIN]なに?[PAU:14]この[E2:0054]\n不完全体だと?\n[PAU:1E]はははっ [PAU:14]そんな手に\nだまされると 思っているのか?[FIN]おまえは いつもそうだったよ\n[PAU:14][KATAKANA]ラスク[HIRAGANA]\n[PAU:1E]にこやかな顔をして いつのまにか\nおれの前を 走っている···[FIN]たしかに この[E2:005D]\nおまえの 発明品だ\n[PAU:14]しかし おまえは これの使用を\nこばんだ···[FIN]だから このおれが使ってやるのさ\n[PAU:14]時を見る[KATAKANA]プリズム[HIRAGANA]で\n過去を [PAU:0A]未来を [PAU:0A]自由にのぞき\n時の流れを あやつってやる!		pending
C0-09C500	0x09C500	00ED	D8 E0 0C D4 00 4E 73 80 BF D5 6E CD 4F 7E 4F 68 4E 20 3F 49 65 46 3C 44 4E 67 7D CD D4 5A 63 56 6A 80 BF D5 5D 20 81 7F 80 FB 4F 45 3C 59 47 7D D1 E0 0D 81 81 81 82 4F 3C 20 5D 3D 47 02 44 53 80 C2 54 80 27 81 63 47 63 CD 80 CE 54 20 0E 44 40 80 46 53 80 8F 50 56 64 51 80 18 80 3B 0D CD 44 53 20 80 39 80 3A 67 81 63 5C 63 4C 5D 62 0A D1 D4 4F 1D 64 3F 68 D5 CD 3F 80 01 54 20 44 53 80 6B 67 80 61 15 80 F9 6E 4A 61 CD D4 5C 5D 62 73 D5 67 20 81 6A 81 6B 46 4D 5E 65 3D CD 80 26 81 33 54 20 80 CE 53 80 9A 80 36 4E 46 4D 81 FB 42 53 0A 1F D1 E0 0C 7E 7E 7E C9 1E E0 1A 0D 3B 63 D4 66 4A 46 D5 54 CD 3B 4F 4A 50 54 20 45 40 61 3E 59 48 68 CD C9 1E 7E 7E 7E 80 45 80 27 53 81 E7 80 0E 67 46 4D 59 3C 62 59 47 1F	[DF4][E2:0CD4]がと0樣[HIRAGANA]っ\nな·なんと おそろしいことを!\n[KATAKANA]ミルフィ樣[HIRAGANA]も 反対なさいます![FIN][E2:0D81]關参い もうすぐこの船は発進する\n私は どこか人の目にふれぬ場所で\nこの 研究を進めるつもりだ[FIN][KATAKANA]ナポレオン[HIRAGANA]\nお前は この星を飛び立ったら\n[KATAKANA]メモリー[HIRAGANA]を 改造してやろう\n今後は 私の助手として働くのだ˳[FIN][E2:0C7E]··[PAU:1E][E2:1A0D]ある[KATAKANA]ワタシ[HIRAGANA]は\nあなたには さからえません\n[PAU:1E]···出発の準備をしてまいります˳		pending
C0-09C5EE	0x09C5EE	0039	D8 E0 0D 7E 7E 7E 0A 00 20 80 54 3E 63 53 0A 7E 7E 7E CD 44 53 80 04 80 20 53 20 06 6F 59 67 47 63 CD 3B 53 20 D4 61 47 42 D5 50 81 D9 4A 81 3A 81 0A 00 7E 7E 7E 1F C9 3C	[DF4][E2:0D7E]··だが 見えるのだ···\nこの計画の じゃまをする\nあの [KATAKANA]ラスク[HIRAGANA]に似た少年が···˳[PAU:3C]		pending
C0-09C628	0x09C628	0016	D7 7E 7E 7E 4F 68 0A 0F 7D CD 4F 50 00 20 3F 44 6E 4A 53 0A 0F 7D	[DFT]···なんだ?!\nなにが おこったのだ?!		pending
C0-09C63F	0x09C63F	0017	D7 CD DC 06 7E 7E 7E C9 1E 59 45 40 7E 7E 7E C9 3C 44 3C 4C 00 0F 7D	[DFT]\n[NXT]じ···[PAU:1E]まさか···[PAU:3C]こいつが?!		pending
C0-09C657	0x09C657	0020	D7 56 05 43 4A 80 4D 67 46 4D 7E 7E 7E CD 66 40 61 4F 3C 4E 0D 5D 20 80 7A 6E 4D 3C 63 53 40 0F	[DFT]ふざけた姿をして···\nわからないとでも 思っているのか?		pending
C0-09C78C	0x09C78C	0066	D7 E0 0C D4 66 4A 46 D5 54 20 D4 61 47 42 80 BF D5 50 80 23 61 64 4A CD C9 1E 0A 40 61 20 D4 61 47 42 80 BF D5 53 44 4E 54 CD 60 42 20 66 40 63 D1 D4 3F 59 3E D5 54 20 D4 61 47 42 80 BF D5 0D 54 4F 3C CD 7E 7E 7E 0A 00 CD C9 28 0E 44 40 20 D4 61 47 42 80 BF D5 4E CD 3F 4F 06 60 3D 4F 80 3B 5D 7E 7E 7E 1F	[DFT][E2:0CD4]わたし[HIRAGANA]は [KATAKANA]ラスク樣[HIRAGANA]に作られた\n[PAU:1E]だから [KATAKANA]ラスク樣[HIRAGANA]のことは\nよく わかる[FIN][KATAKANA]オマエ[HIRAGANA]は [KATAKANA]ラスク樣[HIRAGANA]ではない\n···だが\n[PAU:28]どこか [KATAKANA]ラスク樣[HIRAGANA]と\nおなじような所も···˳		pending
C0-09C7F3	0x09C7F3	0098	D7 E0 0C 4B 00 3C 59 47 20 D4 5A 63 56 6A 80 BF D5 CD C9 1E 44 53 81 3E 54 20 D4 61 47 42 80 BF D5 0D 54 3B 62 59 48 68 CD 82 26 81 1B 81 02 82 72 80 2B 54 20 60 42 81 D9 4D 3C 59 47 00 CD 81 27 80 46 0D 47 1F DE D7 E0 12 7E 7E 7E 7E 7E 7E C9 3C 4F 68 0D 47 6E 4D 7D 0F CD C9 1E 0D 5D 20 80 50 60 7D 44 53 80 6B 53 80 46 81 2B 00 CD 80 69 80 6A 80 C2 67 20 80 54 4C 43 61 64 63 66 43 4F 3C 66 CD 82 05 82 0B D4 64 17 63 D5 00 20 4B 00 3C 47 01 63 5D 53 7D	[DFT][E2:0C4B]がいます [KATAKANA]ミルフィ樣[HIRAGANA]\n[PAU:1E]この男は [KATAKANA]ラスク樣[HIRAGANA]ではありません\n遺伝子構成は よく似ていますが\n別人です˳[TPL:D7][E2:127E]·····[PAU:3C]なんですって!?\n[PAU:1E]でも 変よ!この星の人間が\n宇宙船を 見つけられるわけないわ\n文化[KATAKANA]レベル[HIRAGANA]が ちがいすぎるもの!		pending
C0-09C8D1	0x09C8D1	00C1	D7 E0 0C D4 3F 59 3E D5 53 60 3D 4F 20 D4 50 68 03 68 D5 53 CD 81 33 67 80 63 42 53 54 20 80 89 00 20 47 47 59 51 00 CD D4 5A 63 56 6A 80 BF D5 53 20 04 81 3C 80 B4 4E 3B 64 14 CD 81 09 81 04 3B 63 59 3C D1 D4 66 4A 46 D5 54 20 44 53 81 85 82 12 53 80 46 81 2B 50 CD 43 3C 40 3C 45 64 51 60 3D CD C3 02 80 4D 67 40 42 46 4D CD C3 00 D4 3F 59 3E D5 53 81 33 67 20 4C 3C 4D 80 1E 42 D1 0A 00 D4 3F 59 3E D5 00 20 47 5A 5E 40 50 CD D4 61 47 42 80 BF D5 53 80 3B 50 20 81 55 81 56 48 52 14 CD 47 40 45 07 20 43 3C 44 42 67 3B 4A 3E 63 CD C9 1E 60 42 20 3F 18 3E 4D 3F 42 53 0A 4F 1F	[DFT][E2:0CD4]おまえ[HIRAGANA]のような [KATAKANA]ニンゲン[HIRAGANA]の\n後を步くのは 気が すすまぬが\n[KATAKANA]ミルフィ樣[HIRAGANA]の ご命令とあれば\n仕方あるまい[FIN][KATAKANA]ワタシ[HIRAGANA]は この世界の人間に\nけいかいされぬよう\n[PAL:02]姿をかくして\n[PAL:00][KATAKANA]オマエ[HIRAGANA]の後を ついて行く[FIN]だが[KATAKANA]オマエ[HIRAGANA]が すみやかに\n[KATAKANA]ラスク樣[HIRAGANA]の所に 案内せねば\nすかさず けいこくをあたえる\n[PAU:1E]よく おぼえておくのだな˳		pending
C0-09C993	0x09C993	006E	D8 E0 0C D4 00 4E 73 80 BF D5 20 80 ED 81 22 80 EA 67 CD 3F 81 8B 3E 4F 68 0D 47 7D 0F D1 44 53 D4 4D 6A 3B 4E 65 68 D5 67 80 08 3C CD 80 EA 67 20 4F 45 65 3D 4E 81 10 3D 53 0D 47 0F DE D8 E0 0D 81 0E 62 4A 3C 40 0F D4 4F 1D 64 3F 68 D5 CD 4F 61 14 20 80 DB 3E 4D 5E 65 3D CD 44 53 20 D4 4D 6A 3B 4E 65 68 D5 67 53 09 42 00 3C 3C	[DF4][E2:0CD4]がと0樣[HIRAGANA] 一体何を\nお考えなんです!?[FIN]この[KATAKANA]ティアトロン[HIRAGANA]を使い\n何を なさろうと言うのです?[TPL:D8][E2:0D81]どりたいか?[KATAKANA]ナポレオン[HIRAGANA]\nならば 教えてやろう\nこの [KATAKANA]ティアトロン[HIRAGANA]をのぞくがいい		pending
C0-09CA22	0x09CA22	000C	D0 20 00 64 30 02 6A 04 04 20 E0 20	[CLR] がれPぐぃごご [E2:20]		pending
C0-09CA9F	0x09CA9F	0057	D0 78 00 02 1D F7 CA 02 68 01 F4 00 01 02 D0 3C 00 02 1D 2F CB 02 D0 3C 00 02 18 5A 01 09 01 07 0C 02 CB 6B D8 E0 0D 80 54 3E 63 0A 65 3D 0F CD 44 64 00 20 81 77 82 15 81 0A 81 33 50 D4 46 71 44 61 80 6B D5 67 CD 81 CB 81 CC 47 63 20 80 69 80 6A 80 0A 80 6E 0A	[CLR]5がぐぽ[CMD:F7][CA]ぐんぎ[CMD:F4]がぎぐ[CLR]いがぐぽO[CB]ぐ[CLR]いがぐぼみぎぞぎずづぐ[CB]ぅ[DF4][E2:0D80]はえるだろう?\nこれが 数百年後に[KATAKANA]ショコラ星[HIRAGANA]を\n攻擊する 宇宙要塞だ		pending
C0-09CAF7	0x09CAF7	0037	D8 E0 0D 44 53 80 69 80 6A 80 0A 80 6E 54 4F CD 44 53 20 81 4E 80 32 4F D4 3E 52 63 01 73 D5 65 67 80 2D 4B CD 49 64 00 20 D4 14 62 3B D5 50 5D 4F 6E 4D 3C 63 53 0A	[DF4][E2:0D44]の宇宙要塞はな\nこの 強力な[KATAKANA]エネルギー[HIRAGANA]ろを持ち\nそれが [KATAKANA]バリア[HIRAGANA]にもなっているのだ		pending
C0-09CB2F	0x09CB2F	0045	D8 45 61 50 20 44 53 80 69 80 6A 80 0A 80 6E 54 CD D4 46 71 44 61 80 6B D5 50 20 4E 0E 59 63 44 4E 4F 42 CD 80 57 80 69 80 6A 67 20 41 71 3D 56 50 81 3F 4E 46 3C 64 63 CD 80 32 67 80 2D 6E 4D 3C 63 53 0A 60	[DF4]さらに この宇宙要塞は\n[KATAKANA]ショコラ星[HIRAGANA]に とどまることなく\n全宇宙を きょうふに落としいれる\n力を持っているのだよ		pending
C0-09CC05	0x09CC05	009D	D7 E0 14 3F 3F 7D D4 59 06 6E 42 D5 67 20 80 08 3D 81 3A 81 0A 7D CD 60 42 20 80 10 4D 42 64 4A CD 45 45 20 C9 1E 81 AA 00 80 BB 50 80 31 61 64 60 D1 7E 7E 7E 4E 20 81 10 3C 4A 3C 80 3B 4F 53 0A 00 CD 3B 3C 50 42 4E 20 80 BB 54 59 0A CD 81 B3 80 2B 46 4D 3F 61 51 53 0A D1 4F 50 48 20 D4 3C 04 73 63 D5 55 4E 62 0D CD 80 23 80 24 67 46 4D 3F 63 5D 53 0D 4F CD C9 1E 5E 64 5E 64 20 C9 1E 0E 44 40 50 20 4A 60 62 50 4F 63 CD 80 46 80 36 54 20 3F 61 51 5D 53 40 7E 7E 7E 1F	[DFT][E2:143F]お![KATAKANA]マジック[HIRAGANA]を 使う少年!\nよく 来てくれた\nささ [PAU:1E]我が館に入られよ[FIN]···と 言いたい所なのだが\nあいにくと 館はまだ\n完成しておらぬのだ[FIN]なにせ [KATAKANA]イゴール[HIRAGANA]ひとりで\n作業をしておるものでな\n[PAU:1E]やれやれ [PAU:1E]どこかに たよりになる\n人手は おらぬものか···˳		pending
C0-09CCA3	0x09CCA3	0030	D7 E0 14 D4 59 06 6E 42 D5 67 80 08 3D 20 81 3A 81 0A 60 CD 5D 46 20 60 41 80 46 80 36 00 3B 64 14 CD 4C 64 4D 41 4D 58 46 42 20 80 7A 3D 09 1F	[DFT][E2:14D4]まじっく[HIRAGANA]を使う 少年よ\nもし よき人手があれば\nつれてきてほしく 思うぞ˳		pending
C0-09CCD4	0x09CCD4	002D	D7 E0 14 59 44 4E 20 3B 62 00 4A 42 80 7A 3D 09 CD 44 64 0D 20 D4 3C 04 73 63 D5 50 5D CD 80 9C 67 45 48 4D 5E 63 44 4E 00 0D 41 63 1F	[DFT][E2:1459]こと ありがたく思うぞ\nこれで [KATAKANA]イゴール[HIRAGANA]にも\n楽をさせてやることができる˳		pending
C0-09CD02	0x09CD02	0054	D7 E0 14 3F 3F 20 81 3A 81 0A 40 7D CD 44 53 81 2B 53 20 40 61 42 62 80 46 82 09 54 CD 80 1D 50 20 60 42 54 4A 61 42 7D D1 44 53 80 2F 4F 61 14 20 59 5D 4F 42 CD 80 BB 5D 20 81 B3 80 2B 47 63 44 4E 0D 3B 65 3D CD 80 E6 60 62 20 81 28 67 5D 3D 47 09 1F	[DFT][E2:143F]お 少年か!\nこの間の からくり人形は\n実に よくはたらく![FIN]この分ならば まもなく\n館も 完成することであろう\n心より 礼をもうすぞ˳		pending
C0-09CD57	0x09CD57	00CB	D7 E0 14 7E 7E 7E 54 4D CD 44 64 54 20 80 60 82 1D 80 7A 80 7B 4F 80 6D 81 22 67 CD 80 2D 6E 4D 3F 63 D1 4F 50 0F 44 64 54 80 46 53 80 36 80 9A 43 67 47 63 CD 40 61 42 62 80 46 82 09 4E 4F 0F CD C9 1E 0D 54 20 80 BB 53 82 17 80 D6 67 CD 47 63 44 4E 5D 0D 41 63 53 40 0F D1 81 3A 81 0A 60 7D 44 53 40 61 42 62 80 46 82 09 67 CD 80 5C 46 3B 4A 3E 4D 54 20 42 64 51 40 0F CD 20 3F 5E 47 3C 04 80 6C 0D 47 CD 20 3F 44 4E 66 62 46 59 47 CC D0 4C 64 4F 3C 44 4E 0A CD C9 1E 81 8B 3E 4F 3F 47 44 4E 00 3B 64 14 CD 59 4A 20 40 61 42 62 80 46 82 09 67 80 54 48 4D 42 64 CD 81 28 4F 61 20 80 2E 80 2F 50 3C 4A 47 09 1F	[DFT][E2:147E]··はて\nこれは 不可思誄な物体を\n持っておる[FIN]なに?これは人の手助けをする\nからくり人形とな?\n[PAU:1E]では 館の建設を\nすることもできるのか?[FIN]少年よ!このからくり人形を\n貸しあたえては くれぬか?\n おやすいご用です\n おことわりします[TER][CLR]つれないことだ\n[PAU:1E]考えなおすことがあれば\nまた からくり人形を見せてくれ\n礼なら 十分にいたすぞ˳		pending
C0-09CE23	0x09CE23	008A	D0 49 64 54 20 59 44 4E 40 0F CD C9 1E 0D 54 20 3B 62 00 4A 42 4B 71 3D 0A 3C 46 60 3D CD D4 3C 04 73 63 D5 5D 20 3F 3F 3C 50 CD 80 9A 40 63 44 4E 0D 3B 65 3D D1 49 4F 4A 50 54 20 81 28 67 48 52 14 4F 63 59 3C 4F CD C9 1E 81 3A 4F 3C 00 20 44 64 67 3D 43 4E 6E 4D 58 46 3C CD 59 44 4E 50 20 80 E6 60 62 81 5A 81 5B 3C 4A 47 09 1F D1 CD 20 C2 00 54 CD C3 02 20 78 73 73 73 D4 4E 65 68 D5 C3 00 67 20 5D 61 6E 4A 7D	[CLR]それは まことか?\n[PAU:1E]では ありがたくちょうだいしよう\n[KATAKANA]イゴール[HIRAGANA]も おおいに\n助かることであろう[FIN]そなたには 礼をせねばなるまいな\n[PAU:1E]少ないが これをうけとってほしい\nまことに 心より感謝いたすぞ˳[FIN]\n [NAM:00]は\n[PAL:02] 5000[KATAKANA]トロン[HIRAGANA][PAL:00]を もらった!		pending
C0-09CEAE	0x09CEAE	001B	D7 56 5B 20 07 3C 16 68 4E CD 3B 3C 41 71 3D 53 3B 63 20 D4 52 07 5A D5 0A 4F 1F	[DFT]ふむ ずいぶんと\nあいきょうのある [KATAKANA]ネズミ[HIRAGANA]だな˳		pending
C0-09CF13	0x09CF13	0037	D0 6B D7 E0 13 80 CE 54 20 43 6E 44 3D 81 D4 80 6C 0D 46 4D 7E 7E 7E CD 54 42 46 6F 42 53 04 80 6C 54 20 4A 3C 4D 3C CD 44 4F 47 44 4E 00 20 0D 41 63 53 0D 47 60 1F	[CLR]ぅ[DFT][E2:1380][SKP:54] けっこう器用でして···\nはくしゃくのご用は たいてい\nこなすことが できるのですよ˳		pending
C0-09CF4B	0x09CF4B	0060	D7 E0 13 54 4D C9 1E 20 80 CE 53 81 09 80 56 67 80 36 81 1B 3D CD 40 61 42 62 80 46 82 09 67 CD 0A 68 4F 45 59 00 0F D1 49 64 54 20 49 64 54 7E 7E 7E CD C9 1E 0A 68 4F 45 59 53 20 3F 81 8B 3E 0D 46 4A 61 CD 3B 62 00 4A 42 20 80 36 81 1B 6E 4D 5D 61 3D 44 4E 50 CD 3C 4A 46 59 46 71 3D 1F	[DFT][E2:1354]て[PAU:1E] 私の仕事を手伝う\nからくり人形を\nだんなさまが?[FIN]それは それは···\n[PAU:1E]だんなさまの お考えでしたら\nありがたく 手伝ってもらうことに\nいたしましょう˳		pending
C0-09CFAC	0x09CFAC	0078	D7 E0 13 44 64 54 20 44 64 54 7E 7E 7E CD C9 1E 3F 40 03 45 59 0D 20 4A 3C 57 68 CD 81 09 80 56 53 81 04 5D 20 81 63 5A 59 46 4D 7E 7E 7E D1 46 40 46 20 3B 53 40 61 42 62 80 46 82 09 54 CD 4C 40 64 5D 81 0E 61 07 20 60 42 81 FB 42 5D 53 0D 47 CD C9 1E 0A 68 4F 45 59 5D 20 3B 64 53 81 FB 41 16 62 67 CD 80 21 81 2D 42 04 61 68 50 4F 6E 4D 63 60 3D 0D 47 60 1F	[DFT][E2:1344]れは これは···\n[PAU:1E]おかげさまで たいへん\n仕事の方も 進みまして···[FIN]しかし あのからくり人形は\nつかれも知らず よく働くものです\n[PAU:1E]だんなさまも あれの働きぶりを\n面白くごらんになってるようですよ˳		pending
C0-09D025	0x09D025	000C	D7 54 4D 7E 7E 7E D4 52 07 5A D5 0F	[DFT]はて···[KATAKANA]ネズミ[HIRAGANA]?		pending
C0-09D27D	0x09D27D	00A6	D8 C3 03 81 54 53 81 02 7F CD C3 00 3B 53 20 C9 1E 80 3C 46 4D 3C 4A 0A 43 4F 3C 0D 47 40 0F CD 80 55 50 81 86 80 46 00 20 3C 63 68 0D 47 CD C9 1E 3C 49 3C 0D 20 80 EF 61 4F 3C 4E 7E 7E 7E 1F D1 E0 08 81 86 80 46 4F 68 4D 20 58 6E 4E 3C 4D 45 CD D4 18 42 D5 4B 6F 68 4E 20 4C 41 3B 66 4F 3C 0F CD 52 0F C9 1E 40 66 3C 44 4B 6F 68 1F D1 C3 03 81 54 53 81 02 7F CD C3 00 3B 53 7E 7E 7E 44 59 62 59 47 7E 7E 7E CD 7E 7E 7E 7E 7E 7E 7E 7E 7E 7E 7E 3B 6E CD C9 1E DC 01 3B 4F 4A 54 7E 7E 7E 7E 7D DC 00	[DF4][PAL:03]女の子:\n[PAL:00]あの [PAU:1E]通していただけないですか?\n家に病人が いるんです\n[PAU:1E]いそいで 帰らないと···˳[FIN][E2:0881][BYTE:86]人なんて ほっといてさ\n[KATAKANA]ボク[HIRAGANA]ちゃんと つきあわない?\nね?[PAU:1E]かわいこちゃん˳[FIN][PAL:03]女の子:\n[PAL:00]あの···こまります···\n···········あっ\n[PAU:1E][NXT]ぎあなたは····![NXT]が		pending
C0-09D40E	0x09D40E	0020	D7 5B 6E 7D 4F 68 0A 20 44 53 D4 52 07 5A D5 7D CD 06 6F 59 0A 7D 3B 6E 4B 50 3C 6E 4B 6F 3E 7D	[DFT]むっ!なんだ この[KATAKANA]ネズミ[HIRAGANA]!\nじゃまだ!あっちにいっちゃえ!		pending
C0-09D466	0x09D466	0101	D0 1E 00 02 0A FF 80 02 18 5C 01 04 01 07 07 02 CB 6B D7 C3 03 81 54 53 81 02 7F CD C3 00 3B 4F 4A 20 02 3B 3C 54 5D 3D 3C 3C 53 0F CD 3B 68 4F 50 20 82 2E 67 80 45 46 4D 3C 4A 53 50 CD 49 64 50 20 80 26 0A 6E 4D 81 48 80 CA 46 4D 7E 7E 7E D1 3B 7E 7E 7E C9 1E 04 5C 68 4F 45 3C 52 CD C9 1E 3B 4F 4A 54 20 52 4D 3C 4A 68 0A 5D 53 CD 80 EA 5D 20 81 0E 61 4F 3C 66 60 52 CD C9 1E 66 4A 46 54 20 C3 03 D4 1D 65 68 D5 C3 00 6E 4D 3C 3C 59 47 D1 80 AE 80 AF 0D 4A 3F 64 4D 3C 4A CD 3B 4F 4A 67 20 80 54 4C 43 4D CD 80 CE 53 80 55 50 20 4C 64 4D 41 4A 53 CD C9 1E 3B 4F 4A 20 55 0E 3C D4 43 00 D5 0A 6E 4A 46 7E 7E 7E D1 4E 50 40 42 20 80 CE 53 80 55 50 80 EF 62 59 46 71 3D CD 3B 4F 4A 5D 20 59 0A 81 48 80 CA 46 4F 3C 81 04 00 CD 3C 3C 4E 80 7A 3D 40 61 7E 7E 7E C9 3C 52 0F	[CLR]ˎがぐだ[CMD:FF]技ぼめぎごぎずずぐ[CB]ぅ[DFT][PAL:03]女の子:\n[PAL:00]あなた ぐあいはもういいの?\nあんなに 熱を出していたのに\nそれに 今だって無理して···[FIN]あ···[PAU:1E]ごめんなさいね\n[PAU:1E]あなたは ねていたんだもの\n何も 知らないわよね\n[PAU:1E]わたしは [PAL:03][KATAKANA]ポロン[HIRAGANA][PAL:00]っていいます[FIN]河原でたおれていた\nあなたを 見つけて\n私の家に つれてきたの\n[PAU:1E]あなた ひどい[KATAKANA]ケガ[HIRAGANA]だったし···[FIN]とにかく 私の家に帰りましょう\nあなたも まだ無理しない方が\nいいと思うから···[PAU:3C]ね?		pending
C0-09D6A2	0x09D6A2	000D	D7 02 44 02 84 00 20 02 98 02 62 02 00	[DFT]ぐこぐ[BYTE:84]が ぐ[BYTE:98]ぐりぐが		pending
C0-09D77E	0x09D77E	003A	D7 02 62 01 00 8A D7 02 1D 8D D7 6B 02 CC 6B D7 4F 68 0A 60 20 3F 80 01 54 CD 80 26 20 4E 62 44 5A 80 1C 4F 68 0A 40 61 CD 3B 6E 4B 57 20 80 1E 6E 4D 42 64 60 4F 7E 7E 7E 1F	[DFT]ぐりぎが[BYTE:8A][DFT]ぐぽ[BYTE:8D][DFT]ぅぐ[TER]ぅ[DFT]なんだよ お前は\n今 とりこみ中なんだから\nあっちへ 行ってくれよな···˳		pending
C0-09D879	0x09D879	0210	D0 3C 00 02 42 10 64 30 02 50 40 04 00 20 05 15 02 33 50 FF 02 0A 20 81 02 B2 6B D7 C3 03 40 66 3C 3C 20 D4 52 07 5A D5 4B 6F 68 0A 44 4E CD C9 14 0D 5D 52 20 49 68 4F 80 4D 67 46 4A 6E 4D CD 80 CE 50 54 20 04 59 40 48 4F 42 4D 60 DE D7 C3 03 59 4A 20 80 10 4A 53 0F 18 3D 5E CD C9 1E 3B 64 0A 43 20 3C 4A 5C 4C 43 4A 53 50 CD 07 3C 16 68 81 30 42 20 4F 3F 6E 4A 5D 53 52 D1 59 45 40 44 53 81 84 67 20 81 D0 64 4A 53 0F CD 49 68 4F 20 45 15 46 3C 44 4E 81 10 66 4F 3C 66 60 52 CD C9 28 49 3D 20 C9 1E 80 CE 60 CD C9 1E D4 54 6E 40 73 80 78 80 79 D5 53 20 C3 02 D4 65 73 07 D5 C3 03 60 D1 D4 54 6E 40 73 80 0A 80 6E D5 53 20 81 61 80 27 0D CD 0E 3D 3C 6E 4A 66 43 40 CD C3 02 82 15 81 0A 5D 80 9D 80 9E 57 C3 03 D4 4A 3C 5B 47 62 6E 1B D5 7E 7E 7E CD C9 3C 3B 64 40 61 53 80 59 80 F3 54 20 81 7B 46 40 6E 4A 66 D1 81 14 06 60 3D 50 20 44 44 57 5E 6E 4D 41 4A CD 80 15 80 16 80 98 4A 4B 4E 20 4E 3D 09 42 81 72 67 80 23 62 CD 81 B1 81 06 67 80 05 5C 20 80 85 53 81 85 82 12 57 5D 0E 63 4A 5C CD 3C 65 3C 65 20 80 39 80 3A 46 4D 41 4A 66 D1 49 64 5D 20 44 64 5D CD 5A 68 4F 20 18 3D 5E 53 3F 40 03 7E 7E 7E CD C9 1E 3E 3E C9 1E 20 3B 4F 4A 00 80 CE 53 80 04 80 20 67 CD 5C 4B 6F 42 4B 6F 50 46 4A 53 60 20 C9 14 D4 41 73 6E D5 7D 7D D1 44 53 81 85 82 12 0D 20 80 D8 3E 4A 80 87 54 CD 80 D9 81 15 50 20 3D 64 46 40 6E 4A 66 CD 49 64 50 20 3B 4F 4A 40 61 E0 00 C3 03 67 CD 56 4A 4A 15 20 3D 14 3C 81 18 63 44 4E 5D 0D 41 4A D1 44 53 20 E0 00 C3 03 54 CD 80 26 80 EE 44 49 20 80 CE 53 5D 53 60 CD C9 1E 0D 5D 20 5D 3D 81 C4 80 EE 4E CD 06 6F 59 0D 41 4F 3C 60 3D 50 46 4D 3B 03 63 1F C3 00	[CLR]いがぐく┌れPぐにかごが ざびぐSに[CMD:FF]ぐだ 子[BYTE:B2]ぅ[DFT][PAL:03]かわいい [KATAKANA]ネズミ[HIRAGANA]ちゃんだこと\n[PAU:14]でもね そんな姿をしたって\n私には ごまかせなくてよ[TPL:D7][PAL:03]また 来たの?ぼうや\n[PAU:1E]あれだけ いためつけたのに\nずいぶん早く なおったものね[FIN]まさかこの声を 忘れたの?\nそんな さびしいこと言わないわよね\n[PAU:28]そう [PAU:1E]私よ\n[PAU:1E][KATAKANA]ハッカー幹部[HIRAGANA]の [PAL:02][KATAKANA]ローズ[HIRAGANA][PAL:03]よ[FIN][KATAKANA]ハッカー要塞[HIRAGANA]の 爆発で\nどういったわけか\n[PAL:02]百年も過去へ[PAL:03][KATAKANA]タイムスリップ[HIRAGANA]···\n[PAU:3C]あれからの日々は 苦しかったわ[FIN]同じように ここへやってきた\n戦闘員たちと とうぞく団を作り\n資金を集め 元の世界へもどるため\nいろいろ 研究してきたわ[FIN]それも これも\nみんな ぼうやのおかげ···\n[PAU:1E]ええ[PAU:1E] あなたが私の計画を\nめちゃくちゃにしたのよ [PAU:14][KATAKANA]キーッ[HIRAGANA]!![FIN]この世界で 会えた時は\n本当に うれしかったわ\nそれに あなたから[E2:00C3]げを\nふたたび うばい取ることもできた[FIN]この [E2:00C3]げは\n今度こそ 私のものよ\n[PAU:1E]でも もう二度と\nじゃまできないようにしてあげる˳[PAL:00]		pending
C0-09DA8A	0x09DA8A	0064	D7 E0 0B C3 03 3F D4 73 D5 6E 58 6E 58 6E 58 6E 58 6E CD 0E 3D 0F 20 80 EC 53 80 7C 53 4E 0E 40 4F 3C CD 42 61 5E 5A 53 80 1C 54 7E 7E 7E D1 45 60 3D 4F 61 20 18 3D 5E CD 5D 3D 20 81 C4 80 EE 4E 80 D8 3D 44 4E 5D 4F 3C 66 52 1F CD 3F D4 73 D5 6E 58 6E 58 6E 58 6E 58 6E CD 3C 3C 41 5A 0A 66 7D C3 00	[DFT][E2:0BC3]げお[KATAKANA]ー[HIRAGANA]っほっほっほっほっ\nどう? 陽の光のとどかない\nくらやみの中は···[FIN]さようなら ぼうや\nもう 二度と会うこともないわね˳\nお[KATAKANA]ー[HIRAGANA]っほっほっほっほっ\nいいきみだわ![PAL:00]		pending
C0-09DAEF	0x09DAEF	0027	D7 20 C2 00 54 CD C3 02 20 80 2D 4B 80 6D C3 00 67 20 3C 42 4C 40 CD 20 81 3F 4E 46 4A 53 50 20 80 89 00 4C 3C 4A 7D	[DFT] [NAM:00]は\n[PAL:02] 持ち物[PAL:00]を いくつか\n 落としたのに 気がついた!		pending
C0-09DBE0	0x09DBE0	00FA	D7 E0 08 3B 41 64 4A 7D D4 4A 56 D5 4F E0 1A 0A 52 CD 44 68 4F 50 20 82 2A 5C 4C 43 4D 5D CD 59 0A 20 80 67 3C 4D 3C 63 53 0F D1 E0 0C 7E 7E 7E 3B 4A 62 59 3E 0A 20 D4 66 4A 46 D5 54 CD D4 61 47 42 80 BF D5 4E 20 D4 00 4E 73 80 BF D5 50 CD 80 D6 80 04 45 64 4A 20 E0 1A 7E 7E 7E CD C9 1E 49 3D 40 68 4A 68 50 54 20 5E 61 64 51 1F D1 E0 08 0D 5D 52 20 49 53 C3 02 D4 00 4E 73 D5 C3 00 6E 4D 3C 3D 80 46 00 CD D4 41 5A D5 67 81 F9 81 FC 46 65 6E 4D 81 10 6E 4A 68 0A 60 CD 49 53 40 66 62 50 20 81 05 80 32 47 63 40 61 6E 4D 52 1F D1 E0 0C D4 00 4E 73 80 BF D5 00 7D 0F CD C9 28 7E 7E 7E 59 45 40 7E 7E 7E 1F D1 E0 08 45 4D 20 4E 0E 5C 67 45 46 4D 80 EF 61 4F 3C 4E CD D4 55 47 4D 62 73 D5 01 5A 53 20 D4 65 73 07 80 BF D5 50 CD 3F 44 61 64 4B 6F 3D 1F	[DFT][E2:083B]きれた![KATAKANA]タフ[HIRAGANA]な[E2:1A0A]ね\nこんなに 痛めつけても\nまだ 動いているの?[FIN][E2:0C7E]··あたりまえだ [KATAKANA]ワタシ[HIRAGANA]は\n[KATAKANA]ラスク樣[HIRAGANA]と [KATAKANA]ガトー樣[HIRAGANA]に\n設計された [E2:1A7E]··\n[PAU:1E]そうかんたんには やられぬ˳[FIN][E2:080D]もね その[PAL:02][KATAKANA]ガトー[HIRAGANA][PAL:00]っていう人が\n[KATAKANA]キミ[HIRAGANA]を始末しろって言ったんだよ\nそのかわりに 協力するからってね˳[FIN][E2:0CD4]がと0樣[HIRAGANA]が!?\n[PAU:28]···まさか···˳[FIN][E2:0845]て とどめをさして帰らないと\n[KATAKANA]ヒステリー[HIRAGANA]ぎみの [KATAKANA]ローズ樣[HIRAGANA]に\nおこられちゃう˳		pending
C0-09DCDB	0x09DCDB	0044	D7 E0 08 68 0F 0A 64 0A 7D 0F CD C9 28 3B D4 73 D5 6E 20 0D 14 00 5C 5E 65 3D 6E 7D CD 3B 53 80 87 54 20 60 42 5D D4 73 D5 6E 7D D1 80 26 80 EE 44 49 20 59 43 4F 3C 40 61 4F 6E 7D CD 40 42 04 46 65 60 7D	[DFT][E2:0868]?だれだ!?\n[PAU:28]あ[KATAKANA]ー[HIRAGANA]っ でばがめやろうっ!\nあの時は よくも[KATAKANA]ー[HIRAGANA]っ![FIN]今度こそ まけないからなっ!\nかくごしろよ!		pending
C0-09DD20	0x09DD20	0049	D7 E0 08 68 0F 0A 64 0A 7D 0F CD C9 1E 80 EA 4F 53 20 44 53 D4 52 07 5A D5 54 7D 0F D1 80 26 20 D4 18 42 D5 4B 6F 68 54 CD 41 03 68 00 80 42 3C 68 0A 40 61 52 7D CD 80 BD 50 20 3F 80 01 40 61 46 59 4C 46 4B 6F 3D 09 7D	[DFT][E2:0868]?だれだ!?\n[PAU:1E]何なの この[KATAKANA]ネズミ[HIRAGANA]は!?[FIN]今 [KATAKANA]ボク[HIRAGANA]ちゃんは\nきげんが悪いんだからね!\n先に お前からしまつしちゃうぞ!		pending
C0-09DD6A	0x09DD6A	002B	D7 E0 08 DC 04 3F 7E 81 54 53 81 02 4E 20 80 36 67 4C 4F 3C 0D CD 80 63 41 4A 40 6E 4A 0A 43 4F 68 0A 60 3F D4 73 D5 6E 7D DC 00	[DFT][E2:08DC]ごお·女の子と 手をつないで\n步きたかっただけなんだよお[KATAKANA]ー[HIRAGANA]っ![NXT]が		pending
C0-09DF53	0x09DF53	0073	D7 E0 0C 7E 7E 7E 3F 0E 65 3C 4A 4F CD C9 1E 44 53 80 6B 53 20 80 46 81 2B 50 CD E0 1A 67 80 23 63 44 4E 00 20 0D 41 63 4E 54 D1 D4 66 4A 46 D5 40 0F D4 66 4A 46 D5 54 20 D4 00 4E 73 80 BF D5 4E CD 44 44 57 80 10 4A 53 0A 00 20 4E 80 1C 0D 54 02 64 4D CD C9 1E 46 40 46 59 45 40 20 D4 00 4E 73 80 BF D5 00 CD 3B 53 60 3D 4F 44 4E 67 7E 7E 7E 1F	[DFT][E2:0C7E]··おどろいたな\n[PAU:1E]この星の 人間に\n[E2:1A67]作ることが できるとは[FIN][KATAKANA]ワタシ[HIRAGANA]か?[KATAKANA]ワタシ[HIRAGANA]は [KATAKANA]ガトー樣[HIRAGANA]と\nここへ来たのだが と中ではぐれて\n[PAU:1E]しかしまさか [KATAKANA]ガトー樣[HIRAGANA]が\nあのようなことを···˳		pending
C0-09DFC7	0x09DFC7	00B0	D7 E0 0C D4 66 4A 46 D5 50 20 40 59 3D 44 4E 54 4F 3C CD D4 41 07 D5 67 3C 5E 47 44 4E 00 0D 41 4F 43 64 14 CD 80 67 42 44 4E 5D 0D 41 51 20 81 F7 D4 42 07 81 14 81 F1 D5 0A D1 49 64 50 20 3B 63 06 50 82 30 81 0F 61 64 4A 80 26 CD 80 67 42 80 89 80 32 5D 20 3D 48 4A 1F CD 20 4F 3F 46 4D 3B 03 63 60 CD 20 49 64 5D 49 3D 0A 52 20 40 66 3C 49 3D 50 CC D0 E0 0C D4 3F 59 3E D5 00 40 0F 81 48 80 CA 0A 7D CD C3 02 81 E1 80 CA 67 47 63 4A 5C 53 5D 53 C3 00 5D 80 2D 4A 51 53 50 CD 81 E1 80 CA 00 20 0D 41 63 66 43 4F 3C 0A 65 3D 7D	[DFT][E2:0CD4]わたし[HIRAGANA]に かまうことはない\n[KATAKANA]キズ[HIRAGANA]をいやすことができなければ\n動くこともできぬ 鉄[KATAKANA]クズ同然[HIRAGANA]だ[FIN]それに あるじに裹切られた今\n動く気力も うせた˳\n なおしてあげるよ\n それもそうだね かわいそうに[TER][CLR][E2:0CD4]おまえ[HIRAGANA]がか?無理だ!\n[PAL:02]修理をするためのもの[PAL:00]も持たぬのに\n修理が できるわけないだろう!		pending
C0-09E078	0x09E078	0099	D0 E0 0C 49 64 54 20 81 E1 80 CA 53 80 5F 80 A3 40 0F CD C9 1E 49 3D 0A 7E 7E 7E C9 1E 81 D0 64 4D 3C 4A CD 54 4A 45 52 14 4F 61 51 44 4E 5D 81 16 6E 4D 3C 63 D1 E0 00 67 20 81 18 62 81 6C 45 52 14 CD D4 61 47 42 80 BF D5 50 20 80 25 5B 43 0D 41 51 CD C9 1E C2 00 4E 20 81 10 6E 4A 40 7E 7E 7E CD C9 1E 44 53 82 2D 54 20 66 47 64 51 09 D1 20 C2 00 54 CD C3 02 20 46 70 3D 62 D4 41 6E 4E D5 C3 00 67 CD C3 02 20 D4 4F 1D 64 3F 68 D5 C3 00 50 20 80 08 6E 4A 7D	[CLR][E2:0C49]れは 修理の道具か?\n[PAU:1E]そうだ···[PAU:1E]忘れていた\nはたさねばならぬことも残っている[FIN][E2:0067] 取り返さねば\n[KATAKANA]ラスク樣[HIRAGANA]に 顔むけできぬ\n[PAU:1E][NAM:00]と 言ったか···\n[PAU:1E]この恩は わすれぬぞ[FIN] [NAM:00]は\n[PAL:02] しゅうり[KATAKANA]キット[HIRAGANA][PAL:00]を\n[PAL:02] [KATAKANA]ナポレオン[HIRAGANA][PAL:00]に 使った!		pending
C0-09E112	0x09E112	0032	D0 E0 0C 81 14 82 33 4F 0E 3C 61 51 20 81 30 42 80 1E 43 7D CD 80 67 41 53 80 6F 59 63 80 3B 4F 0E CD 81 92 53 5D 53 50 20 80 54 48 4A 42 54 4F 3C 7D	[CLR][E2:0C81]ば情などいらぬ 早く行け!\n動きの止まる所など\n他のものに 見せたくはない!		pending
C0-09E145	0x09E145	00A0	D7 E0 0C 7E 7E 7E 3D 5B 20 60 42 80 67 42 CD C2 00 53 20 3F 40 03 0A 4F CD 81 28 67 20 81 10 66 4F 42 4D 54 4F D1 49 64 54 49 3D 4E 20 D4 3F 59 3E D5 54 CD 44 53 82 11 3C 80 1C 20 3B 40 62 5D 80 2D 4A 51 53 40 0F CD 4F 50 0F C9 1E 0E 44 40 0D 20 81 3F 4E 46 4A 4E 0F D1 80 EA 67 81 3F 4E 46 4A 68 0A 0F 80 43 81 0F 4F 5D 53 40 0F CD D4 66 4A 46 D5 00 20 3C 6E 46 71 50 80 63 3C 4D 5E 65 3D CD 5E 5A 67 4D 61 47 44 4E 00 20 0D 41 64 14 CD 45 00 46 5D 53 5D 20 80 9C 50 4F 65 3D 1F	[DFT][E2:0C7E]··うむ よく動く\n[NAM:00]の おかげだな\n礼を 言わなくてはな[FIN]それはそうと [KATAKANA]オマエ[HIRAGANA]は\nこの暗い中 あかりも持たぬのか?\nなに?[PAU:1E]どこかで 落としたと?[FIN]何を落としたんだ?大切なものか?\n[KATAKANA]ワタシ[HIRAGANA]が いっしょに步いてやろう\nやみをてらすことが できれば\nさがしものも 楽になろう˳		pending
C0-09E1E6	0x09E1E6	000E	D7 E0 0C 0D 54 20 80 1E 42 4E 47 63 40 1F	[DFT][E2:0C0D]は 行くとするか˳		pending
C0-09E1F5	0x09E1F5	0034	D7 E0 0C 80 EA 67 20 80 E6 81 64 46 4D 3C 63 53 0A 0F CD 44 3D 80 54 3E 4D 5D 20 D4 66 4A 46 D5 54 00 68 06 71 3D 0A CD 45 3B 20 81 33 65 50 45 00 6E 4D 1F	[DFT][E2:0C80][CMD:EA]を 心配しているのだ?\nこう見えても [KATAKANA]ワタシ[HIRAGANA]はがんじょうだ\nさあ 後ろにさがって˳		pending
C0-09E22A	0x09E22A	0019	D7 C2 00 0A 65 3D 0F CD 49 68 4F 80 4D 0D 7E 7E 7E 53 68 41 4F 81 2A 5C 1F	[DFT][NAM:00]だろう?\nそんな姿で···のんきな奴め˳		pending
C0-09E2D4	0x09E2D4	0036	D7 E0 0C 49 64 54 20 D4 3F 59 3E D5 53 5D 53 40 0F CD 81 92 50 5D 20 59 0A 81 3F 4B 4D 3C 63 40 5D 46 64 68 CD 60 42 20 45 00 46 4D 3F 3C 4A 81 04 00 3C 3C 09 1F	[DFT][E2:0C49]れは [KATAKANA]オマエ[HIRAGANA]のものか?\n他にも まだ落ちているかもしれん\nよく さがしておいた方がいいぞ˳		pending
C0-09E30B	0x09E30B	001B	D7 E0 0C 3F 3C 20 80 74 14 44 00 3B 63 09 CD 4E 61 4F 42 4D 5D 20 3C 3C 53 40 0F	[DFT][E2:0C3F]い 宝ばこがあるぞ\nとらなくても いいのか?		pending
C0-09E327	0x09E327	0034	D7 E0 0C 49 53 4D 3C 0E 53 D4 40 17 D5 4F 61 20 44 66 48 63 4F CD 0E 64 20 55 4E 81 09 80 56 47 63 40 CD D4 3F 59 3E D5 54 20 81 3A 46 45 00 6E 4D 42 64 1F	[DFT][E2:0C49]のていどの[KATAKANA]カベ[HIRAGANA]なら こわせるな\nどれ ひと仕事するか\n[KATAKANA]オマエ[HIRAGANA]は 少しさがってくれ˳		pending
C0-09E422	0x09E422	0020	D7 E0 0C 44 64 54 7E 7E 7E 7E 7E 7E CD C9 1E D4 61 47 42 80 BF D5 53 20 80 69 80 6A 80 C2 7D 0F	[DFT][E2:0C44]れは······\n[PAU:1E][KATAKANA]ラスク樣[HIRAGANA]の 宇宙船!?		pending
C0-09E443	0x09E443	0085	D7 E0 0C 80 79 80 8C 67 20 80 2D 6E 4D 3C 40 64 4A 60 3D 50 CD D4 14 61 14 61 D5 50 45 64 4D 3C 63 7E 7E 7E CD C9 1E 46 40 46 20 0A 64 00 C9 1E 20 80 EA 53 4A 5C 50 7E 7E 7E D1 3C 5E 4F 80 FF 81 5A 00 46 4D 41 4A 7E 7E 7E CD 47 59 4F 3C 20 D4 66 4A 46 D5 54 80 BD 50 80 1E 42 CD C9 1E D4 61 3C 4E D5 00 3B 64 14 20 80 5F 50 59 60 3D 59 3C CD C9 1E 47 59 51 7D D4 3F 59 3E D5 5D 80 89 67 4C 43 65 7D	[DFT][E2:0C80]6品を 持っていかれたように\n[KATAKANA]バラバラ[HIRAGANA]にされている···\n[PAU:1E]しかし だれが[PAU:1E] 何のために···[FIN]いやな予感がしてきた···\nすまない [KATAKANA]ワタシ[HIRAGANA]は先に行く\n[PAU:1E][KATAKANA]ライト[HIRAGANA]があれば 道にまようまい\n[PAU:1E]すまぬ![KATAKANA]オマエ[HIRAGANA]も気をつけろ!		pending
C0-09E5FB	0x09E5FB	0081	D7 E0 0B 80 D9 81 15 50 20 E0 00 67 CD 3B 4F 4A 50 66 4A 48 14 CD 80 85 53 80 87 81 67 50 5D 0E 64 63 68 0D 46 71 3D 52 1F D1 E0 0D 80 D9 81 15 50 20 80 EA 5D 46 61 68 53 0A 4F CD E0 00 54 C3 02 80 87 67 80 54 48 63 CD D4 1B 62 07 5B D5 C3 00 53 60 3D 4F 5D 53 0A D1 4A 5C 46 50 20 3F 59 3E 53 80 9D 80 9E 67 CD 44 53 20 D4 1B 62 07 5B D5 53 80 1C 50 CD 81 B4 46 80 45 46 4D 5E 65 3D 1F	[DFT][E2:0B80][DF5]当に [E2:0067]\nあなたにわたせば\n元の時代にもどれるんでしょうね˳[FIN][E2:0D80][DF5]当に 何もしらんのだな\n[E2:0054][PAL:02]時を見せる\n[KATAKANA]プリズム[HIRAGANA][PAL:00]のようなものだ[FIN]ためしに おまえの過去を\nこの [KATAKANA]プリズム[HIRAGANA]の中に\n写し出してやろう˳		pending
C0-09E67D	0x09E67D	0096	D7 E0 0B 7E 7E 7E C9 1E 3F 0E 65 3C 4A 66 52 CD C9 1E 80 01 54 20 59 6E 4A 42 CD 81 7F 82 34 46 4F 40 6E 4A 53 50 7E 7E 7E 1F D1 E0 0D 80 D9 81 15 53 80 32 67 20 81 0E 61 4F 3C 81 26 00 CD 80 2D 6E 4D 3C 4A 80 3B 0D 20 80 EA 5D 0D 41 59 3C CD C9 1E 45 3B 20 C9 1E 0E 3D 47 63 68 0A 0F D1 E0 0B 49 3D 52 C9 1E 20 3B 4F 4A 50 54 CD C3 02 3B 53 D4 59 46 68 D5 C3 00 67 81 B3 80 2B 45 48 4D 5D 61 6E 4A 46 CD C9 1E 80 3D 80 6C 46 4D 5D 20 60 45 49 3D 52	[DFT][E2:0B7E]··[PAU:1E]おどろいたわね\n[PAU:1E]前は まったく\n反応しなかったのに···˳[FIN][E2:0D80][DF5]当の力を 知らない者が\n持っていた所で 何もできまい\n[PAU:1E]さあ [PAU:1E]どうするんだ?[FIN][E2:0B49]うね[PAU:1E] あなたには\n[PAL:02]あの[KATAKANA]マシン[HIRAGANA][PAL:00]を完成させてもらったし\n[PAU:1E]信用しても よさそうね		pending
C0-09E714	0x09E714	002F	D7 E0 0B DC 01 0A 64 6E 7D 0F CD C9 1E 3C 59 54 20 0A 64 5D 80 31 6E 4D 42 63 4F 4E 7E 7E 7E CD C9 1E DC 00 3F 59 3E 7E 7E 7E C9 14 C2 00 7D	[DFT][E2:0BDC]ぎだれっ!?\n[PAU:1E]いまは だれも入ってくるなと···\n[PAU:1E][NXT]がおまえ···[PAU:14][NAM:00]!		pending
C0-09E744	0x09E744	0031	D7 E0 0B DC 01 0A 64 6E 7D 0F CD C9 1E 3C 59 54 20 0A 64 5D 80 31 6E 4D 42 63 4F 4E 7E 7E 7E CD C9 1E DC 00 3F 59 3E 7E 7E 7E C9 14 C2 00 52 7D 0F	[DFT][E2:0BDC]ぎだれっ!?\n[PAU:1E]いまは だれも入ってくるなと···\n[PAU:1E][NXT]がおまえ···[PAU:14][NAM:00]ね!?		pending
C0-09E776	0x09E776	005C	D7 E0 0B 46 16 4E 3C 66 52 20 18 3D 5E CD 0D 5D 20 80 26 80 EE 44 49 3F 46 59 3C 60 CD 80 26 80 EE 54 80 CE 50 5D 20 81 4E 80 32 4F D4 5C 40 D5 00 3B 63 66 D1 80 43 80 46 53 81 54 67 20 3F 44 61 47 4E CD 0E 3D 3C 3D 44 4E 50 4F 63 40 CD 80 7A 3C 81 0E 61 48 4D 3B 03 63 66 7D	[DFT][E2:0B46]ぶといわね ぼうや\nでも 今度こそおしまいよ\n今度は私にも 強力な[KATAKANA]メカ[HIRAGANA]があるわ[FIN]大人の女を おこらすと\nどういうことになるか\n思い知らせてあげるわ!		pending
C0-09E7D3	0x09E7D3	0053	D7 E0 0B 44 7E 44 68 4F 54 07 0D 54 7E 7E 7E CD C9 28 49 3D 60 7E 7E 7E C9 1E D4 00 4E 73 D5 4E 40 81 10 6E 4A 66 CD 5A 68 4F 20 3B 3C 4C 53 48 3C 60 7D D1 41 D4 73 D5 6E 7D 5F 63 48 4F 3C 66 7D CD 80 CE 53 E0 00 67 CD 81 6C 46 4F 45 3C 60 6E 7D 7D	[DFT][E2:0B44]·こんなはずでは···\n[PAU:28]そうよ···[PAU:1E][KATAKANA]ガトー[HIRAGANA]とか言ったわ\nみんな あいつのせいよ![FIN]き[KATAKANA]ー[HIRAGANA]っ!ゆるせないわ!\n私の[E2:0067]\n返しなさいよっ!!		pending
C0-09E827	0x09E827	0013	D7 E0 0B 41 6F D4 73 73 73 73 73 73 73 73 73 73 D5 6E 7D	[DFT][E2:0B41]ゃ[KATAKANA]ーーーーーーーーーー[HIRAGANA]っ!		pending
C0-09E83B	0x09E83B	002A	D7 E0 0B 80 15 3C 40 61 20 50 03 4A 4E 44 65 0D CD 44 44 54 20 80 1E 41 80 6F 59 62 60 CD 0E 3D 47 63 4C 5D 62 0F 18 3D 5E 0F	[DFT][E2:0B80]びいから にげたところで\nここは 行き止まりよ\nどうするつもり?ぼうや?		pending
C0-09E866	0x09E866	001D	D7 E0 0B 45 3B 20 80 26 80 EE 44 49 3F 46 59 3C 60 CD 40 42 04 4F 45 3C 7D 18 3D 5E 7D	[DFT][E2:0B45]あ 今度こそおしまいよ\nかくごなさい!ぼうや!		pending
C0-09E8E5	0x09E8E5	006A	D7 E0 0D 82 24 80 10 0D E0 00 67 CD 80 05 5C 4D 3C 4A 4E 3C 3D 53 54 CD 5E 54 62 20 44 3C 4C 0A 6E 4A 40 7E 7E 7E D1 3F 59 3E 53 80 E3 53 81 AB 67 20 80 6F 5C 4D 3F 43 14 CD 53 4B 53 4B CD 5C 68 0E 3D 5D 4F 42 4F 63 66 43 0A 1F D1 E0 0C D4 00 D5 7E 7E 7E D4 00 4E 73 80 BF D5 6E 7D CD 3F 81 1C 4B 42 0A 45 3C 6E 7D 7D	[DFT][E2:0D82]D来で[E2:0067]\n集めていたというのは\nやはり こいつだったか···[FIN]おまえの息の根を 止めておけば\nのちのち\nめんどうもなくなるわけだ˳[FIN][E2:0CD4]が[HIRAGANA]···[KATAKANA]ガトー樣[HIRAGANA]っ!\nお待ちくださいっ!!		pending
C0-09E9A4	0x09E9A4	0132	D7 E0 0C 3C 6E 4A 3C 20 80 EA 67 3F 81 8B 3E 4F 68 0D 47 7D 0F CD E0 00 54 20 D4 61 47 42 80 BF D5 00 CD 80 27 80 14 4F 45 6E 4A 5D 53 4F 53 50 7E 7E 7E D1 66 7E D4 66 4A 46 D5 54 20 81 0E 6E 4D 3C 59 47 7E 7E 7E CD C9 1E D4 61 47 42 80 BF D5 54 20 49 64 67 80 23 6E 4A 44 4E 67 CD 55 0E 42 20 44 3D 40 3C 4F 45 6E 4D 4A 7E 7E 7E CD C9 14 80 87 53 81 F2 64 4F 0E 20 81 0E 63 5D 53 0D 54 4F 3C 4E D1 0A 40 61 3F 55 4E 62 0D 20 D4 46 71 44 61 80 6B D5 67 80 45 4D CD 49 64 67 20 58 3D 5B 63 80 18 80 3B 67 CD 45 00 46 4D 3F 61 64 4A 53 50 7E 7E 7E 1F D1 E0 0D 56 68 C9 1E 20 46 71 48 68 3F 59 3E 54 CD E0 1A 0A 4F 20 C9 14 D4 4F 1D 64 3F 68 D5 CD C9 1E 80 46 53 80 E6 4F 0E 20 3F 59 3E 50 66 40 63 5D 53 40 DE D7 D4 65 73 07 D5 7E 7E 7E 4E 40 81 10 6E 4A 4F CD 81 CA 41 54 20 44 3C 4C 67 81 F9 81 FC 46 4A 81 33 0A CD 3B 53 D4 59 46 68 D5 67 20 4A 5C 46 4D 5A 63 4E 3C 3C CD C9 1E E0 00 54 20 3C 4A 0A 3C 4D 3C 42 09 1F	[DFT][E2:0C3C]ったい 何をお考えなんです!?\n[E2:0054] [KATAKANA]ラスク樣[HIRAGANA]が\n発明なさったものなのに···[FIN]わ·[KATAKANA]ワタシ[HIRAGANA]は 知っています···\n[PAU:1E][KATAKANA]ラスク樣[HIRAGANA]は それを作ったことを\nひどく こうかいなさってた···\n[PAU:14]時の流れなど 知るものではないと[FIN]だからおひとりで [KATAKANA]ショコラ星[HIRAGANA]を出て\nそれを ほうむる場所を\nさがしておられたのに···˳[FIN][E2:0D56]ん[PAU:1E] しょせんおまえは\n[E2:1A0A]な [PAU:14][KATAKANA]ナポレオン[HIRAGANA]\n[PAU:1E]人の心など おまえにわかるものか[TPL:D7][KATAKANA]ローズ[HIRAGANA]···とか言ったな\n続きは こいつを始末した後だ\nあの[KATAKANA]マシン[HIRAGANA]を ためしてみるといい\n[PAU:1E][E2:0054] いただいていくぞ˳		pending
C0-09EAD7	0x09EAD7	0012	D7 E0 0C D4 00 D5 7E 7E 7E D4 00 4E 73 80 BF D5 6E 7D	[DFT][E2:0CD4]が[HIRAGANA]···[KATAKANA]ガトー樣[HIRAGANA]っ!		pending
C0-09EB72	0x09EB72	00CF	D0 1E 00 02 00 43 F0 02 18 5E 01 08 01 07 0C 02 0A 23 03 02 CB 6B D8 E0 0B 52 3E 20 80 99 80 82 45 68 CD 3F 52 00 3C 00 20 3B 63 68 0D 47 43 0E 6D 7E 7E 7E D1 E0 09 3F 3F 0F 4F 68 0A 0F 3F 52 0A 62 40 0F CD 4F 68 0D 5D 20 81 10 6E 4D 5A 4F 45 3C D1 E0 0B 80 D9 81 15 52 0F CD C9 1E C2 00 6E 4D 81 02 00 5D 6E 4D 3C 63 CD 76 4C 53 80 74 80 75 00 58 46 3C 53 1F DE D8 E0 09 55 7E 80 46 53 5D 53 4F 53 40 0F CD C9 1E 81 92 53 5D 53 0D 54 20 3C 40 68 53 40 0F CD 80 28 46 42 20 80 11 6E 4D 5E 63 09 1F DE D8 E0 0B 3C 3C 3E 20 3B 64 0D 4F 43 64 14 0A 5C 60 7D CD C9 28 49 3D C9 1E 20 0E 3D 46 4D 5D 20 C9 1E 58 46 3C 53 60 1F	[CLR]ˎがぐがけ[CMD:F0]ぐぼやぎぜぎずづぐだCげぐ[CB]ぅ[DF4][E2:0B52]え 町長さん\nおねがいが あるんですけどぉ···[FIN][E2:093F]お?なんだ?おねだりか?\nなんでも 言ってみなさい[FIN][E2:0B80][DF5]当ね?\n[PAU:1E][NAM:00]って子がもっている\n3つの宝石がほしいの˳[TPL:D8][E2:0955]·人のものなのか?\n[PAU:1E]他のものでは いかんのか?\n新しく 買ってやるぞ˳[TPL:D8][E2:0B3C]いえ あれでなければだめよ!\n[PAU:28]そう[PAU:1E] どうしても [PAU:1E]ほしいのよ˳		pending
C0-09EC80	0x09EC80	007B	D0 1E 00 02 00 43 F0 02 18 4F 01 08 00 07 03 02 0A 23 03 02 CB 6B 01 00 49 00 00 02 CB 6B D8 E0 0B 02 07 02 07 20 47 63 68 06 6F 4F 3C 66 60 CD 3F 59 3E 4A 4B 7D D1 44 53 80 87 81 67 53 20 5E 4C 61 40 61 CD 81 06 80 8F 53 5D 53 67 20 59 41 3B 03 63 53 60 7D CD 49 3D 47 64 14 3C 4C 40 20 80 85 53 80 87 81 67 50 5D 0E 63 CD 82 0A 00 40 62 00 20 4C 40 5C 63 54 07 60 7D	[CLR]ˎがぐがけ[CMD:F0]ぐぼなぎぜがずげぐだCげぐ[CB]ぅぎがそががぐ[CB]ぅ[DF4][E2:0B02]ずぐず するんじゃないわよ\nおまえたち![FIN]この時代の やつらから\n金目のものを まきあげるのよ!\nそうすればいつか 元の時代にもどる\n足がかりが つかめるはずよ!		pending
C0-09ED1E	0x09ED1E	0012	D7 20 4E 15 61 54 20 40 4A 42 4E 05 45 64 4D 3C 63 1F	[DFT] とびらは かたくとざされている˳		pending
C0-09ED9B	0x09ED9B	001C	D7 20 D4 52 07 5A D5 0D 54 CD 20 4E 15 61 00 20 81 32 42 4D 80 9F 43 61 64 4F 3C 1F	[DFT] [KATAKANA]ネズミ[HIRAGANA]では\n とびらが 重くて開けられない˳		pending
C0-09EDB8	0x09EDB8	0045	D7 C3 03 20 D4 4F 1D 64 3F 68 D5 20 D4 00 4E 73 D5 04 5C 68 4F 45 3C CD 20 D4 61 47 42 D5 53 60 3D 47 00 20 0E 3D 46 4D 5D CD 20 80 E6 81 64 4F 53 0D 20 80 54 4D 41 59 47 1F CD CE 24 D4 5A 63 56 6A D5 C3 00	[DFT][PAL:03] [KATAKANA]ナポレオン[HIRAGANA] [KATAKANA]ガトー[HIRAGANA]ごめんなさい\n [KATAKANA]ラスク[HIRAGANA]のようすが どうしても\n 心配なので 見てきます˳\n[SKP:24][KATAKANA]ミルフィ[HIRAGANA][PAL:00]		pending
C0-09EE60	0x09EE60	0011	D7 CD 20 D4 54 6E 4B D5 00 20 46 59 6E 4D 3C 63 7D	[DFT]\n [KATAKANA]ハッチ[HIRAGANA]が しまっている!		pending
C0-09EE72	0x09EE72	0029	D7 E0 0C D4 3F 59 3E D5 54 20 4F 08 CD 49 68 4F 20 40 6E 44 3D 67 47 63 53 0A 0F CD 80 85 50 20 5D 0E 6E 4A 61 0E 3D 0A 0F	[DFT][E2:0CD4]おまえ[HIRAGANA]は なぜ\nそんな かっこうをするのだ?\n元に もどったらどうだ?		pending
C0-09EEAF	0x09EEAF	0027	D7 CD 20 44 53 80 BD 20 D4 3E 68 06 68 63 73 5B D5 CD 20 82 73 81 58 80 87 81 34 81 36 20 80 F9 80 31 62 81 A1 80 6F	[DFT]\n この先 [KATAKANA]エンジンルーム[HIRAGANA]\n 非常時以外 立入り禁止		pending
C0-09EF56	0x09EF56	00C9	D7 E0 0C C2 00 40 7D CD C9 14 D4 5A 63 56 6A 80 BF D5 67 20 5A 4F 40 6E 4A 40 0F CD C9 14 D4 00 4E 73 80 BF D5 00 20 4A 3C 57 68 4F 53 0A D1 D4 5A 63 56 6A 80 BF D5 4E D4 61 47 42 80 BF D5 67 CD 81 1C 4A 07 50 20 80 69 80 6A 80 C2 67 80 45 47 4E CD 81 10 3C 80 45 46 4D 7E 7E 7E DE D7 3C 40 68 7D 80 67 41 54 06 5C 4D 46 59 6E 4A 7D CD 47 59 4F 3C 20 C2 00 CD D4 44 42 1A 6E 4E D5 50 80 1E 6E 4D CD D4 00 4E 73 80 BF D5 53 20 80 47 80 48 67 55 3C 4D 42 64 D1 74 73 80 2F 0D 3C 3C 7D CD D4 66 4A 46 D5 54 20 49 53 81 2B 50 CD 80 65 80 22 50 5D 0E 64 63 60 3D 20 D4 3E 68 06 68 D5 67 CD 49 3D 45 47 63 1F	[DFT][E2:0CC2]がか!\n[PAU:14][KATAKANA]ミルフィ樣[HIRAGANA]を みなかったか?\n[PAU:14][KATAKANA]ガトー樣[HIRAGANA]が たいへんなのだ[FIN][KATAKANA]ミルフィ樣[HIRAGANA]と[KATAKANA]ラスク樣[HIRAGANA]を\n待たずに 宇宙船を出すと\n言い出して···[TPL:D7]いかん!動きはじめてしまった!\nすまない [NAM:00]\n[KATAKANA]コクピット[HIRAGANA]に行って\n[KATAKANA]ガトー樣[HIRAGANA]の 注意をひいてくれ[FIN]10分でいい!\n[KATAKANA]ワタシ[HIRAGANA]は その間に\n地上にもどれるよう [KATAKANA]エンジン[HIRAGANA]を\nそうさする˳		pending
C0-09F020	0x09F020	0022	D7 C2 00 40 7D 0F CD 49 68 4F 80 4D 0D 20 3B 49 68 0D 3C 63 CD 80 18 80 03 0D 54 4F 3C 68 0A 09 7D 0F	[DFT][NAM:00]か!?\nそんな姿で あそんでいる\n場合ではないんだぞ!?		pending
