# Generated for the current Korean preview from menus, game-screen prompts, and dialogue drafts.
# Uses script-unused slots in the verified 0x80xx/0x81xx/0x82xx 16x16 source font pages.
# character	codepoint	code bytes	file offset	2bpp tile bytes
가	U+AC00	80 05	0x50140	FF FF FF FF FF F0 FF FF FF FE FF FE FF FC FF F9 FF FF FF FF FF 6F FF 6F FF 6F FF EF FF E3 FF EF FF F3 FF E7 FF FF FF FF FF FF FF FF FF FF FF FF FF EF FF EF FF EF FF EF FF EF FF FF FF FF FF FF
각	U+AC01	80 06	0x50180	FF FF FF FF FF F0 FF FE FF FD FF F9 FF F3 FF E7 FF FF FF FF FF EF FF EF FF EF FF E7 FF EF FF EF FF FF FF F0 FF FF FF FF FF FF FF FF FF FF FF FF FF FF FF 0F FF EF FF EF FF EF FF FF FF FF FF FF
간	U+AC04	80 07	0x501C0	FF FF FF FF FF F0 FF FE FF FC FF FD FF F9 FF F3 FF FF FF FF FF EF FF EF FF EF FF E7 FF EF FF EF FF E7 FF FB FF FB FF FB FF F8 FF FF FF FF FF FF FF EF FF EF FF FF FF FF FF 0F FF FF FF FF FF FF
갈	U+AC08	80 13	0x504C0	FF FF FF FF FF F0 FF FE FF FC FF F9 FF F3 FF E7 FF FF FF FF FF EF FF EF FF E7 FF EF FF EF FF FF FF F8 FF FF FF F8 FF FB FF F8 FF FF FF FF FF FF FF 0F FF EF FF 0F FF FF FF 0F FF FF FF FF FF FF
감	U+AC10	80 04	0x50100	FF FF FF FF FF F0 FF FF FF FE FF FC FF F1 FF E7 FF FF FF FF FF 6F FF 6F FF EF FF E7 FF EF FF EF FF FF FF F8 FF FB FF FB FF F8 FF FF FF FF FF FF FF FF FF 0F FF EF FF EF FF 0F FF FF FF FF FF FF
갑	U+AC11	80 17	0x505C0	FF FF FF FF FF F0 FF FE FF FC FF F9 FF F3 FF E7 FF FF FF FF FF DF FF DF FF DF FF C7 FF DF FF DF FF FF FF FB FF F8 FF FB FF F8 FF FF FF FF FF FF FF FF FF DF FF 1F FF DF FF 1F FF FF FF FF FF FF
갖	U+AC16	80 20	0x50800	FF FF FF FF FF F0 FF FE FF FC FF F9 FF F3 FF E7 FF FF FF FF FF EF FF EF FF EF FF E7 FF EF FF EF FF FF FF F0 FF FE FF F8 FF F3 FF FF FF FF FF FF FF FF FF 0F FF 7F FF 3F FF CF FF FF FF FF FF FF
같	U+AC19	80 1D	0x50740	FF FF FF FF FF F0 FF FF FF FE FF FC FF F1 FF E7 FF FF FF FF FF 7F FF 7F FF E7 FF FF FF FF FF FF FF F8 FF FB FF F8 FF FB FF F8 FF FF FF FF FF FF FF 1F FF FF FF 1F FF FF FF 1F FF FF FF FF FF FF
갛	U+AC1B	80 2E	0x50B80	FF FF FF FF FF F0 FF FE FF FE FF F9 FF E7 FF FF FF FF FF FF FF 6F FF 6F FF E7 FF EF FF EF FF 7F FF F0 FF FF FF F8 FF F9 FF F8 FF FF FF FF FF FF FF 07 FF FF FF 1F FF 9F FF 1F FF FF FF FF FF FF
개	U+AC1C	80 22	0x50880	FF FF FF FF FF F0 FF FE FF FC FF FD FF FD FF FB FF FF FF FF FF AF FF AF FF AF FF AF FF 8F FF AF FF F3 FF E7 FF FF FF FF FF FF FF FF FF FF FF FF FF AF FF AF FF AF FF AF FF AF FF FF FF FF FF FF
거	U+AC70	80 25	0x50940	FF FF FF FF FF E0 FF FF FF FE FF FE FF FC FF F9 FF FF FF FF FF 6F FF 6F FF 6F FF EF FF 0F FF EF FF F3 FF E7 FF FF FF FF FF FF FF FF FF FF FF FF FF EF FF EF FF EF FF EF FF EF FF FF FF FF FF FF
걱	U+AC71	80 37	0x50DC0	FF FF FF FF FF F0 FF FF FF FE FF FC FF F9 FF E7 FF FF FF FF FF 6F FF 6F FF EF FF 0F FF EF FF EF FF FF FF F8 FF FF FF FF FF FF FF FF FF FF FF FF FF FF FF 0F FF EF FF EF FF EF FF FF FF FF FF FF
건	U+AC74	80 74	0x51D00	FF FF FF FF FF F0 FF FF FF FE FF FE FF FD FF F3 FF FF FF FF FF 6F FF 6F FF 6F FF 0F FF EF FF EF FF E7 FF FB FF FB FF FB FF F8 FF FF FF FF FF FF FF EF FF EF FF FF FF FF FF 0F FF FF FF FF FF FF
걷	U+AC77	80 38	0x50E00	FF FF FF FF FF F0 FF FF FF FE FF FC FF F1 FF E7 FF FF FF FF FF 7F FF 7F FF FF FF 1F FF FF FF FF FF FF FF F8 FF FB FF FB FF F8 FF FF FF FF FF FF FF FF FF 1F FF FF FF FF FF 1F FF FF FF FF FF FF
걸	U+AC78	80 83	0x520C0	FF FF FF FF FF F0 FF FF FF FE FF FC FF F1 FF E7 FF FF FF FF FF 6F FF 6F FF 0F FF EF FF EF FF FF FF F8 FF FF FF F8 FF FB FF F8 FF FF FF FF FF FF FF 0F FF EF FF 0F FF FF FF 0F FF FF FF FF FF FF
것	U+AC83	80 9B	0x526C0	FF FF FF FF FF F0 FF FF FF FE FF FC FF F1 FF E7 FF FF FF FF FF 6F FF 6F FF EF FF 0F FF EF FF EF FF FF FF FE FF FE FF F9 FF F3 FF FF FF FF FF FF FF 6F FF 3F FF 3F FF 8F FF E7 FF FF FF FF FF FF
게	U+AC8C	80 9D	0x52740	FF FF FF FF FF F0 FF FE FF FC FF FC FF FD FF FB FF FF FF FF FF AF FF AF FF AF FF 2F FF AF FF AF FF F3 FF E7 FF FF FF FF FF FF FF FF FF FF FF FF FF AF FF AF FF AF FF AF FF AF FF FF FF FF FF FF
겠	U+ACA0	80 9E	0x52780	FF FF FF FF FF F0 FF FE FF FC FF F8 FF F3 FF E7 FF FF FF FF FF AF FF AF FF AF FF 2F FF AF FF AF FF FF FF FD FF FD FF F8 FF F7 FF FF FF FF FF FF FF EF FF DF FF DF FF 8F FF 27 FF FF FF FF FF FF
겨	U+ACA8	80 A1	0x52840	FF FF FF FF FF E0 FF FF FF FE FF FE FF FC FF F9 FF FF FF FF FF 6F FF 6F FF 0F FF EF FF EF FF 0F FF F3 FF E7 FF FF FF FF FF FF FF FF FF FF FF FF FF EF FF EF FF EF FF EF FF EF FF FF FF FF FF FF
격	U+ACA9	80 A2	0x52880	FF FF FF FF FF F0 FF FF FF FE FF FC FF F1 FF E7 FF FF FF FF FF 6F FF 6F FF 8F FF EF FF 8F FF EF FF FF FF F8 FF FF FF FF FF FF FF FF FF FF FF FF FF FF FF 0F FF EF FF EF FF EF FF FF FF FF FF FF
견	U+ACAC	80 39	0x50E40	FF FF FF FF FF F0 FF FF FF FE FF FE FF FD FF F3 FF FF FF FF FF 6F FF 6F FF 0F FF EF FF 8F FF EF FF E7 FF FB FF FB FF FB FF F8 FF FF FF FF FF FF FF EF FF EF FF FF FF FF FF 0F FF FF FF FF FF FF
결	U+ACB0	80 00	0x50000	FF FF FF FF FF F0 FF FF FF FE FF FC FF F1 FF E7 FF FF FF FF FF 6F FF 0F FF EF FF 8F FF EF FF FF FF F8 FF FF FF F8 FF FB FF F8 FF FF FF FF FF FF FF 0F FF EF FF 0F FF FF FF 0F FF FF FF FF FF FF
겼	U+ACBC	80 3A	0x50E80	FF FF FF FF FF F0 FF FF FF FE FF FC FF F1 FF E7 FF FF FF FF FF 6F FF 6F FF 8F FF EF FF 8F FF EF FF FF FF FD FF FD FF F8 FF F7 FF FF FF FF FF FF FF FF FF DF FF DF FF 8F FF 27 FF FF FF FF FF FF
경	U+ACBD	80 A3	0x528C0	FF FF FF FF FF F0 FF FF FF FE FF FC FF F1 FF E7 FF FF FF FF FF 6F FF 6F FF 8F FF EF FF 8F FF EF FF FF FF FC FF F9 FF F9 FF FC FF FF FF FF FF FF FF FF FF 1F FF CF FF CF FF 1F FF FF FF FF FF FF
계	U+ACC4	80 AE	0x52B80	FF FF FF FF FF F0 FF FE FF FE FF FD FF FD FF FA FF FF FF FF FF AF FF AF FF 2F FF AF FF AF FF 2F FF F7 FF EF FF FF FF FF FF FF FF FF FF FF FF FF FF AF FF AF FF AF FF AF FF AF FF FF FF FF FF FF
고	U+ACE0	80 AF	0x52BC0	FF FF FF FF FF FF FF F0 FF FF FF FF FF FF FF FE FF FF FF FF FF FF FF 0F FF EF FF EF FF EF FF EF FF FE FF FE FF FE FF E0 FF FF FF FF FF FF FF FF FF EF FF EF FF FF FF 07 FF FF FF FF FF FF FF FF
곤	U+ACE4	80 3B	0x50EC0	FF FF FF FF FF F8 FF FF FF FE FF FE FF FE FF E0 FF FF FF FF FF 0F FF EF FF EF FF EF FF FF FF 07 FF FF FF FB FF FB FF FB FF F8 FF FF FF FF FF FF FF FF FF FF FF FF FF FF FF 0F FF FF FF FF FF FF
골	U+ACE8	80 B5	0x52D40	FF FF FF FF FF F8 FF FF FF FE FF FE FF E0 FF FF FF FF FF FF FF 0F FF EF FF EF FF FF FF 07 FF FF FF F8 FF FF FF F8 FF FB FF F8 FF FF FF FF FF FF FF 0F FF EF FF 0F FF FF FF 0F FF FF FF FF FF FF
곳	U+ACF3	80 B6	0x52D80	FF FF FF FF FF F8 FF FF FF FE FF FE FF FE FF E0 FF FF FF FF FF 0F FF EF FF EF FF EF FF FF FF 07 FF FF FF FE FF FC FF F9 FF F3 FF FF FF FF FF FF FF FF FF FF FF 7F FF 9F FF CF FF FF FF FF FF FF
공	U+ACF5	80 BA	0x52E80	FF FF FF FF FF F8 FF FF FF FE FF FE FF FE FF E0 FF FF FF FF FF 0F FF EF FF EF FF EF FF FF FF 07 FF FF FF F8 FF F3 FF F3 FF F8 FF FF FF FF FF FF FF FF FF 1F FF CF FF CF FF 1F FF FF FF FF FF FF
과	U+ACFC	80 C3	0x530C0	FF FF FF FF FF E0 FF FF FF FF FF FF FF FB FF FB FF FF FF FF FF 6F FF 6F FF 6F FF 6F FF 63 FF 6F FF FB FF FB FF C0 FF FF FF FF FF FF FF FF FF FF FF EF FF EF FF 2F FF EF FF EF FF FF FF FF FF FF
괜	U+AD1C	80 C6	0x53180	FF FF FF FF FF F0 FF FE FF FA FF FA FF FB FF E0 FF FF FF FF FF AF FF AF FF AF FF 8F FF AF FF AF FF FF FF FB FF FB FF FB FF F8 FF FF FF FF FF FF FF AF FF AF FF FF FF FF FF 0F FF FF FF FF FF FF
괴	U+AD34	80 3C	0x50F00	FF FF FF FF FF F0 FF FF FF FF FF FF FF FD FF FD FF FF FF FF FF 6F FF 6F FF 6F FF 6F FF 6F FF 6F FF FD FF FD FF E0 FF FF FF FF FF FF FF FF FF FF FF EF FF EF FF 2F FF EF FF EF FF FF FF FF FF FF
교	U+AD50	80 C7	0x531C0	FF FF FF FF FF FF FF F0 FF FF FF FF FF FF FF FD FF FF FF FF FF FF FF 0F FF EF FF EF FF EF FF 6F FF FD FF FD FF FD FF E0 FF FF FF FF FF FF FF FF FF 6F FF 6F FF 7F FF 07 FF FF FF FF FF FF FF FF
구	U+AD6C	80 C8	0x53200	FF FF FF FF FF F8 FF FF FF FF FF FF FF FF FF E0 FF FF FF FF FF 0F FF EF FF EF FF CF FF DF FF 07 FF FE FF FE FF FE FF FE FF FE FF FF FF FF FF FF FF FF FF FF FF FF FF FF FF FF FF FF FF FF FF FF
국	U+AD6D	80 01	0x50040	FF FF FF FF FF F8 FF FF FF FF FF FF FF E0 FF FE FF FF FF FF FF 0F FF EF FF EF FF EF FF 07 FF FF FF FE FF F8 FF FF FF FF FF FF FF FF FF FF FF FF FF FF FF 0F FF EF FF EF FF EF FF FF FF FF FF FF
군	U+AD70	80 CC	0x53300	FF FF FF FF FF F8 FF FF FF FF FF FF FF E0 FF FF FF FF FF FF FF 0F FF EF FF EF FF DF FF 07 FF 7F FF FF FF FB FF FB FF FB FF F8 FF FF FF FF FF FF FF 7F FF 7F FF 7F FF FF FF 0F FF FF FF FF FF FF
굳	U+AD73	80 42	0x51080	FF FF FF FF FF F8 FF FF FF FF FF FF FF E0 FF FE FF FF FF FF FF 0F FF EF FF EF FF DF FF 07 FF FF FF FE FF F8 FF FB FF FB FF F8 FF FF FF FF FF FF FF FF FF 0F FF FF FF FF FF 0F FF FF FF FF FF FF
굴	U+AD74	80 D4	0x53500	FF FF FF FF FF F8 FF FF FF FF FF FF FF E0 FF FE FF FF FF FF FF 0F FF EF FF EF FF DF FF 07 FF FF FF F8 FF FF FF F8 FF FB FF F8 FF FF FF FF FF FF FF 0F FF EF FF 0F FF FF FF 0F FF FF FF FF FF FF
귀	U+ADC0	80 43	0x510C0	FF FF FF FF FF F0 FF FF FF FF FF FF FF FF FF E0 FF FF FF FF FF 6F FF 6F FF 6F FF 6F FF 6F FF 2F FF FD FF FD FF FD FF FD FF FD FF FF FF FF FF FF FF EF FF EF FF EF FF EF FF EF FF FF FF FF FF FF
그	U+ADF8	80 D7	0x535C0	FF FF FF FF FF FF FF F8 FF FF FF FF FF FF FF FF FF FF FF FF FF FF FF 1F FF DF FF DF FF DF FF DF FF FF FF FF FF FF FF E0 FF FF FF FF FF FF FF FF FF DF FF DF FF DF FF 07 FF FF FF FF FF FF FF FF
근	U+ADFC	80 DE	0x53780	FF FF FF FF FF F8 FF FF FF FF FF FF FF FF FF E0 FF FF FF FF FF 0F FF EF FF EF FF CF FF DF FF 07 FF FF FF FB FF FB FF FB FF F8 FF FF FF FF FF FF FF FF FF FF FF FF FF FF FF 0F FF FF FF FF FF FF
금	U+AE08	80 E0	0x53800	FF FF FF FF FF F8 FF FF FF FF FF FF FF E0 FF FF FF FF FF FF FF 0F FF EF FF EF FF EF FF 07 FF FF FF F8 FF FB FF FB FF FB FF F8 FF FF FF FF FF FF FF 0F FF EF FF EF FF EF FF 0F FF FF FF FF FF FF
기	U+AE30	80 E4	0x53900	FF FF FF FF FF E0 FF FF FF FE FF FE FF FC FF F9 FF FF FF FF FF 6F FF 6F FF 6F FF EF FF EF FF EF FF F3 FF E7 FF FF FF FF FF FF FF FF FF FF FF FF FF EF FF EF FF EF FF EF FF EF FF FF FF FF FF FF
긴	U+AE34	80 E5	0x53940	FF FF FF FF FF F0 FF FF FF FE FF FE FF FD FF F3 FF FF FF FF FF 6F FF 6F FF 6F FF EF FF EF FF EF FF E7 FF FB FF FB FF FB FF F8 FF FF FF FF FF FF FF EF FF EF FF FF FF FF FF 0F FF FF FF FF FF FF
길	U+AE38	80 03	0x500C0	FF FF FF FF FF F0 FF FF FF FE FF FC FF F1 FF E7 FF FF FF FF FF 6F FF 6F FF EF FF EF FF EF FF FF FF F8 FF FF FF F8 FF FB FF F8 FF FF FF FF FF FF FF 0F FF EF FF 0F FF FF FF 0F FF FF FF FF FF FF
김	U+AE40	80 E7	0x539C0	FF FF FF FF FF F0 FF FF FF FE FF FC FF F1 FF E7 FF FF FF FF FF 6F FF 6F FF EF FF EF FF EF FF EF FF FF FF F8 FF FB FF FB FF F8 FF FF FF FF FF FF FF FF FF 0F FF EF FF EF FF 0F FF FF FF FF FF FF
깊	U+AE4A	80 44	0x51100	FF FF FF FF FF F0 FF FF FF FE FF FC FF F1 FF E7 FF FF FF FF FF 7F FF 7F FF FF FF FF FF FF FF FF FF FF FF F0 FF FD FF FD FF F0 FF FF FF FF FF FF FF FF FF 1F FF DF FF DF FF 1F FF FF FF FF FF FF
까	U+AE4C	80 E8	0x53A00	FF FF FF FF FF E2 FF FB FF FB FF FB FF F2 FF F6 FF FF FF FF FF 5F FF 5F FF 5F FF 5F FF 47 FF 5F FF E6 FF EC FF FD FF FF FF FF FF FF FF FF FF FF FF DF FF DF FF DF FF DF FF DF FF FF FF FF FF FF
깐	U+AE50	80 45	0x51140	FF FF FF FF FF E2 FF FB FF F3 FF F6 FF EE FF FD FF FF FF FF FF 6F FF 6F FF 6F FF 67 FF EF FF EF FF FF FF FB FF FB FF FB FF F8 FF FF FF FF FF FF FF EF FF EF FF FF FF FF FF 0F FF FF FF FF FF FF
깜	U+AE5C	80 EB	0x53AC0	FF FF FF FF FF E2 FF FB FF F3 FF F6 FF EE FF FD FF FF FF FF FF 6F FF 6F FF 6F FF 67 FF EF FF EF FF FF FF F8 FF FB FF FB FF F8 FF FF FF FF FF FF FF FF FF 0F FF EF FF EF FF 0F FF FF FF FF FF FF
깨	U+AE68	80 EC	0x53B00	FF FF FF FF FF F0 FF FB FF FB FF FB FF F2 FF F6 FF FF FF FF FF 57 FF 57 FF 57 FF 57 FF 57 FF 47 FF E6 FF EC FF FD FF FF FF FF FF FF FF FF FF FF FF D7 FF D7 FF D7 FF D7 FF D7 FF FF FF FF FF FF
깼	U+AE7C	80 F3	0x53CC0	FF FF FF FF FF F0 FF FA FF F2 FF F4 FF ED FF FD FF FF FF FF FF AF FF AF FF AF FF 8F FF AF FF AF FF FF FF FD FF FD FF FA FF F7 FF FF FF FF FF FF FF EF FF DF FF DF FF 8F FF 27 FF FF FF FF FF FF
꺄	U+AE84	80 46	0x51180	FF FF FF FF FF E2 FF FB FF FB FF F3 FF F6 FF F6 FF FF FF FF FF 6F FF 6F FF 67 FF 6F FF 6F FF E7 FF EC FF FD FF FF FF FF FF FF FF FF FF FF FF FF FF EF FF EF FF EF FF EF FF EF FF FF FF FF FF FF
께	U+AED8	80 F4	0x53D00	FF FF FF FF FF F0 FF FB FF FB FF FB FF F2 FF F6 FF FF FF FF FF 57 FF 57 FF 57 FF 17 FF 57 FF D7 FF E6 FF EC FF FD FF FF FF FF FF FF FF FF FF FF FF D7 FF D7 FF D7 FF D7 FF D7 FF FF FF FF FF FF
꼬	U+AF2C	80 47	0x511C0	FF FF FF FF FF FF FF F1 FF FD FF FD FF F9 FF F9 FF FF FF FF FF FF FF 0F FF EF FF EF FF EF FF 6F FF FB FF FF FF FF FF E0 FF FF FF FF FF FF FF FF FF 6F FF 7F FF 7F FF 07 FF FF FF FF FF FF FF FF
꽃	U+AF43	80 F5	0x53D40	FF FF FF FF FF F1 FF FD FF F8 FF FE FF E0 FF FF FF FF FF FF FF 8F FF EF FF 6F FF 7F FF 07 FF FF FF FF FF F0 FF FE FF F8 FF F1 FF FF FF FF FF FF FF 7F FF 0F FF 7F FF 1F FF CF FF FF FF FF FF FF
꽤	U+AF64	80 F7	0x53DC0	FF FF FF FF FF E0 FF FB FF FB FF F3 FF F1 FF F5 FF FF FF FF FF 57 FF 57 FF 57 FF 57 FF 47 FF 57 FF FD FF FD FF E0 FF FF FF FF FF FF FF FF FF FF FF D7 FF D7 FF 57 FF D7 FF D7 FF FF FF FF FF FF
꿈	U+AFC8	80 FA	0x53E80	FF FF FF FF FF F9 FF FD FF FD FF FD FF E0 FF FF FF FF FF FF FF 0F FF EF FF EF FF EF FF 07 FF 7F FF FF FF F8 FF FB FF FB FF F8 FF FF FF FF FF FF FF 7F FF 0F FF EF FF EF FF 0F FF FF FF FF FF FF
꿨	U+AFE8	80 FC	0x53F00	FF FF FF FF FF F2 FF FB FF FB FF E0 FF FD FF FD FF FF FF FF FF 6F FF 6F FF 6F FF 2F FF EF FF 8F FF FF FF FD FF F9 FF F0 FF E6 FF FF FF FF FF FF FF EF FF DF FF 9F FF 0F FF 67 FF FF FF FF FF FF
끌	U+B04C	80 FD	0x53F40	FF FF FF FF FF F1 FF FD FF FD FF FD FF E0 FF FF FF FF FF FF FF 0F FF EF FF EF FF DF FF 07 FF FF FF F8 FF FF FF F8 FF FB FF F8 FF FF FF FF FF FF FF 0F FF EF FF 0F FF FF FF 0F FF FF FF FF FF FF
끝	U+B05D	80 FF	0x53FC0	FF FF FF FF FF F1 FF FD FF FD FF FD FF E0 FF FF FF FF FF FF FF 0F FF EF FF EF FF DF FF 07 FF FF FF F8 FF FB FF F8 FF FB FF F8 FF FF FF FF FF FF FF 1F FF FF FF 1F FF FF FF 0F FF FF FF FF FF FF
끼	U+B07C	80 48	0x51200	FF FF FF FF FF E2 FF FB FF FB FF F3 FF F7 FF F7 FF FF FF FF FF 2F FF AF FF AF FF 2F FF 6F FF 6F FF EE FF FC FF FF FF FF FF FF FF FF FF FF FF FF FF EF FF EF FF EF FF EF FF EF FF FF FF FF FF FF
낑	U+B091	80 4A	0x51280	FF FF FF FF FF F0 FF FD FF F9 FF F3 FF E6 FF FC FF FF FF FF FF 37 FF B7 FF 37 FF 77 FF 77 FF F7 FF FF FF FC FF F9 FF F9 FF FC FF FF FF FF FF FF FF FF FF 0F FF E7 FF E7 FF 0F FF FF FF FF FF FF
나	U+B098	81 08	0x54200	FF FF FF FF FF F7 FF F7 FF F7 FF F7 FF F7 FF F7 FF FF FF FF FF EF FF EF FF EF FF EF FF E3 FF EF FF F7 FF F0 FF FF FF FF FF FF FF FF FF FF FF FF FF EF FF 2F FF EF FF EF FF EF FF FF FF FF FF FF
난	U+B09C	81 0C	0x54300	FF FF FF FF FF F7 FF F7 FF F7 FF F7 FF F7 FF F0 FF FF FF FF FF DF FF DF FF DF FF C7 FF DF FF 1F FF FF FF FB FF FB FF FB FF F8 FF FF FF FF FF FF FF DF FF DF FF FF FF FF FF 0F FF FF FF FF FF FF
날	U+B0A0	81 0F	0x543C0	FF FF FF FF FF F7 FF F7 FF F7 FF F7 FF F0 FF FF FF FF FF FF FF EF FF EF FF E7 FF EF FF 2F FF FF FF F8 FF FF FF F8 FF FB FF F8 FF FF FF FF FF FF FF 0F FF EF FF 0F FF FF FF 0F FF FF FF FF FF FF
남	U+B0A8	80 08	0x50200	FF FF FF FF FF F7 FF F7 FF F7 FF F7 FF F0 FF FF FF FF FF FF FF EF FF EF FF E7 FF EF FF 2F FF EF FF FF FF F8 FF FB FF FB FF F8 FF FF FF FF FF FF FF FF FF 0F FF EF FF EF FF 0F FF FF FF FF FF FF
났	U+B0AC	81 14	0x54500	FF FF FF FF FF F7 FF F7 FF F7 FF F7 FF F7 FF F0 FF FF FF FF FF EF FF EF FF E7 FF EF FF EF FF 2F FF FF FF FD FF FD FF FA FF F7 FF FF FF FF FF FF FF FF FF DF FF DF FF 8F FF 27 FF FF FF FF FF FF
낭	U+B0AD	80 0A	0x50280	FF FF FF FF FF F7 FF F7 FF F7 FF F7 FF F0 FF FF FF FF FF FF FF EF FF EF FF EF FF E7 FF 2F FF EF FF FF FF FC FF F9 FF F9 FF FC FF FF FF FF FF FF FF FF FF 1F FF CF FF CF FF 1F FF FF FF FF FF FF
낯	U+B0AF	81 17	0x545C0	FF FF FF FF FF F7 FF F7 FF F7 FF F7 FF F0 FF FF FF FF FF FF FF EF FF EF FF EF FF E7 FF 2F FF EF FF FF FF F0 FF FE FF FC FF F3 FF FF FF FF FF FF FF 7F FF 0F FF 3F FF 1F FF CF FF FF FF FF FF FF
내	U+B0B4	81 1A	0x54680	FF FF FF FF FF F7 FF F7 FF F7 FF F7 FF F7 FF F7 FF FF FF FF FF AF FF AF FF AF FF AF FF AF FF 8F FF F7 FF F0 FF FF FF FF FF FF FF FF FF FF FF FF FF AF FF AF FF AF FF AF FF AF FF FF FF FF FF FF
낸	U+B0B8	80 4B	0x512C0	FF FF FF FF FF F7 FF F7 FF F7 FF F7 FF F7 FF F0 FF FF FF FF FF AF FF AF FF AF FF 8F FF AF FF AF FF FF FF FB FF FB FF FB FF F8 FF FF FF FF FF FF FF AF FF AF FF FF FF FF FF 0F FF FF FF FF FF FF
냈	U+B0C8	81 1E	0x54780	FF FF FF FF FF F7 FF F7 FF F7 FF F7 FF F7 FF F0 FF FF FF FF FF AF FF AF FF AF FF 8F FF AF FF AF FF FF FF FD FF FC FF F8 FF F3 FF FF FF FF FF FF FF FF FF DF FF DF FF 0F FF 27 FF FF FF FF FF FF
냐	U+B0D0	81 20	0x54800	FF FF FF FF FF F7 FF F7 FF F7 FF F7 FF F7 FF F7 FF FF FF FF FF DF FF DF FF C7 FF DF FF DF FF DF FF F7 FF F0 FF FF FF FF FF FF FF FF FF FF FF FF FF C7 FF 1F FF DF FF DF FF DF FF FF FF FF FF FF
냥	U+B0E5	80 4C	0x51300	FF FF FF FF FF F7 FF F7 FF F7 FF F7 FF F0 FF FF FF FF FF FF FF EF FF E7 FF EF FF E7 FF 2F FF EF FF FF FF FC FF F9 FF F9 FF FC FF FF FF FF FF FF FF FF FF 1F FF CF FF CF FF 1F FF FF FF FF FF FF
너	U+B108	81 27	0x549C0	FF FF FF FF FF F7 FF F7 FF F7 FF F7 FF F7 FF F7 FF FF FF FF FF EF FF EF FF EF FF 0F FF EF FF EF FF F7 FF F0 FF FF FF FF FF FF FF FF FF FF FF FF FF EF FF 2F FF EF FF EF FF EF FF FF FF FF FF FF
넌	U+B10C	81 2C	0x54B00	FF FF FF FF FF F7 FF F7 FF F7 FF F7 FF F7 FF F0 FF FF FF FF FF EF FF EF FF 0F FF EF FF EF FF 2F FF FF FF FB FF FB FF FB FF F8 FF FF FF FF FF FF FF EF FF EF FF FF FF FF FF 0F FF FF FF FF FF FF
널	U+B110	81 2E	0x54B80	FF FF FF FF FF F7 FF F7 FF F7 FF F7 FF F0 FF FF FF FF FF FF FF EF FF EF FF 0F FF EF FF 2F FF FF FF F8 FF FF FF F8 FF FB FF F8 FF FF FF FF FF FF FF 0F FF EF FF 0F FF FF FF 0F FF FF FF FF FF FF
넣	U+B123	80 4D	0x51340	FF FF FF FF FF F7 FF F7 FF F7 FF F0 FF FF FF FF FF FF FF FF FF FF FF 1F FF FF FF 3F FF FF FF 7F FF F0 FF FF FF F8 FF F9 FF F8 FF FF FF FF FF FF FF 1F FF FF FF 0F FF CF FF 0F FF FF FF FF FF FF
네	U+B124	81 2F	0x54BC0	FF FF FF FF FF F7 FF F7 FF F7 FF F6 FF F7 FF F7 FF FF FF FF FF D7 FF D7 FF D7 FF 17 FF D7 FF D7 FF F7 FF F0 FF FF FF FF FF FF FF FF FF FF FF FF FF D7 FF 57 FF D7 FF D7 FF D7 FF FF FF FF FF FF
녀	U+B140	81 31	0x54C40	FF FF FF FF FF F7 FF F7 FF F7 FF F7 FF F7 FF F7 FF FF FF FF FF EF FF EF FF 0F FF EF FF 0F FF EF FF F7 FF F0 FF FF FF FF FF FF FF FF FF FF FF FF FF EF FF 2F FF EF FF EF FF EF FF FF FF FF FF FF
년	U+B144	80 0D	0x50340	FF FF FF FF FF F7 FF F7 FF F7 FF F7 FF F7 FF F0 FF FF FF FF FF EF FF 0F FF EF FF 0F FF EF FF 2F FF FF FF FB FF FB FF FB FF F8 FF FF FF FF FF FF FF EF FF EF FF FF FF FF FF 0F FF FF FF FF FF FF
녕	U+B155	80 50	0x51400	FF FF FF FF FF F7 FF F7 FF F7 FF F7 FF F7 FF F0 FF FF FF FF FF EF FF 0F FF EF FF 0F FF EF FF 2F FF FF FF FC FF F9 FF F9 FF FC FF FF FF FF FF FF FF EF FF 1F FF CF FF CF FF 1F FF FF FF FF FF FF
노	U+B178	81 38	0x54E00	FF FF FF FF FF FF FF FB FF FB FF FB FF FB FF FB FF FF FF FF FF FF FF FF FF FF FF FF FF FF FF FF FF F8 FF FF FF FF FF E0 FF FF FF FF FF FF FF FF FF 0F FF 7F FF 7F FF 07 FF FF FF FF FF FF FF FF
놀	U+B180	81 39	0x54E40	FF FF FF FF FF FB FF FB FF F8 FF FF FF E0 FF FF FF FF FF FF FF FF FF FF FF 0F FF 7F FF 07 FF FF FF F8 FF FF FF F8 FF FB FF F8 FF FF FF FF FF FF FF 0F FF EF FF 0F FF FF FF 0F FF FF FF FF FF FF
놈	U+B188	80 51	0x51440	FF FF FF FF FF FB FF FB FF FB FF F8 FF FF FF E0 FF FF FF FF FF FF FF FF FF FF FF 0F FF 7F FF 07 FF FF FF F8 FF FB FF FB FF F8 FF FF FF FF FF FF FF FF FF 0F FF EF FF EF FF 0F FF FF FF FF FF FF
누	U+B204	81 3B	0x54EC0	FF FF FF FF FF FB FF FB FF FB FF F8 FF FF FF FF FF FF FF FF FF FF FF FF FF FF FF 0F FF FF FF FF FF E0 FF FF FF FF FF FF FF FF FF FF FF FF FF FF FF 07 FF 7F FF 7F FF 7F FF 7F FF FF FF FF FF FF
눈	U+B208	81 3D	0x54F40	FF FF FF FF FF FB FF FB FF FB FF F8 FF FF FF E0 FF FF FF FF FF FF FF FF FF FF FF 0F FF FF FF 07 FF FF FF FB FF FB FF FB FF F8 FF FF FF FF FF FF FF 7F FF 7F FF 7F FF FF FF 0F FF FF FF FF FF FF
눌	U+B20C	81 40	0x55000	FF FF FF FF FF FB FF FB FF F8 FF FF FF E0 FF FF FF FF FF FF FF FF FF FF FF 0F FF FF FF 07 FF 7F FF F8 FF FF FF F8 FF FB FF F8 FF FF FF FF FF FF FF 0F FF EF FF 0F FF FF FF 0F FF FF FF FF FF FF
뉴	U+B274	80 52	0x51480	FF FF FF FF FF FB FF FB FF FB FF F8 FF FF FF FF FF FF FF FF FF FF FF FF FF FF FF 0F FF FF FF FF FF E0 FF FD FF FD FF FD FF FD FF FF FF FF FF FF FF 07 FF DF FF DF FF DF FF DF FF FF FF FF FF FF
느	U+B290	81 42	0x55080	FF FF FF FF FF FF FF FB FF FB FF FB FF FB FF F8 FF FF FF FF FF FF FF FF FF FF FF FF FF FF FF 0F FF FF FF FF FF FF FF E0 FF FF FF FF FF FF FF FF FF FF FF FF FF FF FF 07 FF FF FF FF FF FF FF FF
는	U+B294	81 43	0x550C0	FF FF FF FF FF FB FF FB FF FB FF F8 FF FF FF E0 FF FF FF FF FF FF FF FF FF FF FF 0F FF FF FF 07 FF FF FF FB FF FB FF FB FF F8 FF FF FF FF FF FF FF FF FF FF FF FF FF FF FF 0F FF FF FF FF FF FF
늘	U+B298	81 45	0x55140	FF FF FF FF FF FB FF FB FF F8 FF FF FF E0 FF FF FF FF FF FF FF FF FF FF FF 0F FF FF FF 07 FF FF FF F8 FF FF FF F8 FF FB FF F8 FF FF FF FF FF FF FF 0F FF EF FF 0F FF FF FF 0F FF FF FF FF FF FF
능	U+B2A5	81 4A	0x55280	FF FF FF FF FF FB FF FB FF FB FF F8 FF FF FF E0 FF FF FF FF FF FF FF FF FF FF FF 0F FF FF FF 07 FF FF FF F8 FF F3 FF F3 FF F8 FF FF FF FF FF FF FF FF FF 1F FF CF FF CF FF 1F FF FF FF FF FF FF
늦	U+B2A6	81 4C	0x55300	FF FF FF FF FF FB FF FB FF FB FF F8 FF FF FF E0 FF FF FF FF FF FF FF FF FF FF FF 0F FF FF FF 07 FF FF FF F0 FF FE FF FC FF F3 FF FF FF FF FF FF FF FF FF 0F FF 7F FF 1F FF CF FF FF FF FF FF FF
니	U+B2C8	81 4E	0x55380	FF FF FF FF FF F7 FF F7 FF F7 FF F7 FF F7 FF F7 FF FF FF FF FF EF FF EF FF EF FF EF FF EF FF EF FF F7 FF F0 FF FF FF FF FF FF FF FF FF FF FF FF FF EF FF 2F FF EF FF EF FF EF FF FF FF FF FF FF
닐	U+B2D0	81 4F	0x553C0	FF FF FF FF FF F7 FF F7 FF F7 FF F7 FF F0 FF FF FF FF FF FF FF EF FF EF FF EF FF EF FF 2F FF FF FF F8 FF FF FF F8 FF FB FF F8 FF FF FF FF FF FF FF 0F FF EF FF 0F FF FF FF 0F FF FF FF FF FF FF
님	U+B2D8	81 52	0x55480	FF FF FF FF FF F7 FF F7 FF F7 FF F7 FF F0 FF FF FF FF FF FF FF EF FF EF FF EF FF EF FF 2F FF EF FF FF FF F8 FF FB FF FB FF F8 FF FF FF FF FF FF FF FF FF 0F FF EF FF EF FF 0F FF FF FF FF FF FF
다	U+B2E4	81 54	0x55500	FF FF FF FF FF F0 FF F7 FF F7 FF F7 FF F7 FF F7 FF FF FF FF FF 6F FF EF FF EF FF EF FF E3 FF EF FF F7 FF F0 FF FF FF FF FF FF FF FF FF FF FF FF FF EF FF 2F FF EF FF EF FF EF FF FF FF FF FF FF
닥	U+B2E5	80 53	0x514C0	FF FF FF FF FF F0 FF F7 FF F7 FF F7 FF F0 FF FF FF FF FF FF FF 6F FF EF FF E7 FF EF FF 6F FF EF FF FF FF F8 FF FF FF FF FF FF FF FF FF FF FF FF FF FF FF 0F FF EF FF EF FF EF FF FF FF FF FF FF
단	U+B2E8	81 57	0x555C0	FF FF FF FF FF F0 FF F7 FF F7 FF F7 FF F7 FF F0 FF FF FF FF FF 6F FF EF FF EF FF E7 FF EF FF 6F FF FF FF FB FF FB FF FB FF F8 FF FF FF FF FF FF FF EF FF EF FF FF FF FF FF 0F FF FF FF FF FF FF
닫	U+B2EB	80 54	0x51500	FF FF FF FF FF F0 FF F7 FF F7 FF F7 FF F0 FF FF FF FF FF FF FF 7F FF FF FF E7 FF FF FF 7F FF FF FF FF FF F8 FF FB FF FB FF F8 FF FF FF FF FF FF FF FF FF 1F FF FF FF FF FF 1F FF FF FF FF FF FF
달	U+B2EC	81 58	0x55600	FF FF FF FF FF F0 FF F7 FF F7 FF F7 FF F0 FF FF FF FF FF FF FF 6F FF EF FF E7 FF EF FF 6F FF FF FF F8 FF FF FF F8 FF FB FF F8 FF FF FF FF FF FF FF 0F FF EF FF 0F FF FF FF 0F FF FF FF FF FF FF
닭	U+B2ED	80 55	0x51540	FF FF FF FF FF F0 FF F7 FF F7 FF F7 FF F0 FF FF FF FF FF FF FF 6F FF EF FF E7 FF EF FF 6F FF FF FF F8 FF FE FF F8 FF FB FF F8 FF FF FF FF FF FF FF 0F FF EF FF EF FF EF FF 6F FF FF FF FF FF FF
닮	U+B2EE	81 59	0x55640	FF FF FF FF FF F0 FF F7 FF F7 FF F7 FF F0 FF FF FF FF FF FF FF 6F FF EF FF E7 FF EF FF 6F FF FF FF F0 FF FE FF F0 FF F7 FF F0 FF FF FF FF FF FF FF 0F FF 6F FF 6F FF 6F FF 0F FF FF FF FF FF FF
답	U+B2F5	81 5A	0x55680	FF FF FF FF FF F0 FF F7 FF F7 FF F7 FF F0 FF FF FF FF FF FF FF 6F FF EF FF E7 FF EF FF 6F FF EF FF FF FF FB FF F8 FF FB FF F8 FF FF FF FF FF FF FF FF FF EF FF 0F FF EF FF 0F FF FF FF FF FF FF
당	U+B2F9	80 56	0x51580	FF FF FF FF FF F0 FF F7 FF F7 FF F7 FF F0 FF FF FF FF FF FF FF 6F FF EF FF EF FF E7 FF 6F FF EF FF FF FF FC FF F9 FF F9 FF FC FF FF FF FF FF FF FF FF FF 1F FF CF FF CF FF 1F FF FF FF FF FF FF
대	U+B300	81 5B	0x556C0	FF FF FF FF FF F0 FF F7 FF F7 FF F7 FF F7 FF F7 FF FF FF FF FF D7 FF D7 FF D7 FF D7 FF C7 FF D7 FF F7 FF F0 FF FF FF FF FF FF FF FF FF FF FF FF FF D7 FF 57 FF D7 FF D7 FF D7 FF FF FF FF FF FF
댁	U+B301	81 5C	0x55700	FF FF FF FF FF F0 FF F7 FF F7 FF F7 FF F0 FF FF FF FF FF FF FF AF FF AF FF AF FF 8F FF AF FF AF FF FF FF F8 FF FF FF FF FF FF FF FF FF FF FF FF FF FF FF 0F FF EF FF EF FF EF FF FF FF FF FF FF
더	U+B354	81 5E	0x55780	FF FF FF FF FF F0 FF F7 FF F7 FF F7 FF F7 FF F7 FF FF FF FF FF 6F FF EF FF EF FF 0F FF EF FF EF FF F7 FF F0 FF FF FF FF FF FF FF FF FF FF FF FF FF EF FF 2F FF EF FF EF FF EF FF FF FF FF FF FF
덕	U+B355	81 5F	0x557C0	FF FF FF FF FF F0 FF F7 FF F7 FF F7 FF F0 FF FF FF FF FF FF FF 6F FF EF FF 0F FF EF FF 2F FF EF FF FF FF F8 FF FF FF FF FF FF FF FF FF FF FF FF FF FF FF 0F FF EF FF EF FF EF FF FF FF FF FF FF
데	U+B370	81 60	0x55800	FF FF FF FF FF F0 FF F7 FF F7 FF F6 FF F7 FF F7 FF FF FF FF FF AF FF AF FF AF FF 2F FF AF FF AF FF F7 FF F0 FF FF FF FF FF FF FF FF FF FF FF FF FF AF FF AF FF AF FF AF FF AF FF FF FF FF FF FF
도	U+B3C4	81 62	0x55880	FF FF FF FF FF FF FF F8 FF FB FF FB FF FB FF FB FF FF FF FF FF FF FF 1F FF FF FF FF FF FF FF FF FF F8 FF FF FF FF FF E0 FF FF FF FF FF FF FF FF FF 1F FF 7F FF 7F FF 07 FF FF FF FF FF FF FF FF
돌	U+B3CC	81 63	0x558C0	FF FF FF FF FF F8 FF FB FF F8 FF FF FF E0 FF FF FF FF FF FF FF 1F FF FF FF 0F FF 7F FF 07 FF FF FF F8 FF FF FF F8 FF FB FF F8 FF FF FF FF FF FF FF 0F FF EF FF 0F FF FF FF 0F FF FF FF FF FF FF
동	U+B3D9	81 65	0x55940	FF FF FF FF FF F0 FF F7 FF F7 FF F0 FF FF FF E0 FF FF FF FF FF 1F FF FF FF FF FF 1F FF 7F FF 07 FF FF FF F8 FF F3 FF F3 FF F8 FF FF FF FF FF FF FF FF FF 1F FF CF FF CF FF 1F FF FF FF FF FF FF
돼	U+B3FC	81 66	0x55980	FF FF FF FF FF E0 FF EF FF EF FF EF FF E0 FF FB FF FF FF FF FF D7 FF D7 FF D7 FF D7 FF D7 FF C7 FF FB FF FB FF C0 FF FF FF FF FF FF FF FF FF FF FF D7 FF D7 FF 57 FF D7 FF D7 FF FF FF FF FF FF
됐	U+B410	80 59	0x51640	FF FF FF FF FF F0 FF F7 FF F7 FF F0 FF FD FF E0 FF FF FF FF FF AF FF AF FF AF FF 8F FF AF FF 2F FF FF FF FD FF FC FF F8 FF F3 FF FF FF FF FF FF FF FF FF DF FF DF FF 0F FF 27 FF FF FF FF FF FF
되	U+B418	81 68	0x55A00	FF FF FF FF FF F0 FF F7 FF F7 FF F7 FF F0 FF FD FF FF FF FF FF 6F FF EF FF EF FF EF FF 6F FF EF FF FD FF FD FF E0 FF FF FF FF FF FF FF FF FF FF FF EF FF EF FF 2F FF EF FF EF FF FF FF FF FF FF
된	U+B41C	81 69	0x55A40	FF FF FF FF FF F0 FF F7 FF F7 FF F0 FF FD FF FD FF FF FF FF FF 6F FF EF FF EF FF 6F FF EF FF EF FF E0 FF FF FF FB FF FB FF F8 FF FF FF FF FF FF FF 2F FF EF FF FF FF FF FF 0F FF FF FF FF FF FF
될	U+B420	80 0E	0x50380	FF FF FF FF FF F0 FF F7 FF F0 FF FD FF E0 FF FF FF FF FF FF FF 6F FF EF FF 6F FF EF FF 2F FF FF FF F8 FF FF FF F8 FF FB FF F8 FF FF FF FF FF FF FF 0F FF EF FF 0F FF FF FF 0F FF FF FF FF FF FF
두	U+B450	81 6D	0x55B40	FF FF FF FF FF F8 FF FB FF FB FF FB FF F8 FF FF FF FF FF FF FF 1F FF FF FF FF FF FF FF 0F FF FF FF E0 FF FF FF FF FF FF FF FF FF FF FF FF FF FF FF 07 FF 7F FF 7F FF 7F FF 7F FF FF FF FF FF FF
둘	U+B458	80 10	0x50400	FF FF FF FF FF F8 FF FB FF F8 FF FF FF E0 FF FF FF FF FF FF FF 1F FF FF FF 0F FF FF FF 07 FF 7F FF F8 FF FF FF F8 FF FB FF F8 FF FF FF FF FF FF FF 0F FF EF FF 0F FF FF FF 0F FF FF FF FF FF FF
둠	U+B460	81 70	0x55C00	FF FF FF FF FF F8 FF FB FF FB FF F8 FF FF FF E0 FF FF FF FF FF 1F FF FF FF FF FF 1F FF FF FF 07 FF FF FF F8 FF FB FF FB FF F8 FF FF FF FF FF FF FF 7F FF 0F FF EF FF EF FF 0F FF FF FF FF FF FF
둥	U+B465	80 14	0x50500	FF FF FF FF FF F0 FF F7 FF F7 FF F0 FF FF FF E0 FF FF FF FF FF 1F FF FF FF FF FF 1F FF FF FF 07 FF FF FF F8 FF F3 FF F3 FF F8 FF FF FF FF FF FF FF 7F FF 1F FF CF FF CF FF 1F FF FF FF FF FF FF
뒤	U+B4A4	81 71	0x55C40	FF FF FF FF FF F0 FF F7 FF F7 FF F0 FF FF FF FF FF FF FF FF FF 6F FF EF FF EF FF 6F FF EF FF EF FF E0 FF FD FF FD FF FD FF FD FF FF FF FF FF FF FF 2F FF EF FF EF FF EF FF EF FF FF FF FF FF FF
드	U+B4DC	81 73	0x55CC0	FF FF FF FF FF FF FF F8 FF FB FF FB FF FB FF FB FF FF FF FF FF FF FF 1F FF FF FF FF FF FF FF FF FF F8 FF FF FF FF FF E0 FF FF FF FF FF FF FF FF FF 1F FF FF FF FF FF 07 FF FF FF FF FF FF FF FF
득	U+B4DD	81 74	0x55D00	FF FF FF FF FF F8 FF FB FF FB FF F8 FF FF FF E0 FF FF FF FF FF 1F FF FF FF FF FF 1F FF FF FF 07 FF FF FF F0 FF FF FF FF FF FF FF FF FF FF FF FF FF FF FF 0F FF EF FF EF FF EF FF FF FF FF FF FF
든	U+B4E0	81 77	0x55DC0	FF FF FF FF FF F8 FF FB FF FB FF F8 FF FF FF E0 FF FF FF FF FF 1F FF FF FF FF FF 0F FF FF FF 07 FF FF FF FB FF FB FF FB FF F8 FF FF FF FF FF FF FF FF FF FF FF FF FF FF FF 0F FF FF FF FF FF FF
듣	U+B4E3	81 79	0x55E40	FF FF FF FF FF F8 FF FB FF FB FF F8 FF FF FF E0 FF FF FF FF FF 1F FF FF FF FF FF 1F FF FF FF 07 FF FF FF F8 FF FB FF FB FF F8 FF FF FF FF FF FF FF FF FF 1F FF FF FF FF FF 0F FF FF FF FF FF FF
들	U+B4E4	81 7A	0x55E80	FF FF FF FF FF F8 FF FB FF F8 FF FF FF E0 FF FF FF FF FF FF FF 1F FF FF FF 0F FF FF FF 07 FF FF FF F8 FF FF FF F8 FF FB FF F8 FF FF FF FF FF FF FF 0F FF EF FF 0F FF FF FF 0F FF FF FF FF FF FF
듯	U+B4EF	80 5B	0x516C0	FF FF FF FF FF F8 FF FB FF FB FF F8 FF FF FF E0 FF FF FF FF FF 1F FF FF FF FF FF 1F FF FF FF 07 FF FF FF FF FF FE FF FD FF F3 FF FF FF FF FF FF FF FF FF 7F FF 3F FF 1F FF CF FF FF FF FF FF FF
등	U+B4F1	81 7B	0x55EC0	FF FF FF FF FF F0 FF F7 FF F7 FF F0 FF FF FF E0 FF FF FF FF FF 1F FF FF FF FF FF 1F FF FF FF 07 FF FF FF F8 FF F3 FF F3 FF F8 FF FF FF FF FF FF FF FF FF 1F FF CF FF CF FF 1F FF FF FF FF FF FF
디	U+B514	80 5D	0x51740	FF FF FF FF FF F0 FF F7 FF F7 FF F7 FF F7 FF F7 FF FF FF FF FF 6F FF EF FF EF FF EF FF EF FF EF FF F7 FF F0 FF FF FF FF FF FF FF FF FF FF FF FF FF EF FF 2F FF EF FF EF FF EF FF FF FF FF FF FF
따	U+B530	80 15	0x50540	FF FF FF FF FF E2 FF EE FF EE FF EE FF EE FF EE FF FF FF FF FF 2F FF EF FF EF FF EF FF E3 FF EF FF EE FF E2 FF FF FF FF FF FF FF FF FF FF FF FF FF EF FF 2F FF EF FF EF FF EF FF FF FF FF FF FF
딱	U+B531	80 5F	0x517C0	FF FF FF FF FF E2 FF EE FF EE FF EE FF E2 FF FF FF FF FF FF FF 5F FF DF FF C7 FF DF FF 1F FF DF FF FF FF F0 FF FF FF FF FF FF FF FF FF FF FF FF FF FF FF 1F FF DF FF DF FF DF FF FF FF FF FF FF
땀	U+B540	80 62	0x51880	FF FF FF FF FF E2 FF EE FF EE FF EE FF E2 FF FF FF FF FF FF FF 6F FF EF FF E7 FF EF FF 2F FF EF FF FF FF F0 FF F7 FF F7 FF F0 FF FF FF FF FF FF FF FF FF 0F FF EF FF EF FF 0F FF FF FF FF FF FF
땅	U+B545	81 7C	0x55F00	FF FF FF FF FF E2 FF EE FF EE FF EE FF E2 FF FF FF FF FF FF FF 6F FF EF FF EF FF E7 FF 2F FF EF FF FF FF F8 FF F3 FF F3 FF F8 FF FF FF FF FF FF FF EF FF 1F FF CF FF CF FF 1F FF FF FF FF FF FF
때	U+B54C	80 16	0x50580	FF FF FF FF FF E0 FF ED FF ED FF ED FF ED FF ED FF FF FF FF FF 57 FF D7 FF D7 FF D7 FF C7 FF D7 FF ED FF E0 FF FF FF FF FF FF FF FF FF FF FF FF FF D7 FF 57 FF D7 FF D7 FF D7 FF FF FF FF FF FF
땐	U+B550	81 7F	0x55FC0	FF FF FF FF FF E0 FF ED FF ED FF ED FF ED FF E0 FF FF FF FF FF 57 FF D7 FF D7 FF C7 FF D7 FF 57 FF FF FF FB FF FB FF FB FF F8 FF FF FF FF FF FF FF D7 FF D7 FF FF FF FF FF 07 FF FF FF FF FF FF
떠	U+B5A0	80 63	0x518C0	FF FF FF FF FF E2 FF EE FF EE FF EE FF EE FF EE FF FF FF FF FF 2F FF EF FF EF FF 8F FF EF FF EF FF EE FF E2 FF FF FF FF FF FF FF FF FF FF FF FF FF EF FF 2F FF EF FF EF FF EF FF FF FF FF FF FF
떡	U+B5A1	81 81	0x56040	FF FF FF FF FF E2 FF EE FF EE FF EE FF E2 FF FF FF FF FF FF FF 2F FF EF FF 8F FF EF FF 2F FF EF FF FF FF F8 FF FF FF FF FF FF FF FF FF FF FF FF FF FF FF 0F FF EF FF EF FF EF FF FF FF FF FF FF
또	U+B610	80 65	0x51940	FF FF FF FF FF FF FF F0 FF F7 FF F7 FF F7 FF F7 FF FF FF FF FF FF FF 0F FF 7F FF 7F FF 7F FF 7F FF F0 FF FF FF FF FF E0 FF FF FF FF FF FF FF FF FF 0F FF 7F FF 7F FF 07 FF FF FF FF FF FF FF FF
똥	U+B625	80 67	0x519C0	FF FF FF FF FF F0 FF F7 FF F7 FF F0 FF FF FF E0 FF FF FF FF FF 0F FF 7F FF 7F FF 0F FF 7F FF 07 FF FF FF F8 FF F3 FF F3 FF F8 FF FF FF FF FF FF FF FF FF 1F FF CF FF CF FF 1F FF FF FF FF FF FF
라	U+B77C	81 83	0x560C0	FF FF FF FF FF F0 FF FF FF FF FF F0 FF F7 FF F7 FF FF FF FF FF 6F FF 6F FF 6F FF 6F FF E3 FF EF FF F7 FF F0 FF FF FF FF FF FF FF FF FF FF FF FF FF EF FF 2F FF EF FF EF FF EF FF FF FF FF FF FF
란	U+B780	81 84	0x56100	FF FF FF FF FF F0 FF FF FF F0 FF F7 FF F7 FF F0 FF FF FF FF FF 6F FF 6F FF 6F FF E7 FF EF FF 2F FF FF FF FB FF FB FF FB FF F8 FF FF FF FF FF FF FF EF FF EF FF FF FF FF FF 0F FF FF FF FF FF FF
람	U+B78C	81 88	0x56200	FF FF FF FF FF F0 FF FF FF F0 FF F7 FF F7 FF F0 FF FF FF FF FF 6F FF 6F FF 6F FF E7 FF EF FF 2F FF FF FF F8 FF FB FF FB FF F8 FF FF FF FF FF FF FF FF FF 0F FF EF FF EF FF 0F FF FF FF FF FF FF
래	U+B798	81 89	0x56240	FF FF FF FF FF E0 FF FE FF FE FF E0 FF EF FF EF FF FF FF FF FF B7 FF B7 FF B7 FF B7 FF 87 FF B7 FF EF FF E0 FF FF FF FF FF FF FF FF FF FF FF FF FF B7 FF 37 FF B7 FF B7 FF B7 FF FF FF FF FF FF
랜	U+B79C	80 69	0x51A40	FF FF FF FF FF F0 FF FE FF F0 FF F7 FF F7 FF F0 FF FF FF FF FF D7 FF D7 FF D7 FF C7 FF D7 FF 57 FF FF FF FD FF FD FF FD FF FC FF FF FF FF FF FF FF D7 FF D7 FF FF FF FF FF 07 FF FF FF FF FF FF
램	U+B7A8	81 8A	0x56280	FF FF FF FF FF F0 FF FE FF F0 FF F7 FF F7 FF F0 FF FF FF FF FF D7 FF D7 FF D7 FF C7 FF D7 FF 57 FF FF FF FC FF FD FF FD FF FC FF FF FF FF FF FF FF FF FF 07 FF F7 FF F7 FF 07 FF FF FF FF FF FF
러	U+B7EC	81 8C	0x56300	FF FF FF FF FF F0 FF FF FF FF FF F0 FF F7 FF F7 FF FF FF FF FF 6F FF 6F FF 6F FF 6F FF 8F FF EF FF F7 FF F0 FF FF FF FF FF FF FF FF FF FF FF FF FF EF FF 2F FF EF FF EF FF EF FF FF FF FF FF FF
런	U+B7F0	80 18	0x50600	FF FF FF FF FF F0 FF FF FF F0 FF F7 FF F7 FF F0 FF FF FF FF FF 6F FF 6F FF 0F FF EF FF EF FF 6F FF FF FF FB FF FB FF FB FF F8 FF FF FF FF FF FF FF EF FF EF FF FF FF FF FF 0F FF FF FF FF FF FF
럼	U+B7FC	81 8D	0x56340	FF FF FF FF FF F0 FF FF FF F0 FF F7 FF F7 FF F0 FF FF FF FF FF 6F FF 6F FF 0F FF EF FF EF FF 2F FF FF FF F8 FF FB FF FB FF F8 FF FF FF FF FF FF FF FF FF 0F FF EF FF EF FF 0F FF FF FF FF FF FF
렀	U+B800	80 6A	0x51A80	FF FF FF FF FF F0 FF FF FF F0 FF F7 FF F7 FF F0 FF FF FF FF FF 6F FF 6F FF 0F FF EF FF EF FF 2F FF FF FF FD FF FD FF FA FF F7 FF FF FF FF FF FF FF EF FF DF FF DF FF AF FF 77 FF FF FF FF FF FF
렇	U+B807	80 1A	0x50680	FF FF FF FF FF F0 FF FF FF F0 FF F7 FF F0 FF FF FF FF FF FF FF 7F FF 7F FF 1F FF FF FF 3F FF 7F FF F8 FF FF FF F8 FF F9 FF F8 FF FF FF FF FF FF FF 1F FF FF FF 0F FF CF FF 0F FF FF FF FF FF FF
레	U+B808	81 8E	0x56380	FF FF FF FF FF E1 FF FD FF FD FF E1 FF EF FF EF FF FF FF FF FF D7 FF D7 FF D7 FF 17 FF D7 FF D7 FF EF FF E0 FF FF FF FF FF FF FF FF FF FF FF FF FF D7 FF D7 FF D7 FF D7 FF D7 FF FF FF FF FF FF
려	U+B824	81 90	0x56400	FF FF FF FF FF F0 FF FF FF FF FF F0 FF F7 FF F7 FF FF FF FF FF 6F FF 6F FF 0F FF 6F FF EF FF 8F FF F7 FF F0 FF FF FF FF FF FF FF FF FF FF FF FF FF EF FF 2F FF EF FF EF FF EF FF FF FF FF FF FF
력	U+B825	81 91	0x56440	FF FF FF FF FF F0 FF FF FF F0 FF F7 FF F7 FF F0 FF FF FF FF FF 6F FF 0F FF 6F FF 8F FF EF FF 2F FF FF FF F8 FF FF FF FF FF FF FF FF FF FF FF FF FF FF FF 0F FF EF FF EF FF EF FF FF FF FF FF FF
렬	U+B82C	81 93	0x564C0	FF FF FF FF FF F0 FF FF FF F0 FF F7 FF F0 FF FF FF FF FF FF FF 6F FF 0F FF 6F FF 8F FF 6F FF FF FF F8 FF FF FF F8 FF FB FF F8 FF FF FF FF FF FF FF 0F FF EF FF 0F FF FF FF 0F FF FF FF FF FF FF
렴	U+B834	81 94	0x56500	FF FF FF FF FF F0 FF FF FF F0 FF F7 FF F7 FF F0 FF FF FF FF FF 6F FF 0F FF 6F FF 8F FF EF FF 2F FF FF FF F8 FF FB FF FB FF F8 FF FF FF FF FF FF FF FF FF 0F FF EF FF EF FF 0F FF FF FF FF FF FF
렵	U+B835	80 6B	0x51AC0	FF FF FF FF FF F0 FF FF FF F0 FF F7 FF F7 FF F0 FF FF FF FF FF 6F FF 0F FF 6F FF 8F FF EF FF 2F FF FF FF FB FF F8 FF FB FF F8 FF FF FF FF FF FF FF FF FF EF FF 0F FF EF FF 0F FF FF FF FF FF FF
렸	U+B838	81 95	0x56540	FF FF FF FF FF F0 FF FF FF F0 FF F7 FF F7 FF F0 FF FF FF FF FF 6F FF 0F FF 6F FF 8F FF EF FF 2F FF FF FF FD FF FD FF FA FF F7 FF FF FF FF FF FF FF FF FF DF FF DF FF AF FF 77 FF FF FF FF FF FF
령	U+B839	80 6C	0x51B00	FF FF FF FF FF F0 FF FE FF F0 FF F7 FF F7 FF F0 FF FF FF FF FF EF FF 8F FF EF FF 8F FF EF FF 6F FF FF FF FC FF F9 FF F9 FF FC FF FF FF FF FF FF FF FF FF 1F FF CF FF CF FF 1F FF FF FF FF FF FF
례	U+B840	81 97	0x565C0	FF FF FF FF FF E1 FF FD FF FD FF E1 FF EF FF EF FF FF FF FF FF D7 FF D7 FF 17 FF D7 FF D7 FF 17 FF EF FF E0 FF FF FF FF FF FF FF FF FF FF FF FF FF D7 FF D7 FF D7 FF D7 FF D7 FF FF FF FF FF FF
로	U+B85C	81 9B	0x566C0	FF FF FF FF FF FF FF F8 FF FF FF F8 FF FB FF FB FF FF FF FF FF FF FF 0F FF EF FF 0F FF FF FF FF FF F8 FF FF FF FF FF E0 FF FF FF FF FF FF FF FF FF 0F FF 7F FF 7F FF 07 FF FF FF FF FF FF FF FF
록	U+B85D	81 9D	0x56740	FF FF FF FF FF F8 FF FF FF F8 FF FB FF F8 FF FF FF FF FF FF FF 0F FF EF FF 0F FF FF FF 0F FF 7F FF E0 FF FF FF F0 FF FF FF FF FF FF FF FF FF FF FF 07 FF FF FF 0F FF EF FF EF FF FF FF FF FF FF
론	U+B860	81 9F	0x567C0	FF FF FF FF FF F8 FF FF FF F8 FF FB FF F8 FF FF FF FF FF FF FF 1F FF DF FF 1F FF FF FF 1F FF 7F FF E0 FF FF FF FB FF FB FF F8 FF FF FF FF FF FF FF 07 FF FF FF FF FF FF FF 1F FF FF FF FF FF FF
롭	U+B86D	80 6D	0x51B40	FF FF FF FF FF F8 FF FF FF F8 FF FB FF F8 FF FF FF FF FF FF FF 0F FF EF FF 0F FF FF FF 0F FF 7F FF E0 FF FB FF F8 FF FB FF F8 FF FF FF FF FF FF FF 07 FF EF FF 0F FF EF FF 0F FF FF FF FF FF FF
르	U+B974	81 A0	0x56800	FF FF FF FF FF FF FF F8 FF FF FF F8 FF FB FF FB FF FF FF FF FF FF FF 0F FF EF FF 0F FF FF FF FF FF F8 FF FF FF FF FF E0 FF FF FF FF FF FF FF FF FF 0F FF FF FF FF FF 07 FF FF FF FF FF FF FF FF
른	U+B978	80 6E	0x51B80	FF FF FF FF FF F8 FF FF FF F8 FF FB FF F8 FF FF FF FF FF FF FF 1F FF DF FF 1F FF FF FF 1F FF FF FF E0 FF FF FF FB FF FB FF F8 FF FF FF FF FF FF FF 07 FF FF FF FF FF FF FF 1F FF FF FF FF FF FF
를	U+B97C	81 A1	0x56840	FF FF FF FF FF F8 FF FF FF F8 FF FB FF E0 FF FF FF FF FF FF FF 0F FF EF FF 0F FF FF FF 07 FF FF FF F8 FF FF FF F8 FF FB FF F8 FF FF FF FF FF FF FF 0F FF EF FF 0F FF FF FF 0F FF FF FF FF FF FF
름	U+B984	81 A3	0x568C0	FF FF FF FF FF F8 FF FF FF F8 FF FB FF F8 FF FF FF FF FF FF FF 0F FF EF FF 0F FF FF FF 0F FF FF FF E0 FF FF FF F8 FF FB FF F8 FF FF FF FF FF FF FF 07 FF FF FF 0F FF EF FF 0F FF FF FF FF FF FF
리	U+B9AC	81 A4	0x56900	FF FF FF FF FF F0 FF FF FF FF FF F0 FF F7 FF F7 FF FF FF FF FF 6F FF 6F FF 6F FF 6F FF EF FF EF FF F7 FF F0 FF FF FF FF FF FF FF FF FF FF FF FF FF EF FF 2F FF EF FF EF FF EF FF FF FF FF FF FF
린	U+B9B0	81 A5	0x56940	FF FF FF FF FF F0 FF FF FF F0 FF F7 FF F7 FF F0 FF FF FF FF FF 6F FF 6F FF 6F FF EF FF EF FF 2F FF FF FF FB FF FB FF FB FF F8 FF FF FF FF FF FF FF EF FF EF FF FF FF FF FF 0F FF FF FF FF FF FF
릴	U+B9B4	81 A6	0x56980	FF FF FF FF FF F0 FF FF FF F0 FF F7 FF F0 FF FF FF FF FF FF FF 6F FF 6F FF 6F FF EF FF 2F FF FF FF F8 FF FF FF F8 FF FB FF F8 FF FF FF FF FF FF FF 0F FF EF FF 0F FF FF FF 0F FF FF FF FF FF FF
림	U+B9BC	81 A7	0x569C0	FF FF FF FF FF F0 FF FF FF F0 FF F7 FF F7 FF F0 FF FF FF FF FF 6F FF 6F FF 6F FF EF FF EF FF 2F FF FF FF F8 FF FB FF FB FF F8 FF FF FF FF FF FF FF FF FF 0F FF EF FF EF FF 0F FF FF FF FF FF FF
마	U+B9C8	81 A8	0x56A00	FF FF FF FF FF F0 FF F7 FF F7 FF F7 FF F7 FF F7 FF FF FF FF FF 6F FF 6F FF 6F FF 6F FF 63 FF 6F FF F7 FF F0 FF FF FF FF FF FF FF FF FF FF FF FF FF 6F FF 6F FF EF FF EF FF EF FF FF FF FF FF FF
막	U+B9C9	80 6F	0x51BC0	FF FF FF FF FF E0 FF EE FF EE FF EE FF E0 FF FF FF FF FF FF FF DF FF DF FF C7 FF DF FF DF FF DF FF FF FF F0 FF FF FF FF FF FF FF FF FF FF FF FF FF FF FF 1F FF DF FF DF FF DF FF FF FF FF FF FF
만	U+B9CC	81 AA	0x56A80	FF FF FF FF FF E0 FF EE FF EE FF EE FF EE FF E0 FF FF FF FF FF DF FF DF FF DF FF C7 FF DF FF DF FF FF FF F7 FF F7 FF F7 FF F0 FF FF FF FF FF FF FF DF FF DF FF FF FF FF FF 0F FF FF FF FF FF FF
많	U+B9CE	81 AB	0x56AC0	FF FF FF FF FF E0 FF EE FF EE FF EE FF E0 FF FF FF FF FF FF FF DF FF DF FF C7 FF DF FF DF FF BF FF F6 FF F7 FF F6 FF F6 FF F0 FF FF FF FF FF FF FF 0F FF FF FF 0F FF 4F FF 0F FF FF FF FF FF FF
말	U+B9D0	81 AC	0x56B00	FF FF FF FF FF E0 FF EE FF EE FF EE FF E0 FF FF FF FF FF FF FF DF FF DF FF C7 FF DF FF DF FF FF FF F0 FF FF FF F0 FF F7 FF F0 FF FF FF FF FF FF FF 1F FF DF FF 1F FF FF FF 1F FF FF FF FF FF FF
맙	U+B9D9	80 70	0x51C00	FF FF FF FF FF E0 FF EE FF EE FF EE FF E0 FF FF FF FF FF FF FF DF FF DF FF C7 FF DF FF DF FF DF FF FF FF F7 FF F0 FF F7 FF F0 FF FF FF FF FF FF FF FF FF DF FF 1F FF DF FF 1F FF FF FF FF FF FF
망	U+B9DD	81 AD	0x56B40	FF FF FF FF FF E0 FF EE FF EE FF EE FF E0 FF FF FF FF FF FF FF DF FF DF FF C7 FF DF FF DF FF DF FF FF FF F8 FF F3 FF F3 FF F8 FF FF FF FF FF FF FF FF FF 1F FF CF FF CF FF 1F FF FF FF FF FF FF
맞	U+B9DE	81 AE	0x56B80	FF FF FF FF FF E0 FF EE FF EE FF EE FF E0 FF FF FF FF FF FF FF DF FF DF FF C7 FF DF FF DF FF DF FF FF FF F0 FF FC FF F9 FF E3 FF FF FF FF FF FF FF FF FF 0F FF 7F FF 3F FF 8F FF FF FF FF FF FF
맡	U+B9E1	80 73	0x51CC0	FF FF FF FF FF E0 FF EE FF EE FF EE FF E0 FF FF FF FF FF FF FF FF FF FF FF C7 FF FF FF FF FF FF FF F0 FF F7 FF F0 FF F7 FF F0 FF FF FF FF FF FF FF 3F FF FF FF 3F FF FF FF 3F FF FF FF FF FF FF
매	U+B9E4	80 75	0x51D40	FF FF FF FF FF E0 FF EE FF EE FF EE FF EE FF EE FF FF FF FF FF B7 FF B7 FF B7 FF B7 FF 87 FF B7 FF EE FF E0 FF FF FF FF FF FF FF FF FF FF FF FF FF B7 FF B7 FF B7 FF B7 FF B7 FF FF FF FF FF FF
머	U+BA38	81 AF	0x56BC0	FF FF FF FF FF F0 FF F7 FF F7 FF F7 FF F7 FF F7 FF FF FF FF FF 6F FF 6F FF 6F FF 0F FF 6F FF 6F FF F7 FF F0 FF FF FF FF FF FF FF FF FF FF FF FF FF 6F FF 6F FF EF FF EF FF EF FF FF FF FF FF FF
먼	U+BA3C	81 B0	0x56C00	FF FF FF FF FF F0 FF F7 FF F7 FF F7 FF F7 FF F0 FF FF FF FF FF 6F FF 6F FF 0F FF 6F FF 6F FF 6F FF FF FF FB FF FB FF FB FF F8 FF FF FF FF FF FF FF EF FF EF FF FF FF FF FF 0F FF FF FF FF FF FF
멋	U+BA4B	80 79	0x51E40	FF FF FF FF FF F0 FF F7 FF F7 FF F7 FF F7 FF F0 FF FF FF FF FF 6F FF 6F FF 0F FF 6F FF 6F FF 6F FF FF FF FF FF FE FF F8 FF F3 FF FF FF FF FF FF FF EF FF 7F FF 3F FF 8F FF E7 FF FF FF FF FF FF
멍	U+BA4D	81 B2	0x56C80	FF FF FF FF FF F0 FF F7 FF F7 FF F7 FF F0 FF FF FF FF FF FF FF 6F FF 6F FF 0F FF 6F FF 6F FF EF FF FF FF FC FF F9 FF F9 FF FC FF FF FF FF FF FF FF FF FF 1F FF CF FF CF FF 1F FF FF FF FF FF FF
메	U+BA54	81 B4	0x56D00	FF FF FF FF FF E0 FF EE FF EE FF EE FF EE FF EE FF FF FF FF FF D7 FF D7 FF D7 FF 17 FF D7 FF D7 FF EE FF E0 FF FF FF FF FF FF FF FF FF FF FF FF FF D7 FF D7 FF D7 FF D7 FF D7 FF FF FF FF FF FF
며	U+BA70	81 BC	0x56F00	FF FF FF FF FF E0 FF EF FF EF FF EF FF EF FF EF FF FF FF FF FF 6F FF 6F FF 0F FF 6F FF 6F FF 0F FF EF FF E0 FF FF FF FF FF FF FF FF FF FF FF FF FF 6F FF 6F FF EF FF EF FF EF FF FF FF FF FF FF
면	U+BA74	81 BD	0x56F40	FF FF FF FF FF F0 FF F7 FF F7 FF F7 FF F7 FF F0 FF FF FF FF FF 6F FF 0F FF 6F FF 6F FF 0F FF 6F FF FF FF FB FF FB FF FB FF F8 FF FF FF FF FF FF FF EF FF EF FF FF FF FF FF 0F FF FF FF FF FF FF
명	U+BA85	81 BE	0x56F80	FF FF FF FF FF F0 FF F7 FF F7 FF F7 FF F0 FF FF FF FF FF FF FF 6F FF 0F FF 6F FF 0F FF 6F FF EF FF FF FF FC FF F9 FF F9 FF FC FF FF FF FF FF FF FF FF FF 1F FF CF FF CF FF 1F FF FF FF FF FF FF
모	U+BAA8	81 BF	0x56FC0	FF FF FF FF FF FF FF F8 FF FB FF FB FF FB FF FB FF FF FF FF FF FF FF 1F FF DF FF DF FF DF FF DF FF F8 FF FF FF FF FF E0 FF FF FF FF FF FF FF FF FF 1F FF 7F FF 7F FF 07 FF FF FF FF FF FF FF FF
목	U+BAA9	81 C0	0x57000	FF FF FF FF FF F8 FF FB FF FB FF F8 FF FF FF E0 FF FF FF FF FF 0F FF EF FF EF FF 0F FF 7F FF 07 FF FF FF F0 FF FF FF FF FF FF FF FF FF FF FF FF FF FF FF 0F FF EF FF EF FF EF FF FF FF FF FF FF
몫	U+BAAB	81 C1	0x57040	FF FF FF FF FF F8 FF FB FF FB FF F8 FF FF FF E0 FF FF FF FF FF 0F FF EF FF EF FF 0F FF 7F FF 07 FF FF FF F0 FF FE FF FE FF FE FF FF FF FF FF FF FF FF FF DF FF 9F FF 0F FF 6F FF FF FF FF FF FF
몰	U+BAB0	81 C2	0x57080	FF FF FF FF FF F8 FF FB FF F8 FF FF FF E0 FF FF FF FF FF FF FF 0F FF EF FF 0F FF 7F FF 07 FF FF FF F8 FF FF FF F8 FF FB FF F8 FF FF FF FF FF FF FF 0F FF EF FF 0F FF FF FF 0F FF FF FF FF FF FF
몸	U+BAB8	81 C3	0x570C0	FF FF FF FF FF F8 FF FB FF FB FF F8 FF FF FF E0 FF FF FF FF FF 0F FF EF FF EF FF 0F FF 7F FF 07 FF FF FF F8 FF FB FF FB FF F8 FF FF FF FF FF FF FF FF FF 0F FF EF FF EF FF 0F FF FF FF FF FF FF
못	U+BABB	81 C4	0x57100	FF FF FF FF FF F8 FF FB FF FB FF F8 FF FF FF E0 FF FF FF FF FF 1F FF DF FF DF FF 1F FF 7F FF 07 FF FF FF FF FF FE FF FD FF F3 FF FF FF FF FF FF FF FF FF 7F FF 3F FF 9F FF CF FF FF FF FF FF FF
무	U+BB34	81 C5	0x57140	FF FF FF FF FF F8 FF FB FF FB FF FB FF F8 FF FF FF FF FF FF FF 0F FF EF FF EF FF EF FF 0F FF FF FF E0 FF FF FF FF FF FF FF FF FF FF FF FF FF FF FF 07 FF 7F FF 7F FF 7F FF 7F FF FF FF FF FF FF
문	U+BB38	81 D9	0x57640	FF FF FF FF FF F8 FF FB FF FB FF F8 FF FF FF E0 FF FF FF FF FF 1F FF DF FF DF FF 1F FF FF FF 07 FF FF FF FB FF FB FF FB FF F8 FF FF FF FF FF FF FF 7F FF 7F FF 7F FF FF FF 0F FF FF FF FF FF FF
물	U+BB3C	81 DB	0x576C0	FF FF FF FF FF F8 FF FB FF F8 FF FF FF E0 FF FF FF FF FF FF FF 0F FF EF FF 0F FF FF FF 07 FF 7F FF F8 FF FF FF F8 FF FB FF F8 FF FF FF FF FF FF FF 0F FF EF FF 0F FF FF FF 0F FF FF FF FF FF FF
뭐	U+BB50	81 DD	0x57740	FF FF FF FF FF F0 FF F7 FF F7 FF F0 FF FF FF E0 FF FF FF FF FF 6F FF 6F FF 6F FF 6F FF EF FF 2F FF FD FF FD FF FD FF FD FF FD FF FF FF FF FF FF FF EF FF 8F FF EF FF EF FF EF FF FF FF FF FF FF
뭔	U+BB54	81 DF	0x577C0	FF FF FF FF FF F0 FF F7 FF F7 FF F0 FF FF FF E0 FF FF FF FF FF 6F FF 6F FF 6F FF 6F FF EF FF 2F FF FD FF FD FF F9 FF FB FF F8 FF FF FF FF FF FF FF EF FF 8F FF EF FF FF FF 0F FF FF FF FF FF FF
미	U+BBF8	81 E0	0x57800	FF FF FF FF FF F0 FF F7 FF F7 FF F7 FF F7 FF F7 FF FF FF FF FF 6F FF 6F FF 6F FF 6F FF 6F FF 6F FF F7 FF F0 FF FF FF FF FF FF FF FF FF FF FF FF FF 6F FF 6F FF EF FF EF FF EF FF FF FF FF FF FF
민	U+BBFC	80 1C	0x50700	FF FF FF FF FF F0 FF F7 FF F7 FF F7 FF F7 FF F0 FF FF FF FF FF 6F FF 6F FF 6F FF 6F FF 6F FF 6F FF FF FF FB FF FB FF FB FF F8 FF FF FF FF FF FF FF EF FF EF FF FF FF FF FF 0F FF FF FF FF FF FF
바	U+BC14	81 E1	0x57840	FF FF FF FF FF EF FF EF FF EF FF E0 FF EF FF EF FF FF FF FF FF 6F FF 6F FF 6F FF 6F FF 63 FF 6F FF EF FF E0 FF FF FF FF FF FF FF FF FF FF FF FF FF 6F FF 6F FF EF FF EF FF EF FF FF FF FF FF FF
박	U+BC15	81 E2	0x57880	FF FF FF FF FF EE FF EE FF E0 FF EE FF EE FF E0 FF FF FF FF FF DF FF DF FF DF FF C7 FF DF FF DF FF FF FF F0 FF FF FF FF FF FF FF FF FF FF FF FF FF FF FF 1F FF DF FF DF FF DF FF FF FF FF FF FF
밖	U+BC16	81 E3	0x578C0	FF FF FF FF FF EE FF EE FF E0 FF EE FF EE FF E0 FF FF FF FF FF DF FF DF FF DF FF C7 FF DF FF DF FF FF FF F1 FF FD FF FD FF FD FF FF FF FF FF FF FF FF FF 1F FF DF FF DF FF DF FF FF FF FF FF FF
반	U+BC18	81 E4	0x57900	FF FF FF FF FF EE FF EE FF E0 FF EE FF EE FF E0 FF FF FF FF FF DF FF DF FF DF FF C7 FF DF FF DF FF FF FF F7 FF F7 FF F7 FF F0 FF FF FF FF FF FF FF DF FF DF FF FF FF FF FF 0F FF FF FF FF FF FF
받	U+BC1B	81 E5	0x57940	FF FF FF FF FF EE FF EE FF E0 FF EE FF EE FF E0 FF FF FF FF FF FF FF FF FF C7 FF FF FF FF FF FF FF FF FF F0 FF F7 FF F7 FF F0 FF FF FF FF FF FF FF FF FF 3F FF FF FF FF FF 3F FF FF FF FF FF FF
발	U+BC1C	81 E7	0x579C0	FF FF FF FF FF EE FF EE FF E0 FF EE FF E0 FF FF FF FF FF FF FF DF FF DF FF C7 FF DF FF DF FF FF FF F0 FF FF FF F0 FF F7 FF F0 FF FF FF FF FF FF FF 1F FF DF FF 1F FF FF FF 1F FF FF FF FF FF FF
밝	U+BC1D	81 E8	0x57A00	FF FF FF FF FF EE FF EE FF E0 FF EE FF E0 FF FF FF FF FF FF FF DF FF DF FF C7 FF DF FF DF FF FF FF F0 FF FE FF F0 FF F7 FF F0 FF FF FF FF FF FF FF 1F FF DF FF DF FF DF FF DF FF FF FF FF FF FF
방	U+BC29	81 E9	0x57A40	FF FF FF FF FF EE FF EE FF E0 FF EE FF EE FF E0 FF FF FF FF FF DF FF DF FF DF FF C7 FF DF FF DF FF FF FF F8 FF F3 FF F3 FF F8 FF FF FF FF FF FF FF FF FF 1F FF CF FF CF FF 1F FF FF FF FF FF FF
배	U+BC30	80 7A	0x51E80	FF FF FF FF FF EE FF EE FF EE FF E0 FF EE FF EE FF FF FF FF FF B7 FF B7 FF B7 FF B7 FF 87 FF B7 FF EE FF E0 FF FF FF FF FF FF FF FF FF FF FF FF FF B7 FF B7 FF B7 FF B7 FF B7 FF FF FF FF FF FF
버	U+BC84	81 EA	0x57A80	FF FF FF FF FF F7 FF F7 FF F7 FF F0 FF F7 FF F7 FF FF FF FF FF 6F FF 6F FF 6F FF 0F FF 6F FF 6F FF F7 FF F0 FF FF FF FF FF FF FF FF FF FF FF FF FF 6F FF 6F FF EF FF EF FF EF FF FF FF FF FF FF
번	U+BC88	81 EC	0x57B00	FF FF FF FF FF F7 FF F7 FF F0 FF F7 FF F7 FF F0 FF FF FF FF FF 6F FF 6F FF 6F FF 0F FF 6F FF 6F FF FF FF FB FF FB FF FB FF F8 FF FF FF FF FF FF FF EF FF EF FF FF FF FF FF 0F FF FF FF FF FF FF
벌	U+BC8C	81 ED	0x57B40	FF FF FF FF FF F7 FF F7 FF F0 FF F7 FF F0 FF FF FF FF FF FF FF 6F FF 6F FF 0F FF 6F FF 6F FF FF FF F8 FF FF FF F8 FF FB FF F8 FF FF FF FF FF FF FF 0F FF EF FF 0F FF FF FF 0F FF FF FF FF FF FF
법	U+BC95	81 EE	0x57B80	FF FF FF FF FF F7 FF F7 FF F0 FF F7 FF F7 FF F0 FF FF FF FF FF 6F FF 6F FF 0F FF 6F FF 6F FF 6F FF FF FF FB FF F8 FF FB FF F8 FF FF FF FF FF FF FF FF FF EF FF 0F FF EF FF 0F FF FF FF FF FF FF
벨	U+BCA8	81 EF	0x57BC0	FF FF FF FF FF EE FF EE FF E0 FF EE FF E0 FF FF FF FF FF FF FF D7 FF D7 FF 17 FF D7 FF D7 FF FF FF F8 FF FF FF F8 FF FB FF F8 FF FF FF FF FF FF FF 07 FF F7 FF 07 FF FF FF 07 FF FF FF FF FF FF
벽	U+BCBD	81 F1	0x57C40	FF FF FF FF FF F7 FF F7 FF F0 FF F7 FF F7 FF F0 FF FF FF FF FF 6F FF 6F FF 0F FF 6F FF 0F FF 6F FF FF FF F8 FF FF FF FF FF FF FF FF FF FF FF FF FF FF FF 0F FF EF FF EF FF EF FF FF FF FF FF FF
변	U+BCC0	81 F3	0x57CC0	FF FF FF FF FF F7 FF F7 FF F0 FF F7 FF F7 FF F0 FF FF FF FF FF 6F FF 6F FF 0F FF 6F FF 0F FF 6F FF FF FF FB FF FB FF FB FF F8 FF FF FF FF FF FF FF EF FF EF FF FF FF FF FF 0F FF FF FF FF FF FF
별	U+BCC4	81 F5	0x57D40	FF FF FF FF FF F7 FF F7 FF F0 FF F7 FF F0 FF FF FF FF FF FF FF 6F FF 0F FF 6F FF 0F FF 6F FF FF FF F8 FF FF FF F8 FF FB FF F8 FF FF FF FF FF FF FF 0F FF EF FF 0F FF FF FF 0F FF FF FF FF FF FF
보	U+BCF4	81 F9	0x57E40	FF FF FF FF FF FF FF FB FF FB FF F8 FF FB FF FB FF FF FF FF FF FF FF EF FF EF FF 0F FF EF FF EF FF F8 FF FF FF FF FF E0 FF FF FF FF FF FF FF FF FF 0F FF 7F FF 7F FF 07 FF FF FF FF FF FF FF FF
복	U+BCF5	81 FA	0x57E80	FF FF FF FF FF FB FF F8 FF FB FF F8 FF FF FF E0 FF FF FF FF FF EF FF 0F FF EF FF 0F FF 7F FF 07 FF FF FF F0 FF FF FF FF FF FF FF FF FF FF FF FF FF FF FF 0F FF EF FF EF FF EF FF FF FF FF FF FF
볼	U+BCFC	81 FC	0x57F00	FF FF FF FF FF FB FF F8 FF FB FF F8 FF FF FF E0 FF FF FF FF FF EF FF 0F FF EF FF 0F FF 7F FF 07 FF FF FF F8 FF FF FF F8 FF FB FF F8 FF FF FF FF FF FF FF 0F FF EF FF 0F FF FF FF 0F FF FF FF FF
봇	U+BD07	81 FD	0x57F40	FF FF FF FF FF FB FF F8 FF FB FF F8 FF FF FF E0 FF FF FF FF FF DF FF 1F FF DF FF 1F FF 7F FF 07 FF FF FF FF FF FE FF F9 FF F3 FF FF FF FF FF FF FF FF FF 7F FF 3F FF 9F FF CF FF FF FF FF FF FF
봐	U+BD10	80 7B	0x51EC0	FF FF FF FF FF F7 FF F7 FF F0 FF F7 FF F7 FF F0 FF FF FF FF FF AF FF AF FF 2F FF AF FF A3 FF 2F FF FD FF FD FF E0 FF FF FF FF FF FF FF FF FF FF FF EF FF EF FF 0F FF EF FF EF FF FF FF FF FF FF
봤	U+BD24	80 7C	0x51F00	FF FF FF FF FF F7 FF F0 FF F7 FF F0 FF FD FF E0 FF FF FF FF FF AF FF 2F FF AF FF 23 FF EF FF 0F FF FF FF FD FF F9 FF F0 FF E7 FF FF FF FF FF FF FF EF FF DF FF DF FF AF FF 77 FF FF FF FF FF FF
부	U+BD80	81 FE	0x57F80	FF FF FF FF FF FB FF FB FF F8 FF FB FF F8 FF FF FF FF FF FF FF EF FF EF FF 0F FF EF FF 0F FF FF FF E0 FF FF FF FF FF FF FF FF FF FF FF FF FF FF FF 07 FF 7F FF 7F FF 7F FF 7F FF FF FF FF FF FF
분	U+BD84	81 FF	0x57FC0	FF FF FF FF FF FB FF FB FF F8 FF FB FF F8 FF FF FF FF FF FF FF DF FF DF FF 1F FF DF FF 1F FF FF FF E0 FF FF FF FB FF FB FF F8 FF FF FF FF FF FF FF 07 FF 7F FF 7F FF FF FF 0F FF FF FF FF FF FF
불	U+BD88	82 02	0x60080	FF FF FF FF FF FB FF F8 FF FB FF F8 FF FF FF E0 FF FF FF FF FF EF FF 0F FF EF FF 0F FF FF FF 07 FF FF FF F8 FF FF FF F8 FF FB FF F8 FF FF FF FF FF 7F FF 0F FF EF FF 0F FF FF FF 0F FF FF FF FF
붙	U+BD99	80 7F	0x51FC0	FF FF FF FF FF FB FF F8 FF FB FF F8 FF FF FF E0 FF FF FF FF FF DF FF 1F FF DF FF 1F FF FF FF 07 FF FF FF F8 FF FB FF F8 FF FB FF F8 FF FF FF FF FF 7F FF 1F FF FF FF 1F FF FF FF 1F FF FF FF FF
비	U+BE44	82 08	0x60200	FF FF FF FF FF F7 FF F7 FF F7 FF F0 FF F7 FF F7 FF FF FF FF FF 6F FF 6F FF 6F FF 6F FF 6F FF 6F FF F7 FF F0 FF FF FF FF FF FF FF FF FF FF FF FF FF 6F FF 6F FF EF FF EF FF EF FF FF FF FF FF FF
빈	U+BE48	82 0C	0x60300	FF FF FF FF FF F7 FF F7 FF F0 FF F7 FF F7 FF F0 FF FF FF FF FF 6F FF 6F FF 6F FF 6F FF 6F FF 6F FF FF FF FB FF FB FF FB FF F8 FF FF FF FF FF FF FF EF FF EF FF FF FF FF FF 0F FF FF FF FF FF FF
빌	U+BE4C	80 80	0x52000	FF FF FF FF FF F7 FF F7 FF F0 FF F7 FF F0 FF FF FF FF FF FF FF 6F FF 6F FF 6F FF 6F FF 6F FF FF FF F8 FF FF FF F8 FF FB FF F8 FF FF FF FF FF FF FF 0F FF EF FF 0F FF FF FF 0F FF FF FF FF FF FF
빛	U+BE5B	82 0E	0x60380	FF FF FF FF FF F7 FF F7 FF F0 FF F7 FF F0 FF FF FF FF FF FF FF 7F FF 7F FF 7F FF 7F FF 7F FF FF FF FF FF F8 FF FF FF F8 FF F3 FF FF FF FF FF FF FF 7F FF 1F FF FF FF BF FF CF FF FF FF FF FF FF
빠	U+BE60	82 0F	0x603C0	FF FF FF FF FF EA FF EA FF EA FF E2 FF EA FF EA FF FF FF FF FF AF FF AF FF AF FF 2F FF A3 FF AF FF EA FF E2 FF FF FF FF FF FF FF FF FF FF FF FF FF AF FF 2F FF EF FF EF FF EF FF FF FF FF FF FF
빨	U+BE68	82 10	0x60400	FF FF FF FF FF EA FF EA FF E2 FF EA FF E2 FF FF FF FF FF FF FF AF FF AF FF 27 FF AF FF 2F FF FF FF F0 FF FF FF F0 FF F7 FF F0 FF FF FF FF FF FF FF 0F FF EF FF 0F FF FF FF 0F FF FF FF FF FF FF
빼	U+BE7C	80 81	0x52040	FF FF FF FF FF EA FF EA FF EA FF E2 FF EA FF EA FF FF FF FF FF 57 FF 57 FF 57 FF 57 FF 47 FF 57 FF EA FF E2 FF FF FF FF FF FF FF FF FF FF FF FF FF 57 FF 57 FF D7 FF D7 FF D7 FF FF FF FF FF FF
뻐	U+BED0	82 12	0x60480	FF FF FF FF FF EA FF EA FF EA FF E2 FF EA FF EA FF FF FF FF FF AF FF AF FF AF FF 0F FF AF FF AF FF EA FF E2 FF FF FF FF FF FF FF FF FF FF FF FF FF AF FF 2F FF EF FF EF FF EF FF FF FF FF FF FF
뻔	U+BED4	82 13	0x604C0	FF FF FF FF FF EA FF EA FF E2 FF EA FF EA FF E2 FF FF FF FF FF AF FF AF FF 0F FF AF FF AF FF 2F FF FF FF FB FF FB FF FB FF F8 FF FF FF FF FF FF FF EF FF EF FF FF FF FF FF 0F FF FF FF FF FF FF
뿐	U+BFD0	80 82	0x52080	FF FF FF FF FF F6 FF F6 FF F0 FF F6 FF F0 FF FF FF FF FF FF FF 6F FF 6F FF 0F FF 6F FF 0F FF FF FF E0 FF FF FF F7 FF F7 FF F0 FF FF FF FF FF FF FF 07 FF 7F FF 7F FF FF FF 0F FF FF FF FF FF FF
쁘	U+C058	82 14	0x60500	FF FF FF FF FF FF FF F6 FF F6 FF F0 FF F6 FF F6 FF FF FF FF FF FF FF 6F FF 6F FF 0F FF 6F FF 6F FF F0 FF FF FF FF FF E0 FF FF FF FF FF FF FF FF FF 0F FF FF FF FF FF 07 FF FF FF FF FF FF FF FF
쁜	U+C05C	82 15	0x60540	FF FF FF FF FF F6 FF F6 FF F0 FF F6 FF F0 FF FF FF FF FF FF FF 6F FF 6F FF 0F FF 6F FF 0F FF FF FF E0 FF FF FF FB FF FB FF F8 FF FF FF FF FF FF FF 07 FF FF FF FF FF FF FF 0F FF FF FF FF FF FF
사	U+C0AC	82 16	0x60580	FF FF FF FF FF FD FF FD FF FD FF F8 FF F8 FF F2 FF FF FF FF FF EF FF EF FF EF FF EF FF E3 FF 6F FF E7 FF EF FF FF FF FF FF FF FF FF FF FF FF FF FF 2F FF AF FF EF FF EF FF EF FF FF FF FF FF FF
삭	U+C0AD	82 18	0x60600	FF FF FF FF FF FD FF FD FF F9 FF F8 FF F6 FF EF FF FF FF FF FF EF FF EF FF EF FF E7 FF 6F FF 6F FF FF FF F8 FF FF FF FF FF FF FF FF FF FF FF FF FF FF FF 0F FF EF FF EF FF EF FF FF FF FF FF FF
산	U+C0B0	80 1E	0x50780	FF FF FF FF FF FD FF FD FF FD FF F8 FF F6 FF EF FF FF FF FF FF EF FF EF FF EF FF E7 FF 6F FF 6F FF FF FF FB FF FB FF FB FF F8 FF FF FF FF FF FF FF EF FF EF FF FF FF FF FF 0F FF FF FF FF FF FF
살	U+C0B4	82 19	0x60640	FF FF FF FF FF FD FF FD FF F8 FF F2 FF E7 FF FF FF FF FF FF FF EF FF EF FF E7 FF EF FF 6F FF FF FF F8 FF FF FF F8 FF FB FF F8 FF FF FF FF FF FF FF 0F FF EF FF 0F FF FF FF 0F FF FF FF FF FF FF
삿	U+C0BF	82 1A	0x60680	FF FF FF FF FF FD FF FD FF F9 FF F8 FF F6 FF EF FF FF FF FF FF EF FF EF FF EF FF E7 FF 6F FF 6F FF FF FF FE FF FE FF F8 FF F3 FF FF FF FF FF FF FF EF FF FF FF 7F FF 9F FF CF FF FF FF FF FF FF
상	U+C0C1	82 1B	0x606C0	FF FF FF FF FF FD FF FD FF F9 FF F8 FF F6 FF EF FF FF FF FF FF EF FF EF FF EF FF E7 FF 6F FF 6F FF FF FF FC FF F9 FF F9 FF FC FF FF FF FF FF FF FF EF FF 1F FF CF FF CF FF 1F FF FF FF FF FF FF
새	U+C0C8	82 1C	0x60700	FF FF FF FF FF FD FF FD FF FD FF FD FF F8 FF F8 FF FF FF FF FF D7 FF D7 FF D7 FF D7 FF D7 FF C7 FF F6 FF EF FF FF FF FF FF FF FF FF FF FF FF FF FF 57 FF 57 FF D7 FF D7 FF D7 FF FF FF FF FF FF
생	U+C0DD	82 1E	0x60780	FF FF FF FF FF FB FF FB FF FB FF F1 FF E4 FF EE FF FF FF FF FF AF FF AF FF AF FF 8F FF AF FF AF FF FF FF FC FF F9 FF F9 FF FC FF FF FF FF FF FF FF FF FF 1F FF CF FF CF FF 1F FF FF FF FF FF FF
서	U+C11C	82 1F	0x607C0	FF FF FF FF FF FD FF FD FF FD FF F9 FF F8 FF F2 FF FF FF FF FF EF FF EF FF EF FF 8F FF EF FF EF FF E7 FF EF FF FF FF FF FF FF FF FF FF FF FF FF FF 6F FF AF FF EF FF EF FF EF FF FF FF FF FF FF
석	U+C11D	82 21	0x60840	FF FF FF FF FF FD FF FD FF F9 FF F8 FF E6 FF E7 FF FF FF FF FF EF FF EF FF 0F FF EF FF 6F FF 6F FF FF FF F8 FF FF FF FF FF FF FF FF FF FF FF FF FF FF FF 0F FF EF FF EF FF EF FF FF FF FF FF FF
선	U+C120	82 22	0x60880	FF FF FF FF FF FD FF FD FF FD FF F8 FF F6 FF EF FF FF FF FF FF EF FF EF FF 0F FF EF FF EF FF 6F FF FF FF FB FF FB FF FB FF F8 FF FF FF FF FF FF FF EF FF EF FF FF FF FF FF 0F FF FF FF FF FF FF
설	U+C124	82 23	0x608C0	FF FF FF FF FF FD FF FD FF F8 FF F0 FF E6 FF FF FF FF FF FF FF EF FF EF FF 0F FF 6F FF 6F FF FF FF F8 FF FF FF F8 FF FB FF F8 FF FF FF FF FF FF FF 0F FF EF FF 0F FF FF FF 0F FF FF FF FF FF FF
섬	U+C12C	80 21	0x50840	FF FF FF FF FF FD FF FD FF F9 FF F8 FF F6 FF EF FF FF FF FF FF EF FF EF FF 0F FF EF FF EF FF 6F FF FF FF F8 FF FB FF FB FF F8 FF FF FF FF FF FF FF FF FF 0F FF EF FF EF FF 0F FF FF FF FF FF FF
성	U+C131	82 24	0x60900	FF FF FF FF FF FD FF FD FF F9 FF F8 FF F6 FF EF FF FF FF FF FF EF FF EF FF 0F FF EF FF EF FF 6F FF FF FF FC FF F9 FF F9 FF FC FF FF FF FF FF FF FF FF FF 1F FF CF FF CF FF 1F FF FF FF FF FF FF
세	U+C138	82 25	0x60940	FF FF FF FF FF FB FF FB FF FB FF FA FF F1 FF F5 FF FF FF FF FF AF FF AF FF AF FF 2F FF AF FF AF FF F4 FF EE FF FF FF FF FF FF FF FF FF FF FF FF FF AF FF AF FF AF FF AF FF AF FF FF FF FF FF FF
셔	U+C154	80 84	0x52100	FF FF FF FF FF FD FF FD FF FD FF FD FF F8 FF FA FF FF FF FF FF EF FF EF FF 8F FF EF FF EF FF 8F FF F7 FF E7 FF FF FF FF FF FF FF FF FF FF FF FF FF 6F FF AF FF EF FF EF FF EF FF FF FF FF FF FF
소	U+C18C	82 26	0x60980	FF FF FF FF FF FF FF FF FF FE FF FE FF F9 FF E7 FF FF FF FF FF FF FF 7F FF 7F FF 3F FF 8F FF E7 FF FF FF FF FF FF FF E0 FF FF FF FF FF FF FF FF FF 7F FF 7F FF 7F FF 07 FF FF FF FF FF FF FF FF
속	U+C18D	82 27	0x609C0	FF FF FF FF FF FF FF FE FF F8 FF F3 FF FF FF E0 FF FF FF FF FF 7F FF 3F FF 1F FF 4F FF 7F FF 07 FF FF FF F0 FF FF FF FF FF FF FF FF FF FF FF FF FF FF FF 0F FF EF FF EF FF EF FF FF FF FF FF FF
손	U+C190	80 23	0x508C0	FF FF FF FF FF FF FF FE FF F9 FF F3 FF FF FF E0 FF FF FF FF FF 7F FF 3F FF 9F FF 4F FF 7F FF 07 FF FF FF FB FF FB FF FB FF F8 FF FF FF FF FF FF FF FF FF FF FF FF FF FF FF 0F FF FF FF FF FF FF
솔	U+C194	80 26	0x50980	FF FF FF FF FF FF FF FC FF F1 FF FF FF E0 FF FF FF FF FF FF FF 7F FF 1F FF 8F FF 7F FF 07 FF FF FF F8 FF FF FF F8 FF FB FF F8 FF FF FF FF FF FF FF 0F FF EF FF 0F FF FF FF 0F FF FF FF FF FF FF
송	U+C1A1	80 87	0x521C0	FF FF FF FF FF FF FF FE FF F9 FF F3 FF FF FF E0 FF FF FF FF FF 7F FF 3F FF 9F FF 4F FF 7F FF 07 FF FF FF FC FF F9 FF F9 FF FC FF FF FF FF FF FF FF FF FF 1F FF CF FF CF FF 1F FF FF FF FF FF FF
쇠	U+C1E0	80 88	0x52200	FF FF FF FF FF FD FF FD FF F8 FF F2 FF E7 FF FF FF FF FF FF FF EF FF EF FF EF FF 6F FF 2F FF EF FF FD FF FD FF E0 FF FF FF FF FF FF FF FF FF FF FF EF FF EF FF 2F FF EF FF EF FF FF FF FF FF FF
쇼	U+C1FC	82 2B	0x60AC0	FF FF FF FF FF FF FF FF FF FE FF FE FF F9 FF E7 FF FF FF FF FF FF FF 7F FF 7F FF 3F FF 8F FF E7 FF FD FF FD FF FD FF E0 FF FF FF FF FF FF FF FF FF BF FF BF FF BF FF 07 FF FF FF FF FF FF FF FF
수	U+C218	82 2C	0x60B00	FF FF FF FF FF FF FF FE FF F8 FF E3 FF FF FF FF FF FF FF FF FF 7F FF 3F FF 1F FF C7 FF FF FF FF FF E0 FF FF FF FF FF FF FF FF FF FF FF FF FF FF FF 07 FF 7F FF 7F FF 7F FF 7F FF FF FF FF FF FF
술	U+C220	80 89	0x52240	FF FF FF FF FF FF FF FC FF F1 FF FF FF E0 FF FF FF FF FF FF FF 7F FF 1F FF CF FF FF FF 07 FF 7F FF F8 FF FF FF F8 FF FB FF F8 FF FF FF FF FF FF FF 0F FF EF FF 0F FF FF FF 0F FF FF FF FF FF FF
숨	U+C228	82 2D	0x60B40	FF FF FF FF FF FF FF FE FF F9 FF F3 FF FF FF E0 FF FF FF FF FF 7F FF 3F FF 9F FF CF FF FF FF 07 FF FF FF F8 FF FB FF FB FF F8 FF FF FF FF FF FF FF 7F FF 0F FF EF FF EF FF 0F FF FF FF FF FF FF
숲	U+C232	82 2F	0x60BC0	FF FF FF FF FF FF FF FE FF F9 FF F3 FF FF FF E0 FF FF FF FF FF 7F FF 3F FF 9F FF CF FF FF FF 07 FF FF FF F0 FF FD FF FD FF F0 FF FF FF FF FF FF FF 7F FF 0F FF BF FF BF FF 0F FF FF FF FF FF FF
숴	U+C234	80 8C	0x52300	FF FF FF FF FF FD FF FD FF F8 FF F2 FF E7 FF FF FF FF FF FF FF EF FF EF FF EF FF 6F FF 2F FF EF FF E0 FF FD FF FD FF FD FF FD FF FF FF FF FF FF FF 2F FF EF FF 8F FF EF FF EF FF FF FF FF FF FF
쉬	U+C26C	82 30	0x60C00	FF FF FF FF FF FD FF FD FF F8 FF F2 FF E7 FF FF FF FF FF FF FF EF FF EF FF EF FF 6F FF 2F FF EF FF E0 FF FD FF FD FF FD FF FD FF FF FF FF FF FF FF 2F FF EF FF EF FF EF FF EF FF FF FF FF FF FF
쉴	U+C274	80 8D	0x52340	FF FF FF FF FF FD FF F8 FF E3 FF FF FF E0 FF FD FF FF FF FF FF EF FF EF FF 2F FF EF FF 2F FF FF FF F8 FF FF FF F8 FF FB FF F8 FF FF FF FF FF FF FF 0F FF EF FF 0F FF FF FF 0F FF FF FF FF FF FF
쉽	U+C27D	80 8E	0x52380	FF FF FF FF FF FD FF F8 FF E3 FF FF FF E0 FF FD FF FF FF FF FF EF FF EF FF 2F FF EF FF 2F FF EF FF FD FF FB FF F8 FF FB FF F8 FF FF FF FF FF FF FF FF FF EF FF 0F FF EF FF 0F FF FF FF FF FF FF
쉿	U+C27F	80 8F	0x523C0	FF FF FF FF FF FD FF FC FF F8 FF F3 FF FF FF E0 FF FF FF FF FF EF FF EF FF 6F FF 2F FF EF FF 0F FF FD FF FD FF FE FF FC FF F1 FF FF FF FF FF FF FF EF FF 6F FF 3F FF 8F FF C7 FF FF FF FF FF FF
스	U+C2A4	82 31	0x60C40	FF FF FF FF FF FF FF FF FF FE FF FE FF F9 FF E7 FF FF FF FF FF FF FF 7F FF 7F FF 3F FF 8F FF E7 FF FF FF FF FF FF FF E0 FF FF FF FF FF FF FF FF FF FF FF FF FF FF FF 07 FF FF FF FF FF FF FF FF
슨	U+C2A8	82 32	0x60C80	FF FF FF FF FF FF FF FE FF FC FF F3 FF FF FF FF FF FF FF FF FF 7F FF 3F FF 1F FF CF FF FF FF FF FF E0 FF FF FF FB FF FB FF F8 FF FF FF FF FF FF FF 07 FF FF FF FF FF FF FF 0F FF FF FF FF FF FF
슬	U+C2AC	82 35	0x60D40	FF FF FF FF FF FF FF FC FF F1 FF FF FF E0 FF FF FF FF FF FF FF 7F FF 1F FF 8F FF FF FF 07 FF FF FF F8 FF FF FF F8 FF FB FF F8 FF FF FF FF FF FF FF 0F FF EF FF 0F FF FF FF 0F FF FF FF FF FF FF
습	U+C2B5	82 36	0x60D80	FF FF FF FF FF FF FF FE FF F9 FF F3 FF FF FF E0 FF FF FF FF FF 7F FF 3F FF 9F FF CF FF FF FF 07 FF FF FF FB FF F8 FF FB FF F8 FF FF FF FF FF FF FF FF FF EF FF 0F FF EF FF 0F FF FF FF FF FF FF
시	U+C2DC	82 37	0x60DC0	FF FF FF FF FF FD FF FD FF FD FF FD FF F8 FF FA FF FF FF FF FF EF FF EF FF EF FF EF FF EF FF EF FF F7 FF E7 FF FF FF FF FF FF FF FF FF FF FF FF FF 6F FF AF FF EF FF EF FF EF FF FF FF FF FF FF
식	U+C2DD	80 98	0x52600	FF FF FF FF FF FD FF FD FF FD FF F8 FF F6 FF EF FF FF FF FF FF EF FF EF FF EF FF EF FF EF FF 6F FF FF FF F8 FF FF FF FF FF FF FF FF FF FF FF FF FF FF FF 0F FF EF FF EF FF EF FF FF FF FF FF FF
신	U+C2E0	82 38	0x60E00	FF FF FF FF FF FD FF FD FF FD FF F8 FF F6 FF E7 FF FF FF FF FF EF FF EF FF EF FF EF FF EF FF 6F FF FF FF FB FF FB FF FB FF F8 FF FF FF FF FF FF FF EF FF EF FF FF FF FF FF 0F FF FF FF FF FF FF
실	U+C2E4	82 39	0x60E40	FF FF FF FF FF FD FF FD FF F8 FF F0 FF E6 FF FF FF FF FF FF FF EF FF EF FF EF FF EF FF 6F FF FF FF F8 FF FF FF F8 FF FB FF F8 FF FF FF FF FF FF FF 0F FF EF FF 0F FF FF FF 0F FF FF FF FF FF FF
싫	U+C2EB	82 3C	0x60F00	FF FF FF FF FF FD FF FD FF F8 FF F0 FF E6 FF FF FF FF FF FF FF FF FF FF FF FF FF FF FF 7F FF FF FF F1 FF FD FF F1 FF F7 FF F1 FF FF FF FF FF FF FF DF FF 1F FF 1F FF 5F FF 1F FF FF FF FF FF FF
심	U+C2EC	82 3E	0x60F80	FF FF FF FF FF FD FF FD FF F9 FF F8 FF F2 FF E7 FF FF FF FF FF EF FF EF FF EF FF EF FF EF FF 6F FF FF FF F8 FF FB FF FB FF F8 FF FF FF FF FF FF FF FF FF 0F FF EF FF EF FF 0F FF FF FF FF FF FF
십	U+C2ED	80 99	0x52640	FF FF FF FF FF FD FF FD FF F9 FF F8 FF F6 FF EF FF FF FF FF FF EF FF EF FF EF FF EF FF EF FF 6F FF FF FF FB FF F8 FF FB FF F8 FF FF FF FF FF FF FF FF FF EF FF 0F FF EF FF 0F FF FF FF FF FF FF
싶	U+C2F6	80 9A	0x52680	FF FF FF FF FF FD FF FD FF F9 FF F8 FF F6 FF E7 FF FF FF FF FF FF FF FF FF FF FF FF FF FF FF 7F FF FF FF F0 FF FD FF FD FF F0 FF FF FF FF FF FF FF FF FF 1F FF DF FF DF FF 1F FF FF FF FF FF FF
써	U+C368	82 3F	0x60FC0	FF FF FF FF FF FA FF FA FF FA FF FA FF F0 FF F4 FF FF FF FF FF EF FF EF FF EF FF 8F FF 6F FF 6F FF E6 FF ED FF FF FF FF FF FF FF FF FF FF FF FF FF 2F FF AF FF EF FF EF FF EF FF FF FF FF FF FF
쓰	U+C4F0	82 40	0x61000	FF FF FF FF FF FF FF FD FF FD FF F9 FF F8 FF F6 FF FF FF FF FF FF FF DF FF DF FF CF FF 8F FF AF FF EF FF FF FF FF FF E0 FF FF FF FF FF FF FF FF FF 77 FF FF FF FF FF 07 FF FF FF FF FF FF FF FF
쓸	U+C4F8	82 43	0x610C0	FF FF FF FF FF FD FF F8 FF E6 FF FF FF E0 FF FF FF FF FF FF FF BF FF 1F FF 6F FF FF FF 07 FF FF FF F8 FF FF FF F8 FF FB FF F8 FF FF FF FF FF FF FF 0F FF EF FF 0F FF FF FF 0F FF FF FF FF FF FF
씨	U+C528	82 44	0x61100	FF FF FF FF FF FB FF FB FF FB FF F9 FF F0 FF F0 FF FF FF FF FF 6F FF 6F FF 6F FF 6F FF 6F FF 2F FF ED FF ED FF FF FF FF FF FF FF FF FF FF FF FF FF 2F FF AF FF EF FF EF FF EF FF FF FF FF FF FF
아	U+C544	82 46	0x61180	FF FF FF FF FF F0 FF E6 FF EF FF EF FF EF FF EF FF FF FF FF FF DF FF 5F FF 5F FF 5F FF 47 FF 5F FF E6 FF F0 FF FF FF FF FF FF FF FF FF FF FF FF FF 5F FF DF FF DF FF DF FF DF FF FF FF FF FF FF
악	U+C545	80 9F	0x527C0	FF FF FF FF FF F0 FF E6 FF EF FF E6 FF F0 FF FF FF FF FF FF FF DF FF 5F FF 47 FF 5F FF DF FF DF FF FF FF F0 FF FF FF FF FF FF FF FF FF FF FF FF FF FF FF 1F FF DF FF DF FF DF FF FF FF FF FF FF
안	U+C548	82 47	0x611C0	FF FF FF FF FF F0 FF E6 FF EF FF EF FF E6 FF F0 FF FF FF FF FF DF FF 5F FF 5F FF 47 FF 5F FF DF FF FF FF F7 FF F7 FF F7 FF F0 FF FF FF FF FF FF FF DF FF DF FF FF FF FF FF 0F FF FF FF FF FF FF
않	U+C54A	80 A0	0x52800	FF FF FF FF FF F0 FF E6 FF EF FF E6 FF F0 FF FF FF FF FF FF FF DF FF 5F FF 47 FF 5F FF DF FF BF FF F6 FF F7 FF F6 FF F6 FF F0 FF FF FF FF FF FF FF 0F FF FF FF 0F FF 4F FF 0F FF FF FF FF FF FF
알	U+C54C	82 49	0x61240	FF FF FF FF FF F0 FF E6 FF EF FF E6 FF F0 FF FF FF FF FF FF FF DF FF 5F FF 47 FF 5F FF DF FF FF FF F8 FF FF FF F8 FF FB FF F8 FF FF FF FF FF FF FF 1F FF DF FF 1F FF FF FF 1F FF FF FF FF FF FF
앗	U+C557	80 A4	0x52900	FF FF FF FF FF F0 FF E6 FF EF FF E6 FF F0 FF FF FF FF FF FF FF DF FF 5F FF 5F FF 47 FF DF FF DF FF FF FF FF FF FE FF FD FF F3 FF FF FF FF FF FF FF DF FF 7F FF 3F FF 9F FF CF FF FF FF FF FF FF
았	U+C558	82 4B	0x612C0	FF FF FF FF FF F0 FF E6 FF EF FF E6 FF F0 FF FF FF FF FF FF FF DF FF 5F FF 47 FF 5F FF DF FF DF FF FF FF FB FF F9 FF F0 FF E6 FF FF FF FF FF FF FF FF FF DF FF 9F FF 0F FF 67 FF FF FF FF FF FF
앙	U+C559	82 4E	0x61380	FF FF FF FF FF F0 FF E6 FF EF FF E6 FF F0 FF FF FF FF FF FF FF DF FF 5F FF 5F FF 47 FF DF FF DF FF FF FF F8 FF F3 FF F3 FF F8 FF FF FF FF FF FF FF FF FF 1F FF CF FF CF FF 1F FF FF FF FF FF FF
앞	U+C55E	80 27	0x509C0	FF FF FF FF FF F0 FF E6 FF EF FF E6 FF F0 FF FF FF FF FF FF FF DF FF 5F FF 5F FF 47 FF DF FF DF FF FF FF F0 FF FD FF FD FF F0 FF FF FF FF FF FF FF FF FF 0F FF BF FF BF FF 0F FF FF FF FF FF FF
액	U+C561	80 A5	0x52940	FF FF FF FF FF F1 FF E4 FF EE FF EE FF E4 FF F1 FF FF FF FF FF AF FF AF FF AF FF 8F FF AF FF AF FF FF FF F8 FF FF FF FF FF FF FF FF FF FF FF FF FF FF FF 0F FF EF FF EF FF EF FF FF FF FF FF FF
야	U+C57C	82 50	0x61400	FF FF FF FF FF F0 FF E6 FF EF FF EF FF EF FF EF FF FF FF FF FF DF FF 5F FF 47 FF 5F FF 5F FF 5F FF E6 FF F0 FF FF FF FF FF FF FF FF FF FF FF FF FF 47 FF DF FF DF FF DF FF DF FF FF FF FF FF FF
약	U+C57D	82 51	0x61440	FF FF FF FF FF F0 FF E6 FF EF FF E6 FF F0 FF FF FF FF FF FF FF DF FF 5F FF 47 FF 5F FF C7 FF DF FF FF FF F0 FF FF FF FF FF FF FF FF FF FF FF FF FF FF FF 1F FF DF FF DF FF DF FF FF FF FF FF FF
얀	U+C580	82 52	0x61480	FF FF FF FF FF F0 FF E6 FF EF FF EF FF E6 FF F0 FF FF FF FF FF DF FF 5F FF 47 FF 5F FF 5F FF C7 FF FF FF FB FF FB FF FB FF F8 FF FF FF FF FF FF FF DF FF DF FF FF FF FF FF 0F FF FF FF FF FF FF
양	U+C591	80 A6	0x52980	FF FF FF FF FF F0 FF E6 FF EF FF E6 FF F0 FF FF FF FF FF FF FF DF FF 47 FF 5F FF 5F FF C7 FF DF FF FF FF F8 FF F3 FF F3 FF F8 FF FF FF FF FF FF FF FF FF 1F FF CF FF CF FF 1F FF FF FF FF FF FF
얕	U+C595	80 A7	0x529C0	FF FF FF FF FF F0 FF E6 FF EF FF E6 FF F0 FF FF FF FF FF FF FF FF FF 47 FF 7F FF 47 FF FF FF FF FF F8 FF FB FF F8 FF FB FF F8 FF FF FF FF FF FF FF 3F FF FF FF 3F FF FF FF 3F FF FF FF FF FF FF
얗	U+C597	82 54	0x61500	FF FF FF FF FF F0 FF E6 FF EF FF E6 FF F0 FF FE FF FF FF FF FF DF FF 47 FF 5F FF 47 FF DF FF FF FF F0 FF FF FF F8 FF F9 FF F8 FF FF FF FF FF FF FF 0F FF FF FF 1F FF 9F FF 1F FF FF FF FF FF FF
얘	U+C598	82 55	0x61540	FF FF FF FF FF F1 FF E4 FF EE FF EE FF EE FF EE FF FF FF FF FF D7 FF D7 FF C7 FF D7 FF D7 FF C7 FF E4 FF F1 FF FF FF FF FF FF FF FF FF FF FF FF FF D7 FF D7 FF D7 FF D7 FF D7 FF FF FF FF FF FF
어	U+C5B4	82 56	0x61580	FF FF FF FF FF F0 FF E6 FF EF FF EF FF EF FF EF FF FF FF FF FF EF FF 6F FF 6F FF 0F FF 6F FF 6F FF E6 FF F0 FF FF FF FF FF FF FF FF FF FF FF FF FF 6F FF EF FF EF FF EF FF EF FF FF FF FF FF FF
억	U+C5B5	82 57	0x615C0	FF FF FF FF FF F8 FF F3 FF F7 FF F3 FF F8 FF FF FF FF FF FF FF 6F FF 2F FF 8F FF 2F FF 6F FF EF FF FF FF F8 FF FF FF FF FF FF FF FF FF FF FF FF FF FF FF 0F FF EF FF EF FF EF FF FF FF FF FF FF
언	U+C5B8	82 58	0x61600	FF FF FF FF FF F8 FF F3 FF F7 FF F7 FF F3 FF F8 FF FF FF FF FF 6F FF 2F FF 8F FF AF FF 2F FF 6F FF FF FF FB FF FB FF FB FF F8 FF FF FF FF FF FF FF EF FF EF FF FF FF FF FF 0F FF FF FF FF FF FF
얻	U+C5BB	82 59	0x61640	FF FF FF FF FF F8 FF F3 FF F7 FF F3 FF F8 FF FF FF FF FF FF FF 7F FF 3F FF 9F FF 3F FF 7F FF FF FF FF FF F8 FF FB FF FB FF F8 FF FF FF FF FF FF FF FF FF 1F FF FF FF FF FF 1F FF FF FF FF FF FF
얼	U+C5BC	80 A8	0x52A00	FF FF FF FF FF F8 FF F2 FF F7 FF F2 FF F8 FF FF FF FF FF FF FF EF FF 6F FF 0F FF 6F FF EF FF FF FF F8 FF FF FF F8 FF FB FF F8 FF FF FF FF FF FF FF 0F FF EF FF 0F FF FF FF 0F FF FF FF FF FF FF
없	U+C5C6	82 5B	0x616C0	FF FF FF FF FF F8 FF F2 FF F7 FF F2 FF F8 FF FF FF FF FF FF FF EF FF 6F FF 0F FF 6F FF EF FF EF FF FF FF FB FF F8 FF FB FF F8 FF FF FF FF FF FF FF FF FF 5F FF 5F FF 0F FF 37 FF FF FF FF FF FF
엇	U+C5C7	82 5D	0x61740	FF FF FF FF FF F8 FF F3 FF F7 FF F3 FF F8 FF FF FF FF FF FF FF 6F FF 2F FF 8F FF 2F FF 6F FF EF FF FF FF FF FF FE FF FC FF F9 FF FF FF FF FF FF FF EF FF 7F FF 3F FF DF FF E7 FF FF FF FF FF FF
었	U+C5C8	82 5E	0x61780	FF FF FF FF FF F0 FF E6 FF EF FF E6 FF F0 FF FF FF FF FF FF FF EF FF 6F FF 0F FF 6F FF EF FF EF FF FF FF FD FF F9 FF F0 FF E6 FF FF FF FF FF FF FF FF FF DF FF 9F FF 0F FF 67 FF FF FF FF FF FF
에	U+C5D0	82 5F	0x617C0	FF FF FF FF FF F1 FF E4 FF EE FF EE FF EE FF EE FF FF FF FF FF D7 FF D7 FF D7 FF 17 FF D7 FF D7 FF E4 FF F1 FF FF FF FF FF FF FF FF FF FF FF FF FF D7 FF D7 FF D7 FF D7 FF D7 FF FF FF FF FF FF
엔	U+C5D4	82 60	0x61800	FF FF FF FF FF F1 FF E4 FF EE FF EE FF E4 FF F1 FF FF FF FF FF AF FF AF FF 2F FF AF FF AF FF AF FF FF FF FB FF FB FF FB FF F8 FF FF FF FF FF FF FF AF FF EF FF FF FF FF FF 0F FF FF FF FF FF FF
여	U+C5EC	82 61	0x61840	FF FF FF FF FF F0 FF E6 FF EF FF EF FF EF FF EF FF FF FF FF FF EF FF EF FF 0F FF 6F FF 6F FF 0F FF E6 FF F0 FF FF FF FF FF FF FF FF FF FF FF FF FF EF FF EF FF EF FF EF FF EF FF FF FF FF FF FF
역	U+C5ED	80 AA	0x52A80	FF FF FF FF FF F8 FF F3 FF F7 FF F3 FF F8 FF FF FF FF FF FF FF 6F FF 0F FF AF FF 0F FF EF FF EF FF FF FF F8 FF FF FF FF FF FF FF FF FF FF FF FF FF FF FF 0F FF EF FF EF FF EF FF FF FF FF FF FF
연	U+C5F0	82 64	0x61900	FF FF FF FF FF F8 FF F3 FF F7 FF F7 FF F3 FF F8 FF FF FF FF FF 6F FF 0F FF AF FF AF FF 0F FF EF FF FF FF FB FF FB FF FB FF F8 FF FF FF FF FF FF FF EF FF EF FF FF FF FF FF 0F FF FF FF FF FF FF
열	U+C5F4	82 66	0x61980	FF FF FF FF FF F8 FF F2 FF F7 FF F2 FF F8 FF FF FF FF FF FF FF EF FF 0F FF 6F FF 0F FF EF FF FF FF F8 FF FF FF F8 FF FB FF F8 FF FF FF FF FF FF FF 0F FF EF FF 0F FF FF FF 0F FF FF FF FF FF FF
염	U+C5FC	80 AB	0x52AC0	FF FF FF FF FF F8 FF F3 FF F7 FF F3 FF F8 FF FF FF FF FF FF FF 6F FF 0F FF AF FF 0F FF EF FF EF FF FF FF F8 FF FB FF FB FF F8 FF FF FF FF FF FF FF FF FF 0F FF EF FF EF FF 0F FF FF FF FF FF FF
엽	U+C5FD	80 AD	0x52B40	FF FF FF FF FF F8 FF F2 FF F7 FF F2 FF F8 FF FF FF FF FF FF FF EF FF 0F FF 6F FF 0F FF EF FF EF FF FF FF FB FF F8 FF FB FF F8 FF FF FF FF FF FF FF FF FF EF FF 0F FF EF FF 0F FF FF FF FF FF FF
였	U+C600	80 B0	0x52C00	FF FF FF FF FF F8 FF F3 FF F7 FF F3 FF F8 FF FF FF FF FF FF FF 6F FF 0F FF AF FF 0F FF 6F FF EF FF FF FF FD FF FC FF F8 FF F3 FF FF FF FF FF FF FF FF FF DF FF DF FF 0F FF 27 FF FF FF FF FF FF
영	U+C601	80 B3	0x52CC0	FF FF FF FF FF F8 FF F3 FF F7 FF F3 FF F8 FF FF FF FF FF FF FF 77 FF 07 FF B7 FF 07 FF 77 FF F7 FF FF FF FE FF FC FF FC FF FE FF FF FF FF FF FF FF FF FF 0F FF E7 FF E7 FF 0F FF FF FF FF FF FF
예	U+C608	82 67	0x619C0	FF FF FF FF FF F3 FF E5 FF EE FF EE FF EE FF EE FF FF FF FF FF D7 FF D7 FF 17 FF D7 FF D7 FF 17 FF E5 FF F3 FF FF FF FF FF FF FF FF FF FF FF FF FF D7 FF D7 FF D7 FF D7 FF D7 FF FF FF FF FF FF
오	U+C624	82 69	0x61A40	FF FF FF FF FF FF FF F8 FF F3 FF F7 FF F7 FF F3 FF FF FF FF FF FF FF 1F FF CF FF EF FF EF FF CF FF F8 FF FF FF FF FF E0 FF FF FF FF FF FF FF FF FF 1F FF 7F FF 7F FF 07 FF FF FF FF FF FF FF FF
온	U+C628	80 B4	0x52D00	FF FF FF FF FF FC FF F9 FF FB FF F9 FF FC FF FF FF FF FF FF FF 1F FF CF FF EF FF CF FF 1F FF 7F FF E0 FF FF FF FB FF FB FF F8 FF FF FF FF FF FF FF 07 FF FF FF FF FF FF FF 0F FF FF FF FF FF FF
올	U+C62C	82 6A	0x61A80	FF FF FF FF FF F8 FF F9 FF F8 FF FF FF E0 FF FF FF FF FF FF FF 0F FF CF FF 0F FF 7F FF 07 FF FF FF F8 FF FF FF F8 FF FB FF F8 FF FF FF FF FF FF FF 0F FF EF FF 0F FF FF FF 0F FF FF FF FF FF FF
옹	U+C639	80 BB	0x52EC0	FF FF FF FF FF FC FF F9 FF F9 FF FC FF FF FF E0 FF FF FF FF FF 1F FF CF FF CF FF 1F FF 7F FF 07 FF FF FF FC FF F9 FF F9 FF FC FF FF FF FF FF FF FF FF FF 1F FF CF FF CF FF 1F FF FF FF FF FF FF
와	U+C640	82 6B	0x61AC0	FF FF FF FF FF F0 FF E6 FF EF FF EF FF E6 FF F0 FF FF FF FF FF EF FF 6F FF 6F FF 6F FF 63 FF EF FF FD FF FD FF C0 FF FF FF FF FF FF FF FF FF FF FF EF FF EF FF 2F FF EF FF EF FF FF FF FF FF FF
완	U+C644	82 6C	0x61B00	FF FF FF FF FF F8 FF F3 FF F7 FF F3 FF F8 FF FD FF FF FF FF FF 6F FF 2F FF AF FF 2F FF 63 FF EF FF E0 FF FF FF FB FF FB FF F8 FF FF FF FF FF FF FF 0F FF EF FF FF FF FF FF 07 FF FF FF FF FF FF
왔	U+C654	82 6D	0x61B40	FF FF FF FF FF F8 FF F2 FF F2 FF F0 FF FD FF E0 FF FF FF FF FF EF FF 6F FF 6F FF 67 FF EF FF 0F FF FF FF FD FF FC FF FA FF F6 FF FF FF FF FF FF FF FF FF DF FF 9F FF 0F FF 77 FF FF FF FF FF FF
왜	U+C65C	80 BC	0x52F00	FF FF FF FF FF F1 FF E4 FF EE FF EE FF E4 FF F1 FF FF FF FF FF AF FF AF FF AF FF AF FF AF FF 8F FF FB FF FB FF C0 FF FF FF FF FF FF FF FF FF FF FF AF FF AF FF AF FF AF FF AF FF FF FF FF FF FF
왠	U+C660	80 BD	0x52F40	FF FF FF FF FF F1 FF E4 FF EE FF E4 FF F1 FF FB FF FF FF FF FF AF FF AF FF AF FF AF FF 8F FF AF FF C0 FF FF FF FB FF FB FF F8 FF FF FF FF FF FF FF 2F FF AF FF FF FF FF FF 0F FF FF FF FF FF FF
외	U+C678	82 6F	0x61BC0	FF FF FF FF FF F8 FF F3 FF F7 FF F7 FF F3 FF F8 FF FF FF FF FF 6F FF 2F FF AF FF AF FF 2F FF 6F FF FD FF FD FF E0 FF FF FF FF FF FF FF FF FF FF FF EF FF EF FF 2F FF EF FF EF FF FF FF FF FF FF
왼	U+C67C	80 2B	0x50AC0	FF FF FF FF FF F8 FF F3 FF F7 FF F3 FF F8 FF FD FF FF FF FF FF 6F FF 2F FF AF FF 2F FF 6F FF EF FF E0 FF FF FF FB FF FB FF F8 FF FF FF FF FF FF FF 2F FF EF FF FF FF FF FF 0F FF FF FF FF FF FF
요	U+C694	82 70	0x61C00	FF FF FF FF FF FF FF F8 FF F3 FF F7 FF F7 FF F3 FF FF FF FF FF FF FF 1F FF CF FF EF FF EF FF CF FF FC FF FD FF FD FF E0 FF FF FF FF FF FF FF FF FF 1F FF DF FF DF FF 07 FF FF FF FF FF FF FF FF
용	U+C6A9	82 72	0x61C80	FF FF FF FF FF FC FF F9 FF F9 FF FC FF FD FF E0 FF FF FF FF FF 1F FF CF FF CF FF 1F FF BF FF 07 FF FF FF FC FF F9 FF F9 FF FC FF FF FF FF FF FF FF FF FF 1F FF CF FF CF FF 1F FF FF FF FF FF FF
우	U+C6B0	82 73	0x61CC0	FF FF FF FF FF FC FF F9 FF FB FF F9 FF FC FF FF FF FF FF FF FF 1F FF CF FF EF FF CF FF 1F FF FF FF E0 FF FF FF FF FF FF FF FF FF FF FF FF FF FF FF 07 FF 7F FF 7F FF 7F FF 7F FF FF FF FF FF FF
운	U+C6B4	82 76	0x61D80	FF FF FF FF FF FC FF F9 FF FB FF F9 FF FC FF FF FF FF FF FF FF 3F FF 9F FF DF FF 9F FF 3F FF FF FF E0 FF FF FF FB FF FB FF F8 FF FF FF FF FF FF FF 07 FF 7F FF 7F FF FF FF 0F FF FF FF FF FF FF
울	U+C6B8	82 78	0x61E00	FF FF FF FF FF F8 FF F9 FF F8 FF FF FF E0 FF FF FF FF FF FF FF 0F FF CF FF 0F FF FF FF 07 FF 7F FF F8 FF FF FF F8 FF FB FF F8 FF FF FF FF FF FF FF 0F FF EF FF 0F FF FF FF 0F FF FF FF FF FF FF
움	U+C6C0	82 79	0x61E40	FF FF FF FF FF FC FF F9 FF F9 FF FC FF FF FF E0 FF FF FF FF FF 1F FF CF FF CF FF 1F FF FF FF 07 FF FF FF F8 FF FB FF FB FF F8 FF FF FF FF FF FF FF 7F FF 0F FF EF FF EF FF 0F FF FF FF FF FF FF
워	U+C6CC	80 2C	0x50B00	FF FF FF FF FF F8 FF F2 FF F7 FF F2 FF F8 FF FF FF FF FF FF FF EF FF 6F FF 6F FF 6F FF EF FF EF FF E0 FF FD FF FD FF FD FF FD FF FF FF FF FF FF FF 2F FF EF FF 8F FF EF FF EF FF FF FF FF FF FF
원	U+C6D0	82 7A	0x61E80	FF FF FF FF FF F8 FF F3 FF F3 FF F8 FF FF FF E0 FF FF FF FF FF 6F FF 2F FF 2F FF 6F FF EF FF 2F FF FD FF F9 FF FB FF FB FF F8 FF FF FF FF FF FF FF EF FF 8F FF EF FF FF FF 0F FF FF FF FF FF FF
웠	U+C6E0	82 7B	0x61EC0	FF FF FF FF FF F0 FF F3 FF F0 FF FF FF E0 FF FD FF FF FF FF FF 2F FF 2F FF 2F FF EF FF 2F FF EF FF FD FF FF FF FD FF F8 FF E7 FF FF FF FF FF FF FF 8F FF EF FF DF FF 8F FF 67 FF FF FF FF FF FF
위	U+C704	82 7C	0x61F00	FF FF FF FF FF F8 FF F2 FF F7 FF F2 FF F8 FF FF FF FF FF FF FF EF FF 6F FF 6F FF 6F FF EF FF EF FF E0 FF FD FF FD FF FD FF FD FF FF FF FF FF FF FF 2F FF EF FF EF FF EF FF EF FF FF FF FF FF FF
유	U+C720	82 7E	0x61F80	FF FF FF FF FF FC FF F9 FF FB FF F9 FF FC FF FF FF FF FF FF FF 1F FF CF FF EF FF CF FF 1F FF FF FF E0 FF FD FF FD FF FD FF FD FF FF FF FF FF FF FF 07 FF BF FF BF FF BF FF BF FF FF FF FF FF FF
으	U+C73C	82 7F	0x61FC0	FF FF FF FF FF FF FF F8 FF F3 FF F7 FF F7 FF F3 FF FF FF FF FF FF FF 1F FF CF FF EF FF EF FF CF FF F8 FF FF FF FF FF E0 FF FF FF FF FF FF FF FF FF 1F FF FF FF FF FF 07 FF FF FF FF FF FF FF FF
은	U+C740	82 81	0x62040	FF FF FF FF FF FC FF F9 FF FB FF F9 FF FC FF FF FF FF FF FF FF 3F FF 9F FF DF FF 9F FF 3F FF FF FF E0 FF FF FF FB FF FB FF F8 FF FF FF FF FF FF FF 07 FF FF FF FF FF FF FF 0F FF FF FF FF FF FF
을	U+C744	82 82	0x62080	FF FF FF FF FF F8 FF F9 FF F8 FF FF FF E0 FF FF FF FF FF FF FF 0F FF CF FF 0F FF FF FF 07 FF FF FF F8 FF FF FF F8 FF FB FF F8 FF FF FF FF FF FF FF 0F FF EF FF 0F FF FF FF 0F FF FF FF FF FF FF
음	U+C74C	82 83	0x620C0	FF FF FF FF FF FC FF F9 FF F9 FF FC FF FF FF E0 FF FF FF FF FF 1F FF CF FF CF FF 1F FF FF FF 07 FF FF FF F8 FF FB FF FB FF F8 FF FF FF FF FF FF FF FF FF 0F FF EF FF EF FF 0F FF FF FF FF FF FF
응	U+C751	82 84	0x62100	FF FF FF FF FF FC FF F9 FF F9 FF FC FF FF FF E0 FF FF FF FF FF 1F FF CF FF CF FF 1F FF FF FF 07 FF FF FF FC FF F9 FF F9 FF FC FF FF FF FF FF FF FF FF FF 1F FF CF FF CF FF 1F FF FF FF FF FF FF
의	U+C758	82 85	0x62140	FF FF FF FF FF F8 FF F3 FF F7 FF F7 FF F3 FF F8 FF FF FF FF FF 6F FF 2F FF AF FF AF FF 2F FF 6F FF FF FF FF FF E0 FF FF FF FF FF FF FF FF FF FF FF EF FF EF FF 2F FF EF FF EF FF FF FF FF FF FF
이	U+C774	82 86	0x62180	FF FF FF FF FF F0 FF E6 FF EF FF EF FF EF FF EF FF FF FF FF FF EF FF 6F FF 6F FF 6F FF 6F FF 6F FF E6 FF F0 FF FF FF FF FF FF FF FF FF FF FF FF FF 6F FF EF FF EF FF EF FF EF FF FF FF FF FF FF
익	U+C775	82 87	0x621C0	FF FF FF FF FF F8 FF F2 FF F7 FF F7 FF F2 FF F8 FF FF FF FF FF EF FF 6F FF 6F FF 6F FF 6F FF EF FF FF FF F8 FF FF FF FF FF FF FF FF FF FF FF FF FF FF FF 0F FF EF FF EF FF EF FF FF FF FF FF FF
인	U+C778	82 88	0x62200	FF FF FF FF FF F8 FF F3 FF F7 FF F7 FF F3 FF F8 FF FF FF FF FF 6F FF 2F FF AF FF AF FF 2F FF 6F FF FF FF FB FF FB FF FB FF F8 FF FF FF FF FF FF FF EF FF EF FF FF FF FF FF 0F FF FF FF FF FF FF
일	U+C77C	82 89	0x62240	FF FF FF FF FF F8 FF F2 FF F7 FF F2 FF F8 FF FF FF FF FF FF FF EF FF 6F FF 6F FF 6F FF EF FF FF FF F8 FF FF FF F8 FF FB FF F8 FF FF FF FF FF FF FF 0F FF EF FF 0F FF FF FF 0F FF FF FF FF FF FF
읽	U+C77D	82 8A	0x62280	FF FF FF FF FF F8 FF F2 FF F7 FF F2 FF F8 FF FF FF FF FF FF FF EF FF 6F FF 6F FF 6F FF EF FF FF FF F8 FF FE FF F8 FF FB FF F8 FF FF FF FF FF FF FF 8F FF EF FF EF FF EF FF EF FF FF FF FF FF FF
잃	U+C783	80 BE	0x52F80	FF FF FF FF FF F8 FF F3 FF F7 FF F3 FF F8 FF FF FF FF FF FF FF 6F FF 2F FF AF FF 2F FF 6F FF DF FF F8 FF FE FF F8 FF FB FF F8 FF FF FF FF FF FF FF 87 FF FF FF 87 FF B7 FF 87 FF FF FF FF FF FF
임	U+C784	82 8B	0x622C0	FF FF FF FF FF F8 FF F2 FF F7 FF F7 FF F2 FF F8 FF FF FF FF FF EF FF 6F FF 6F FF 6F FF 6F FF EF FF FF FF F8 FF FB FF FB FF F8 FF FF FF FF FF FF FF FF FF 0F FF EF FF EF FF 0F FF FF FF FF FF FF
입	U+C785	82 8C	0x62300	FF FF FF FF FF F8 FF F2 FF F7 FF F7 FF F2 FF F8 FF FF FF FF FF EF FF 6F FF 6F FF 6F FF 6F FF EF FF FF FF FB FF F8 FF FB FF F8 FF FF FF FF FF FF FF FF FF EF FF 0F FF EF FF 0F FF FF FF FF FF FF
있	U+C788	82 8D	0x62340	FF FF FF FF FF F8 FF F2 FF F7 FF F7 FF F2 FF F8 FF FF FF FF FF EF FF 6F FF 6F FF 6F FF 6F FF EF FF FF FF FD FF FC FF F8 FF F3 FF FF FF FF FF FF FF FF FF DF FF DF FF 0F FF 27 FF FF FF FF FF FF
잊	U+C78A	80 BF	0x52FC0	FF FF FF FF FF F8 FF F2 FF F7 FF F7 FF F2 FF F8 FF FF FF FF FF FF FF 7F FF 7F FF 7F FF 7F FF FF FF FF FF F8 FF FE FF FC FF F3 FF FF FF FF FF FF FF FF FF 1F FF 3F FF 1F FF CF FF FF FF FF FF FF
자	U+C790	82 8E	0x62380	FF FF FF FF FF E0 FF FD FF FD FF FD FF F8 FF FA FF FF FF FF FF 6F FF EF FF EF FF EF FF E3 FF EF FF F3 FF E7 FF FF FF FF FF FF FF FF FF FF FF FF FF 6F FF 2F FF EF FF EF FF EF FF FF FF FF FF FF
작	U+C791	82 8F	0x623C0	FF FF FF FF FF E0 FF FD FF F9 FF F8 FF E6 FF EF FF FF FF FF FF 6F FF EF FF EF FF E7 FF 6F FF 6F FF FF FF F8 FF FF FF FF FF FF FF FF FF FF FF FF FF FF FF 0F FF EF FF EF FF EF FF FF FF FF FF FF
잔	U+C794	82 90	0x62400	FF FF FF FF FF E0 FF FD FF F9 FF F8 FF F6 FF E7 FF FF FF FF FF 6F FF EF FF EF FF E7 FF 6F FF 6F FF FF FF FB FF FB FF FB FF F8 FF FF FF FF FF FF FF EF FF EF FF FF FF FF FF 0F FF FF FF FF FF FF
잖	U+C796	82 91	0x62440	FF FF FF FF FF E0 FF FD FF F8 FF F2 FF E7 FF FF FF FF FF FF FF 6F FF EF FF E7 FF 6F FF 6F FF BF FF F6 FF F7 FF F7 FF F7 FF F1 FF FF FF FF FF FF FF 0F FF FF FF 0F FF 6F FF 0F FF FF FF FF FF FF
잘	U+C798	82 92	0x62480	FF FF FF FF FF E0 FF FD FF F8 FF F0 FF E7 FF FF FF FF FF FF FF 6F FF EF FF E7 FF 6F FF 6F FF FF FF F8 FF FF FF F8 FF FB FF F8 FF FF FF FF FF FF FF 0F FF EF FF 0F FF FF FF 0F FF FF FF FF FF FF
잠	U+C7A0	82 93	0x624C0	FF FF FF FF FF E0 FF FD FF F9 FF F8 FF E6 FF EF FF FF FF FF FF 6F FF EF FF EF FF E7 FF 6F FF 6F FF FF FF F8 FF FB FF FB FF F8 FF FF FF FF FF FF FF FF FF 0F FF EF FF EF FF 0F FF FF FF FF FF FF
잤	U+C7A4	82 94	0x62500	FF FF FF FF FF F0 FF FD FF F9 FF F8 FF F6 FF EF FF FF FF FF FF 6F FF EF FF EF FF E7 FF EF FF 6F FF FF FF FD FF FD FF FA FF F7 FF FF FF FF FF FF FF FF FF DF FF DF FF 8F FF 37 FF FF FF FF FF FF
장	U+C7A5	82 95	0x62540	FF FF FF FF FF E0 FF FD FF F9 FF F8 FF F6 FF E7 FF FF FF FF FF 6F FF EF FF EF FF E7 FF EF FF 6F FF FF FF FC FF F9 FF F9 FF FC FF FF FF FF FF FF FF EF FF 1F FF CF FF CF FF 1F FF FF FF FF FF FF
재	U+C7AC	82 96	0x62580	FF FF FF FF FF E0 FF FD FF FD FF FD FF F8 FF F8 FF FF FF FF FF 57 FF D7 FF D7 FF D7 FF C7 FF D7 FF F6 FF EF FF FF FF FF FF FF FF FF FF FF FF FF FF D7 FF 57 FF D7 FF D7 FF D7 FF FF FF FF FF FF
저	U+C800	82 97	0x625C0	FF FF FF FF FF E0 FF FD FF FD FF FD FF F8 FF F8 FF FF FF FF FF 6F FF EF FF EF FF 0F FF EF FF EF FF F6 FF EF FF FF FF FF FF FF FF FF FF FF FF FF FF 6F FF 6F FF EF FF EF FF EF FF FF FF FF FF FF
적	U+C801	82 98	0x62600	FF FF FF FF FF E0 FF FD FF F9 FF F8 FF F6 FF E7 FF FF FF FF FF 6F FF EF FF 0F FF EF FF 6F FF 6F FF FF FF F8 FF FF FF FF FF FF FF FF FF FF FF FF FF FF FF 0F FF EF FF EF FF EF FF FF FF FF FF FF
전	U+C804	82 99	0x62640	FF FF FF FF FF E0 FF FD FF F9 FF F8 FF E6 FF EF FF FF FF FF FF 6F FF EF FF 0F FF EF FF 6F FF 6F FF FF FF FB FF FB FF FB FF F8 FF FF FF FF FF FF FF EF FF EF FF FF FF FF FF 0F FF FF FF FF FF FF
젊	U+C80A	82 9A	0x62680	FF FF FF FF FF E0 FF FD FF F8 FF F0 FF E6 FF FF FF FF FF FF FF 6F FF EF FF 8F FF 6F FF 6F FF FF FF F0 FF FE FF F0 FF F7 FF F0 FF FF FF FF FF FF FF 0F FF 6F FF 6F FF 6F FF 0F FF FF FF FF FF FF
점	U+C810	82 9B	0x626C0	FF FF FF FF FF E0 FF FD FF F9 FF F8 FF E6 FF EF FF FF FF FF FF 6F FF EF FF 0F FF EF FF 6F FF 6F FF FF FF F8 FF FB FF FB FF F8 FF FF FF FF FF FF FF FF FF 0F FF EF FF EF FF 0F FF FF FF FF FF FF
접	U+C811	82 9C	0x62700	FF FF FF FF FF E0 FF FD FF F9 FF F8 FF E6 FF EF FF FF FF FF FF 6F FF EF FF 0F FF EF FF 6F FF 6F FF FF FF FB FF F8 FF FB FF F8 FF FF FF FF FF FF FF FF FF EF FF 0F FF EF FF 0F FF FF FF FF FF FF
젓	U+C813	82 9D	0x62740	FF FF FF FF FF E0 FF FD FF F9 FF F8 FF F2 FF E7 FF FF FF FF FF 6F FF EF FF 0F FF EF FF 6F FF 2F FF FF FF FF FF FE FF FD FF F3 FF FF FF FF FF FF FF EF FF 7F FF 3F FF 9F FF C7 FF FF FF FF FF FF
정	U+C815	82 9E	0x62780	FF FF FF FF FF E0 FF FD FF F9 FF F8 FF E6 FF EF FF FF FF FF FF 6F FF EF FF 0F FF EF FF 6F FF 6F FF FF FF FC FF F9 FF F9 FF FC FF FF FF FF FF FF FF FF FF 1F FF CF FF CF FF 1F FF FF FF FF FF FF
제	U+C81C	82 9F	0x627C0	FF FF FF FF FF E0 FF FB FF FB FF FA FF F1 FF F5 FF FF FF FF FF AF FF AF FF AF FF 2F FF AF FF AF FF F4 FF EE FF FF FF FF FF FF FF FF FF FF FF FF FF AF FF AF FF AF FF AF FF AF FF FF FF FF FF FF
져	U+C838	82 A0	0x62800	FF FF FF FF FF E0 FF FD FF FD FF FD FF F8 FF F8 FF FF FF FF FF 6F FF EF FF 8F FF EF FF EF FF 8F FF F6 FF E7 FF FF FF FF FF FF FF FF FF FF FF FF FF 6F FF 6F FF EF FF EF FF EF FF FF FF FF FF FF
조	U+C870	82 A1	0x62840	FF FF FF FF FF FF FF F0 FF FF FF FE FF F9 FF E7 FF FF FF FF FF FF FF 0F FF 7F FF 3F FF 9F FF C7 FF FF FF FF FF FF FF E0 FF FF FF FF FF FF FF FF FF 7F FF 7F FF 7F FF 07 FF FF FF FF FF FF FF FF
족	U+C871	82 A2	0x62880	FF FF FF FF FF F0 FF FE FF F8 FF F1 FF FF FF E0 FF FF FF FF FF 0F FF 3F FF 1F FF 0F FF 7F FF 07 FF FF FF F0 FF FF FF FF FF FF FF FF FF FF FF FF FF FF FF 0F FF EF FF EF FF EF FF FF FF FF FF FF
좋	U+C88B	82 A3	0x628C0	FF FF FF FF FF F0 FF FC FF F1 FF FF FF E0 FF FF FF FF FF FF FF 0F FF 3F FF 8F FF 7F FF 07 FF 7F FF F0 FF FF FF F8 FF F9 FF F8 FF FF FF FF FF FF FF 0F FF FF FF 1F FF 9F FF 1F FF FF FF FF FF FF
죄	U+C8C4	80 C2	0x53080	FF FF FF FF FF F0 FF FD FF F8 FF F2 FF E7 FF FD FF FF FF FF FF 2F FF EF FF EF FF 6F FF 2F FF EF FF FD FF FD FF E0 FF FF FF FF FF FF FF FF FF FF FF EF FF EF FF 2F FF EF FF EF FF FF FF FF FF FF
주	U+C8FC	82 A4	0x62900	FF FF FF FF FF F0 FF FF FF FE FF F9 FF E7 FF FF FF FF FF FF FF 0F FF 7F FF 3F FF 9F FF E7 FF FF FF E0 FF FF FF FF FF FF FF FF FF FF FF FF FF FF FF 07 FF 7F FF 7F FF 7F FF 7F FF FF FF FF FF FF
죽	U+C8FD	80 C9	0x53240	FF FF FF FF FF F0 FF FE FF F8 FF F3 FF FF FF E0 FF FF FF FF FF 0F FF 3F FF 1F FF CF FF FF FF 07 FF FF FF F0 FF FF FF FF FF FF FF FF FF FF FF FF FF 7F FF 0F FF EF FF EF FF EF FF FF FF FF FF FF
준	U+C900	82 A5	0x62940	FF FF FF FF FF F0 FF FE FF FC FF F3 FF FF FF E0 FF FF FF FF FF 0F FF 7F FF 1F FF CF FF FF FF 07 FF FF FF FB FF FB FF FB FF F8 FF FF FF FF FF FF FF 7F FF 7F FF 7F FF FF FF 0F FF FF FF FF FF FF
줄	U+C904	82 A6	0x62980	FF FF FF FF FF F0 FF FE FF F1 FF FF FF E0 FF FF FF FF FF FF FF 0F FF 3F FF 8F FF FF FF 07 FF 7F FF F8 FF FF FF F8 FF FB FF F8 FF FF FF FF FF FF FF 0F FF EF FF 0F FF FF FF 0F FF FF FF FF FF FF
중	U+C911	82 A7	0x629C0	FF FF FF FF FF F0 FF FE FF F9 FF F3 FF FF FF E0 FF FF FF FF FF 0F FF 3F FF 9F FF CF FF FF FF 07 FF FF FF FC FF F9 FF F9 FF FC FF FF FF FF FF FF FF 7F FF 1F FF CF FF CF FF 1F FF FF FF FF FF FF
줘	U+C918	82 A8	0x62A00	FF FF FF FF FF F0 FF FD FF F8 FF F2 FF E7 FF FF FF FF FF FF FF 6F FF EF FF EF FF 6F FF 2F FF EF FF E0 FF FD FF FD FF FD FF FD FF FF FF FF FF FF FF 2F FF EF FF 0F FF EF FF EF FF FF FF FF FF FF
쥐	U+C950	82 A9	0x62A40	FF FF FF FF FF F0 FF FD FF F8 FF FB FF F3 FF FF FF FF FF FF FF 6F FF EF FF EF FF 6F FF AF FF EF FF E0 FF FD FF FD FF FD FF FD FF FF FF FF FF FF FF 2F FF EF FF EF FF EF FF EF FF FF FF FF FF FF
즈	U+C988	80 CA	0x53280	FF FF FF FF FF FF FF F0 FF FF FF FE FF FD FF FB FF FF FF FF FF FF FF 0F FF 7F FF 3F FF BF FF CF FF E7 FF FF FF FF FF E0 FF FF FF FF FF FF FF FF FF E7 FF FF FF FF FF 07 FF FF FF FF FF FF FF FF
즘	U+C998	82 AA	0x62A80	FF FF FF FF FF F0 FF FE FF F8 FF F3 FF FF FF E0 FF FF FF FF FF 0F FF 3F FF 9F FF CF FF FF FF 07 FF FF FF F8 FF FB FF FB FF F8 FF FF FF FF FF FF FF FF FF 0F FF EF FF EF FF 0F FF FF FF FF FF FF
지	U+C9C0	82 AB	0x62AC0	FF FF FF FF FF E0 FF FD FF FD FF FD FF F8 FF F8 FF FF FF FF FF 6F FF EF FF EF FF EF FF EF FF EF FF F2 FF E7 FF FF FF FF FF FF FF FF FF FF FF FF FF 6F FF AF FF EF FF EF FF EF FF FF FF FF FF FF
직	U+C9C1	82 AC	0x62B00	FF FF FF FF FF E0 FF FD FF FD FF F8 FF F2 FF E7 FF FF FF FF FF 6F FF EF FF EF FF EF FF 6F FF 2F FF FF FF F8 FF FF FF FF FF FF FF FF FF FF FF FF FF FF FF 0F FF EF FF EF FF EF FF FF FF FF FF FF
진	U+C9C4	82 AD	0x62B40	FF FF FF FF FF E0 FF FD FF F8 FF F8 FF E2 FF E7 FF FF FF FF FF 6F FF EF FF EF FF EF FF 2F FF 2F FF FF FF FB FF FB FF FB FF F8 FF FF FF FF FF FF FF EF FF EF FF FF FF FF FF 0F FF FF FF FF FF FF
짐	U+C9D0	82 AE	0x62B80	FF FF FF FF FF E0 FF FD FF F9 FF F8 FF F2 FF E7 FF FF FF FF FF 6F FF EF FF EF FF EF FF 6F FF 2F FF FF FF F8 FF FB FF FB FF F8 FF FF FF FF FF FF FF FF FF 0F FF EF FF EF FF 0F FF FF FF FF FF FF
집	U+C9D1	82 AF	0x62BC0	FF FF FF FF FF E0 FF FD FF F8 FF F0 FF E7 FF FF FF FF FF FF FF 6F FF EF FF EF FF 6F FF 2F FF FF FF FB FF FB FF F8 FF FB FF F8 FF FF FF FF FF FF FF EF FF EF FF 0F FF EF FF 0F FF FF FF FF FF FF
짝	U+C9DD	82 B0	0x62C00	FF FF FF FF FF E0 FF FA FF F8 FF F0 FF F4 FF ED FF FF FF FF FF 2F FF EF FF EF FF 67 FF 6F FF AF FF FF FF F8 FF FF FF FF FF FF FF FF FF FF FF FF FF FF FF 0F FF EF FF EF FF EF FF FF FF FF FF FF
쪽	U+CABD	82 B1	0x62C40	FF FF FF FF FF F0 FF FD FF F8 FF F6 FF FF FF E0 FF FF FF FF FF 0F FF BF FF 1F FF 6F FF 7F FF 07 FF FF FF F0 FF FF FF FF FF FF FF FF FF FF FF FF FF FF FF 0F FF EF FF EF FF EF FF FF FF FF FF FF
쫓	U+CAD3	82 B2	0x62C80	FF FF FF FF FF F0 FF F8 FF F2 FF FF FF E0 FF FF FF FF FF FF FF 0F FF 9F FF 4F FF 7F FF 07 FF FF FF FF FF F0 FF FC FF F8 FF F1 FF FF FF FF FF FF FF 7F FF 0F FF 7F FF 1F FF CF FF FF FF FF FF FF
찍	U+CC0D	80 CB	0x532C0	FF FF FF FF FF E0 FF FB FF F0 FF F0 FF EC FF FD FF FF FF FF FF 2F FF 6F FF 6F FF 2F FF AF FF EF FF FF FF F8 FF FF FF FF FF FF FF FF FF FF FF FF FF FF FF 0F FF EF FF EF FF EF FF FF FF FF FF FF
차	U+CC28	82 B3	0x62CC0	FF FF FF FF FF FD FF E0 FF FD FF FD FF F8 FF F8 FF FF FF FF FF DF FF 5F FF DF FF DF FF C7 FF DF FF E2 FF E7 FF FF FF FF FF FF FF FF FF FF FF FF FF 1F FF 1F FF DF FF DF FF DF FF FF FF FF FF FF
찬	U+CC2C	80 CE	0x53380	FF FF FF FF FF FD FF E0 FF FD FF FD FF F8 FF F6 FF FF FF FF FF EF FF 6F FF EF FF EF FF E7 FF 6F FF EF FF FF FF FB FF FB FF F8 FF FF FF FF FF FF FF 6F FF EF FF FF FF FF FF 0F FF FF FF FF FF FF
찮	U+CC2E	82 B4	0x62D00	FF FF FF FF FF FD FF E0 FF FD FF F0 FF E6 FF FF FF FF FF FF FF EF FF 6F FF E7 FF EF FF 6F FF BF FF F6 FF F7 FF F7 FF F7 FF F1 FF FF FF FF FF FF FF 0F FF FF FF 0F FF 6F FF 0F FF FF FF FF FF FF
찰	U+CC30	82 B5	0x62D40	FF FF FF FF FF FD FF E0 FF FD FF F0 FF E6 FF FF FF FF FF FF FF EF FF 6F FF E7 FF EF FF 6F FF EF FF F8 FF FF FF F8 FF FB FF F8 FF FF FF FF FF FF FF 0F FF EF FF 0F FF FF FF 0F FF FF FF FF FF FF
참	U+CC38	82 B6	0x62D80	FF FF FF FF FF FD FF E0 FF FD FF F8 FF F0 FF E6 FF FF FF FF FF EF FF 6F FF EF FF E7 FF 6F FF 6F FF FF FF F8 FF FB FF FB FF F8 FF FF FF FF FF FF FF FF FF 0F FF EF FF EF FF 0F FF FF FF FF FF FF
찼	U+CC3C	82 B7	0x62DC0	FF FF FF FF FF FD FF F0 FF FD FF F8 FF F0 FF E6 FF FF FF FF FF EF FF 6F FF EF FF E7 FF 6F FF 6F FF FF FF FD FF F8 FF F0 FF F7 FF FF FF FF FF FF FF FF FF DF FF 8F FF 0F FF 27 FF FF FF FF FF FF
찾	U+CC3E	82 B8	0x62E00	FF FF FF FF FF FD FF F0 FF FD FF F8 FF F0 FF E6 FF FF FF FF FF EF FF 6F FF EF FF E7 FF 6F FF 6F FF FF FF F0 FF FC FF F8 FF F3 FF FF FF FF FF FF FF FF FF 0F FF 7F FF 1F FF CF FF FF FF FF FF FF
책	U+CC45	82 B9	0x62E40	FF FF FF FF FF FB FF E0 FF FB FF F1 FF E0 FF EE FF FF FF FF FF AF FF AF FF AF FF 8F FF AF FF AF FF FF FF F8 FF FF FF FF FF FF FF FF FF FF FF FF FF FF FF 0F FF EF FF EF FF EF FF FF FF FF FF FF
처	U+CC98	82 BA	0x62E80	FF FF FF FF FF FD FF E0 FF FD FF FD FF F8 FF F8 FF FF FF FF FF EF FF 6F FF EF FF EF FF 8F FF EF FF E2 FF E7 FF FF FF FF FF FF FF FF FF FF FF FF FF 2F FF 2F FF EF FF EF FF EF FF FF FF FF FF FF
청	U+CCAD	80 2D	0x50B40	FF FF FF FF FF FD FF E0 FF FD FF F8 FF F0 FF E6 FF FF FF FF FF EF FF 6F FF EF FF 8F FF 6F FF 6F FF FF FF FC FF F9 FF F9 FF FC FF FF FF FF FF FF FF FF FF 1F FF CF FF CF FF 1F FF FF FF FF FF FF
체	U+CCB4	80 D0	0x53400	FF FF FF FF FF FD FF E0 FF FD FF FD FF FD FF F8 FF FF FF FF FF D7 FF 57 FF D7 FF D7 FF 17 FF D7 FF F0 FF E6 FF E7 FF FF FF FF FF FF FF FF FF FF FF D7 FF 57 FF 57 FF D7 FF D7 FF FF FF FF FF FF
쳇	U+CCC7	80 D5	0x53540	FF FF FF FF FF FB FF E0 FF FB FF F1 FF E1 FF EE FF FF FF FF FF AF FF AF FF AF FF 2F FF AF FF AF FF FF FF FF FF FE FF F9 FF F3 FF FF FF FF FF FF FF AF FF 7F FF 3F FF 8F FF C7 FF FF FF FF FF FF
쳤	U+CCE4	82 BB	0x62EC0	FF FF FF FF FF FD FF F0 FF FD FF F8 FF F0 FF E7 FF FF FF FF FF EF FF 6F FF 8F FF EF FF 0F FF 2F FF FF FF FD FF F8 FF F0 FF F7 FF FF FF FF FF FF FF FF FF DF FF 8F FF 07 FF 27 FF FF FF FF FF FF
초	U+CD08	80 D8	0x53600	FF FF FF FF FF FF FF FF FF F0 FF FF FF FE FF F1 FF FF FF FF FF FF FF 7F FF 0F FF 7F FF 3F FF 8F FF E7 FF FF FF FF FF E0 FF FF FF FF FF FF FF FF FF E7 FF 7F FF 7F FF 07 FF FF FF FF FF FF FF FF
촌	U+CD0C	82 BC	0x62F00	FF FF FF FF FF FF FF F0 FF FE FF FC FF F3 FF FF FF FF FF FF FF 7F FF 0F FF 3F FF 1F FF 4F FF 7F FF E0 FF FF FF FB FF FB FF F8 FF FF FF FF FF FF FF 07 FF FF FF FF FF FF FF 0F FF FF FF FF FF FF
추	U+CD94	80 D9	0x53640	FF FF FF FF FF FF FF F0 FF FE FF F8 FF E3 FF FF FF FF FF FF FF 7F FF 0F FF 3F FF 0F FF C7 FF FF FF E0 FF FF FF FF FF FF FF FF FF FF FF FF FF FF FF 07 FF 7F FF 7F FF 7F FF 7F FF FF FF FF FF FF
축	U+CD95	80 DB	0x536C0	FF FF FF FF FF FF FF F0 FF FC FF F1 FF FF FF E0 FF FF FF FF FF 7F FF 0F FF 3F FF 8F FF FF FF 07 FF FF FF F0 FF FF FF FF FF FF FF FF FF FF FF FF FF 7F FF 0F FF EF FF EF FF EF FF FF FF FF FF FF
춘	U+CD98	80 E2	0x53880	FF FF FF FF FF FF FF F0 FF FE FF FC FF F3 FF FF FF FF FF FF FF 7F FF 0F FF 3F FF 1F FF CF FF FF FF E0 FF FF FF FB FF FB FF F8 FF FF FF FF FF FF FF 07 FF 7F FF 7F FF FF FF 0F FF FF FF FF FF FF
출	U+CD9C	82 BE	0x62F80	FF FF FF FF FF FF FF F0 FF FE FF F1 FF FF FF E0 FF FF FF FF FF 7F FF 0F FF 3F FF 8F FF FF FF 07 FF FF FF F8 FF FF FF F8 FF FB FF F8 FF FF FF FF FF 7F FF 0F FF EF FF 0F FF FF FF 0F FF FF FF FF
춤	U+CDA4	80 E3	0x538C0	FF FF FF FF FF FF FF F0 FF FC FF F1 FF FF FF E0 FF FF FF FF FF 7F FF 0F FF 3F FF 8F FF FF FF 07 FF FF FF F8 FF FB FF FB FF F8 FF FF FF FF FF FF FF 7F FF 0F FF EF FF EF FF 0F FF FF FF FF FF FF
충	U+CDA9	82 BF	0x62FC0	FF FF FF FF FF FF FF F0 FF FC FF F1 FF FF FF E0 FF FF FF FF FF 7F FF 0F FF 3F FF 8F FF FF FF 07 FF FF FF FC FF F9 FF F9 FF FC FF FF FF FF FF FF FF 7F FF 1F FF CF FF CF FF 1F FF FF FF FF FF FF
취	U+CDE8	82 C0	0x63000	FF FF FF FF FF FD FF F0 FF F9 FF F0 FF E7 FF FF FF FF FF FF FF EF FF 2F FF EF FF 6F FF 2F FF EF FF E0 FF FD FF FD FF FD FF FD FF FF FF FF FF FF FF 2F FF EF FF EF FF EF FF EF FF FF FF FF FF FF
치	U+CE58	82 C1	0x63040	FF FF FF FF FF FD FF E0 FF FD FF FD FF F8 FF FA FF FF FF FF FF EF FF 2F FF EF FF EF FF EF FF EF FF E2 FF E7 FF FF FF FF FF FF FF FF FF FF FF FF FF 2F FF 2F FF EF FF EF FF EF FF FF FF FF FF FF
친	U+CE5C	82 C2	0x63080	FF FF FF FF FF FD FF E0 FF FD FF FD FF F8 FF F2 FF FF FF FF FF EF FF 6F FF EF FF EF FF EF FF 6F FF E7 FF FB FF FB FF FB FF F8 FF FF FF FF FF FF FF 2F FF EF FF FF FF FF FF 0F FF FF FF FF FF FF
칠	U+CE60	82 C3	0x630C0	FF FF FF FF FF FD FF E0 FF FD FF F0 FF E3 FF FF FF FF FF FF FF EF FF 6F FF EF FF 6F FF 2F FF FF FF F8 FF FF FF F8 FF FB FF F8 FF FF FF FF FF FF FF 0F FF EF FF 0F FF FF FF 0F FF FF FF FF FF FF
침	U+CE68	82 C4	0x63100	FF FF FF FF FF FD FF E0 FF FD FF F8 FF F2 FF E7 FF FF FF FF FF EF FF 6F FF EF FF EF FF 6F FF 2F FF FF FF F8 FF FB FF FB FF F8 FF FF FF FF FF FF FF FF FF 0F FF EF FF EF FF 0F FF FF FF FF FF FF
카	U+CE74	82 C5	0x63140	FF FF FF FF FF F0 FF FF FF FE FF E0 FF FC FF F9 FF FF FF FF FF 6F FF 6F FF 6F FF EF FF E3 FF EF FF F3 FF E7 FF FF FF FF FF FF FF FF FF FF FF FF FF EF FF EF FF EF FF EF FF EF FF FF FF FF FF FF
칸	U+CE78	82 C6	0x63180	FF FF FF FF FF F0 FF FC FF E0 FF F9 FF F9 FF E3 FF FF FF FF FF EF FF EF FF EF FF EF FF E7 FF EF FF E7 FF FF FF FB FF FB FF F8 FF FF FF FF FF FF FF EF FF EF FF EF FF FF FF 0F FF FF FF FF FF FF
커	U+CEE4	82 C7	0x631C0	FF FF FF FF FF F0 FF FF FF FE FF E0 FF FC FF F9 FF FF FF FF FF 6F FF 6F FF 6F FF 0F FF EF FF EF FF F3 FF E7 FF FF FF FF FF FF FF FF FF FF FF FF FF EF FF EF FF EF FF EF FF EF FF FF FF FF FF FF
컴	U+CEF4	82 C8	0x63200	FF FF FF FF FF F0 FF FF FF E0 FF FC FF F1 FF E7 FF FF FF FF FF 6F FF 6F FF 0F FF EF FF EF FF EF FF FF FF F8 FF FB FF FB FF F8 FF FF FF FF FF FF FF FF FF 0F FF EF FF EF FF 0F FF FF FF FF FF FF
코	U+CF54	82 C9	0x63240	FF FF FF FF FF FF FF F0 FF FF FF FF FF F0 FF FF FF FF FF FF FF FF FF 0F FF EF FF EF FF 0F FF EF FF FE FF FE FF FE FF E0 FF FF FF FF FF FF FF FF FF EF FF EF FF FF FF 07 FF FF FF FF FF FF FF FF
콜	U+CF5C	82 CB	0x632C0	FF FF FF FF FF F8 FF FF FF F0 FF FE FF E0 FF FF FF FF FF FF FF 0F FF EF FF 0F FF EF FF 07 FF FF FF F8 FF FF FF F8 FF FB FF F8 FF FF FF FF FF FF FF 0F FF EF FF 0F FF FF FF 0F FF FF FF FF FF FF
크	U+D06C	80 E6	0x53980	FF FF FF FF FF FF FF F0 FF FF FF FF FF FF FF F0 FF FF FF FF FF FF FF 0F FF EF FF EF FF EF FF 0F FF FF FF FF FF FF FF E0 FF FF FF FF FF FF FF FF FF EF FF CF FF DF FF 07 FF FF FF FF FF FF FF FF
큰	U+D070	82 CC	0x63300	FF FF FF FF FF F8 FF FF FF F0 FF FF FF FF FF E0 FF FF FF FF FF 0F FF EF FF 0F FF EF FF EF FF 07 FF FF FF FB FF FB FF FB FF F8 FF FF FF FF FF FF FF FF FF FF FF FF FF FF FF 0F FF FF FF FF FF FF
클	U+D074	82 CD	0x63340	FF FF FF FF FF F8 FF FF FF F0 FF FF FF E0 FF FF FF FF FF FF FF 0F FF EF FF 0F FF EF FF 07 FF FF FF F8 FF FF FF F8 FF FB FF F8 FF FF FF FF FF FF FF 0F FF EF FF 0F FF FF FF 0F FF FF FF FF FF FF
키	U+D0A4	82 CE	0x63380	FF FF FF FF FF F0 FF FF FF FE FF E0 FF FC FF F9 FF FF FF FF FF 6F FF 6F FF 6F FF EF FF EF FF EF FF F3 FF E7 FF FF FF FF FF FF FF FF FF FF FF FF FF EF FF EF FF EF FF EF FF EF FF FF FF FF FF FF
탁	U+D0C1	82 CF	0x633C0	FF FF FF FF FF F0 FF F7 FF F0 FF F7 FF F0 FF FF FF FF FF FF FF 6F FF EF FF E7 FF EF FF 6F FF EF FF FF FF F8 FF FF FF FF FF FF FF FF FF FF FF FF FF FF FF 0F FF EF FF EF FF EF FF FF FF FF FF FF
탄	U+D0C4	82 D0	0x63400	FF FF FF FF FF F0 FF F7 FF F0 FF F7 FF F7 FF F0 FF FF FF FF FF 6F FF EF FF EF FF E7 FF EF FF 6F FF FF FF FB FF FB FF FB FF F8 FF FF FF FF FF FF FF EF FF EF FF FF FF FF FF 0F FF FF FF FF FF FF
탑	U+D0D1	80 EA	0x53A80	FF FF FF FF FF F0 FF F7 FF F0 FF F7 FF F0 FF FF FF FF FF FF FF 6F FF EF FF E7 FF EF FF 6F FF FF FF FB FF FB FF F8 FF FB FF F8 FF FF FF FF FF FF FF EF FF EF FF 0F FF EF FF 0F FF FF FF FF FF FF
태	U+D0DC	82 D1	0x63440	FF FF FF FF FF F0 FF F7 FF F7 FF F0 FF F7 FF F7 FF FF FF FF FF D7 FF D7 FF D7 FF D7 FF C7 FF D7 FF F7 FF F0 FF FF FF FF FF FF FF FF FF FF FF FF FF D7 FF 57 FF D7 FF D7 FF D7 FF FF FF FF FF FF
택	U+D0DD	82 D2	0x63480	FF FF FF FF FF F0 FF F7 FF F0 FF F7 FF F0 FF FF FF FF FF FF FF AF FF AF FF 8F FF AF FF AF FF AF FF FF FF F8 FF FF FF FF FF FF FF FF FF FF FF FF FF FF FF 0F FF EF FF EF FF EF FF FF FF FF FF FF
터	U+D130	82 D3	0x634C0	FF FF FF FF FF F0 FF F7 FF F7 FF F0 FF F7 FF F7 FF FF FF FF FF 6F FF EF FF EF FF 8F FF EF FF EF FF F7 FF F0 FF FF FF FF FF FF FF FF FF FF FF FF FF EF FF 2F FF EF FF EF FF EF FF FF FF FF FF FF
털	U+D138	80 ED	0x53B40	FF FF FF FF FF F0 FF F7 FF F0 FF F7 FF F0 FF FF FF FF FF FF FF 6F FF EF FF 8F FF EF FF 2F FF FF FF F8 FF FF FF F8 FF FB FF F8 FF FF FF FF FF FF FF 0F FF EF FF 0F FF FF FF 0F FF FF FF FF FF FF
테	U+D14C	82 D4	0x63500	FF FF FF FF FF F0 FF F7 FF F7 FF F1 FF F7 FF F7 FF FF FF FF FF AF FF AF FF AF FF AF FF 2F FF AF FF F7 FF F0 FF FF FF FF FF FF FF FF FF FF FF FF FF AF FF AF FF AF FF AF FF AF FF FF FF FF FF FF
템	U+D15C	82 D5	0x63540	FF FF FF FF FF F0 FF F7 FF F0 FF F7 FF F0 FF FF FF FF FF FF FF 57 FF D7 FF 17 FF D7 FF 57 FF D7 FF FF FF FC FF FD FF FD FF FC FF FF FF FF FF FF FF FF FF 07 FF F7 FF F7 FF 07 FF FF FF FF FF FF
토	U+D1A0	80 EE	0x53B80	FF FF FF FF FF FF FF F8 FF FB FF F8 FF FB FF FB FF FF FF FF FF FF FF 1F FF FF FF 1F FF FF FF FF FF F8 FF FF FF FF FF E0 FF FF FF FF FF FF FF FF FF 0F FF 7F FF 7F FF 07 FF FF FF FF FF FF FF FF
통	U+D1B5	82 D6	0x63580	FF FF FF FF FF F0 FF F7 FF F0 FF F7 FF F0 FF FF FF FF FF FF FF 0F FF FF FF 1F FF FF FF 0F FF 7F FF E0 FF FF FF F0 FF F3 FF F0 FF FF FF FF FF FF FF 07 FF FF FF 0F FF CF FF 0F FF FF FF FF FF FF
투	U+D22C	82 D7	0x635C0	FF FF FF FF FF F8 FF FB FF F8 FF FB FF F8 FF FF FF FF FF FF FF 1F FF FF FF 1F FF FF FF 0F FF FF FF E0 FF FF FF FF FF FF FF FF FF FF FF FF FF FF FF 07 FF 7F FF 7F FF 7F FF 7F FF FF FF FF FF FF
트	U+D2B8	82 D8	0x63600	FF FF FF FF FF FF FF F8 FF FB FF F8 FF FB FF FB FF FF FF FF FF FF FF 1F FF FF FF 1F FF FF FF FF FF F8 FF FF FF FF FF E0 FF FF FF FF FF FF FF FF FF 0F FF FF FF FF FF 07 FF FF FF FF FF FF FF FF
튼	U+D2BC	82 D9	0x63640	FF FF FF FF FF F8 FF FB FF F8 FF FB FF F8 FF FF FF FF FF FF FF 0F FF FF FF 1F FF FF FF 0F FF FF FF E0 FF FF FF FB FF FB FF F8 FF FF FF FF FF FF FF 07 FF FF FF FF FF FF FF 0F FF FF FF FF FF FF
티	U+D2F0	80 30	0x50C00	FF FF FF FF FF F0 FF F7 FF F7 FF F0 FF F7 FF F7 FF FF FF FF FF 6F FF EF FF EF FF 6F FF EF FF EF FF F7 FF F0 FF FF FF FF FF FF FF FF FF FF FF FF FF EF FF 2F FF EF FF EF FF EF FF FF FF FF FF FF
파	U+D30C	82 DA	0x63680	FF FF FF FF FF E0 FF FF FF FB FF FB FF FB FF FB FF FF FF FF FF 2F FF EF FF 6F FF 6F FF 63 FF 6F FF FB FF E0 FF FF FF FF FF FF FF FF FF FF FF FF FF 6F FF 0F FF EF FF EF FF EF FF FF FF FF FF FF
팔	U+D314	82 DB	0x636C0	FF FF FF FF FF E0 FF FF FF E6 FF F6 FF E0 FF FF FF FF FF FF FF 6F FF EF FF 67 FF EF FF 2F FF FF FF F8 FF FF FF F8 FF FB FF F8 FF FF FF FF FF FF FF 0F FF EF FF 0F FF FF FF 0F FF FF FF FF FF FF
패	U+D328	82 DC	0x63700	FF FF FF FF FF E0 FF FF FF F6 FF F6 FF F6 FF F6 FF FF FF FF FF 57 FF D7 FF D7 FF D7 FF D7 FF C7 FF F6 FF E0 FF FF FF FF FF FF FF FF FF FF FF FF FF D7 FF 57 FF D7 FF D7 FF D7 FF FF FF FF FF FF
팬	U+D32C	80 EF	0x53BC0	FF FF FF FF FF E0 FF FF FF F6 FF F6 FF F6 FF E0 FF FF FF FF FF AF FF AF FF AF FF 8F FF AF FF 2F FF FF FF FB FF FB FF FB FF F8 FF FF FF FF FF FF FF AF FF AF FF FF FF FF FF 0F FF FF FF FF FF FF
퍼	U+D37C	82 DD	0x63740	FF FF FF FF FF E0 FF FF FF F2 FF F2 FF F2 FF F2 FF FF FF FF FF 6F FF EF FF EF FF EF FF 8F FF EF FF FA FF E0 FF FF FF FF FF FF FF FF FF FF FF FF FF EF FF 2F FF EF FF EF FF EF FF FF FF FF FF FF
페	U+D398	82 DE	0x63780	FF FF FF FF FF E0 FF FF FF F6 FF F6 FF F6 FF F6 FF FF FF FF FF 57 FF D7 FF D7 FF D7 FF 17 FF D7 FF F6 FF E0 FF FF FF FF FF FF FF FF FF FF FF FF FF D7 FF 57 FF D7 FF D7 FF D7 FF FF FF FF FF FF
편	U+D3B8	80 F1	0x53C40	FF FF FF FF FF E0 FF FF FF F2 FF F2 FF FA FF E0 FF FF FF FF FF 6F FF EF FF 0F FF 6F FF 8F FF 2F FF FF FF FB FF FB FF FB FF F8 FF FF FF FF FF FF FF EF FF EF FF FF FF FF FF 0F FF FF FF FF FF FF
평	U+D3C9	80 31	0x50C40	FF FF FF FF FF E0 FF FF FF E6 FF E6 FF F6 FF E0 FF FF FF FF FF 6F FF EF FF 0F FF 6F FF 8F FF 2F FF FF FF FC FF F9 FF F9 FF FC FF FF FF FF FF FF FF EF FF 1F FF CF FF CF FF 1F FF FF FF FF FF FF
포	U+D3EC	82 DF	0x637C0	FF FF FF FF FF FF FF F0 FF FF FF F9 FF F9 FF FD FF FF FF FF FF FF FF 0F FF FF FF 9F FF 9F FF BF FF F0 FF FF FF FF FF E0 FF FF FF FF FF FF FF FF FF 0F FF 7F FF 7F FF 07 FF FF FF FF FF FF FF FF
폭	U+D3ED	82 E0	0x63800	FF FF FF FF FF F0 FF F9 FF FD FF F0 FF FF FF E0 FF FF FF FF FF 0F FF CF FF DF FF 0F FF 7F FF 07 FF FF FF F0 FF FF FF FF FF FF FF FF FF FF FF FF FF FF FF 0F FF EF FF EF FF EF FF FF FF FF FF FF
푹	U+D479	82 E2	0x63880	FF FF FF FF FF F0 FF FD FF FD FF F0 FF FF FF E0 FF FF FF FF FF 0F FF BF FF BF FF 0F FF FF FF 07 FF FF FF F0 FF FF FF FF FF FF FF FF FF FF FF FF FF 7F FF 0F FF EF FF EF FF EF FF FF FF FF FF FF
품	U+D488	82 E4	0x63900	FF FF FF FF FF F0 FF FD FF FD FF F0 FF FF FF E0 FF FF FF FF FF 0F FF BF FF BF FF 0F FF FF FF 07 FF FF FF F8 FF FB FF FB FF F8 FF FF FF FF FF FF FF 7F FF 0F FF EF FF EF FF 0F FF FF FF FF FF FF
풍	U+D48D	80 F8	0x53E00	FF FF FF FF FF F0 FF FD FF FD FF F0 FF FF FF E0 FF FF FF FF FF 0F FF BF FF BF FF 0F FF FF FF 07 FF FF FF FC FF F9 FF F9 FF FC FF FF FF FF FF FF FF 7F FF 1F FF CF FF CF FF 1F FF FF FF FF FF FF
퓨	U+D4E8	82 E5	0x63940	FF FF FF FF FF F0 FF FF FF FD FF FD FF F0 FF FF FF FF FF FF FF 0F FF FF FF DF FF DF FF 0F FF FF FF E0 FF FD FF FD FF FD FF FD FF FF FF FF FF FF FF 07 FF DF FF DF FF DF FF DF FF FF FF FF FF FF
프	U+D504	82 E6	0x63980	FF FF FF FF FF FF FF F0 FF FF FF F9 FF F9 FF FD FF FF FF FF FF FF FF 0F FF FF FF 9F FF 9F FF BF FF F0 FF FF FF FF FF E0 FF FF FF FF FF FF FF FF FF 0F FF FF FF FF FF 07 FF FF FF FF FF FF FF FF
플	U+D50C	82 E7	0x639C0	FF FF FF FF FF F0 FF FD FF F0 FF FF FF E0 FF FF FF FF FF FF FF 0F FF BF FF 0F FF FF FF 07 FF FF FF F8 FF FF FF F8 FF FB FF F8 FF FF FF FF FF FF FF 0F FF EF FF 0F FF FF FF 0F FF FF FF FF FF FF
필	U+D544	82 E8	0x63A00	FF FF FF FF FF E0 FF FF FF F2 FF FA FF E0 FF FF FF FF FF FF FF 2F FF EF FF 6F FF EF FF 2F FF FF FF F8 FF FF FF F8 FF FB FF F8 FF FF FF FF FF FF FF 0F FF EF FF 0F FF FF FF 0F FF FF FF FF FF FF
하	U+D558	82 E9	0x63A40	FF FF FF FF FF FB FF C0 FF FF FF F0 FF E6 FF EF FF FF FF FF FF DF FF 5F FF DF FF DF FF 5F FF 47 FF E6 FF F0 FF FF FF FF FF FF FF FF FF FF FF FF FF 5F FF DF FF DF FF DF FF DF FF FF FF FF FF FF
학	U+D559	80 F9	0x53E40	FF FF FF FF FF FB FF C0 FF FF FF F0 FF E6 FF E6 FF FF FF FF FF FF FF 5F FF DF FF DF FF 47 FF 5F FF F0 FF FF FF F0 FF FF FF FF FF FF FF FF FF FF FF DF FF FF FF 1F FF DF FF DF FF DF FF FF FF FF
한	U+D55C	82 EA	0x63A80	FF FF FF FF FF FB FF C0 FF FF FF F0 FF E6 FF E6 FF FF FF FF FF DF FF 5F FF DF FF DF FF 47 FF 5F FF F0 FF FF FF F7 FF F7 FF F0 FF FF FF FF FF FF FF DF FF DF FF FF FF FF FF 0F FF FF FF FF FF FF
할	U+D560	82 EB	0x63AC0	FF FF FF FF FF FB FF C0 FF FF FF E0 FF E6 FF E0 FF FF FF FF FF FF FF 5F FF DF FF 47 FF 5F FF 5F FF FF FF F0 FF FF FF F0 FF F7 FF F0 FF FF FF FF FF FF FF 1F FF DF FF 1F FF FF FF 1F FF FF FF FF
함	U+D568	82 EC	0x63B00	FF FF FF FF FF FB FF C0 FF FF FF F0 FF E6 FF E6 FF FF FF FF FF FF FF 5F FF DF FF DF FF 47 FF 5F FF F0 FF FF FF F0 FF F7 FF F7 FF F0 FF FF FF FF FF DF FF FF FF 1F FF DF FF DF FF 1F FF FF FF FF
합	U+D569	82 ED	0x63B40	FF FF FF FF FF FB FF C0 FF FF FF F0 FF E6 FF E6 FF FF FF FF FF FF FF 6F FF EF FF EF FF 67 FF 6F FF F0 FF FF FF F7 FF F0 FF F7 FF F0 FF FF FF FF FF EF FF FF FF EF FF 0F FF EF FF 0F FF FF FF FF
항	U+D56D	80 34	0x50D00	FF FF FF FF FF FB FF C0 FF FF FF F0 FF E6 FF E6 FF FF FF FF FF FF FF 5F FF DF FF DF FF 47 FF 5F FF F0 FF FF FF F8 FF F3 FF F3 FF F8 FF FF FF FF FF DF FF DF FF 1F FF CF FF CF FF 1F FF FF FF FF
해	U+D574	82 EF	0x63BC0	FF FF FF FF FF FB FF E0 FF FF FF F0 FF E6 FF EF FF FF FF FF FF D7 FF 57 FF D7 FF D7 FF 57 FF 47 FF E6 FF F0 FF FF FF FF FF FF FF FF FF FF FF FF FF 57 FF D7 FF D7 FF D7 FF D7 FF FF FF FF FF FF
했	U+D588	82 F0	0x63C00	FF FF FF FF FF FB FF E0 FF FF FF F0 FF E6 FF E6 FF FF FF FF FF FF FF 57 FF D7 FF D7 FF 47 FF 57 FF F0 FF FF FF FD FF F8 FF F2 FF E7 FF FF FF FF FF D7 FF F7 FF DF FF CF FF 07 FF 33 FF FF FF FF
행	U+D589	82 F1	0x63C40	FF FF FF FF FF FB FF E0 FF FF FF F0 FF E6 FF E6 FF FF FF FF FF FF FF 57 FF D7 FF D7 FF 47 FF 57 FF F0 FF FF FF FC FF F9 FF F9 FF FC FF FF FF FF FF D7 FF F7 FF 0F FF E7 FF E7 FF 0F FF FF FF FF
허	U+D5C8	82 F2	0x63C80	FF FF FF FF FF FB FF C0 FF FF FF F0 FF E6 FF EF FF FF FF FF FF EF FF 6F FF EF FF EF FF 6F FF 0F FF E6 FF F0 FF FF FF FF FF FF FF FF FF FF FF FF FF 6F FF EF FF EF FF EF FF EF FF FF FF FF FF FF
험	U+D5D8	82 F4	0x63D00	FF FF FF FF FF FD FF E0 FF FF FF F8 FF F2 FF F2 FF FF FF FF FF FF FF 6F FF EF FF EF FF 0F FF 6F FF F8 FF FF FF F8 FF FB FF FB FF F8 FF FF FF FF FF EF FF FF FF 0F FF EF FF EF FF 0F FF FF FF FF
혀	U+D600	82 F5	0x63D40	FF FF FF FF FF FB FF C0 FF FF FF F0 FF E6 FF EF FF FF FF FF FF EF FF 6F FF EF FF 8F FF 6F FF 6F FF E6 FF F0 FF FF FF FF FF FF FF FF FF FF FF FF FF 0F FF EF FF EF FF EF FF EF FF FF FF FF FF FF
형	U+D615	80 36	0x50D80	FF FF FF FF FF FD FF E0 FF FF FF F8 FF F2 FF F2 FF FF FF FF FF FF FF 6F FF EF FF 8F FF 6F FF 0F FF F8 FF FF FF FC FF F9 FF F9 FF FC FF FF FF FF FF EF FF FF FF 1F FF CF FF CF FF 1F FF FF FF FF
호	U+D638	80 FB	0x53EC0	FF FF FF FF FF FF FF FF FF F0 FF FF FF FC FF F9 FF FF FF FF FF FF FF 7F FF 0F FF FF FF 1F FF CF FF F9 FF FC FF FF FF E0 FF FF FF FF FF FF FF FF FF CF FF 1F FF 7F FF 07 FF FF FF FF FF FF FF FF
혼	U+D63C	82 F6	0x63D80	FF FF FF FF FF FF FF F0 FF FF FF F8 FF F9 FF F8 FF FF FF FF FF 7F FF 0F FF FF FF 0F FF CF FF 0F FF FF FF E0 FF FF FF FB FF FB FF F8 FF FF FF FF FF 7F FF 07 FF FF FF FF FF FF FF 0F FF FF FF FF
화	U+D654	82 F7	0x63DC0	FF FF FF FF FF FD FF E0 FF FF FF F8 FF F3 FF F3 FF FF FF FF FF EF FF 2F FF EF FF 6F FF 2F FF 23 FF F0 FF FD FF E0 FF FF FF FF FF FF FF FF FF FF FF 6F FF EF FF 0F FF EF FF EF FF FF FF FF FF FF
확	U+D655	82 F8	0x63E00	FF FF FF FF FF FD FF E0 FF FF FF F0 FF F2 FF F0 FF FF FF FF FF FF FF 2F FF EF FF 6F FF 6F FF 67 FF FD FF E0 FF FF FF F8 FF FF FF FF FF FF FF FF FF EF FF 2F FF FF FF 0F FF EF FF EF FF FF FF FF
환	U+D658	80 FE	0x53F80	FF FF FF FF FF FD FF E0 FF FF FF F0 FF F2 FF F0 FF FF FF FF FF EF FF 2F FF EF FF 6F FF 67 FF 6F FF FD FF E0 FF FF FF FB FF F8 FF FF FF FF FF FF FF EF FF 2F FF EF FF FF FF 0F FF FF FF FF FF FF
회	U+D68C	82 F9	0x63E40	FF FF FF FF FF FD FF E0 FF FF FF F8 FF F2 FF F2 FF FF FF FF FF EF FF 2F FF EF FF EF FF 6F FF 6F FF F0 FF FD FF E0 FF FF FF FF FF FF FF FF FF FF FF EF FF EF FF 2F FF EF FF EF FF FF FF FF FF FF
후	U+D6C4	81 01	0x54040	FF FF FF FF FF FF FF F0 FF FF FF F8 FF F9 FF F8 FF FF FF FF FF 7F FF 0F FF FF FF 0F FF CF FF 0F FF FF FF E0 FF FF FF FF FF FF FF FF FF FF FF FF FF FF FF 07 FF 7F FF 7F FF 7F FF FF FF FF FF FF
휘	U+D718	82 FA	0x63E80	FF FF FF FF FF FD FF F0 FF FF FF F0 FF F2 FF F0 FF FF FF FF FF EF FF 2F FF EF FF 6F FF 6F FF 6F FF FF FF E0 FF FD FF FD FF FD FF FF FF FF FF FF FF EF FF 2F FF EF FF EF FF EF FF FF FF FF FF FF
흘	U+D758	81 02	0x54080	FF FF FF FF FF FF FF F0 FF FF FF F8 FF F9 FF F8 FF FF FF FF FF 7F FF 0F FF FF FF 0F FF CF FF 0F FF FF FF E0 FF FF FF F8 FF FB FF F8 FF FF FF FF FF FF FF 07 FF EF FF 0F FF FF FF 0F FF FF FF FF
흠	U+D760	81 03	0x540C0	FF FF FF FF FF FF FF F0 FF FF FF F8 FF F9 FF F8 FF FF FF FF FF 7F FF 0F FF FF FF 0F FF CF FF 0F FF FF FF E0 FF FF FF F8 FF FB FF F8 FF FF FF FF FF FF FF 07 FF FF FF 0F FF EF FF 0F FF FF FF FF
흥	U+D765	81 04	0x54100	FF FF FF FF FF FF FF F0 FF FF FF F8 FF F3 FF F8 FF FF FF FF FF 7F FF 0F FF FF FF 1F FF CF FF 1F FF FF FF E0 FF FF FF F0 FF F3 FF F0 FF FF FF FF FF FF FF 07 FF FF FF 0F FF CF FF 0F FF FF FF FF
히	U+D788	82 FB	0x63EC0	FF FF FF FF FF FD FF E0 FF FF FF F8 FF F2 FF F7 FF FF FF FF FF EF FF 2F FF EF FF EF FF 6F FF 6F FF F2 FF F8 FF FF FF FF FF FF FF FF FF FF FF FF FF 6F FF EF FF EF FF EF FF EF FF FF FF FF FF FF
힌	U+D78C	82 FC	0x63F00	FF FF FF FF FF FD FF E0 FF FF FF F8 FF F2 FF F2 FF FF FF FF FF EF FF 2F FF EF FF EF FF 6F FF 6F FF F8 FF FF FF FB FF FB FF F8 FF FF FF FF FF FF FF EF FF EF FF FF FF FF FF 0F FF FF FF FF FF FF
힘	U+D798	82 FD	0x63F40	FF FF FF FF FF FD FF E0 FF FF FF F8 FF F2 FF F2 FF FF FF FF FF FF FF 2F FF EF FF EF FF 6F FF 6F FF F8 FF FF FF F8 FF FB FF FB FF F8 FF FF FF FF FF EF FF FF FF 0F FF EF FF EF FF 0F FF FF FF FF
