# English physical dialogue catalog; translation fields are intentionally blank until review.
record_id	region	start_offset	terminator_offset	length_without_terminator	raw_hex	control_summary	ascii_chars	line_breaks	page_breaks	has_highlight	classification	english	korean_translation	translation_status	required_hangul	missing_hangul	length_delta
EN-05806C	main-dialogue-1	0x05806C	0x05808C	32	D7 C3 02 DC 07 20 2E 2E 2E 2E 2E 2E 2E 2E 2E CD DC 00 20 4E 6F 20 E3 78 69 73 20 68 6F 6D 65 2E	00:1 02:1 07:1 C3:1 CD:1 D7:1 DC:2 E3:1	23	1	0	True	confirmed-record	[TOP][YELLOW][DC][07] .........\n[DC][00] No [E3]xis home.		pending			
EN-058119	main-dialogue-1	0x058119	0x058145	44	D7 20 C2 00 20 6C 6F 6F 6B 73 CD 20 69 6E 20 E3 00 6D 61 69 6C 62 6F 78 2E CD 20 4E 6F 74 68 69 6E 67 20 69 73 20 74 68 65 72 65 2E	00:2 C2:1 CD:2 D7:1 E3:1	37	2	0	False	confirmed-record	[TOP] [NAME] looks\n in [E3][00]mailbox.\n Nothing is there.		pending			
EN-058146	main-dialogue-1	0x058146	0x0581C0	122	D7 20 C2 00 CD 20 E3 91 69 6E 20 E3 00 6D 61 69 6C 62 6F 78 2E CD C9 0A 20 41 20 C3 03 4C 6F 76 65 20 4C 65 74 74 65 72 C3 00 21 D1 C3 02 20 50 6F 6C 6F 6E 2C 20 E3 01 E3 1C 74 68 65 CD 20 73 75 6E 73 68 69 6E 65 20 6F 66 20 6D 79 20 6C 69 66 65 2E CD 20 49 20 E3 29 74 6F 20 E3 5E E3 01 61 6C 77 61 79 73 2E CD CE 0F E3 40 53 65 63 72 65 74 20 41 64 6D 69 72 65 72	00:3 01:2 02:1 03:1 0A:1 0F:1 1C:1 91:1 C2:1 C3:3 C9:1 CD:5 CE:1 D1:1 D7:1 E3:8	90	5	1	True	confirmed-record	[TOP] [NAME]\n [E3][91]in [E3][00]mailbox.\n[C9][0A] A [PINK]Love Letter[/HIGHLIGHT]!\f[YELLOW] Polon, [E3][01][E3][1C]the\n sunshine of my life.\n I [E3])to [E3]^[E3][01]always.\n[CE][0F][E3]@Secret Admirer		pending			
EN-0581C1	main-dialogue-1	0x0581C1	0x058218	87	D7 E0 01 C2 00 2C 20 68 65 61 72 20 74 68 61 74 3F CD C9 14 E3 40 E3 1D 69 73 20 6F 6E 20 68 69 73 CD E3 FB 68 65 72 65 2E 2E 2E D1 49 6E 20 E3 BE 63 61 73 65 2C 20 70 6C 65 61 73 65 CD 72 65 74 75 72 6E 20 74 6F 20 79 6F 75 72 CD E3 79 61 74 20 6F 6E 63 65 2E	00:1 01:1 14:1 1D:1 BE:1 C2:1 C9:1 CD:4 D1:1 D7:1 E0:1 E3:5 FB:1	67	4	1	False	confirmed-record	[TOP][SPEAKER:01][NAME], hear that?\n[C9][14][E3]@[E3][1D]is on his\n[E3][FB]here...\fIn [E3][BE]case, please\nreturn to your\n[E3]yat once.		pending			
EN-05829B	main-dialogue-1	0x05829B	0x0582D2	55	D7 C3 02 20 20 20 43 72 69 73 70 79 20 53 68 6F 70 CD CD 20 41 20 74 6F 6F 6C 20 73 68 6F 70 20 74 6F 20 6D 61 6B 65 CD 20 6C 69 66 65 20 65 61 73 69 65 72 2E C3 00	00:1 02:1 C3:2 CD:3 D7:1	47	3	0	True	confirmed-record	[TOP][YELLOW]   Crispy Shop\n\n A tool shop to make\n life easier.[/HIGHLIGHT]		pending			
EN-0582D3	main-dialogue-1	0x0582D3	0x058336	99	D7 5B 52 65 63 65 6E 74 6C 79 20 C3 02 48 61 63 6B 65 72 73 C3 00 CD 20 E3 02 E3 3C 73 65 65 6E 20 6E 65 61 72 CD 20 68 65 72 65 2E D1 20 52 65 70 6F 72 74 20 E3 BE 73 75 73 70 69 63 69 6F 75 73 CD 20 70 65 72 73 6F 6E 73 21 20 CD CD 20 20 20 20 20 20 20 20 20 20 20 20 E3 9B 50 6F 6C 69 63 65 5D	00:1 02:2 9B:1 BE:1 C3:2 CD:5 D1:1 D7:1 E3:4	81	5	1	True	confirmed-record	[TOP][Recently [YELLOW]Hackers[/HIGHLIGHT]\n [E3][02][E3]<seen near\n here.\f Report [E3][BE]suspicious\n persons! \n\n            [E3][9B]Police]		pending			
EN-058337	main-dialogue-1	0x058337	0x05838B	84	D7 C3 02 20 5B 54 6F 77 6E 20 E3 F9 55 70 64 61 74 65 3A CD 20 E3 7F 6F 66 20 E3 00 65 61 72 74 68 71 75 61 6B 65 2C CD 20 E3 4B 6D 61 79 20 62 65 20 6C 61 6E 64 73 6C 69 64 65 73 CD 20 6E 65 61 72 20 E3 00 72 69 76 65 72 2E 20 42 65 77 61 72 65 21 5D	00:2 02:1 7F:1 C3:1 CD:3 D7:1 E3:5 F9:1	69	3	0	True	confirmed-record	[TOP][YELLOW] [Town [E3][F9]Update:\n [E3][7F]of [E3][00]earthquake,\n [E3]Kmay be landslides\n near [E3][00]river. Beware!]		pending			
EN-05838C	main-dialogue-1	0x05838C	0x0583CC	64	D7 C3 02 20 5B 54 6F 77 6E 20 E3 F9 55 70 64 61 74 65 3A CD 20 E3 04 E3 E4 45 69 6E 73 74 2C 20 74 6F CD 20 E3 81 E3 10 E3 11 74 6F 20 74 61 6C 6B CD 20 E3 0A E3 38 70 72 6F 62 6C 65 6D 2E 5D	02:1 04:1 0A:1 10:1 11:1 81:1 C3:1 CD:3 D7:1 E3:8 E4:1 F9:1	43	3	0	True	confirmed-record	[TOP][YELLOW] [Town [E3][F9]Update:\n [E3][04][E3][E4]Einst, to\n [E3][81][E3][10][E3][11]to talk\n [E3][0A][E3]8problem.]		pending			
EN-0583CD	main-dialogue-1	0x0583CD	0x058410	67	D7 C3 02 20 5B 41 54 54 45 4E 54 49 4F 4E 5D CD 20 53 6F 6D 65 20 E3 57 70 6C 61 79 69 6E 67 20 62 79 CD 20 E3 00 72 69 76 65 72 20 E3 02 67 6F 74 74 65 6E CD 20 6C 6F 73 74 2E 20 E3 33 68 65 6C 70 2E	00:1 02:2 C3:1 CD:3 D7:1 E3:4	55	3	0	True	confirmed-record	[TOP][YELLOW] [ATTENTION]\n Some [E3]Wplaying by\n [E3][00]river [E3][02]gotten\n lost. [E3]3help.		pending			
EN-058411	main-dialogue-1	0x058411	0x058488	119	D7 C3 02 20 5B 54 6F 77 6E 20 E3 F9 55 70 64 61 74 65 5D D1 20 E3 04 E3 6F E3 57 77 65 72 65 CD 20 72 65 74 75 72 6E 65 64 20 73 61 66 65 6C 79 20 74 68 61 6E 6B 73 CD 20 74 6F 20 C2 00 2C CD 20 E3 00 E3 47 E3 1F 52 6F 63 6F 63 6F 2E D1 20 E3 A3 C2 00 20 E3 12 72 65 63 65 69 76 65 CD 20 61 20 72 65 77 61 72 64 20 66 72 6F 6D CD 20 E3 00 4D 61 79 6F 72 2E	00:4 02:1 04:1 12:1 1F:1 A3:1 C2:2 C3:1 CD:5 D1:2 D7:1 E3:10 F9:1	88	5	2	True	confirmed-record	[TOP][YELLOW] [Town [E3][F9]Update]\f [E3][04][E3]o[E3]Wwere\n returned safely thanks\n to [NAME],\n [E3][00][E3]G[E3][1F]Rococo.\f [E3][A3][NAME] [E3][12]receive\n a reward from\n [E3][00]Mayor.		pending			
EN-058489	main-dialogue-1	0x058489	0x05857F	246	D7 5B 48 65 6C 6C 6F 2E 20 E3 03 4D 69 6E 74 2E CD 20 52 75 6D 6F 72 20 E3 18 69 74 20 E3 00 4D 61 79 6F 72 CD 20 73 70 65 6E 64 73 20 E3 71 E3 44 E3 54 77 69 74 68 CD 20 E3 00 6E 65 77 20 73 65 63 72 65 74 61 72 79 2E D1 20 E3 1A 61 6C 77 61 79 73 20 E3 60 74 6F CD 20 69 6D 70 72 65 73 73 20 68 65 72 2E CD 20 45 76 65 6E 20 74 68 6F 75 67 68 20 E3 41 6F 6C 64 CD 20 65 6E 6F 75 67 68 20 74 6F 20 62 65 20 E3 F6 66 61 74 68 65 72 21 D1 20 E3 04 E3 11 E3 18 61 CD 20 72 65 70 75 74 61 74 69 6F 6E 20 61 73 20 61 20 68 61 6D 2E CD 20 49 20 77 6F 6E 64 65 72 20 69 66 20 68 65 20 6B 6E 6F 77 73 3F D1 20 43 68 65 65 72 20 75 70 2C 20 4D 72 2E 4D 61 79 6F 72 21 5D CD CD CD 20 20 20 20 20 20 4D 69 6E 74 2C 20 E3 9B 52 65 70 6F 72 74 65 72	00:2 03:1 04:1 11:1 18:2 1A:1 9B:1 CD:11 D1:3 D7:1 E3:15 F6:1	206	11	3	False	confirmed-record	[TOP][Hello. [E3][03]Mint.\n Rumor [E3][18]it [E3][00]Mayor\n spends [E3]q[E3]D[E3]Twith\n [E3][00]new secretary.\f [E3][1A]always [E3]`to\n impress her.\n Even though [E3]Aold\n enough to be [E3][F6]father!\f [E3][04][E3][11][E3][18]a\n reputation as a ham.\n I wonder if he knows?\f Cheer up, Mr.Mayor!]\n\n\n      Mint, [E3][9B]Reporter		pending			
EN-058580	main-dialogue-1	0x058580	0x05899A	1050	D7 5B 48 65 6C 6C 6F 2E 20 E3 03 4D 69 6E 74 2E CD 20 E3 0D 74 65 72 72 69 62 6C 65 2C CD 20 E3 0E 62 75 73 69 6E 65 73 73 20 61 62 6F 75 74 CD 20 E3 00 E3 6F 63 68 69 6C 64 72 65 6E 21 D1 20 52 75 6D 6F 72 20 E3 18 69 74 20 E3 00 4D 61 79 6F 72 CD 20 61 73 6B 65 64 20 61 6E 20 C3 02 69 74 69 6E 65 72 61 6E 74 CD 20 69 6E 76 65 6E 74 6F 72 C3 00 20 E3 0C 68 65 6C 70 2E D1 20 E3 88 E3 2B 68 65 20 61 73 6B 20 61 6E CD 20 75 6E 6B 6E 6F 77 6E 20 E3 47 74 6F 20 68 65 6C 70 CD 20 E3 10 E3 21 74 68 61 74 60 73 CD 20 73 6F 20 69 6D 70 6F 72 74 61 6E 74 3F D1 20 4D 61 6B 65 73 20 6D 65 20 6E 65 72 76 6F 75 73 2E CD CD CD D3 81 89 D7 20 5B 48 65 6C 6C 6F 2E 20 E3 03 4D 69 6E 74 2E CD 20 49 74 20 E3 D9 E3 00 63 68 69 6C 64 72 65 6E CD 20 E3 02 E3 3C 66 6F 75 6E 64 2E D1 20 E3 1A E3 FE E3 3A 67 6F 6F 64 CD 20 74 68 69 6E 67 73 2C 20 E3 22 E3 41 68 61 64 CD 20 E3 35 61 73 20 6D E3 BE 66 61 69 6C 75 72 65 73 2E D1 20 49 20 E3 2F E3 4A 62 79 20 63 68 61 6E 63 65 2E CD 20 55 73 75 61 6C 6C 79 20 E3 00 E3 E2 6F 72 CD 20 74 6F 77 6E 73 E3 E7 E3 30 E3 AC 6F 66 CD 20 74 68 69 73 2C 20 E3 1E 69 6E 76 65 6E 74 6F 72 73 2E D1 20 57 65 20 E3 4E 64 6F 20 73 6F 6D 65 74 68 69 6E 67 2E CD 20 E3 19 61 20 62 6F 74 68 65 72 2E CD CD D3 81 89 D7 5B 48 65 6C 6C 6F 2E 20 E3 03 4D 69 6E 74 2E CD 20 49 20 E3 02 E3 3A 62 61 64 20 6E 65 77 73 2E CD 20 E3 24 73 65 63 74 69 6F 6E 20 69 73 20 63 6C 6F 73 65 64 CD 20 E3 0C 61 6E 20 69 6E 76 65 73 74 69 67 61 74 69 6F 6E 21 D1 20 E3 28 74 68 65 CD 20 69 6E 76 65 73 74 69 67 61 74 69 6F 6E 20 69 73 20 6F 76 65 72 2C CD 20 74 68 65 72 65 60 6C 6C 20 62 65 20 61 20 68 75 67 65 20 73 63 6F 6F 70 CD 20 E3 0C 65 76 65 72 79 6F 6E 65 21 20 49 20 70 72 6F 6D 69 73 65 21 5D D1 20 45 76 65 72 79 6F 6E 65 2C CD 20 77 61 74 63 68 20 E3 0E 73 70 61 63 65 21 CD CD D3 81 89 D7 5B 48 65 6C 6C 6F 2E 20 E3 03 4D 69 6E 74 2E D1 20 E3 88 65 78 61 63 74 6C 79 20 E3 02 73 6F 20 6D 61 6E 79 CD 20 E3 46 E3 3C 68 65 72 65 CD 20 6C 61 74 65 6C 79 3F 20 4F 6E 65 20 72 65 61 73 6F 6E CD 20 69 73 20 63 6C 65 61 72 2E D1 20 E3 04 C3 02 54 65 74 72 6F 6E C3 00 20 53 74 6F 6E 65 CD 20 69 73 20 E3 23 E3 DB 77 61 6E 74 2E CD 20 E3 36 6E 6F 20 E3 78 E3 D5 E3 23 69 74 CD 20 61 63 74 75 61 6C 6C 79 20 E3 91 6C 69 6B 65 2E D1 20 4E 6F 74 20 6D 75 63 68 20 69 73 20 6B 6E 6F 77 6E 20 61 62 6F 75 74 CD 20 E3 00 48 61 63 6B 65 72 73 2C D1 20 E3 22 49 20 69 6E 74 65 6E 64 CD 20 74 6F 20 63 6F 6E 74 69 6E 75 65 20 67 61 74 68 65 72 69 6E 67 CD 20 69 6E 66 6F 72 6D 61 74 69 6F 6E 20 E3 0A 74 68 65 6D 2E D1 D3 B9 87 D7 5B 48 65 6C 6C 6F 2E 20 E3 03 4D 69 6E 74 2E CD 20 E3 0D 63 6C 65 61 72 20 E3 00 6E 65 77 CD 20 E3 7A 52 6F 73 65 2C 20 69 73 CD 20 E3 78 6F 66 20 E3 00 48 61 63 6B 65 72 73 21 D1 20 E3 04 E3 46 68 61 76 65 CD 20 6B 69 64 6E 61 70 70 65 64 20 E3 00 E3 CD 4D 61 79 6F 72 CD 20 E3 08 72 65 70 6C 61 63 65 64 20 E3 5A 77 69 74 68 CD 20 61 20 66 61 6B 65 20 4D 61 79 6F 72 2E D1 20 E3 04 E3 78 E3 A0 E3 95 52 6F 63 6F 63 6F CD 20 E3 1F E3 00 E3 46 69 73 CD 20 C2 00 21 20 E3 04 4D 61 79 6F 72 CD 20 E3 16 73 61 76 65 64 2C 20 74 6F 6F 2E D1 D3 6A 88 C3 03 20 20 20 20 4D 69 6E 74 2C 20 E3 9B 52 65 70 6F 72 74 65 72 C3 00 5D	00:13 02:5 03:6 04:4 08:1 0A:1 0C:3 0D:2 0E:2 10:1 16:1 18:1 19:1 1A:1 1E:1 1F:1 81:3 87:1 88:3 89:3 91:1 95:1 9B:1 A0:1 AC:1 B9:1 BE:1 C2:1 C3:6 CD:49 D1:16 D3:5 D5:1 D7:5 D9:1 DB:1 E2:1 E3:81 E7:1 FE:1	820	49	16	True	confirmed-record	[TOP][Hello. [E3][03]Mint.\n [E3][0D]terrible,\n [E3][0E]business about\n [E3][00][E3]ochildren!\f Rumor [E3][18]it [E3][00]Mayor\n asked an [YELLOW]itinerant\n inventor[/HIGHLIGHT] [E3][0C]help.\f [E3][88][E3]+he ask an\n unknown [E3]Gto help\n [E3][10][E3]!that`s\n so important?\f Makes me nervous.\n\n\n[D3][81][89][TOP] [Hello. [E3][03]Mint.\n It [E3][TOP2][E3][00]children\n [E3][02][E3]<found.\f [E3][1A][E3][FE][E3]:good\n things, [E3]"[E3]Ahad\n [E3]5as m[E3][BE]failures.\f I [E3]/[E3]Jby chance.\n Usually [E3][00][E3][E2]or\n towns[E3][E7][E3]0[E3][AC]of\n this, [E3][1E]inventors.\f We [E3]Ndo something.\n [E3][19]a bother.\n\n[D3][81][89][TOP][Hello. [E3][03]Mint.\n I [E3][02][E3]:bad news.\n [E3]$section is closed\n [E3][0C]an investigation!\f [E3](the\n investigation is over,\n there`ll be a huge scoop\n [E3][0C]everyone! I promise!]\f Everyone,\n watch [E3][0E]space!\n\n[D3][81][89][TOP][Hello. [E3][03]Mint.\f [E3][88]exactly [E3][02]so many\n [E3]F[E3]<here\n lately? One reason\n is clear.\f [E3][04][YELLOW]Tetron[/HIGHLIGHT] Stone\n is [E3]#[E3][DB]want.\n [E3]6no [E3]x[E3][D5][E3]#it\n actually [E3][91]like.\f Not much is known about\n [E3][00]Hackers,\f [E3]"I intend\n to continue gathering\n information [E3][0A]them.\f[D3][B9][87][TOP][Hello. [E3][03]Mint.\n [E3][0D]clear [E3][00]new\n [E3]zRose, is\n [E3]xof [E3][00]Hackers!\f [E3][04][E3]Fhave\n kidnapped [E3][00][E3]\nMayor\n [E3][08]replaced [E3]Zwith\n a fake Mayor.\f [E3][04][E3]x[E3][A0][E3][95]Rococo\n [E3][1F][E3][00][E3]Fis\n [NAME]! [E3][04]Mayor\n [E3][16]saved, too.\f[D3]j[88][PINK]    Mint, [E3][9B]Reporter[/HIGHLIGHT]]		pending			
EN-058B34	main-dialogue-1	0x058B34	0x058BBE	138	D7 E3 09 E3 4E E3 02 E3 35 6D 6F 76 65 64 CD 69 6E 74 6F 20 E3 15 E3 9E 49 CD 62 65 74 74 65 72 20 E3 4F E3 01 61 20 6C 69 74 74 6C 65 CD E3 0A E3 0E 74 6F 77 6E 2E D1 41 6C 77 61 79 73 20 72 69 6E 67 20 E3 00 64 6F 6F 72 62 65 6C 6C CD C3 02 E3 F2 65 6E 74 65 72 69 6E 67 20 61 20 E3 9E CD E3 09 E3 94 E3 26 69 6E 20 74 72 6F 75 62 6C 65 2E CD E3 8C 67 6F 20 65 78 70 6C 6F 72 69 6E 67 20 6C 61 74 65 72 21 C3 00	00:2 01:1 02:2 09:2 0A:1 0E:1 15:1 8C:1 94:1 9E:2 C3:2 CD:6 D1:1 D7:1 E3:17 F2:1	96	6	1	True	confirmed-record	[TOP][E3][09][E3]N[E3][02][E3]5moved\ninto [E3][15][E3][9E]I\nbetter [E3]O[E3][01]a little\n[E3][0A][E3][0E]town.\fAlways ring [E3][00]doorbell\n[YELLOW][E3][F2]entering a [E3][9E]\n[E3][09][E3][94][E3]&in trouble.\n[E3][8C]go exploring later![/HIGHLIGHT]		pending			
EN-058BBF	main-dialogue-1	0x058BBF	0x058BE0	33	D7 E3 8F E3 B6 E3 0A 67 6F 69 6E 67 CD E3 4A 74 6F 20 E3 02 66 75 6E 2E 20 47 6F 20 61 77 61 79 21	02:1 0A:1 8F:1 B6:1 CD:1 D7:1 E3:5	22	1	0	False	confirmed-record	[TOP][E3][8F][E3][B6][E3][0A]going\n[E3]Jto [E3][02]fun. Go away!		pending			
EN-058BE1	main-dialogue-1	0x058BE1	0x058C27	70	D7 E3 A2 E3 0C E3 71 79 6F 75 60 76 65 CD 64 6F 6E 65 2E 20 41 74 20 66 69 72 73 74 20 49 20 74 68 6F 75 67 68 74 CD E3 01 E3 63 73 74 72 61 6E 67 65 2C 20 62 75 74 CD E3 13 64 65 70 65 6E 64 61 62 6C 65 21 21	01:1 0C:1 13:1 A2:1 CD:3 D7:1 E3:6	56	3	0	False	confirmed-record	[TOP][E3][A2][E3][0C][E3]qyou`ve\ndone. At first I thought\n[E3][01][E3]cstrange, but\n[E3][13]dependable!!		pending			
EN-058C28	main-dialogue-1	0x058C28	0x058C60	56	D7 E3 2E 47 69 76 65 20 E3 3E 74 68 65 CD 69 6E 76 65 6E 74 69 6F 6E 3F 20 49 20 E3 07 74 68 69 6E 6B CD 73 6F 2E 20 56 65 72 79 20 69 6E 74 65 72 65 73 74 69 6E 67 2E	07:1 CD:2 D7:1 E3:3	49	2	0	False	confirmed-record	[TOP][E3].Give [E3]>the\ninvention? I [E3][07]think\nso. Very interesting.		pending			
EN-058C61	main-dialogue-1	0x058C61	0x058C74	19	D7 2E 2E 2E 57 68 6F 2E 2E 20 E3 A0 69 73 20 69 74 3F 3F	A0:1 D7:1 E3:1	16	0	0	False	confirmed-record	[TOP]...Who.. [E3][A0]is it??		pending			
EN-058C75	main-dialogue-1	0x058C75	0x058CF3	126	D7 57 61 61 61 68 21 20 C9 1E 49 2E 2E 2E 20 E3 03 73 6F 72 72 79 21 CD 49 20 E3 67 64 6F 20 E3 B2 62 61 64 21 CD E3 06 E3 37 69 74 20 62 61 63 6B 21 21 D1 C2 00 20 E3 18 74 61 6B 65 6E 20 62 61 63 6B CD E3 00 C3 02 48 6F 72 6E C3 00 21 CC D7 49 2E 2E 2E 20 E3 53 64 65 63 69 64 65 64 20 6E 6F 74 CD 74 6F 20 6D 69 73 62 65 E3 02 61 6E 79 6D 6F 72 65 21 CD 48 6F 6E 65 73 74 21	00:3 02:2 03:1 06:1 18:1 1E:1 B2:1 C2:1 C3:2 C9:1 CC:1 CD:5 D1:1 D7:2 E3:9	94	5	1	True	confirmed-record	[TOP]Waaah! [C9][1E]I... [E3][03]sorry!\nI [E3]gdo [E3][B2]bad!\n[E3][06][E3]7it back!!\f[NAME] [E3][18]taken back\n[E3][00][YELLOW]Horn[/HIGHLIGHT]![CC][TOP]I... [E3]Sdecided not\nto misbe[E3][02]anymore!\nHonest!		pending			
EN-058D63	main-dialogue-1	0x058D63	0x058DAA	71	D7 41 20 68 75 67 65 20 6C 69 67 68 74 20 66 65 6C 6C 20 6F 6E CD E3 00 72 69 76 65 72 62 61 6E 6B 21 CD E3 73 E3 1B 61 20 55 46 4F 2E D1 49 20 E3 29 74 6F 20 E3 30 61 20 6C 6F 6F 6B 2E CD C9 1E 53 6E 6F 72 65 21	00:1 1B:1 1E:1 C9:1 CD:3 D1:1 D7:1 E3:5	57	3	1	False	confirmed-record	[TOP]A huge light fell on\n[E3][00]riverbank!\n[E3]s[E3][1B]a UFO.\fI [E3])to [E3]0a look.\n[C9][1E]Snore!		pending			
EN-058E9B	main-dialogue-1	0x058E9B	0x058EE7	76	D7 E3 62 67 75 79 20 73 6E 6F 6F 7A 69 6E 67 CD 75 6E 64 65 72 20 E3 00 74 72 65 65 20 74 65 6C 6C 73 20 73 6F 6D 65 CD E3 B5 6F 6C 64 20 73 74 6F 72 69 65 73 2E CD 48 61 76 65 20 E3 01 74 61 6C 6B 65 64 20 74 6F 20 68 69 6D 3F	00:1 01:1 B5:1 CD:3 D7:1 E3:4	65	3	0	False	confirmed-record	[TOP][E3]bguy snoozing\nunder [E3][00]tree tells some\n[E3][B5]old stories.\nHave [E3][01]talked to him?		pending			
EN-058EE8	main-dialogue-1	0x058EE8	0x058F2F	71	D7 E3 8F 70 6C 61 6E 6E 69 6E 67 20 74 6F 20 67 6F 20 6F 6E CD 61 6E 20 61 64 76 65 6E 74 75 72 65 2E 20 42 75 74 CD E3 03 E3 1E E3 25 74 6F 20 67 69 76 65 CD E3 01 E3 00 64 65 74 61 69 6C 73 2E C9 1E 20 48 61 21	00:1 01:1 03:1 1E:2 8F:1 C9:1 CD:3 D7:1 E3:6	54	3	0	False	confirmed-record	[TOP][E3][8F]planning to go on\nan adventure. But\n[E3][03][E3][1E][E3]%to give\n[E3][01][E3][00]details.[C9][1E] Ha!		pending			
EN-058F30	main-dialogue-1	0x058F30	0x058F67	55	D7 49 74 20 E3 16 43 61 72 6C 60 73 20 69 64 65 61 20 74 6F CD E3 C6 E3 0C E3 00 48 61 63 6B 65 72 60 73 CD 68 69 64 65 6F 75 74 2E 20 E3 0D E3 44 66 61 75 6C 74 21	00:1 0C:1 0D:1 16:1 C6:1 CD:2 D7:1 E3:6	41	2	0	False	confirmed-record	[TOP]It [E3][16]Carl`s idea to\n[E3][C6][E3][0C][E3][00]Hacker`s\nhideout. [E3][0D][E3]Dfault!		pending			
EN-058F68	main-dialogue-1	0x058F68	0x058FBF	87	D7 E3 2E 43 61 72 6C 3F 20 49 20 E3 07 6B 6E 6F 77 2E CD E3 73 E3 41 E3 8D 77 6F 72 6B 69 6E 67 CD 61 6C E3 78 69 6E 20 E3 00 63 61 76 65 2E D1 48 65 20 E3 A8 68 65 20 E3 16 E3 AB 74 6F 20 66 69 6E 64 CD E3 00 48 61 63 6B 65 72 60 73 20 68 69 64 65 6F 75 74 2E	00:2 07:1 16:1 8D:1 A8:1 AB:1 CD:3 D1:1 D7:1 E3:11	64	3	1	False	confirmed-record	[TOP][E3].Carl? I [E3][07]know.\n[E3]s[E3]A[E3][8D]working\nal[E3]xin [E3][00]cave.\fHe [E3][A8]he [E3][16][E3][AB]to find\n[E3][00]Hacker`s hideout.		pending			
EN-058FC0	main-dialogue-1	0x058FC0	0x05900D	77	D7 57 65 20 E3 1C 74 68 69 6E 6B 69 6E 67 20 6F 66 CD E3 25 74 6F 20 65 78 70 6C 6F 72 65 20 74 68 65 CD C3 02 48 61 75 6E 74 65 64 20 48 6F 75 73 65 C3 00 20 69 6E 20 E3 00 46 6F 72 65 73 74 CD 6F 66 20 49 6C 6C 75 73 69 6F 6E 2E	00:2 02:1 1C:1 C3:2 CD:3 D7:1 E3:3	64	3	0	True	confirmed-record	[TOP]We [E3][1C]thinking of\n[E3]%to explore the\n[YELLOW]Haunted House[/HIGHLIGHT] in [E3][00]Forest\nof Illusion.		pending			
EN-05900E	main-dialogue-1	0x05900E	0x05905B	77	D7 E3 2E E3 04 E3 87 49 CD 67 6F 74 3F 20 49 20 E3 6F 69 74 20 74 6F 20 61 20 6B 69 64 CD 61 74 20 E3 00 65 6E 74 72 61 6E 63 65 20 74 6F 20 74 68 65 CD 76 69 6C 6C 61 67 65 2E D1 48 65 20 74 6F 6F 6B 20 69 74 20 E3 10 68 69 6D 2E	00:1 04:1 10:1 87:1 CD:3 D1:1 D7:1 E3:6	62	3	1	False	confirmed-record	[TOP][E3].[E3][04][E3][87]I\ngot? I [E3]oit to a kid\nat [E3][00]entrance to the\nvillage.\fHe took it [E3][10]him.		pending			
EN-0591B5	main-dialogue-1	0x0591B5	0x0591EC	55	D7 54 6F 20 77 61 6C 6B 20 66 61 73 74 65 72 2C 20 70 72 65 73 73 CD E3 78 6F 66 20 E3 00 62 75 74 74 6F 6E 73 20 6F 6E CD E3 00 43 6F 6E 74 72 6F 6C 20 50 61 64 2E	00:2 CD:2 D7:1 E3:3	47	2	0	False	confirmed-record	[TOP]To walk faster, press\n[E3]xof [E3][00]buttons on\n[E3][00]Control Pad.		pending			
EN-0591ED	main-dialogue-1	0x0591ED	0x05922A	61	D7 E3 6B E3 01 E3 25 74 6F 20 E3 5E 74 68 65 CD 4D 61 79 6F 72 3F 20 E3 09 E3 8E E3 29 74 6F CD E3 30 61 20 E3 BD E3 10 79 6F 75 2E CD 48 65 20 E3 3F 6C 69 6B 65 73 20 64 6F 67 73 2E	01:1 09:1 10:1 8E:1 BD:1 CD:3 D7:1 E3:11	41	3	0	False	confirmed-record	[TOP][E3]k[E3][01][E3]%to [E3]^the\nMayor? [E3][09][E3][8E][E3])to\n[E3]0a [E3][BD][E3][10]you.\nHe [E3]?likes dogs.		pending			
EN-05922B	main-dialogue-1	0x05922B	0x05926C	65	D7 E3 09 74 6F 6F 6B 20 61 20 E3 BD 77 69 74 68 CD E3 01 74 6F 20 E3 81 E3 00 4D 61 79 6F 72 3F CD E3 0D 73 6F 20 65 61 73 79 20 74 6F CD 66 6F 6F 6C 20 79 6F 75 2E C9 1E 20 48 6D 6D 6D 2E 2E 2E	00:1 01:1 09:1 0D:1 1E:1 81:1 BD:1 C9:1 CD:3 D7:1 E3:6	47	3	0	False	confirmed-record	[TOP][E3][09]took a [E3][BD]with\n[E3][01]to [E3][81][E3][00]Mayor?\n[E3][0D]so easy to\nfool you.[C9][1E] Hmmm...		pending			
EN-05926D	main-dialogue-1	0x05926D	0x0592A1	52	D7 E3 19 64 6F 20 E3 01 77 61 6E 74 3F 20 49 20 68 61 76 65 CD 61 6E 20 E3 FC 6D 65 65 74 69 6E 67 2E CD 54 61 6C 6B 20 74 6F 20 6D 65 20 6C 61 74 65 72 2E	01:1 19:1 CD:2 D7:1 E3:3 FC:1	43	2	0	False	confirmed-record	[TOP][E3][19]do [E3][01]want? I have\nan [E3][FC]meeting.\nTalk to me later.		pending			
EN-0592A2	main-dialogue-1	0x0592A2	0x0592E0	62	D7 E3 2A E3 13 E3 00 69 6E 76 65 6E 74 6F 72 21 21 CD 41 6D 61 7A 69 6E 67 2C 20 61 6E 20 69 6E 76 65 6E 74 6F 72 21 CD 49 20 E3 3F 61 64 6D 69 72 65 20 79 6F 75 21 CD 57 6F 77 2E 2E 2E	00:1 13:1 CD:3 D7:1 E3:4	52	3	0	False	confirmed-record	[TOP][E3]*[E3][13][E3][00]inventor!!\nAmazing, an inventor!\nI [E3]?admire you!\nWow...		pending			
EN-059364	main-dialogue-1	0x059364	0x0593D5	113	D7 E3 31 C9 1E E3 1C 79 6F 75 CD 44 72 2E E3 32 73 6F 6E 3F CD 44 72 2E E3 E3 75 73 65 64 20 74 6F CD 6C 69 76 65 20 69 6E 20 E3 0E 74 6F 77 6E 2E D1 E3 28 E3 44 E3 87 66 61 69 6C 65 64 CD 69 74 20 E3 3F E3 AA 61 20 73 74 69 72 2E CD C9 1E 54 68 65 6E 20 68 65 20 E3 C0 74 6F CD 61 20 E3 93 6F 75 74 73 69 64 65 20 6F 66 20 74 6F 77 6E 2E	0E:1 1C:1 1E:2 87:1 93:1 AA:1 C0:1 C9:2 CD:6 D1:1 D7:1 E3:13	82	6	1	False	confirmed-record	[TOP][E3]1[C9][1E][E3][1C]you\nDr.[E3]2son?\nDr.[E3][E3]used to\nlive in [E3][0E]town.\f[E3]([E3]D[E3][87]failed\nit [E3]?[E3][AA]a stir.\n[C9][1E]Then he [E3][C0]to\na [E3][93]outside of town.		pending			
EN-0593D6	main-dialogue-1	0x0593D6	0x059402	44	D7 E3 28 E3 13 E3 7D CD 74 72 79 20 65 76 65 72 79 74 68 69 6E 67 2C CD E3 08 E3 07 77 6F 72 72 79 CD E3 0A 66 61 69 6C 75 72 65 2E	07:1 08:1 0A:1 13:1 CD:3 D7:1 E3:6	30	3	0	False	confirmed-record	[TOP][E3]([E3][13][E3]}\ntry everything,\n[E3][08][E3][07]worry\n[E3][0A]failure.		pending			
EN-059403	main-dialogue-1	0x059403	0x059481	126	D7 4E 69 63 65 20 77 65 61 74 E3 F6 74 6F 64 61 79 2E CD 57 61 6E 74 20 74 6F 20 E3 3D 61 20 77 68 69 6C 65 3F CD 20 53 75 72 65 2E CD 20 E3 BA 74 68 61 6E 6B 73 2E CC D7 E3 2E E3 88 61 6D 20 49 20 E3 71 77 65 74 3F CD 4C 65 67 65 6E 64 20 73 61 79 73 20 77 61 74 65 72 20 6F 6E 6C 79 CD 66 61 6C 6C 73 20 6F 6E 20 E3 00 68 61 6E 64 73 6F 6D 65 2E CD 48 61 20 68 61 20 68 61 2E	00:1 88:1 BA:1 CC:1 CD:6 D7:2 E3:7 F6:1	106	6	0	False	confirmed-record	[TOP]Nice weat[E3][F6]today.\nWant to [E3]=a while?\n Sure.\n [E3][BA]thanks.[CC][TOP][E3].[E3][88]am I [E3]qwet?\nLegend says water only\nfalls on [E3][00]handsome.\nHa ha ha.		pending			
EN-05952F	main-dialogue-1	0x05952F	0x05954E	31	D7 DC 09 2E 2E 2E 2E 2E 2E DC 00 48 75 68 3F CD 53 6F 6D 65 62 6F 64 79 20 63 E3 71 6D 65 3F	00:1 09:1 CD:1 D7:1 DC:2 E3:1	24	1	0	False	confirmed-record	[TOP][DC][09]......[DC][00]Huh?\nSomebody c[E3]qme?		pending			
EN-05954F	main-dialogue-1	0x05954F	0x05955E	15	D7 E3 31 6D 69 63 65 20 E3 1C 63 75 74 65 2E	1C:1 D7:1 E3:2	11	0	0	False	confirmed-record	[TOP][E3]1mice [E3][1C]cute.		pending			
EN-0596DE	main-dialogue-1	0x0596DE	0x059791	179	D7 E3 6B E3 01 44 72 2E 41 6B 69 68 61 62 61 72 61 60 73 CD 73 6F 6E 3F 20 E3 A9 73 61 79 CD E3 01 E3 35 E3 C0 74 6F CD E3 0E 74 6F 77 6E 2E D1 E3 40 E3 AF 69 6E 76 65 6E 74 69 6F 6E 73 CD 63 65 72 74 61 69 6E 6C 79 20 E3 AA 6D 65 CD 61 20 6C 6F 74 20 6F 66 20 74 72 6F 75 62 6C 65 2E D1 E3 09 E3 8E 63 61 E3 B9 61 20 6C 6F 74 CD 6F 66 20 74 72 6F 75 62 6C 65 20 74 6F 6F 2E CD 49 20 E3 07 E3 AC 68 6F 77 20 6F 6C 64 D1 E3 01 61 72 65 2E 20 49 66 20 E3 01 6D 65 73 73 20 75 70 2C CD E3 06 E3 26 79 6F 75 2E CD 57 61 74 63 68 20 69 74 21	01:4 06:1 07:1 09:1 0E:1 8E:1 A9:1 AA:1 AC:1 AF:1 B9:1 C0:1 CD:9 D1:3 D7:1 E3:19	132	9	3	False	confirmed-record	[TOP][E3]k[E3][01]Dr.Akihabara`s\nson? [E3][A9]say\n[E3][01][E3]5[E3][C0]to\n[E3][0E]town.\f[E3]@[E3][AF]inventions\ncertainly [E3][AA]me\na lot of trouble.\f[E3][09][E3][8E]ca[E3][B9]a lot\nof trouble too.\nI [E3][07][E3][AC]how old\f[E3][01]are. If [E3][01]mess up,\n[E3][06][E3]&you.\nWatch it!		pending			
EN-059792	main-dialogue-1	0x059792	0x0597D2	64	D7 E3 FA E3 6C E3 66 74 6F CD 73 61 79 3F 20 E3 36 E3 05 66 61 74 68 65 72 CD E3 AA 61 20 6C 6F 74 20 6F 66 20 70 72 6F 62 6C 65 6D 73 2E CD E3 0B 61 20 73 6C 79 20 6F 6E 65 2C 20 74 6F 6F 2E	05:1 0B:1 AA:1 CD:3 D7:1 E3:7 FA:1	49	3	0	False	confirmed-record	[TOP][E3][FA][E3]l[E3]fto\nsay? [E3]6[E3][05]father\n[E3][AA]a lot of problems.\n[E3][0B]a sly one, too.		pending			
EN-0597D3	main-dialogue-1	0x0597D3	0x0597FC	41	D7 48 6D 6D 70 68 2E 2E 2E CD E3 B4 E3 99 62 65 20 61 CD E3 39 E3 C1 75 73 65 66 75 6C CD E3 C9 E3 05 66 61 74 68 65 72 2E	05:1 99:1 B4:1 C1:1 C9:1 CD:3 D7:1 E3:6	26	3	0	False	confirmed-record	[TOP]Hmmph...\n[E3][B4][E3][99]be a\n[E3]9[E3][C1]useful\n[E3][C9][E3][05]father.		pending			
EN-0598F0	main-dialogue-1	0x0598F0	0x059925	53	D7 48 65 79 21 20 E3 88 E3 1C 79 6F 75 CD 68 61 6E 67 69 6E 67 20 E3 70 61 CD E3 93 E3 2D 74 68 69 73 21 3F CD C9 1E 47 6F 20 E3 3E 74 6F 20 6A 61 69 6C 21 21	1C:1 1E:1 88:1 93:1 C9:1 CD:3 D7:1 E3:6	38	3	0	False	confirmed-record	[TOP]Hey! [E3][88][E3][1C]you\nhanging [E3]pa\n[E3][93][E3]-this!?\n[C9][1E]Go [E3]>to jail!!		pending			
EN-059926	main-dialogue-1	0x059926	0x059995	111	D7 48 65 79 21 20 E3 6B E3 01 E3 00 C9 28 77 61 6E 74 65 64 20 6D 61 6E CD C2 00 3F D1 D3 E5 A7 D7 49 20 E3 58 E3 0A 79 6F 75 2E D1 E3 03 65 6D 62 61 72 72 61 73 73 65 64 20 61 62 6F 75 74 CD 69 67 6E 6F 72 69 6E 67 CD E3 00 66 61 63 74 73 20 E3 08 61 72 72 65 73 74 69 6E 67 CD 61 6E 20 69 6E 6E 6F 63 65 6E 74 20 6D 61 6E 2E 2E 2E	00:3 01:1 03:1 08:1 0A:1 A7:1 C2:1 C9:1 CD:4 D1:2 D3:1 D7:2 E3:8 E5:1	83	4	2	False	confirmed-record	[TOP]Hey! [E3]k[E3][01][E3][00][C9](wanted man\n[NAME]?\f[D3][E5][A7][TOP]I [E3]X[E3][0A]you.\f[E3][03]embarrassed about\nignoring\n[E3][00]facts [E3][08]arresting\nan innocent man...		pending			
EN-059996	main-dialogue-1	0x059996	0x0599E6	80	D7 E3 04 6B 69 64 73 20 E3 02 62 65 65 6E CD 74 65 72 72 6F 7A 69 6E 67 20 66 6F 6C 6B 73 CD E3 10 61 20 73 74 72 61 6E 67 65 20 68 6F 72 6E 2E D1 53 6F 6D 65 68 6F 77 20 E3 03 E3 25 74 6F CD E3 02 74 6F 20 63 61 74 63 68 20 74 68 65 6D 21	02:2 03:1 04:1 10:1 CD:3 D1:1 D7:1 E3:6	64	3	1	False	confirmed-record	[TOP][E3][04]kids [E3][02]been\nterrozing folks\n[E3][10]a strange horn.\fSomehow [E3][03][E3]%to\n[E3][02]to catch them!		pending			
EN-0599E7	main-dialogue-1	0x0599E7	0x059A30	73	D7 54 68 6F 73 65 20 6B 69 64 73 20 68 61 76 65 CD 6D 65 6E 64 65 64 20 E3 CB 77 61 79 73 2E CD 49 66 20 65 76 65 72 79 E3 78 E3 2B 64 6F 20 74 68 61 74 2C CD E3 DB 77 6F 75 6C 64 6E 60 74 20 E3 56 70 6F 6C 69 63 65 2E	CB:1 CD:3 D7:1 DB:1 E3:5	62	3	0	False	confirmed-record	[TOP]Those kids have\nmended [E3][CB]ways.\nIf every[E3]x[E3]+do that,\n[E3][DB]wouldn`t [E3]Vpolice.		pending			
EN-059A31	main-dialogue-1	0x059A31	0x059A51	32	D7 E3 31 79 6F 75 21 20 59 6F 75 60 72 65 CD 6D 6F 63 6B 69 6E 67 20 E3 00 70 6F 6C 69 63 65 21	00:1 CD:1 D7:1 E3:2	27	1	0	False	confirmed-record	[TOP][E3]1you! You`re\nmocking [E3][00]police!		pending			
EN-059A52	main-dialogue-1	0x059A52	0x059A89	55	D7 E3 31 61 20 6D 6F 75 73 65 2E 2E 2E CD 45 76 65 6E 20 61 20 E3 90 67 65 74 73 CD E3 00 73 61 6D 65 20 70 75 6E 69 73 68 6D 65 6E 74 CD 69 66 20 E3 13 62 61 64 21	00:1 13:1 90:1 CD:3 D7:1 E3:4	44	3	0	False	confirmed-record	[TOP][E3]1a mouse...\nEven a [E3][90]gets\n[E3][00]same punishment\nif [E3][13]bad!		pending			
EN-059A8A	main-dialogue-1	0x059A8A	0x059B5C	210	D7 E0 18 2E 2E 2E E3 03 61 73 6B 69 6E 67 20 E3 01 61 62 6F 75 74 CD E3 00 6C 69 67 68 74 21 D1 C3 02 42 6F 79 3A CD C3 00 E3 88 E3 0F 49 20 67 6F 20 74 6F CD E3 00 72 69 76 65 72 3F 20 49 20 E3 29 74 6F CD E3 5E E3 23 66 65 6C 6C 21 D1 C3 02 50 6F 6C 69 63 65 6D 61 6E 3A CD C3 00 45 76 65 72 79 6F 6E 65 2C 20 63 61 6C 6D 20 64 6F 77 6E 21 CD C9 1E 41 20 C3 02 4C 69 67 68 74 C3 00 20 66 65 6C 6C 20 62 79 20 E3 00 C3 02 43 61 76 65 C3 00 2E D1 57 65 20 E3 07 E3 3B 77 68 61 74 CD 69 74 20 77 61 73 2E 20 E3 0D E3 86 74 6F CD 67 6F 20 74 68 65 72 65 21 20 E3 FF 77 61 69 74 CD 68 65 72 65 2C 20 E3 06 E3 D8 69 74 20 6F 75 74 2E	00:7 01:1 02:4 03:1 06:1 07:1 0D:1 0F:1 18:1 1E:1 86:1 88:1 C3:8 C9:1 CD:9 D1:3 D7:1 D8:1 E0:1 E3:17 FF:1	147	9	3	True	confirmed-record	[TOP][SPEAKER:18]...[E3][03]asking [E3][01]about\n[E3][00]light!\f[YELLOW]Boy:\n[/HIGHLIGHT][E3][88][E3][0F]I go to\n[E3][00]river? I [E3])to\n[E3]^[E3]#fell!\f[YELLOW]Policeman:\n[/HIGHLIGHT]Everyone, calm down!\n[C9][1E]A [YELLOW]Light[/HIGHLIGHT] fell by [E3][00][YELLOW]Cave[/HIGHLIGHT].\fWe [E3][07][E3];what\nit was. [E3][0D][E3][86]to\ngo there! [E3][FF]wait\nhere, [E3][06][E3][BOTTOM]it out.		pending			
EN-059BEE	main-dialogue-1	0x059BEE	0x059C4A	92	D7 54 6F 77 6E 20 6E 65 77 73 70 61 70 65 72 73 20 61 72 65 CD 6F 6E 20 E3 00 62 75 6C 6C 65 74 69 6E 20 62 6F 61 72 64 2E D1 49 20 E3 2D 74 6F 20 E3 D1 C3 03 4D 69 6E 74 60 73 CD C3 00 61 72 74 69 63 6C 65 73 2E 20 53 E3 41 61 20 67 72 65 61 74 CD 72 65 70 6F 72 74 65 72 2E	00:2 03:1 C3:2 CD:3 D1:2 D7:1 E3:4	77	3	2	True	confirmed-record	[TOP]Town newspapers are\non [E3][00]bulletin board.\fI [E3]-to [E3]\f[PINK]Mint`s\n[/HIGHLIGHT]articles. S[E3]Aa great\nreporter.		pending			
EN-059C4B	main-dialogue-1	0x059C4B	0x059C8E	67	D7 4D 69 6E 74 3F 2E 2E 2E CD 49 6E 66 6F 72 6D 61 74 69 6F 6E 20 67 61 74 68 65 72 69 6E 67 2E 2E 2E CD 53 E3 41 6D 79 20 6A 6F 79 2E 2E 2E CD 53 68 65 20 6D 61 6B 65 73 20 6D 65 20 68 61 70 70 79 21	CD:3 D7:1 E3:1	62	3	0	False	confirmed-record	[TOP]Mint?...\nInformation gathering...\nS[E3]Amy joy...\nShe makes me happy!		pending			
EN-059C8F	main-dialogue-1	0x059C8F	0x059CBF	48	D7 49 73 6E 60 74 20 4D 69 6E 74 20 67 72 65 61 74 3F 21 CD 49 20 68 6F 70 65 20 E3 66 62 61 64 CD 68 61 70 70 65 6E 73 20 74 6F 20 68 65 72 2E	CD:2 D7:1 E3:1	44	2	0	False	confirmed-record	[TOP]Isn`t Mint great?!\nI hope [E3]fbad\nhappens to her.		pending			
EN-059CC0	main-dialogue-1	0x059CC0	0x059D00	64	D7 E3 04 E3 CD E3 11 77 61 73 CD 73 77 69 74 63 68 65 64 20 E3 10 61 20 66 61 6B 65 20 6F 6E 65 2C CD E3 22 4D 69 6E 74 20 E3 2F 6F 75 74 CD E3 0A 69 74 2E 20 53 E3 41 61 6D 61 7A 69 6E 67 21	04:1 0A:1 10:1 11:1 CD:4 D7:1 E3:8	47	4	0	False	confirmed-record	[TOP][E3][04][E3]\n[E3][11]was\nswitched [E3][10]a fake one,\n[E3]"Mint [E3]/out\n[E3][0A]it. S[E3]Aamazing!		pending			
EN-059D01	main-dialogue-1	0x059D01	0x059D36	53	D7 45 76 65 6E 20 69 66 20 E3 1B 72 61 69 6E 69 6E 67 2C 20 69 66 CD 49 20 E3 14 E3 D1 4D 69 6E 74 60 73 CD 61 72 74 69 63 6C 65 73 20 E3 03 68 61 70 70 79 2E	03:1 14:1 1B:1 CD:2 D1:1 D7:1 E3:4	42	2	1	False	confirmed-record	[TOP]Even if [E3][1B]raining, if\nI [E3][14][E3]\fMint`s\narticles [E3][03]happy.		pending			
EN-059E16	main-dialogue-1	0x059E16	0x059E5E	72	D7 E3 24 E3 16 61 20 70 65 61 63 65 66 75 6C 20 74 6F 77 6E CD 75 6E 74 69 6C 20 E3 00 E3 46 63 61 6D 65 CD E3 A3 E3 1B 64 61 6E 67 65 72 6F 75 73 2E 20 42 65 CD E3 AB 74 6F 20 6C 6F 63 6B 20 E3 05 64 6F 6F 72 73 2E	00:1 05:1 16:1 1B:1 A3:1 AB:1 CD:3 D7:1 E3:8	54	3	0	False	confirmed-record	[TOP][E3]$[E3][16]a peaceful town\nuntil [E3][00][E3]Fcame\n[E3][A3][E3][1B]dangerous. Be\n[E3][AB]to lock [E3][05]doors.		pending			
EN-059E5F	main-dialogue-1	0x059E5F	0x059EA5	70	D7 E3 09 E3 3B C3 02 45 69 6E 73 74 C3 00 3F CD E3 1A 63 6F 6D 69 6E 67 20 68 65 72 65 2E 20 49 CD 67 75 65 73 73 20 E3 41 66 61 6D 6F 75 73 2C 20 62 75 74 CD E3 53 6E 65 76 65 72 20 E3 58 6F 66 20 68 69 6D 2E	00:1 02:1 09:1 1A:1 C3:2 CD:3 D7:1 E3:6	54	3	0	True	confirmed-record	[TOP][E3][09][E3];[YELLOW]Einst[/HIGHLIGHT]?\n[E3][1A]coming here. I\nguess [E3]Afamous, but\n[E3]Snever [E3]Xof him.		pending			
EN-059EA6	main-dialogue-1	0x059EA6	0x059EF2	76	D7 E3 6B E3 01 E3 00 E3 78 E3 A0 66 6F 75 6E 64 CD E3 00 E3 6F 63 68 69 6C 64 72 65 6E 3F D1 48 61 64 20 49 20 6B 6E 6F 77 6E 20 74 68 65 72 65 CD E3 16 61 20 72 65 77 61 72 64 2C 20 49 CD E3 2B E3 02 E3 F8 68 61 72 64 65 72 2E	00:2 01:1 02:1 16:1 A0:1 CD:3 D1:1 D7:1 E3:11 F8:1	53	3	1	False	confirmed-record	[TOP][E3]k[E3][01][E3][00][E3]x[E3][A0]found\n[E3][00][E3]ochildren?\fHad I known there\n[E3][16]a reward, I\n[E3]+[E3][02][E3][F8]harder.		pending			
EN-059EF3	main-dialogue-1	0x059EF3	0x059F5C	105	D7 E3 17 E3 01 6B 6E 6F 77 3F CD E3 5C E3 02 67 6F 74 74 65 6E CD C3 02 46 72 65 65 20 E3 49 49 73 6C 65 20 56 61 63 61 74 69 6F 6E C3 00 CD 6C 65 74 74 65 72 73 20 69 6E 20 E3 00 6D 61 69 6C 2E D1 E3 34 49 20 E3 F0 E3 26 6F 6E 65 2E CD E3 88 E3 07 E3 CC 74 68 69 6E 67 73 CD 65 76 65 72 20 E3 20 74 6F 20 6D 65 3F	00:2 01:1 02:2 07:1 17:1 88:1 C3:2 CC:1 CD:5 D1:1 D7:1 E3:13 F0:1	73	5	1	True	confirmed-record	[TOP][E3][17][E3][01]know?\n[E3]\[E3][02]gotten\n[YELLOW]Free [E3]IIsle Vacation[/HIGHLIGHT]\nletters in [E3][00]mail.\f[E3]4I [E3][F0][E3]&one.\n[E3][88][E3][07][E3][CC]things\never [E3] to me?		pending			
EN-059F5D	main-dialogue-1	0x059F5D	0x059F9F	66	D7 E3 04 E3 11 E3 18 63 68 61 6E 67 65 64 2E CD E3 1A 73 74 61 72 74 65 64 20 77 6F 72 6B 69 6E 67 CD 68 61 72 64 2E 20 E3 09 6E 65 76 65 72 20 E3 3B 77 68 61 74 CD E3 8E E3 7B E3 05 6C 69 66 65 2E	04:1 05:1 09:1 11:1 18:1 1A:1 8E:1 CD:3 D7:1 E3:9	46	3	0	False	confirmed-record	[TOP][E3][04][E3][11][E3][18]changed.\n[E3][1A]started working\nhard. [E3][09]never [E3];what\n[E3][8E][E3]{[E3][05]life.		pending			
EN-059FA0	main-dialogue-1	0x059FA0	0x059FC6	38	D7 E3 62 E3 55 E3 11 77 61 73 CD 61 20 66 61 6B 65 2E 20 E3 5C 64 6F 6E 60 74 CD E3 7B E3 15 65 61 73 69 6C 79 2E	11:1 15:1 CD:2 D7:1 E3:6	27	2	0	False	confirmed-record	[TOP][E3]b[E3]U[E3][11]was\na fake. [E3]\don`t\n[E3]{[E3][15]easily.		pending			
EN-059FC7	main-dialogue-1	0x059FC7	0x05A011	74	D7 57 68 69 6C 65 20 49 20 E3 16 77 61 6C 6B 69 6E 67 CD E3 3A 6B 69 64 73 20 73 63 61 72 65 64 20 6D 65 20 62 79 CD 62 6C 6F 77 69 6E 67 20 6F 6E 20 61 20 68 6F 72 6E 2E CD 57 61 73 20 49 20 73 75 72 70 72 69 73 65 64 21	16:1 CD:3 D7:1 E3:2	67	3	0	False	confirmed-record	[TOP]While I [E3][16]walking\n[E3]:kids scared me by\nblowing on a horn.\nWas I surprised!		pending			
EN-05A012	main-dialogue-1	0x05A012	0x05A029	23	D7 E3 03 66 72 69 67 68 74 65 6E 65 64 21 CD E3 17 73 E3 AC 6D 65 21	03:1 17:1 AC:1 CD:1 D7:1 E3:3	15	1	0	False	confirmed-record	[TOP][E3][03]frightened!\n[E3][17]s[E3][AC]me!		pending			
EN-05A02A	main-dialogue-1	0x05A02A	0x05A05B	49	D7 41 20 68 75 67 65 20 6C 69 67 68 74 20 66 6C 65 77 20 74 6F CD E3 00 72 69 76 65 72 20 62 61 6E 6B 2E CD 49 20 E3 16 73 74 61 72 74 6C 65 64 21	00:1 16:1 CD:2 D7:1 E3:2	42	2	0	False	confirmed-record	[TOP]A huge light flew to\n[E3][00]river bank.\nI [E3][16]startled!		pending			
EN-05A093	main-dialogue-1	0x05A093	0x05A0AD	26	D7 2E 2E 2E 2E 2E 2E 2E 2E 2E CD C9 3C 2E 2E 2E 2E 2E 2E 53 69 67 68 2E 2E CD	C9:1 CD:2 D7:1	22	2	0	False	confirmed-record	[TOP].........\n[C9]<......Sigh..\n		pending			
EN-05A0AE	main-dialogue-1	0x05A0AE	0x05A0E2	52	D7 E3 2E C9 0A 49 66 20 49 20 E3 02 61 20 70 72 6F 62 6C 65 6D 2E CD 48 61 20 68 61 2E 20 49 20 E3 3B E3 1B 68 61 72 64 CD E3 0C E3 DD 54 68 61 6E 6B 73 2E	02:1 0A:1 0C:1 1B:1 C9:1 CD:2 D7:1 DD:1 E3:6	37	2	0	False	confirmed-record	[TOP][E3].[C9][0A]If I [E3][02]a problem.\nHa ha. I [E3];[E3][1B]hard\n[E3][0C][E3][DD]Thanks.		pending			
EN-05A16E	main-dialogue-1	0x05A16E	0x05A176	8	D7 CD 57 6F 6F 66 21 CD	CD:2 D7:1	5	2	0	False	confirmed-record	[TOP]\nWoof!\n		pending			
EN-05A177	main-dialogue-1	0x05A177	0x05A19D	38	D7 49 20 E3 29 74 6F 20 70 6C 61 79 21 20 57 6F 6F 66 21 CD 53 6F 6D 65 6F 6E 65 2C 20 E3 30 6D 65 20 6F 75 74 21	CD:1 D7:1 E3:2	34	1	0	False	confirmed-record	[TOP]I [E3])to play! Woof!\nSomeone, [E3]0me out!		pending			
EN-05A1C2	main-dialogue-1	0x05A1C2	0x05A1D8	22	D7 20 2E 2E 2E 44 6F 67 60 73 20 66 6F 6F 74 70 72 69 6E 74 73 21	D7:1	21	0	0	False	confirmed-record	[TOP] ...Dog`s footprints!		pending			
EN-05A1D9	main-dialogue-1	0x05A1D9	0x05A1F0	23	D7 20 2E 2E 2E 42 69 72 64 60 73 20 66 6F 6F 74 70 72 69 6E 74 73 21	D7:1	22	0	0	False	confirmed-record	[TOP] ...Bird`s footprints!		pending			
EN-05A23D	main-dialogue-1	0x05A23D	0x05A248	11	D7 CD 42 6F 77 20 77 6F 77 2E CD	CD:2 D7:1	8	2	0	False	confirmed-record	[TOP]\nBow wow.\n		pending			
EN-05A249	main-dialogue-1	0x05A249	0x05A28D	68	D7 4D 79 20 6D 61 73 74 65 72 60 73 CD 73 74 72 6F 6E 67 2D 77 69 6C 6C 65 64 2E 20 49 66 20 49 20 64 6F 6E 60 74 CD 6F 62 65 79 20 49 20 E3 26 6D 79 20 65 61 72 20 70 75 6C 6C 65 64 21 CD 57 6F 6F 66 21	CD:3 D7:1 E3:1	63	3	0	False	confirmed-record	[TOP]My master`s\nstrong-willed. If I don`t\nobey I [E3]&my ear pulled!\nWoof!		pending			
EN-05A2F5	main-dialogue-1	0x05A2F5	0x05A349	84	D7 E3 24 E3 BD 69 73 20 63 75 74 65 2E CD 48 69 73 20 6E 61 6D 65 3F 20 54 75 72 62 6F CD C9 1E 69 73 20 E3 23 E3 41 63 61 6C 6C 65 64 2E D1 49 20 6E 61 6D 65 64 20 E3 5A 61 66 74 65 72 20 6D 79 CD 67 72 61 6E 64 6D 6F 74 68 65 72 60 73 20 64 6F 67 2E	1E:1 BD:1 C9:1 CD:3 D1:1 D7:1 E3:5	71	3	1	False	confirmed-record	[TOP][E3]$[E3][BD]is cute.\nHis name? Turbo\n[C9][1E]is [E3]#[E3]Acalled.\fI named [E3]Zafter my\ngrandmother`s dog.		pending			
EN-05A34A	main-dialogue-1	0x05A34A	0x05A3CE	132	D7 E3 04 62 6F 79 73 3F 20 D1 C3 02 54 68 65 79 60 72 65 20 E3 65 66 6F 72 CD E3 00 48 61 63 6B 65 72 73 60 20 68 69 64 65 6F 75 74 CD 69 6E 20 E3 00 63 61 76 65 20 62 79 20 E3 00 72 69 76 65 72 2E CD C3 00 E3 2C E3 23 E3 DB 73 61 79 2E D1 E3 5C E3 1C 61 6C 77 61 79 73 CD 63 68 61 73 69 6E 67 20 E3 CB 64 72 65 61 6D 73 2E CD C9 1E E3 0D E3 1E E3 E6 63 6F 6F 6C CD 74 6F 20 E3 26 6C 6F 73 74 2E	00:4 02:1 04:1 0D:1 1C:1 1E:2 C3:2 C9:1 CB:1 CD:6 D1:2 D7:1 DB:1 E3:15 E6:1	92	6	2	True	confirmed-record	[TOP][E3][04]boys? \f[YELLOW]They`re [E3]efor\n[E3][00]Hackers` hideout\nin [E3][00]cave by [E3][00]river.\n[/HIGHLIGHT][E3],[E3]#[E3][DB]say.\f[E3]\[E3][1C]always\nchasing [E3][CB]dreams.\n[C9][1E][E3][0D][E3][1E][E3][E6]cool\nto [E3]&lost.		pending			
EN-05A3CF	main-dialogue-1	0x05A3CF	0x05A3FA	43	D7 DC 06 2E 2E 2E 2E 2E 2E CD DC 00 4D 79 20 64 6F 67 60 73 20 63 75 74 65 72 20 E3 C9 79 6F 75 72 73 21 CD C9 1E 57 6F 6F 66 21	00:1 06:1 1E:1 C9:2 CD:2 D7:1 DC:2 E3:1	32	2	0	False	confirmed-record	[TOP][DC][06]......\n[DC][00]My dog`s cuter [E3][C9]yours!\n[C9][1E]Woof!		pending			
EN-05A3FB	main-dialogue-1	0x05A3FB	0x05A400	5	D7 CF 01 A4 85	01:1 85:1 A4:1 CF:1 D7:1	0	0	0	False	confirmed-record	[TOP][CF][01][A4][85]		pending			
EN-05A448	main-dialogue-1	0x05A448	0x05A48E	70	D7 E3 28 E3 00 65 61 72 74 68 71 75 61 6B 65 20 63 61 6D 65 CD 49 20 E3 16 E3 60 74 6F 20 E3 26 61 77 61 79 CD E3 43 49 20 73 61 77 20 E3 3A E3 82 6F 66 CD 6C 69 67 68 74 20 69 6E 20 E3 00 66 6F 72 65 73 74 21	00:2 16:1 82:1 CD:3 D7:1 E3:9	53	3	0	False	confirmed-record	[TOP][E3]([E3][00]earthquake came\nI [E3][16][E3]`to [E3]&away\n[E3]CI saw [E3]:[E3][82]of\nlight in [E3][00]forest!		pending			
EN-05A6FB	main-dialogue-1	0x05A6FB	0x05A72A	47	D7 D6 00 50 6C 65 61 73 65 2E 2E 2E 21 20 C2 00 21 CD C9 32 E3 A5 75 70 20 E3 08 70 75 74 20 6F 6E 20 61 CD 68 61 70 70 79 20 66 61 63 65 21	00:2 08:1 A5:1 C2:1 C9:1 CD:2 D6:1 D7:1 E3:2	35	2	0	False	confirmed-record	[TOP][D6][00]Please...! [NAME]!\n[C9]2[E3][A5]up [E3][08]put on a\nhappy face!		pending			
EN-05A794	main-dialogue-1	0x05A794	0x05A85F	203	D7 C3 02 50 6F 6C 69 63 65 6D 61 6E 3A CD C2 00 21 D1 C3 00 E3 0B 62 61 63 6B 21 D1 D3 E5 A7 DB C3 03 4E 61 67 69 73 61 3A CD C3 00 41 68 2C 20 67 6F 6F 64 2E CD C2 00 2C 20 6C 69 73 74 65 6E 2E 2E 2E D1 C3 02 50 6F 6C 69 63 65 6D 61 6E 3A CD C3 00 E3 19 E3 1C E3 01 E3 25 74 6F 20 64 6F 21 CD C2 00 21 D1 4E 6F 20 E3 E0 77 68 61 74 2C 20 62 6C 6F 6F 64 CD 69 73 20 74 68 69 63 6B 65 72 20 E3 C9 77 61 74 65 72 21 D1 E3 48 E3 63 C3 02 33 20 4A 65 77 65 6C 73 20 C3 00 73 74 6F 6C 65 6E 2C CD E3 08 E3 00 E3 11 73 61 79 73 CD E3 01 E3 BC 69 74 21 20 59 6F 75 60 72 65 CD 75 6E 64 65 72 20 61 72 72 65 73 74 21	00:8 01:2 02:3 03:1 08:1 0B:1 11:1 19:1 1C:1 77:1 A7:1 BC:1 C2:3 C3:8 C9:1 CD:9 D1:5 D3:1 D7:1 DB:1 E0:1 E3:14 E5:1	136	9	5	True	confirmed-record	[TOP][YELLOW]Policeman:\n[NAME]!\f[/HIGHLIGHT][E3][0B]back!\f[D3][E5][A7][DB][PINK]Nagisa:\n[/HIGHLIGHT]Ah, good.\n[NAME], listen...\f[YELLOW]Policeman:\n[/HIGHLIGHT][E3][19][E3][1C][E3][01][E3]%to do!\n[NAME]!\fNo [E3][SPEAKER:77]hat, blood\nis thicker [E3][C9]water!\f[E3]H[E3]c[YELLOW]3 Jewels [/HIGHLIGHT]stolen,\n[E3][08][E3][00][E3][11]says\n[E3][01][E3][BC]it! You`re\nunder arrest!		pending			
EN-05A984	main-dialogue-1	0x05A984	0x05A998	20	D7 E0 06 4D 65 6F 77 20 2E 2E 2E 20 6D 65 6F 77 2E 2E 2E CD	06:1 CD:1 D7:1 E0:1	16	1	0	False	confirmed-record	[TOP][SPEAKER:06]Meow ... meow...\n		pending			
EN-05A999	main-dialogue-1	0x05A999	0x05A9AC	19	D7 E0 06 4D 65 6F 77 20 2E 2E 2E 20 6D 65 6F 77 2E 2E 2E	06:1 D7:1 E0:1	16	0	0	False	confirmed-record	[TOP][SPEAKER:06]Meow ... meow...		pending			
EN-05A9AD	main-dialogue-1	0x05A9AD	0x05A9DC	47	D7 E0 06 4D 79 20 E3 97 69 73 20 6F 6E 6C 79 CD 41 6B 69 68 61 62 61 72 61 2E 20 4D 65 6F 77 2E CD E3 0B E3 1E 6D 79 20 6D 61 73 74 65 72 21	06:1 0B:1 1E:1 97:1 CD:2 D7:1 E0:1 E3:3	36	2	0	False	confirmed-record	[TOP][SPEAKER:06]My [E3][97]is only\nAkihabara. Meow.\n[E3][0B][E3][1E]my master!		pending			
EN-05ABF8	main-dialogue-1	0x05ABF8	0x05AC2A	50	D7 E0 02 E3 6B E3 01 E3 25 74 6F 20 E3 3D 74 6F CD E3 00 E3 11 74 6F 64 61 79 3F 20 48 75 72 72 79 2C CD E3 F2 69 74 20 67 65 74 73 20 64 61 72 6B 2E	00:1 01:1 02:1 11:1 CD:2 D7:1 E0:1 E3:7 F2:1	34	2	0	False	confirmed-record	[TOP][SPEAKER:02][E3]k[E3][01][E3]%to [E3]=to\n[E3][00][E3][11]today? Hurry,\n[E3][F2]it gets dark.		pending			
EN-05AC2B	main-dialogue-1	0x05AC2B	0x05AD4F	292	D7 E0 02 E3 2A C2 00 2E CD 46 69 6E 69 73 68 65 64 20 E3 05 76 69 73 69 74 3F D1 E3 24 62 6F 6F 6B 3F 20 E3 0D E3 3C 69 6E CD 6F 75 72 20 66 61 6D 69 6C 79 20 E3 0C 61 67 65 73 2E CD C3 02 E3 04 E0 1C 20 42 6F 6F 6B C3 00 2E CD E3 06 6C 65 61 76 65 20 69 74 20 E3 0C 79 6F 75 2E D1 4E 6F 77 2C 20 4D 61 6B 69 6E 67 20 61 20 E0 1C 20 77 69 6C 6C CD 62 65 20 E3 05 66 69 72 73 74 20 6A 6F 62 2E CD 52 65 61 64 20 74 68 69 73 2C 20 E3 08 62 75 69 6C 64 20 6F 6E 65 2E D1 57 65 6C 6C 2E 2E 2E C9 28 E3 03 E3 25 E3 4A 74 6F 20 6F 75 72 CD E3 79 69 6E 20 E3 00 73 75 62 75 72 62 73 2E CD 49 66 20 E3 01 E3 02 70 72 6F 62 6C 65 6D 73 2C CD E3 20 E3 08 E3 3D 74 6F 20 6D 65 2E D1 46 72 6F 6D 20 E3 A7 6F 6E 20 E3 F7 77 69 6C 6C CD 62 65 20 E3 05 61 73 73 69 73 74 61 6E 74 2E CD 54 72 79 20 E3 1E 74 6F 20 62 6F 74 E3 F6 68 65 72 2E CD 44 6F 20 E3 00 62 65 73 74 20 E3 01 63 61 6E 2E	00:4 01:2 02:3 03:1 04:1 05:3 06:1 08:2 0C:2 0D:1 1C:2 1E:1 A7:1 C2:1 C3:2 C9:1 CD:12 D1:4 D7:1 E0:3 E3:28 F6:1 F7:1	214	12	4	True	confirmed-record	[TOP][SPEAKER:02][E3]*[NAME].\nFinished [E3][05]visit?\f[E3]$book? [E3][0D][E3]<in\nour family [E3][0C]ages.\n[YELLOW][E3][04][SPEAKER:1C] Book[/HIGHLIGHT].\n[E3][06]leave it [E3][0C]you.\fNow, Making a [SPEAKER:1C] will\nbe [E3][05]first job.\nRead this, [E3][08]build one.\fWell...[C9]([E3][03][E3]%[E3]Jto our\n[E3]yin [E3][00]suburbs.\nIf [E3][01][E3][02]problems,\n[E3] [E3][08][E3]=to me.\fFrom [E3][A7]on [E3][F7]will\nbe [E3][05]assistant.\nTry [E3][1E]to bot[E3][F6]her.\nDo [E3][00]best [E3][01]can.		pending			
EN-05AD65	main-dialogue-1	0x05AD65	0x05AE23	190	D7 E0 02 C2 00 3F CD C9 14 E3 04 E3 78 E3 A0 E3 95 74 68 65 CD 63 68 69 6C 64 72 65 6E 3F 20 57 65 6C 6C 20 64 6F 6E 65 2E D1 41 6E 79 77 61 79 2C 20 C9 1E C3 02 46 6C 61 76 6F 6E C3 00 20 E3 08 49 CD E3 1C E3 25 6F 6E 20 61 20 74 72 69 70 2E CD 49 20 E3 07 E3 3B 77 68 65 6E CD 77 65 20 E3 12 62 65 20 62 61 63 6B 2E D1 E3 09 E3 12 E3 02 74 6F 20 E3 30 63 61 72 65 CD 6F 66 20 79 6F 75 72 73 65 6C 66 2E 20 E3 06 6C 65 61 76 65 CD 4B 75 72 6F 67 61 6E 65 20 E3 10 79 6F 75 2E CD E3 D0 E3 AC 6F 66 20 68 69 6D 2E D1 E3 34 C2 00 2C CD C9 1E 64 6F 20 E3 05 62 65 73 74 2E	00:3 02:3 04:1 05:1 06:1 07:1 08:1 09:1 10:1 12:2 14:1 1C:1 1E:2 95:1 A0:1 AC:1 C2:2 C3:2 C9:3 CD:9 D0:1 D1:3 D7:1 E0:1 E3:20	126	9	3	True	confirmed-record	[TOP][SPEAKER:02][NAME]?\n[C9][14][E3][04][E3]x[E3][A0][E3][95]the\nchildren? Well done.\fAnyway, [C9][1E][YELLOW]Flavon[/HIGHLIGHT] [E3][08]I\n[E3][1C][E3]%on a trip.\nI [E3][07][E3];when\nwe [E3][12]be back.\f[E3][09][E3][12][E3][02]to [E3]0care\nof yourself. [E3][06]leave\nKurogane [E3][10]you.\n[E3][WIPE][E3][AC]of him.\f[E3]4[NAME],\n[C9][1E]do [E3][05]best.		pending			
EN-05AE24	main-dialogue-1	0x05AE24	0x05AF6C	328	D7 E0 02 C9 3C DC 01 E3 FA E3 20 74 6F 21 CD DC 00 C9 3C E3 CE 64 6F 65 73 20 69 74 20 68 75 72 74 21 3F D1 57 68 61 74 3F C9 1E 20 4F 6C 64 20 52 6F 63 6F 63 6F 3F CD C9 32 48 61 20 68 61 20 68 61 2E CD E3 09 E3 63 64 72 65 61 6D 69 6E 67 21 CD C9 1E E3 24 69 73 20 E3 05 68 6F 75 73 65 2E D1 44 6F 20 E3 01 72 65 6D 65 6D 62 65 72 3F CD C9 28 49 20 69 6E 73 74 61 6C 6C 65 64 20 61 20 73 77 69 74 63 68 20 74 6F CD 62 6C 6F 77 20 75 70 20 E3 00 46 6F 72 74 72 65 73 73 CD E3 10 61 20 4C 61 73 65 72 2E D1 E3 04 46 6F 72 74 72 65 73 73 20 65 78 70 6C 6F 64 65 64 2E 2E 2E CD C9 28 E3 09 E3 63 6C 79 69 6E 67 20 69 6E 20 74 68 65 CD 77 72 65 63 6B 61 67 65 20 6F 66 20 E3 00 46 6F 72 74 72 65 73 73 2E CD C9 28 E3 03 67 6C 61 64 20 E3 13 73 61 66 65 2E D1 E3 2E C9 3C E0 00 3F CD C9 1E 49 20 70 69 63 6B 65 64 20 69 74 20 75 70 20 E3 1F 74 68 65 CD 77 72 65 63 6B 61 67 65 20 6F 66 20 E3 00 66 6F 72 74 72 65 73 73 2E CD C9 1E 57 65 60 6C 6C 20 E3 3D E3 0A 69 74 20 6C 61 74 65 72 2E	00:5 01:2 02:1 03:1 04:1 05:1 09:2 0A:1 10:1 13:1 1E:4 1F:1 C9:11 CD:13 CE:1 D1:4 D7:1 DC:2 E0:2 E3:21 FA:1	251	13	4	False	confirmed-record	[TOP][SPEAKER:02][C9]<[DC][01][E3][FA][E3] to!\n[DC][00][C9]<[E3][CE]does it hurt!?\fWhat?[C9][1E] Old Rococo?\n[C9]2Ha ha ha.\n[E3][09][E3]cdreaming!\n[C9][1E][E3]$is [E3][05]house.\fDo [E3][01]remember?\n[C9](I installed a switch to\nblow up [E3][00]Fortress\n[E3][10]a Laser.\f[E3][04]Fortress exploded...\n[C9]([E3][09][E3]clying in the\nwreckage of [E3][00]Fortress.\n[C9]([E3][03]glad [E3][13]safe.\f[E3].[C9]<[SPEAKER:00]?\n[C9][1E]I picked it up [E3][1F]the\nwreckage of [E3][00]fortress.\n[C9][1E]We`ll [E3]=[E3][0A]it later.		pending			
EN-05AF6D	main-dialogue-1	0x05AF6D	0x05AFBF	82	D7 20 C2 00 20 E3 18 67 6F 74 74 65 6E CD C3 02 20 E3 59 31 C3 00 21 CC D7 E3 88 69 73 20 E3 05 69 6E 76 65 6E 74 6F 72 79 CD 66 75 6C 6C 3F 20 E3 06 E3 DA 74 68 69 73 2E CD C9 1E 52 65 61 72 72 61 6E 67 65 20 E3 05 69 6E 76 65 6E 74 6F 72 79 2E	00:2 02:1 05:2 06:1 18:1 1E:1 88:1 C2:1 C3:2 C9:1 CC:1 CD:3 D7:2 DA:1 E3:7	55	3	0	True	confirmed-record	[TOP] [NAME] [E3][18]gotten\n[YELLOW] [E3]Y1[/HIGHLIGHT]![CC][TOP][E3][88]is [E3][05]inventory\nfull? [E3][06][E3][DA]this.\n[C9][1E]Rearrange [E3][05]inventory.		pending			
EN-05AFC0	main-dialogue-1	0x05AFC0	0x05AFEF	47	D7 E0 02 E3 09 E3 14 E3 26 75 70 20 6E 6F 77 2E CD E3 6B E3 01 E3 AB E3 13 4F 4B 3F CD C9 1E E3 17 70 75 73 68 20 79 6F 75 72 73 65 6C 66 2E	01:1 02:1 09:1 13:1 14:1 17:1 1E:1 AB:1 C9:1 CD:2 D7:1 E0:1 E3:8	26	2	0	False	confirmed-record	[TOP][SPEAKER:02][E3][09][E3][14][E3]&up now.\n[E3]k[E3][01][E3][AB][E3][13]OK?\n[C9][1E][E3][17]push yourself.		pending			
EN-05AFF0	main-dialogue-1	0x05AFF0	0x05B027	55	D7 E0 02 C2 00 2C C9 1E 20 E3 1C E3 01 4F 4B 3F CD C9 28 44 6F 20 77 68 61 74 65 76 65 72 20 E3 01 77 61 6E 74 2E CD E3 17 70 75 73 68 20 79 6F 75 72 73 65 6C 66 2E	00:1 01:2 02:1 17:1 1C:1 1E:1 C2:1 C9:2 CD:2 D7:1 E0:1 E3:4	37	2	0	False	confirmed-record	[TOP][SPEAKER:02][NAME],[C9][1E] [E3][1C][E3][01]OK?\n[C9](Do whatever [E3][01]want.\n[E3][17]push yourself.		pending			
EN-05B028	main-dialogue-1	0x05B028	0x05B163	315	D7 E0 02 E3 19 64 6F 20 E3 01 74 68 69 6E 6B 3F CD 20 49 20 62 65 6C 69 65 76 65 20 69 74 2E CD 20 4B 69 6E 64 20 6F 66 20 73 75 73 70 69 63 69 6F 75 73 2E CC D0 52 65 61 6C 6C 79 3F CD C9 1E 49 20 E3 07 74 68 69 6E 6B 20 74 68 65 79 60 72 65 CD 73 6F 20 62 61 64 2E 2E 2E DE D0 2E 2E 2E 20 E3 09 74 6F 6F 3F CD C9 1E 49 20 E3 07 74 68 69 6E 6B 20 74 68 65 79 60 72 65 CD 73 6F 20 62 61 64 2E 2E 2E DE D7 E3 34 C9 1E E3 CC 33 20 E0 00 20 2D CD E3 53 64 65 63 69 64 65 64 20 74 6F 20 67 69 76 65 CD C9 1E E3 AD 74 6F 20 79 6F 75 2E CD 55 73 65 20 E3 AD 77 65 6C 6C 2E DE D7 E0 02 E3 0D 61 20 E3 1D 74 61 6C 6B 69 6E 67 2C CD E3 22 E3 01 C9 1E 73 65 65 6D 20 74 6F 20 68 61 76 65 CD 67 72 6F 77 6E 20 75 70 20 71 75 69 63 6B 6C 79 2E D1 57 65 6C 6C C9 1E 2C 20 E3 1E E3 05 68 65 69 67 68 74 2E 2E 2E CD C9 3C E3 04 C9 1E E0 00 20 E3 1C 79 6F 75 72 73 2E CD 49 66 20 E3 01 E3 29 74 6F 20 E3 6D 74 68 65 6D CD 49 20 E3 67 73 74 6F 70 20 79 6F 75 2E	00:2 01:3 02:2 04:1 05:1 07:2 09:1 0D:1 19:1 1C:1 1D:1 1E:8 AD:2 C9:8 CC:2 CD:14 D0:2 D1:1 D7:3 DE:3 E0:4 E3:22	230	14	1	False	confirmed-record	[TOP][SPEAKER:02][E3][19]do [E3][01]think?\n I believe it.\n Kind of suspicious.[CC][WIPE]Really?\n[C9][1E]I [E3][07]think they`re\nso bad...[DE][WIPE]... [E3][09]too?\n[C9][1E]I [E3][07]think they`re\nso bad...[DE][TOP][E3]4[C9][1E][E3][CC]3 [SPEAKER:00] -\n[E3]Sdecided to give\n[C9][1E][E3][AD]to you.\nUse [E3][AD]well.[DE][TOP][SPEAKER:02][E3][0D]a [E3][1D]talking,\n[E3]"[E3][01][C9][1E]seem to have\ngrown up quickly.\fWell[C9][1E], [E3][1E][E3][05]height...\n[C9]<[E3][04][C9][1E][SPEAKER:00] [E3][1C]yours.\nIf [E3][01][E3])to [E3]mthem\nI [E3]gstop you.		pending			
EN-05B164	main-dialogue-1	0x05B164	0x05B186	34	D7 E0 02 E3 40 E3 4C 66 75 6C 6C 3F 3F CD E3 34 72 65 61 72 72 61 6E 67 65 CD E3 3A 6F 66 20 69 74 2E	02:1 CD:2 D7:1 E0:1 E3:4	25	2	0	False	confirmed-record	[TOP][SPEAKER:02][E3]@[E3]Lfull??\n[E3]4rearrange\n[E3]:of it.		pending			
EN-05B187	main-dialogue-1	0x05B187	0x05B230	169	D7 20 C2 00 20 E3 18 67 6F 74 74 65 6E CD C3 02 20 E3 59 31 C3 00 21 D1 20 C2 00 20 E3 18 67 6F 74 74 65 6E CD C3 02 20 E3 59 32 C3 00 21 D1 20 C2 00 20 E3 18 67 6F 74 74 65 6E CD C3 02 20 E3 59 33 C3 00 21 CC D7 E0 02 E3 06 E3 37 69 74 20 E3 3E 74 6F 20 79 6F 75 2C CD 69 66 20 E3 1B 73 6F 6D 65 74 68 69 6E 67 CD 69 6D 70 6F 72 74 61 6E 74 2E DE D7 E0 02 E3 09 68 61 76 65 6E 60 74 20 73 74 72 61 69 67 68 74 65 6E 65 64 CD 75 70 20 E3 05 69 6E 76 65 6E 74 6F 72 79 3F CD C9 1E E3 06 E3 30 74 68 69 73 21	00:6 02:5 05:1 06:2 09:1 18:3 1B:1 1E:1 C2:3 C3:6 C9:1 CC:1 CD:7 D1:2 D7:3 DE:1 E0:2 E3:14	109	7	2	True	confirmed-record	[TOP] [NAME] [E3][18]gotten\n[YELLOW] [E3]Y1[/HIGHLIGHT]!\f [NAME] [E3][18]gotten\n[YELLOW] [E3]Y2[/HIGHLIGHT]!\f [NAME] [E3][18]gotten\n[YELLOW] [E3]Y3[/HIGHLIGHT]![CC][TOP][SPEAKER:02][E3][06][E3]7it [E3]>to you,\nif [E3][1B]something\nimportant.[DE][TOP][SPEAKER:02][E3][09]haven`t straightened\nup [E3][05]inventory?\n[C9][1E][E3][06][E3]0this!		pending			
EN-05B231	main-dialogue-1	0x05B231	0x05B262	49	D7 E0 02 E3 0B C2 00 20 72 69 67 68 74 3F CD 48 61 20 68 61 2E 20 E3 09 E3 0F 66 6F 6F 6C 20 6D 65 2C CD 49 20 E3 5E E3 23 E3 13 75 70 20 74 6F 21	00:1 02:1 09:1 0B:1 0F:1 13:1 C2:1 CD:2 D7:1 E0:1 E3:6	32	2	0	False	confirmed-record	[TOP][SPEAKER:02][E3][0B][NAME] right?\nHa ha. [E3][09][E3][0F]fool me,\nI [E3]^[E3]#[E3][13]up to!		pending			
EN-05B36B	main-dialogue-1	0x05B36B	0x05B602	663	D7 E0 15 E3 24 E3 12 62 65 20 61 20 73 68 6F 63 6B 2C CD E3 22 77 65 60 72 65 20 E3 1F E3 00 70 6C 61 6E 65 74 CD C3 02 43 68 6F 63 6F C3 00 2E DE D7 E3 24 69 73 20 50 72 69 6E 63 65 73 73 20 C3 03 54 69 72 61 C3 00 2E CD C2 00 2C 20 77 65 20 E3 7E 74 6F CD 61 73 6B 20 E3 01 74 6F 20 E3 6D 75 73 2E DE D7 4F 6E 20 43 68 6F 63 6F 2C CD 74 68 65 2C C3 02 20 48 61 63 6B 65 72 73 C3 00 20 68 61 76 65 CD 6C 61 75 6E 63 68 65 64 20 61 6E 20 61 74 74 61 63 6B 2E D1 C9 1E E3 04 73 75 72 66 61 63 65 20 E3 16 62 75 72 6E 65 64 2C CD E3 08 77 65 20 72 61 6E CD 74 6F 20 E3 00 73 68 65 6C 74 65 72 2E D1 E0 0E 4F 6E 65 20 6F 66 20 6D 79 20 C9 1E 61 6E 63 65 73 74 6F 72 73 2C CD C3 03 43 6F 6F 6B 69 65 C3 00 C9 1E 2C 20 E3 D3 6D 65 20 74 6F CD C9 1E E3 20 E3 A6 74 6F C9 1E 20 E3 5E 79 6F 75 2E DE D7 E0 15 DC 01 50 72 69 6E 63 65 73 73 21 C9 28 20 E3 06 E3 4F 68 69 6D 21 21 CD C9 28 DC 00 E3 40 65 78 70 6C 61 6E 61 74 69 6F 6E CD E3 2B E3 30 73 6F 20 6C 6F 6E 67 2E DE D7 41 20 E0 00 20 69 73 CD E3 A7 69 6E 20 E3 05 70 6F 73 73 65 73 73 69 6F 6E 2E CD 5B 55 73 65 20 69 74 73 20 70 6F 77 65 72 5D 2C 20 C3 03 43 6F 6F 6B 69 65 C3 00 60 73 CD E3 12 73 61 69 64 2E D1 E3 04 E3 46 E3 02 61 CD C3 02 46 6F 72 74 72 65 73 73 C3 00 20 E3 10 61 CD E3 E8 70 6F 77 65 72 2E 20 57 65 20 E3 56 74 68 65 CD E0 00 20 74 6F 20 64 65 73 74 72 6F 79 20 69 74 2E D1 E0 02 55 68 6E 2E 2E 2E CD C9 1E E3 0D E3 9C 74 6F 20 62 65 6C 69 65 76 65 2E 2E 2E D1 E0 15 E3 36 E3 1B 74 72 75 65 2E CD 49 6E 20 65 78 63 68 61 6E 67 65 2C 20 49 CD E3 12 E3 37 E3 01 74 68 69 73 2E D1 49 66 20 E3 01 E3 6D 6D 65 2C 20 79 6F 75 CD E3 14 E3 B9 74 68 69 73 2E CD E3 24 E3 12 E3 30 E3 01 74 6F CD 43 68 6F 63 6F 2E DE D7 20 C2 00 20 E3 18 67 6F 74 74 65 6E CD 20 E3 00 C3 02 53 70 61 63 65 73 68 69 70 C3 00 21 CC D7 E3 A3 77 65 20 E3 4E 67 6F 2E CD 57 65 60 6C 6C 20 62 65 20 61 77 61 69 74 69 6E 67 20 67 6F 6F 64 CD 6E 65 77 73 20 E3 1F 79 6F 75 2E CD C9 3C 50 72 69 6E 63 65 73 73 2C 20 C9 1E 73 68 E3 71 77 65 20 67 6F 3F	00:15 01:5 02:6 03:3 04:2 05:1 06:1 08:1 0D:1 0E:1 10:1 12:4 14:1 15:3 16:1 18:1 1B:1 1E:7 1F:2 9C:1 A3:1 A6:1 A7:1 B9:1 C2:2 C3:14 C9:10 CC:1 CD:28 D1:6 D3:1 D7:7 DC:2 DE:5 E0:7 E3:52 E8:1	465	28	6	True	confirmed-record	[TOP][SPEAKER:15][E3]$[E3][12]be a shock,\n[E3]"we`re [E3][1F][E3][00]planet\n[YELLOW]Choco[/HIGHLIGHT].[DE][TOP][E3]$is Princess [PINK]Tira[/HIGHLIGHT].\n[NAME], we [E3]~to\nask [E3][01]to [E3]mus.[DE][TOP]On Choco,\nthe,[YELLOW] Hackers[/HIGHLIGHT] have\nlaunched an attack.\f[C9][1E][E3][04]surface [E3][16]burned,\n[E3][08]we ran\nto [E3][00]shelter.\f[SPEAKER:0E]One of my [C9][1E]ancestors,\n[PINK]Cookie[/HIGHLIGHT][C9][1E], [E3][D3]me to\n[C9][1E][E3] [E3][A6]to[C9][1E] [E3]^you.[DE][TOP][SPEAKER:15][DC][01]Princess![C9]( [E3][06][E3]Ohim!!\n[C9]([DC][00][E3]@explanation\n[E3]+[E3]0so long.[DE][TOP]A [SPEAKER:00] is\n[E3][A7]in [E3][05]possession.\n[Use its power], [PINK]Cookie[/HIGHLIGHT]`s\n[E3][12]said.\f[E3][04][E3]F[E3][02]a\n[YELLOW]Fortress[/HIGHLIGHT] [E3][10]a\n[E3][E8]power. We [E3]Vthe\n[SPEAKER:00] to destroy it.\f[SPEAKER:02]Uhn...\n[C9][1E][E3][0D][E3][9C]to believe...\f[SPEAKER:15][E3]6[E3][1B]true.\nIn exchange, I\n[E3][12][E3]7[E3][01]this.\fIf [E3][01][E3]mme, you\n[E3][14][E3][B9]this.\n[E3]$[E3][12][E3]0[E3][01]to\nChoco.[DE][TOP] [NAME] [E3][18]gotten\n [E3][00][YELLOW]Spaceship[/HIGHLIGHT]![CC][TOP][E3][A3]we [E3]Ngo.\nWe`ll be awaiting good\nnews [E3][1F]you.\n[C9]<Princess, [C9][1E]sh[E3]qwe go?		pending			
EN-05B603	main-dialogue-1	0x05B603	0x05B642	63	D7 57 61 69 74 2E 2E 2E 20 E3 40 69 6E 76 65 6E 74 6F 72 79 CD E3 D9 74 6F 20 62 65 20 66 75 6C 6C 2E 2E 2E CD E3 33 72 65 61 72 72 61 6E 67 65 CD E3 05 70 6F 73 73 65 73 73 69 6F 6E 73 2E	05:1 CD:3 D7:1 D9:1 E3:4	53	3	0	False	confirmed-record	[TOP]Wait... [E3]@inventory\n[E3][TOP2]to be full...\n[E3]3rearrange\n[E3][05]possessions.		pending			
EN-05B6C6	main-dialogue-1	0x05B6C6	0x05B76B	165	D7 E0 0E 2E 2E 2E 20 55 68 6D 2E 2E 2E CD C9 3C E3 33 E3 6D 75 73 2E CD C9 1E 57 65 60 76 65 20 74 72 69 65 64 20 65 76 65 72 79 74 68 69 6E 67 2E D1 C2 00 2C 20 6D 65 65 74 69 6E 67 CD E3 01 E3 18 E3 3C 6D 79 CD C9 1E 66 69 72 73 74 C9 1E 20 72 61 79 20 6F 66 20 68 6F 70 65 2E CD C9 1E E3 33 E3 6D 75 73 2E D1 4F 6E 20 C9 1E 43 68 6F 63 6F CD 77 65 20 6D 61 79 20 E3 81 61 67 61 69 6E 2E CD C9 3C E3 34 C9 1E E3 03 6C 6F 6F 6B 69 6E 67 CD C9 1E E3 B8 74 6F 20 73 65 65 69 6E 67 20 79 6F 75 2E	00:1 01:1 03:1 0E:1 18:1 1E:7 81:1 B8:1 C2:1 C9:9 CD:8 D1:2 D7:1 E0:1 E3:11	118	8	2	False	confirmed-record	[TOP][SPEAKER:0E]... Uhm...\n[C9]<[E3]3[E3]mus.\n[C9][1E]We`ve tried everything.\f[NAME], meeting\n[E3][01][E3][18][E3]<my\n[C9][1E]first[C9][1E] ray of hope.\n[C9][1E][E3]3[E3]mus.\fOn [C9][1E]Choco\nwe may [E3][81]again.\n[C9]<[E3]4[C9][1E][E3][03]looking\n[C9][1E][E3][B8]to seeing you.		pending			
EN-05B877	main-dialogue-1	0x05B877	0x05B97D	262	D7 E0 07 E3 0B 6C 61 74 65 2E CD C9 1E E3 ED E3 01 67 6F 20 74 68 65 72 65 3F CD 48 6F 77 20 E3 0A E3 05 6D 6F 74 68 65 72 3F D1 53 E3 41 E3 7D E3 08 6B 69 6E 64 CD 53 69 67 68 2E 2E 2E CD 4D 79 20 6D 6F 74 68 65 72 2E 2E 2E 2E DC 06 2E 2E 2E CD DC 00 C9 1E 4E 65 76 65 72 20 6D 69 6E 64 2E D1 E3 0D E3 35 61 20 53 63 72 61 70 2E CD 49 20 66 65 6C 74 20 73 6F 72 72 79 20 E3 0C 79 6F 75 2C CD 73 6F 20 49 20 62 72 6F 75 67 68 74 20 74 68 69 73 2E CD C9 1E E3 06 E3 37 69 74 20 74 6F 20 79 6F 75 2E DE D7 20 C2 00 20 E3 18 67 6F 74 74 65 6E CD C3 02 20 E3 59 31 C3 00 21 CC D7 49 20 E3 2F 69 74 20 69 6E 20 E3 00 43 61 76 65 2E CD 44 6F 65 73 6E 60 74 20 69 74 20 73 70 61 72 6B 6C 65 3F CD E3 24 E3 12 E3 7B 79 6F 75 72 CD 6D 6F 6F 64 2E 20 57 65 6C 6C 2C C9 1E E3 03 67 6F 69 6E 67 2E	00:4 01:1 02:1 03:1 05:1 06:2 07:1 08:1 0A:1 0B:1 0C:1 0D:1 12:1 18:1 1E:4 C2:1 C3:2 C9:4 CC:1 CD:12 D1:2 D7:3 DC:2 DE:1 E0:1 E3:21 ED:1	189	12	2	True	confirmed-record	[TOP][SPEAKER:07][E3][0B]late.\n[C9][1E][E3][ED][E3][01]go there?\nHow [E3][0A][E3][05]mother?\fS[E3]A[E3]}[E3][08]kind\nSigh...\nMy mother....[DC][06]...\n[DC][00][C9][1E]Never mind.\f[E3][0D][E3]5a Scrap.\nI felt sorry [E3][0C]you,\nso I brought this.\n[C9][1E][E3][06][E3]7it to you.[DE][TOP] [NAME] [E3][18]gotten\n[YELLOW] [E3]Y1[/HIGHLIGHT]![CC][TOP]I [E3]/it in [E3][00]Cave.\nDoesn`t it sparkle?\n[E3]$[E3][12][E3]{your\nmood. Well,[C9][1E][E3][03]going.		pending			
EN-05B97E	main-dialogue-1	0x05B97E	0x05B9B3	53	D7 2E 2E 2E 49 60 64 20 E3 2D 74 6F 20 73 74 61 79 2C 20 62 75 74 CD E3 05 E3 4C 66 75 6C 6C 2E CD E3 06 77 61 69 74 2E 20 50 6C 65 61 73 65 CD E3 EE 69 74 2E	05:1 06:1 CD:3 D7:1 E3:5 EE:1	41	3	0	False	confirmed-record	[TOP]...I`d [E3]-to stay, but\n[E3][05][E3]Lfull.\n[E3][06]wait. Please\n[E3][EE]it.		pending			
EN-05B9C5	main-dialogue-1	0x05B9C5	0x05BB04	319	D7 E0 07 E3 2A E3 B3 E3 20 62 61 63 6B 2E 20 4D 79 CD E3 61 E3 D3 6D 65 20 73 6F 6D 65 74 68 69 6E 67 CD 61 77 66 75 6C 20 E3 9F 74 6F 20 79 6F 75 2E D1 53 68 65 20 E3 A8 E3 00 4D 61 79 6F 72 CD 74 6F 6F 6B 20 E3 21 E3 1F 79 6F 75 2E CD C9 1E 41 72 65 6E 60 74 20 E3 01 61 6E 67 72 79 3F CD E3 5B 67 6F 20 E3 26 69 74 21 D1 49 20 E3 3B 61 20 73 65 63 72 65 74 20 E3 FB 74 6F CD E3 00 E3 27 68 6F 75 73 65 2E CD C9 1E C3 02 41 20 52 6F 6F 6D 20 B3 20 E3 00 50 6F 6C 69 63 65 2E CD C3 00 C9 1E 49 74 20 6C 65 61 64 73 20 74 68 65 72 65 2E D1 E3 0D E3 1E E3 35 E3 0C 79 6F 75 2E CD C9 1E E3 04 E3 11 63 61 75 73 65 73 20 6D 79 CD E3 61 61 20 6C 6F 74 20 6F 66 20 74 72 6F 75 62 6C 65 2E CD E3 03 E3 25 74 6F 20 E3 26 68 69 6D 21 D1 E3 06 77 61 69 74 20 E3 0C E3 01 69 6E CD E3 00 72 6F 6F 6D 2E 20 43 6F 6D 65 21 CD C3 02 E3 04 72 6F 6F 6D 20 69 73 20 B3 20 6F 66 20 74 68 65 CD 50 6F 6C 69 63 65 20 73 74 61 74 69 6F 6E 2E D1 C3 00 C9 20 53 65 65 20 79 61 21	00:6 01:2 02:2 03:1 04:2 06:1 07:1 0C:2 0D:1 11:1 1E:5 1F:1 9F:1 A8:1 B3:3 C3:4 C9:5 CD:14 D1:5 D3:1 D7:1 E0:1 E3:33 FB:1	224	14	5	True	confirmed-record	[TOP][SPEAKER:07][E3]*[E3][B3][E3] back. My\n[E3]a[E3][D3]me something\nawful [E3][9F]to you.\fShe [E3][A8][E3][00]Mayor\ntook [E3]![E3][1F]you.\n[C9][1E]Aren`t [E3][01]angry?\n[E3][go [E3]&it!\fI [E3];a secret [E3][FB]to\n[E3][00][E3]'house.\n[C9][1E][YELLOW]A Room [B3] [E3][00]Police.\n[/HIGHLIGHT][C9][1E]It leads there.\f[E3][0D][E3][1E][E3]5[E3][0C]you.\n[C9][1E][E3][04][E3][11]causes my\n[E3]aa lot of trouble.\n[E3][03][E3]%to [E3]&him!\f[E3][06]wait [E3][0C][E3][01]in\n[E3][00]room. Come!\n[YELLOW][E3][04]room is [B3] of the\nPolice station.\f[/HIGHLIGHT][C9] See ya!		pending			
EN-05BB05	main-dialogue-1	0x05BB05	0x05BB20	27	D7 E0 07 E3 31 6D 6F 75 73 65 2E CD E3 19 61 20 67 6F 6F 66 79 20 66 61 63 65 2E	07:1 19:1 CD:1 D7:1 E0:1 E3:2	20	1	0	False	confirmed-record	[TOP][SPEAKER:07][E3]1mouse.\n[E3][19]a goofy face.		pending			
EN-05BBA2	main-dialogue-1	0x05BBA2	0x05BC17	117	D7 E3 19 64 6F 20 E3 01 77 61 6E 74 3F CD E3 2E E3 0B 61 6E 20 69 6E 76 65 6E 74 6F 72 3F CD E3 09 E3 0F 66 6F 6F 6C 20 6D 65 21 20 59 6F 75 60 72 65 CD E3 15 6B 69 64 60 73 20 6D 65 73 73 65 6E 67 65 72 2E D1 E3 5B E3 4F E3 5A 74 68 69 73 21 CD E3 04 6E 65 78 74 20 E3 54 68 65 20 62 6F 74 68 65 72 73 CD 6D 79 20 64 61 75 67 68 74 65 72 2E 2E 2E 21	01:1 04:1 09:1 0B:1 0F:1 15:1 19:1 CD:5 D1:1 D7:1 E3:12	91	5	1	False	confirmed-record	[TOP][E3][19]do [E3][01]want?\n[E3].[E3][0B]an inventor?\n[E3][09][E3][0F]fool me! You`re\n[E3][15]kid`s messenger.\f[E3][[E3]O[E3]Zthis!\n[E3][04]next [E3]The bothers\nmy daughter...!		pending			
EN-05BC18	main-dialogue-1	0x05BC18	0x05BC3B	35	D7 E3 09 E3 0F E3 20 69 6E 74 6F CD 6D 79 20 68 6F 75 73 65 21 CD E3 A5 6F 75 74 21 20 E3 A5 6F 75 74 21	09:1 0F:1 A5:2 CD:2 D7:1 E3:5	23	2	0	False	confirmed-record	[TOP][E3][09][E3][0F][E3] into\nmy house!\n[E3][A5]out! [E3][A5]out!		pending			
EN-05BC3C	main-dialogue-1	0x05BC3C	0x05BCBF	131	D7 DC 01 59 2E 2E 79 6F 75 21 21 20 44 6F 20 E3 01 6B 6E 6F 77 CD 6D 79 20 64 61 75 67 68 74 65 72 3F 20 53 68 65 20 68 61 73 CD E3 D6 61 20 6E 6F 74 65 20 62 65 68 69 6E 64 CD E3 08 64 69 73 61 70 70 65 61 72 65 64 21 D1 52 65 61 64 20 74 68 69 73 21 CD C9 14 C3 03 20 E3 03 E3 25 E3 10 68 69 6D 2E CD 20 E3 33 66 6F 72 E3 37 6D 65 2E CD C3 00 E3 19 64 6F 65 73 20 E3 0E 6D 65 61 6E 21 DC 00	00:2 01:2 03:2 08:1 0E:1 10:1 14:1 19:1 C3:2 C9:1 CD:6 D1:1 D6:1 D7:1 DC:2 E3:10	96	6	1	True	confirmed-record	[TOP][DC][01]Y..you!! Do [E3][01]know\nmy daughter? She has\n[E3][D6]a note behind\n[E3][08]disappeared!\fRead this!\n[C9][14][PINK] [E3][03][E3]%[E3][10]him.\n [E3]3for[E3]7me.\n[/HIGHLIGHT][E3][19]does [E3][0E]mean![DC][00]		pending			
EN-05BCC0	main-dialogue-1	0x05BCC0	0x05BD04	68	D7 59 6F 75 2E 2E 2E C9 1E DC 01 48 65 79 20 2C 20 79 6F 75 2E 2E 2E 2E 21 CD 49 66 20 E3 01 E3 5E 6D 79 20 64 61 75 67 68 74 65 72 2C CD E3 DC E3 F6 62 61 63 6B 21 C9 1E 20 50 6C 65 61 73 65 21 21 DC 00	00:1 01:2 1E:2 C9:2 CD:2 D7:1 DC:3 E3:4 F6:1	50	2	0	False	confirmed-record	[TOP]You...[C9][1E][DC][01]Hey , you....!\nIf [E3][01][E3]^my daughter,\n[E3][DC][E3][F6]back![C9][1E] Please!![DC][00]		pending			
EN-05BD05	main-dialogue-1	0x05BD05	0x05BD69	100	D7 4D 79 20 64 61 75 67 68 74 65 72 20 69 73 20 67 6F 69 6E 67 CD 74 6F 20 6D 61 72 72 79 20 43 6F 6B 65 72 60 73 20 73 6F 6E 2E 2E 2E DE D7 E3 06 62 65 20 6C 6F 6E 65 6C 79 2C 20 E3 22 68 65 60 73 CD E3 C8 61 20 66 69 6E 65 20 6D 61 6E 20 49 CD 67 75 65 73 73 20 E3 1B 61 20 E3 5D 74 68 69 6E 67 2E	06:1 1B:1 C8:1 CD:3 D7:2 DE:1 E3:5	86	3	0	False	confirmed-record	[TOP]My daughter is going\nto marry Coker`s son...[DE][TOP][E3][06]be lonely, [E3]"he`s\n[E3][C8]a fine man I\nguess [E3][1B]a [E3]]thing.		pending			
EN-05BD6A	main-dialogue-1	0x05BD6A	0x05BD91	39	D7 41 20 E3 90 E3 0F 75 6E 64 65 72 73 74 61 6E 64 CD 68 6F 77 20 49 20 66 65 65 6C 21 CD 47 6F 20 61 77 61 79 21 21	0F:1 90:1 CD:2 D7:1 E3:2	32	2	0	False	confirmed-record	[TOP]A [E3][90][E3][0F]understand\nhow I feel!\nGo away!!		pending			
EN-05BD92	main-dialogue-1	0x05BD92	0x05BDB0	30	D7 4F 68 3F CD E3 0B 63 65 6C 65 62 72 61 74 69 6E 67 20 74 6F 6F 3F CD E3 7C 79 6F 75 2E	0B:1 CD:2 D7:1 E3:2	24	2	0	False	confirmed-record	[TOP]Oh?\n[E3][0B]celebrating too?\n[E3]|you.		pending			
EN-05BE2D	main-dialogue-1	0x05BE2D	0x05BF22	245	D7 E3 CE E3 BC E3 01 E3 20 66 72 6F 6D 3F CD E3 03 67 6C 61 64 2E CD 4D 79 20 E3 1D 73 65 6E 64 73 20 61 77 61 79 CD 65 76 65 72 79 E3 78 E3 A0 63 6F 6D 65 73 20 68 65 72 65 2E D1 57 69 6C 6C 20 E3 01 6C 69 73 74 65 6E CD 74 6F 20 6D 79 20 73 74 6F 72 79 3F CD C3 00 20 53 75 72 65 2C 20 E3 06 6C 69 73 74 65 6E 2E CD 20 49 20 E3 07 E3 29 74 6F 20 68 65 61 72 20 69 74 2E CC D0 E3 45 61 20 67 75 79 20 49 20 6C 69 6B 65 2C 20 62 75 74 CD 6D 79 20 E3 1D 6F 62 6A 65 63 74 73 2E CD E3 45 61 20 66 65 75 64 20 62 65 74 77 65 65 6E CD E3 44 66 61 6D 69 6C 79 20 E3 08 6D 69 6E 65 2E D1 2E 2E 2E 2E 2E 2E 2E CD E3 24 E3 82 6F 66 20 73 74 6F 72 79 20 6D 75 73 74 CD 62 65 20 62 6F 72 69 6E 67 20 E3 0C 79 6F 75 2E CD E3 03 73 6F 72 72 79 2E	00:1 01:2 03:2 06:1 07:1 08:1 0C:1 1D:2 82:1 A0:1 BC:1 C3:1 CC:1 CD:12 CE:1 D0:1 D1:2 D7:1 E3:21	191	12	2	False	confirmed-record	[TOP][E3][CE][E3][BC][E3][01][E3] from?\n[E3][03]glad.\nMy [E3][1D]sends away\nevery[E3]x[E3][A0]comes here.\fWill [E3][01]listen\nto my story?\n[/HIGHLIGHT] Sure, [E3][06]listen.\n I [E3][07][E3])to hear it.[CC][WIPE][E3]Ea guy I like, but\nmy [E3][1D]objects.\n[E3]Ea feud between\n[E3]Dfamily [E3][08]mine.\f.......\n[E3]$[E3][82]of story must\nbe boring [E3][0C]you.\n[E3][03]sorry.		pending			
EN-05BF4F	main-dialogue-1	0x05BF4F	0x05BFE1	146	D7 E3 03 67 65 74 74 69 6E 67 20 6D 61 72 72 69 65 64 20 73 6F 6F 6E 2E CD 49 20 E3 7E E3 A6 74 6F 64 61 79 20 66 6F 72 CD 61 20 6D 65 65 74 69 6E 67 20 74 6F 20 70 6C 61 6E CD E3 00 63 65 72 65 6D 6F 6E 79 2E D1 4D 79 20 E3 1D 69 73 20 E3 DE 74 6F 6F 2E CD 54 6F 64 61 79 20 68 65 20 67 61 76 65 20 6D 65 CD 61 6E 20 68 65 69 72 6C 6F 6F 6D 20 C3 02 4A 65 77 65 6C C3 00 20 61 73 CD 61 20 77 65 64 64 69 6E 67 20 70 72 65 73 65 6E 74 2E	00:2 02:1 03:1 1D:1 A6:1 C3:2 CD:6 D1:1 D7:1 DE:1 E3:6	123	6	1	True	confirmed-record	[TOP][E3][03]getting married soon.\nI [E3]~[E3][A6]today for\na meeting to plan\n[E3][00]ceremony.\fMy [E3][1D]is [E3][DE]too.\nToday he gave me\nan heirloom [YELLOW]Jewel[/HIGHLIGHT] as\na wedding present.		pending			
EN-05BFE2	main-dialogue-1	0x05BFE2	0x05BFF8	22	D7 4D 6F 75 73 65 2C 20 49 20 61 6D 20 73 6F 20 68 61 70 70 79 2E	D7:1	21	0	0	False	confirmed-record	[TOP]Mouse, I am so happy.		pending			
EN-05C01F	main-dialogue-1	0x05C01F	0x05C04C	45	D7 E3 03 67 6C 61 64 20 E3 15 68 65 72 CD E3 1D 69 73 20 61 6C 6C 6F 77 69 6E 67 20 68 65 72 CD 74 6F 20 E3 26 6D 61 72 72 69 65 64 2E	03:1 15:1 1D:1 CD:2 D7:1 E3:4	35	2	0	False	confirmed-record	[TOP][E3][03]glad [E3][15]her\n[E3][1D]is allowing her\nto [E3]&married.		pending			
EN-05C126	main-dialogue-1	0x05C126	0x05C19B	117	D7 57 68 61 74 3F C9 1E 20 57 68 61 74 3F CD C9 14 E3 03 61 20 E3 39 E3 9C 6F 66 CD 68 65 61 72 69 6E 67 2E 20 43 61 6E 20 79 6F 75 CD E3 3D 61 20 E3 39 6C 6F 75 64 65 72 3F D1 57 68 61 74 3F C9 1E 20 49 6E 76 65 6E 74 6F 72 3F CD C9 14 45 76 65 6E 20 69 66 20 E3 13 79 6F 75 6E 67 CD E3 01 E3 14 E3 E1 E3 C5 6F 66 CD E3 B0 E3 0C 70 65 6F 70 6C 65 2E	01:1 03:1 0C:1 13:1 14:3 1E:2 9C:1 B0:1 C5:1 C9:4 CD:6 D1:1 D7:1 E1:1 E3:12	80	6	1	False	confirmed-record	[TOP]What?[C9][1E] What?\n[C9][14][E3][03]a [E3]9[E3][9C]of\nhearing. Can you\n[E3]=a [E3]9louder?\fWhat?[C9][1E] Inventor?\n[C9][14]Even if [E3][13]young\n[E3][01][E3][14][E3][E1][E3][C5]of\n[E3][B0][E3][0C]people.		pending			
EN-05C19C	main-dialogue-1	0x05C19C	0x05C1D3	55	D7 4D 79 20 73 6F 6E 20 68 61 73 6E 60 74 20 E3 3C 76 65 72 79 CD 77 65 6C 6C 20 6C 61 74 65 6C 79 2E 2E 2E CD E3 C7 E3 01 E3 02 61 CD E3 39 E3 3D E3 10 68 69 6D 3F	01:1 02:1 10:1 C7:1 CD:3 D7:1 E3:7	40	3	0	False	confirmed-record	[TOP]My son hasn`t [E3]<very\nwell lately...\n[E3][C7][E3][01][E3][02]a\n[E3]9[E3]=[E3][10]him?		pending			
EN-05C1D4	main-dialogue-1	0x05C1D4	0x05C217	67	D7 57 68 61 74 3F C9 1E 20 4D 79 20 73 6F 6E 3F CD C9 1E E3 1A 67 E3 78 73 6F 6D 65 77 68 65 72 65 2E CD C9 1E 49 20 E3 D3 E3 5A 74 6F 20 64 6F CD 77 68 61 74 65 76 65 72 20 68 65 20 77 61 6E 74 73 2E	1A:1 1E:3 C9:3 CD:3 D3:1 D7:1 E3:4	51	3	0	False	confirmed-record	[TOP]What?[C9][1E] My son?\n[C9][1E][E3][1A]g[E3]xsomewhere.\n[C9][1E]I [E3][D3][E3]Zto do\nwhatever he wants.		pending			
EN-05C218	main-dialogue-1	0x05C218	0x05C291	121	D7 49 20 66 65 65 6C 20 73 6F 72 72 79 20 E3 0C 50 6F 70 73 2E CD 48 65 20 63 61 72 65 64 20 73 6F 20 6D 75 63 68 CD E3 0A E3 44 64 61 75 67 68 74 65 72 2E 2E 2E D1 E3 7F 6F 66 20 6D 79 20 61 67 65 2C CD E3 75 E3 AC 6F 66 20 6D 79 73 65 6C 66 2E 2E 2E CD E3 0D 73 74 72 61 6E 67 65 2E 20 E3 36 49 60 6D CD E3 43 6D 79 20 73 6F 6E 20 69 73 20 68 65 72 65 2E 2E 2E	0A:1 0C:1 0D:1 7F:1 AC:1 CD:5 D1:1 D7:1 E3:9	100	5	1	False	confirmed-record	[TOP]I feel sorry [E3][0C]Pops.\nHe cared so much\n[E3][0A][E3]Ddaughter...\f[E3][7F]of my age,\n[E3]u[E3][AC]of myself...\n[E3][0D]strange. [E3]6I`m\n[E3]Cmy son is here...		pending			
EN-05C292	main-dialogue-1	0x05C292	0x05C2D7	69	D7 57 68 61 74 3F C9 1E 20 4D 79 20 73 6F 6E 3F CD C9 1E E3 1A 61 74 20 50 6F 70 73 60 73 20 68 6F 75 73 65 2E CD C9 1E E3 1A E3 77 61 72 72 61 6E 67 65 6D 65 6E 74 73 CD E3 0C E3 00 77 65 64 64 69 6E 67 2E	00:1 0C:1 1A:2 1E:3 C9:3 CD:3 D7:1 E3:5	50	3	0	False	confirmed-record	[TOP]What?[C9][1E] My son?\n[C9][1E][E3][1A]at Pops`s house.\n[C9][1E][E3][1A][E3]warrangements\n[E3][0C][E3][00]wedding.		pending			
EN-05C2D8	main-dialogue-1	0x05C2D8	0x05C31A	66	D7 E3 03 67 6C 61 64 20 E3 15 68 65 60 73 CD 6D 61 72 72 79 69 6E 67 20 E3 C8 61 20 66 69 6E 65 CD E3 7D 6C 61 64 79 2E 20 E3 03 67 6C 61 64 CD E3 15 49 20 6C 69 76 65 64 20 74 6F 20 E3 5E 69 74 2E	03:2 15:2 C8:1 CD:3 D7:1 E3:7	50	3	0	False	confirmed-record	[TOP][E3][03]glad [E3][15]he`s\nmarrying [E3][C8]a fine\n[E3]}lady. [E3][03]glad\n[E3][15]I lived to [E3]^it.		pending			
EN-05C31B	main-dialogue-1	0x05C31B	0x05C346	43	D7 4D 79 20 E3 DF 69 73 20 E3 1E 73 6F CD 67 6F 6F 64 2E 2E 2E 20 49 20 E3 AB E3 94 75 73 65 CD 61 20 68 65 6C 70 65 72 2E 2E 2E	1E:1 94:1 AB:1 CD:2 D7:1 DF:1 E3:4	32	2	0	False	confirmed-record	[TOP]My [E3][DF]is [E3][1E]so\ngood... I [E3][AB][E3][94]use\na helper...		pending			
EN-05C347	main-dialogue-1	0x05C347	0x05C40A	195	D7 48 75 68 2E 2E 2E C9 1E 20 57 68 61 74 2E 2E CD C9 1E E3 51 E3 15 62 69 67 20 74 68 69 6E 67 3F 21 CD C9 1E 57 68 61 74 3F C9 1E 20 41 20 E3 D4 68 65 6C 70 65 72 3F CD C9 14 E3 2A E3 13 61 20 E3 5D 6B 69 64 21 D1 4D 79 20 E3 DF 69 73 20 6E 6F 74 CD E3 96 E3 5D 6C 61 74 65 6C 79 2E 2E 2E D1 E3 2A 69 66 20 49 20 68 61 64 20 61 20 68 65 6C 70 65 72 CD E3 15 77 6F 72 6B 65 64 20 E3 2D 74 68 61 74 2E 2E 2E CD 20 E3 06 6C 6F 61 6E 20 69 74 20 74 6F 20 79 6F 75 2E CD 20 49 20 E3 0F E3 26 62 79 20 E3 69 69 74 2E CC D0 E3 7C E3 DD 54 68 61 74 CD E3 2B E3 42 6D 65 20 68 61 70 70 79 2E	06:1 0F:1 13:1 14:1 15:2 1E:4 96:1 C9:5 CC:1 CD:8 D0:1 D1:2 D4:1 D7:1 DD:1 DF:1 E3:20	143	8	2	False	confirmed-record	[TOP]Huh...[C9][1E] What..\n[C9][1E][E3]Q[E3][15]big thing?!\n[C9][1E]What?[C9][1E] A [E3][D4]helper?\n[C9][14][E3]*[E3][13]a [E3]]kid!\fMy [E3][DF]is not\n[E3][96][E3]]lately...\f[E3]*if I had a helper\n[E3][15]worked [E3]-that...\n [E3][06]loan it to you.\n I [E3][0F][E3]&by [E3]iit.[CC][WIPE][E3]|[E3][DD]That\n[E3]+[E3]Bme happy.		pending			
EN-05C41B	main-dialogue-1	0x05C41B	0x05C454	57	D7 48 65 20 E3 0F 74 61 6C 6B 2C 20 E3 22 68 65 60 73 CD 61 20 6B 69 6E 64 2C 20 67 65 6E 74 6C 65 20 6B 69 64 2E 20 54 68 61 6E 6B CD 79 6F 75 2C 20 E3 B3 E3 95 6D 65 2E	0F:1 95:1 B3:1 CD:2 D7:1 E3:4	47	2	0	False	confirmed-record	[TOP]He [E3][0F]talk, [E3]"he`s\na kind, gentle kid. Thank\nyou, [E3][B3][E3][95]me.		pending			
EN-05C455	main-dialogue-1	0x05C455	0x05C480	43	D7 2E 2E 2E E3 0D 61 20 6D 6F 75 73 65 2E CD 47 6F 20 68 6F 6D 65 20 E3 F2 61 CD 63 61 74 20 63 61 74 63 68 65 73 20 79 6F 75 2E	0D:1 CD:2 D7:1 E3:2 F2:1	36	2	0	False	confirmed-record	[TOP]...[E3][0D]a mouse.\nGo home [E3][F2]a\ncat catches you.		pending			
EN-05C4E3	main-dialogue-1	0x05C4E3	0x05C4E9	6	D7 4D 65 6F 77 3F	D7:1	5	0	0	False	confirmed-record	[TOP]Meow?		pending			
EN-05C4EA	main-dialogue-1	0x05C4EA	0x05C4F0	6	D7 57 68 65 77 21	D7:1	5	0	0	False	confirmed-record	[TOP]Whew!		pending			
EN-05C4F1	main-dialogue-1	0x05C4F1	0x05C510	31	D7 4D 79 20 E3 97 69 73 20 77 6F 72 72 69 65 64 CD E3 0A E3 F6 73 6F 6E 2E 20 4D 65 6F 77 2E	0A:1 97:1 CD:1 D7:1 E3:3 F6:1	23	1	0	False	confirmed-record	[TOP]My [E3][97]is worried\n[E3][0A][E3][F6]son. Meow.		pending			
EN-05C511	main-dialogue-1	0x05C511	0x05C589	120	D7 4D 79 20 6D 61 73 74 65 72 60 73 20 73 6F 6E CD 65 6C 6F 70 65 64 20 E3 10 4D 72 2E 50 6F 70 73 60 73 CD 64 61 75 67 68 74 65 72 2E 20 4D 65 6F 77 2E D1 4D 79 20 E3 97 E3 18 E3 84 73 6F CD 6D 75 63 68 20 E3 92 E3 9A 73 69 63 6B 2E CD 49 20 E3 14 E3 B1 65 6E 63 6F 75 72 61 67 65 20 68 65 72 2E CD E3 0D 66 72 75 73 74 72 61 74 69 6E 67 2E 20 4D 65 6F 77 21	0D:1 10:1 14:1 18:1 84:1 92:1 97:1 9A:1 B1:1 CD:5 D1:1 D7:1 E3:9	95	5	1	False	confirmed-record	[TOP]My master`s son\neloped [E3][10]Mr.Pops`s\ndaughter. Meow.\fMy [E3][97][E3][18][E3][84]so\nmuch [E3][92][E3][9A]sick.\nI [E3][14][E3][B1]encourage her.\n[E3][0D]frustrating. Meow!		pending			
EN-05C58A	main-dialogue-1	0x05C58A	0x05C5AA	32	D7 E3 28 6D 79 20 6D 61 73 74 65 72 CD 69 73 20 E3 DE E3 03 E3 DE 74 6F 6F 2E CD 4D 65 6F 77 2E	03:1 CD:2 D7:1 DE:2 E3:4	22	2	0	False	confirmed-record	[TOP][E3](my master\nis [E3][DE][E3][03][E3][DE]too.\nMeow.		pending			
EN-05C615	main-dialogue-1	0x05C615	0x05C64C	55	D7 C3 02 CD 20 4F 6E 20 76 61 63 61 74 69 6F 6E 20 69 6E 20 E3 49 49 73 6C 65 CD CD 20 20 20 20 20 20 20 20 20 20 20 20 20 20 20 20 20 20 20 53 74 65 6C 6C 61 C3 00	00:1 02:1 C3:2 CD:3 D7:1 E3:1	46	3	0	True	confirmed-record	[TOP][YELLOW]\n On vacation in [E3]IIsle\n\n                   Stella[/HIGHLIGHT]		pending			
EN-05C6EC	main-dialogue-1	0x05C6EC	0x05C76C	128	D7 DC 01 4F 68 2E CD C9 1E E3 0B E3 00 E3 7D 69 6E 76 65 6E 74 6F 72 CD E3 A0 E3 C0 69 6E 20 6E 65 78 74 20 64 6F 6F 72 2E CD 59 6F 75 6E 67 2C 20 E3 22 64 69 73 74 69 6E 67 75 69 73 68 65 64 2E D1 54 65 6C 6C 20 6D 65 20 69 66 20 74 68 65 72 65 60 73 CD E3 B2 49 20 E3 14 64 6F 21 CD E3 0B E3 C8 61 20 68 61 72 64 CD 77 6F 72 6B 65 72 2C 20 E3 03 6F 6E 20 E3 05 73 69 64 65 2E DC 00	00:2 01:1 03:1 05:1 0B:2 14:1 1E:1 A0:1 B2:1 C0:1 C8:1 C9:1 CD:6 D1:1 D7:1 DC:2 E3:12	92	6	1	False	confirmed-record	[TOP][DC][01]Oh.\n[C9][1E][E3][0B][E3][00][E3]}inventor\n[E3][A0][E3][C0]in next door.\nYoung, [E3]"distinguished.\fTell me if there`s\n[E3][B2]I [E3][14]do!\n[E3][0B][E3][C8]a hard\nworker, [E3][03]on [E3][05]side.[DC][00]		pending			
EN-05C76D	main-dialogue-1	0x05C76D	0x05C7DB	110	D7 DC 01 E3 ED E3 01 68 65 61 72 20 E3 0A 74 68 65 CD 4D 61 79 6F 72 2E 20 41 66 74 65 72 20 E3 44 70 72 65 74 74 79 CD E3 89 73 74 61 72 74 65 64 2C CD 68 65 20 73 74 6F 70 70 65 64 20 77 6F 72 6B 69 6E 67 2E D1 E3 1A 74 72 6F 75 62 6C 65 73 6F 6D 65 2E CD E3 17 67 72 6F 77 20 75 70 20 74 6F CD 62 65 20 E3 2D 68 69 6D 21 DC 00	00:1 01:2 0A:1 17:1 1A:1 89:1 CD:5 D1:1 D7:1 DC:2 E3:8 ED:1	85	5	1	False	confirmed-record	[TOP][DC][01][E3][ED][E3][01]hear [E3][0A]the\nMayor. After [E3]Dpretty\n[E3][89]started,\nhe stopped working.\f[E3][1A]troublesome.\n[E3][17]grow up to\nbe [E3]-him![DC][00]		pending			
EN-05C7DC	main-dialogue-1	0x05C7DC	0x05C843	103	D7 DC 01 E3 ED E3 01 E3 81 61 6E CD E3 47 61 74 20 E3 00 4D 61 79 6F 72 60 73 CD 6F 66 66 69 63 65 3F D1 48 6F 77 20 69 73 20 68 65 3F 20 4E 6F 74 20 6D 61 6E 79 CD 63 65 6C 65 62 72 69 74 69 65 73 20 E3 20 74 6F CD E3 0E 74 6F 77 6E 2E 20 E3 04 4D 61 79 6F 72 CD E3 4E 62 65 20 65 78 63 69 74 65 64 2E DC 00	00:2 01:2 04:1 0E:1 81:1 CD:5 D1:1 D7:1 DC:2 E3:9 ED:1	77	5	1	False	confirmed-record	[TOP][DC][01][E3][ED][E3][01][E3][81]an\n[E3]Gat [E3][00]Mayor`s\noffice?\fHow is he? Not many\ncelebrities [E3] to\n[E3][0E]town. [E3][04]Mayor\n[E3]Nbe excited.[DC][00]		pending			
EN-05C844	main-dialogue-1	0x05C844	0x05C877	51	D7 DC 01 49 73 20 E3 00 E3 47 72 65 61 6C 6C 79 CD E3 3F E3 15 66 61 6D 6F 75 73 3F CD 49 20 E3 3B E3 E7 69 6E CD E3 85 62 75 73 69 6E 65 73 73 2E DC 00	00:2 01:1 15:1 85:1 CD:3 D7:1 DC:2 E3:7 E7:1	32	3	0	False	confirmed-record	[TOP][DC][01]Is [E3][00][E3]Greally\n[E3]?[E3][15]famous?\nI [E3];[E3][E7]in\n[E3][85]business.[DC][00]		pending			
EN-05C878	main-dialogue-1	0x05C878	0x05C904	140	D7 DC 01 E3 2A 73 6F 6E 6E 79 2E 20 48 61 76 65 20 79 6F 75 CD 68 65 61 72 64 3F 20 53 6F 6D 65 20 E3 57 66 72 6F 6D CD E3 00 74 6F 77 6E 20 E3 6C E3 6F 69 6E CD E3 00 72 69 76 65 72 73 69 64 65 20 63 61 76 65 2E D1 49 20 77 6F 6E 64 65 72 20 69 66 20 E3 68 73 61 66 65 2E CD E3 28 49 20 74 68 69 6E 6B 20 6F 66 CD 68 6F 77 20 E3 CB 6D 6F 74 68 65 72 73 CD 77 6F 72 72 79 2C 20 49 20 70 69 74 79 20 74 68 65 6D 2E DC 00	00:3 01:1 CB:1 CD:6 D1:1 D7:1 DC:2 E3:9	116	6	1	False	confirmed-record	[TOP][DC][01][E3]*sonny. Have you\nheard? Some [E3]Wfrom\n[E3][00]town [E3]l[E3]oin\n[E3][00]riverside cave.\fI wonder if [E3]hsafe.\n[E3](I think of\nhow [E3][CB]mothers\nworry, I pity them.[DC][00]		pending			
EN-05C905	main-dialogue-1	0x05C905	0x05C95C	87	D7 DC 06 2E 2E 2E DC 01 E3 31 6B 69 64 21 CD 49 20 E3 58 E3 01 E3 BC 61 20 E3 5D 6A 6F 62 21 D1 E3 0B E3 8D 73 6D 61 6C 6C 2C 20 62 75 74 CD E3 01 64 6F 20 E3 05 62 65 73 74 2E CD 47 72 65 61 74 2C 20 67 72 65 61 74 2E CD 4B 65 65 70 20 69 74 20 75 70 21 DC 00	00:1 01:3 05:1 06:1 0B:1 8D:1 BC:1 CD:4 D1:1 D7:1 DC:3 E3:9	60	4	1	False	confirmed-record	[TOP][DC][06]...[DC][01][E3]1kid!\nI [E3]X[E3][01][E3][BC]a [E3]]job!\f[E3][0B][E3][8D]small, but\n[E3][01]do [E3][05]best.\nGreat, great.\nKeep it up![DC][00]		pending			
EN-05C95D	main-dialogue-1	0x05C95D	0x05C9F3	150	D7 DC 01 E3 2A 73 6F 6E 6E 79 21 CD 47 6F 6F 64 20 74 69 6D 69 6E 67 21 CD 44 6F 20 E3 01 6B 6E 6F 77 3F D1 E3 45 E3 3C 73 6F 6D 65 CD 67 75 79 73 20 64 72 65 73 73 65 64 20 69 6E 20 62 6C 61 63 6B CD 68 61 6E 67 69 6E 67 20 E3 70 6E 65 61 72 CD E3 05 E3 AF 68 6F 75 73 65 2E D1 49 73 20 68 65 20 69 6E 20 73 6F 6D 65 CD E3 82 6F 66 20 74 72 6F 75 62 6C 65 3F CD E3 09 E3 50 E3 D8 6F 6E CD E3 5A 6F 6E 63 65 20 69 6E 20 61 20 77 68 69 6C 65 2E DC 00	00:1 01:2 05:1 09:1 82:1 AF:1 CD:8 D1:2 D7:1 D8:1 DC:2 E3:12	117	8	2	False	confirmed-record	[TOP][DC][01][E3]*sonny!\nGood timing!\nDo [E3][01]know?\f[E3]E[E3]<some\nguys dressed in black\nhanging [E3]pnear\n[E3][05][E3][AF]house.\fIs he in some\n[E3][82]of trouble?\n[E3][09][E3]P[E3][BOTTOM]on\n[E3]Zonce in a while.[DC][00]		pending			
EN-05C9F4	main-dialogue-1	0x05C9F4	0x05CA62	110	D7 DC 01 48 61 76 65 20 E3 01 68 65 61 72 64 3F 20 E3 6B 74 68 65 CD E3 F1 74 72 75 65 3F 20 E3 09 6D 75 73 74 60 76 65 CD 68 61 64 20 61 20 E3 9C 74 69 6D 65 CD E3 71 62 79 20 79 6F 75 72 73 65 6C 66 2E D1 E3 36 E3 01 E3 50 73 75 72 72 65 6E 64 65 72 2E CD 44 6F 20 E3 01 E3 29 6D 65 CD 74 6F 20 67 6F 20 E3 10 79 6F 75 3F DC 00	00:1 01:4 09:1 10:1 9C:1 CD:5 D1:1 D7:1 DC:2 E3:12 F1:1	80	5	1	False	confirmed-record	[TOP][DC][01]Have [E3][01]heard? [E3]kthe\n[E3][F1]true? [E3][09]must`ve\nhad a [E3][9C]time\n[E3]qby yourself.\f[E3]6[E3][01][E3]Psurrender.\nDo [E3][01][E3])me\nto go [E3][10]you?[DC][00]		pending			
EN-05CA63	main-dialogue-1	0x05CA63	0x05CACD	106	D7 DC 01 E3 2A 49 20 E3 58 79 6F 75 60 72 65 CD 69 6E 6E 6F 63 65 6E 74 21 20 E3 09 64 69 73 63 6F 76 65 72 65 64 CD E3 00 E3 11 E3 16 61 20 66 61 6B 65 2E CD 49 73 6E 60 74 20 E3 15 72 69 67 68 74 3F D1 49 74 20 E3 4E E3 02 62 65 65 6E CD E3 9C E3 0C 79 6F 75 2E CD 49 20 E3 16 E3 C0 74 6F 20 74 65 61 72 73 2E DC 00	00:2 01:1 02:1 09:1 0C:1 11:1 15:1 16:2 9C:1 C0:1 CD:5 D1:1 D7:1 DC:2 E3:13	72	5	1	False	confirmed-record	[TOP][DC][01][E3]*I [E3]Xyou`re\ninnocent! [E3][09]discovered\n[E3][00][E3][11][E3][16]a fake.\nIsn`t [E3][15]right?\fIt [E3]N[E3][02]been\n[E3][9C][E3][0C]you.\nI [E3][16][E3][C0]to tears.[DC][00]		pending			
EN-05CACE	main-dialogue-1	0x05CACE	0x05CAF9	43	D7 DC 01 E3 2A 49 20 E3 16 73 75 72 70 72 69 73 65 64 2E CD E3 03 E3 1E E3 96 62 72 61 76 65 2E CD E3 17 73 E3 AC 6D 65 21 DC 00	00:1 01:1 03:1 16:1 17:1 1E:1 96:1 AC:1 CD:2 D7:1 DC:2 E3:7	23	2	0	False	confirmed-record	[TOP][DC][01][E3]*I [E3][16]surprised.\n[E3][03][E3][1E][E3][96]brave.\n[E3][17]s[E3][AC]me![DC][00]		pending			
EN-05CAFA	main-dialogue-1	0x05CAFA	0x05CB25	43	D7 DC 01 E3 2A 61 20 66 72 69 65 6E 64 6C 79 20 6C 69 74 74 6C 65 CD 6D 6F 75 73 65 2E 20 E3 6B E3 01 68 75 6E 67 72 79 3F DC 00	00:1 01:2 CD:1 D7:1 DC:2 E3:3	33	1	0	False	confirmed-record	[TOP][DC][01][E3]*a friendly little\nmouse. [E3]k[E3][01]hungry?[DC][00]		pending			
EN-05CB50	main-dialogue-1	0x05CB50	0x05CBB3	99	D7 20 C2 00 20 E3 18 E3 2F 74 68 65 CD C3 02 20 5B 4E 69 63 65 20 4C 61 64 79 5D 20 62 6F 6F 6B 21 C3 00 D1 C3 02 54 6F 64 61 79 60 73 20 4D 65 6E 75 3A CD 20 4D 75 73 68 72 6F 6F 6D 20 79 6F 67 75 72 74 2E 20 46 72 6F 6D CD 20 E3 A7 6F 6E 2C 20 61 20 68 65 61 6C 74 68 79 20 64 69 65 74 2E C3 00	00:3 02:2 18:1 A7:1 C2:1 C3:4 CD:3 D1:1 D7:1 E3:3	79	3	1	True	confirmed-record	[TOP] [NAME] [E3][18][E3]/the\n[YELLOW] [Nice Lady] book![/HIGHLIGHT]\f[YELLOW]Today`s Menu:\n Mushroom yogurt. From\n [E3][A7]on, a healthy diet.[/HIGHLIGHT]		pending			
EN-05CBB4	main-dialogue-1	0x05CBB4	0x05CBE0	44	D7 20 53 74 72 61 6E 67 65 20 6D 75 73 68 72 6F 6F 6D 73 2C 20 62 75 74 CD 20 E3 B7 61 20 6C 6F 74 20 6F 66 20 74 68 65 6D 2E 2E 2E	B7:1 CD:1 D7:1 E3:1	40	1	0	False	confirmed-record	[TOP] Strange mushrooms, but\n [E3][B7]a lot of them...		pending			
EN-05CC21	main-dialogue-1	0x05CC21	0x05CC65	68	D7 20 C2 00 20 E3 18 66 6F 75 6E 64 CD 20 E3 00 C3 02 4F 6C 64 20 41 6C 62 75 6D C3 00 2E CD 20 E3 04 6F 6C 64 20 77 6F 6D 61 6E 20 E3 16 70 72 65 74 74 79 CD 20 E3 43 73 68 65 20 E3 16 79 6F 75 6E 67 2E	00:3 02:1 04:1 16:2 18:1 C2:1 C3:2 CD:3 D7:1 E3:6	47	3	0	True	confirmed-record	[TOP] [NAME] [E3][18]found\n [E3][00][YELLOW]Old Album[/HIGHLIGHT].\n [E3][04]old woman [E3][16]pretty\n [E3]Cshe [E3][16]young.		pending			
EN-05CC66	main-dialogue-1	0x05CC66	0x05CD34	206	D7 20 C2 00 20 E3 18 E3 00 C3 02 44 69 61 72 79 CD C3 00 20 69 6E 20 E3 44 68 61 6E 64 21 20 49 74 60 73 CD 20 61 20 E3 7D 6D 61 6E 60 73 20 64 69 61 72 79 2E DE D7 C3 02 20 2A 20 E3 A1 2A 20 44 61 79 CD 20 49 20 E3 6E 74 6F 20 E3 F6 68 6F 75 73 65 CD 20 61 67 61 69 6E 20 74 6F 64 61 79 2E 20 41 67 61 69 6E 20 68 65 72 CD 20 E3 1D 74 75 72 6E 65 64 20 6D 65 20 61 77 61 79 2E 2E 2E D1 20 E3 A9 73 61 79 20 6F 75 72 20 66 61 6D 69 6C 69 65 73 CD 20 E3 1C E3 1E 6F 6E 20 73 70 65 61 6B 69 6E 67 CD 20 74 65 72 6D 73 2E D1 20 E3 19 E3 18 E3 15 E3 6C 74 6F 20 64 6F CD 20 E3 10 E3 00 74 77 6F 20 6F 66 20 75 73 3F C3 00	00:5 02:2 10:1 15:1 18:2 19:1 1C:1 1D:1 1E:1 A1:1 A9:1 C2:1 C3:4 CD:8 D1:2 D7:2 DE:1 E3:17 F6:1	153	8	2	True	confirmed-record	[TOP] [NAME] [E3][18][E3][00][YELLOW]Diary\n[/HIGHLIGHT] in [E3]Dhand! It`s\n a [E3]}man`s diary.[DE][TOP][YELLOW] * [E3][A1]* Day\n I [E3]nto [E3][F6]house\n again today. Again her\n [E3][1D]turned me away...\f [E3][A9]say our families\n [E3][1C][E3][1E]on speaking\n terms.\f [E3][19][E3][18][E3][15][E3]lto do\n [E3][10][E3][00]two of us?[/HIGHLIGHT]		pending			
EN-05CD35	main-dialogue-1	0x05CD35	0x05CDBA	133	D7 C3 02 20 2A 20 E3 A1 2A 20 44 61 79 CD 20 53 68 65 20 E3 08 49 20 E3 D6 74 6F 77 6E 2E CD 20 E3 48 69 73 20 6E 6F 20 6F 74 E3 F6 77 61 79 CD 20 E3 0C 75 73 20 74 6F 20 62 65 20 74 6F 67 65 74 68 65 72 2E D1 20 4D 79 20 E3 B1 63 6F 6E 63 65 72 6E 20 69 73 20 66 6F 72 CD 20 E3 00 6D 6F 74 68 65 72 CD 20 49 20 E3 D6 62 65 68 69 6E 64 2E CD 20 E3 03 73 6F 72 72 79 2C 20 4D 6F 74 68 65 72 2E C3 00	00:2 02:1 03:1 08:1 0C:1 A1:1 B1:1 C3:2 CD:6 D1:1 D6:2 D7:1 E3:10 F6:1	102	6	1	True	confirmed-record	[TOP][YELLOW] * [E3][A1]* Day\n She [E3][08]I [E3][D6]town.\n [E3]His no ot[E3][F6]way\n [E3][0C]us to be together.\f My [E3][B1]concern is for\n [E3][00]mother\n I [E3][D6]behind.\n [E3][03]sorry, Mother.[/HIGHLIGHT]		pending			
EN-05CDBB	main-dialogue-1	0x05CDBB	0x05CE39	126	D7 C3 02 20 2A 20 E3 A1 2A 20 44 61 79 CD 20 49 20 E3 02 62 65 67 75 6E CD 20 70 72 65 70 61 72 61 74 69 6F 6E 73 20 E3 0C 6F 75 72 CD 20 77 65 64 64 69 6E 67 20 64 61 79 2E D1 20 49 20 E3 C6 E3 B8 74 6F 20 69 74 2E CD 20 57 65 20 E3 4E 74 68 61 6E 6B 20 E3 00 44 65 69 74 79 CD 20 E3 0C E3 77 69 74 20 70 6F 73 73 69 62 6C 65 CD 20 E3 0C 75 73 20 74 6F 20 6D 65 65 74 2E C3 00	00:2 02:2 0C:3 A1:1 B8:1 C3:2 C6:1 CD:6 D1:1 D7:1 E3:10	96	6	1	True	confirmed-record	[TOP][YELLOW] * [E3][A1]* Day\n I [E3][02]begun\n preparations [E3][0C]our\n wedding day.\f I [E3][C6][E3][B8]to it.\n We [E3]Nthank [E3][00]Deity\n [E3][0C][E3]wit possible\n [E3][0C]us to meet.[/HIGHLIGHT]		pending			
EN-05D02E	main-dialogue-1	0x05D02E	0x05D05E	48	D7 48 65 79 21 20 59 6F 75 21 20 E3 09 E3 0F 63 6F 6D 65 CD 69 6E 20 E3 00 E3 E2 73 74 61 74 69 6F 6E CD E3 69 70 65 72 6D 69 73 73 69 6F 6E 21	00:1 09:1 0F:1 CD:2 D7:1 E2:1 E3:5	36	2	0	False	confirmed-record	[TOP]Hey! You! [E3][09][E3][0F]come\nin [E3][00][E3][E2]station\n[E3]ipermission!		pending			
EN-05D05F	main-dialogue-1	0x05D05F	0x05D11D	190	D7 54 61 6B 69 6E 67 20 E3 00 E3 27 74 68 69 6E 67 73 CD E3 16 E3 3F 73 74 75 70 69 64 2E CD C9 1E 57 65 6C 6C 2C C9 1E 20 E3 06 72 65 74 75 72 6E CD E3 CC 74 6F 20 68 69 6D 2E D1 20 C2 00 20 E3 18 6C 6F 73 74 CD C3 02 20 E3 59 31 C3 00 21 D1 20 C2 00 20 E3 18 6C 6F 73 74 CD C3 02 20 E3 59 32 C3 00 21 D1 20 C2 00 20 E3 18 6C 6F 73 74 CD C3 02 20 E3 59 33 C3 00 21 D1 E3 04 E3 11 E3 12 64 65 63 69 64 65 CD E3 23 E3 12 68 61 70 70 65 6E 20 74 6F 20 79 6F 75 2E CD 55 6E 74 69 6C 20 74 68 65 6E 2C 20 73 74 61 79 20 74 68 65 72 65 CD E3 08 63 61 6C 6D 20 64 6F 77 6E 21	00:7 02:3 04:1 06:1 08:1 11:1 12:2 16:1 18:3 1E:2 C2:3 C3:6 C9:2 CC:1 CD:9 D1:4 D7:1 E3:18	124	9	4	True	confirmed-record	[TOP]Taking [E3][00][E3]'things\n[E3][16][E3]?stupid.\n[C9][1E]Well,[C9][1E] [E3][06]return\n[E3][CC]to him.\f [NAME] [E3][18]lost\n[YELLOW] [E3]Y1[/HIGHLIGHT]!\f [NAME] [E3][18]lost\n[YELLOW] [E3]Y2[/HIGHLIGHT]!\f [NAME] [E3][18]lost\n[YELLOW] [E3]Y3[/HIGHLIGHT]!\f[E3][04][E3][11][E3][12]decide\n[E3]#[E3][12]happen to you.\nUntil then, stay there\n[E3][08]calm down!		pending			
EN-05D11E	main-dialogue-1	0x05D11E	0x05D163	69	D7 48 65 79 21 20 E3 51 E3 10 E3 71 74 68 65 CD 6E 6F 69 73 65 3F 20 49 66 20 E3 01 64 6F 6E 60 74 CD E3 DA 69 74 20 64 6F 77 6E 20 69 6E 20 74 68 65 72 65 CD E3 06 E3 02 74 6F 20 74 69 65 20 E3 01 75 70 21	01:2 02:1 06:1 10:1 CD:3 D7:1 DA:1 E3:8	51	3	0	False	confirmed-record	[TOP]Hey! [E3]Q[E3][10][E3]qthe\nnoise? If [E3][01]don`t\n[E3][DA]it down in there\n[E3][06][E3][02]to tie [E3][01]up!		pending			
EN-05D164	main-dialogue-1	0x05D164	0x05D1A9	69	D7 DC 09 2E 2E 2E 4E 6F 74 20 68 65 72 65 2E 2E 2E DC 01 CD C9 28 DC 00 E3 19 68 61 70 70 65 6E 65 64 2E 2E 2E CD E3 04 E3 11 E3 12 62 65 20 6D 61 64 2E CD 48 65 60 6C 6C 20 63 75 74 20 6D 79 20 70 61 79 2E	00:1 01:1 04:1 09:1 11:1 12:1 19:1 C9:1 CD:3 D7:1 DC:3 E3:4	50	3	0	False	confirmed-record	[TOP][DC][09]...Not here...[DC][01]\n[C9]([DC][00][E3][19]happened...\n[E3][04][E3][11][E3][12]be mad.\nHe`ll cut my pay.		pending			
EN-05D1AA	main-dialogue-1	0x05D1AA	0x05D1DD	51	D7 2E 2E 2E C9 30 57 68 61 74 21 CD E3 0B 68 65 72 65 3F 21 CD E3 17 E3 42 E3 BE 74 72 6F 75 62 6C 65 21 21 CD 41 6E 64 20 62 65 20 71 75 69 65 74 21 21	0B:1 17:1 BE:1 C9:1 CD:3 D7:1 E3:4	39	3	0	False	confirmed-record	[TOP]...[C9]0What!\n[E3][0B]here?!\n[E3][17][E3]B[E3][BE]trouble!!\nAnd be quiet!!		pending			
EN-05D1DE	main-dialogue-1	0x05D1DE	0x05D22A	76	D7 2E 2E 2E E3 28 E3 BC 79 6F 75 CD 65 73 63 61 70 65 3F 20 49 66 20 E3 01 65 73 63 61 70 65 64 2C D1 79 6F 75 60 6C 6C 20 E3 26 61 20 73 74 69 66 66 65 72 CD 73 65 6E 74 65 6E 63 65 2E CD 42 65 E3 02 79 6F 75 72 73 65 6C 66 21	01:1 02:1 BC:1 CD:3 D1:1 D7:1 E3:5	63	3	1	False	confirmed-record	[TOP]...[E3]([E3][BC]you\nescape? If [E3][01]escaped,\fyou`ll [E3]&a stiffer\nsentence.\nBe[E3][02]yourself!		pending			
EN-05D22B	main-dialogue-1	0x05D22B	0x05D25E	51	D7 E3 04 E3 11 E3 D3 6D 65 CD E3 15 E3 13 69 6E 6E 6F 63 65 6E 74 2E CD 53 6F 20 6D 79 20 70 61 79 20 E3 67 62 65 20 63 75 74 2E CD E3 2C 67 6F 6F 64 2E	04:1 11:1 13:1 15:1 CD:3 D3:1 D7:1 E3:7	35	3	0	False	confirmed-record	[TOP][E3][04][E3][11][E3][D3]me\n[E3][15][E3][13]innocent.\nSo my pay [E3]gbe cut.\n[E3],good.		pending			
EN-05D282	main-dialogue-1	0x05D282	0x05D2B7	53	D7 E3 62 E3 47 6C 69 65 64 2E CD E3 1A 6E 6F 20 E3 55 73 63 69 65 6E 74 69 73 74 21 D1 49 20 E3 6A E3 4B 77 61 73 CD E3 21 70 68 6F 6E 79 CD E3 0A 68 69 6D 21	0A:1 1A:1 CD:3 D1:1 D7:1 E3:8	38	3	1	False	confirmed-record	[TOP][E3]b[E3]Glied.\n[E3][1A]no [E3]Uscientist!\fI [E3]j[E3]Kwas\n[E3]!phony\n[E3][0A]him!		pending			
EN-05D2DB	main-dialogue-1	0x05D2DB	0x05D33A	95	D7 E3 7F 6F 66 20 E3 00 65 78 70 6C 6F 73 69 6F 6E 2C CD C3 02 61 20 6C 61 72 67 65 20 68 6F 6C 65 20 6F 76 65 72 CD E3 00 63 61 76 65 20 65 6E 74 72 61 6E 63 65 CD C3 00 E3 16 74 68 65 72 65 2E D1 E3 8F E3 B6 61 62 6F 75 74 CD E3 60 74 6F 20 E3 26 69 6E 74 6F CD E3 00 63 61 76 65 2E	00:4 02:1 16:1 7F:1 8F:1 B6:1 C3:2 CD:5 D1:1 D7:1 E3:9	68	5	1	True	confirmed-record	[TOP][E3][7F]of [E3][00]explosion,\n[YELLOW]a large hole over\n[E3][00]cave entrance\n[/HIGHLIGHT][E3][16]there.\f[E3][8F][E3][B6]about\n[E3]`to [E3]&into\n[E3][00]cave.		pending			
EN-05D35C	main-dialogue-1	0x05D35C	0x05D3B6	90	D7 48 6D 6D 6D 2E 2E 2E CD E3 2A E3 1B 79 6F 75 21 D1 E3 8F 68 61 74 63 68 69 6E 67 20 61 20 70 6C 61 6E CD 74 6F 20 72 65 73 63 75 65 20 74 68 6F 73 65 20 6B 69 64 73 20 62 79 CD E3 00 72 69 76 65 72 73 69 64 65 2E 20 44 6F 6E 60 74 CD E3 26 69 6E 20 E3 00 77 61 79 21	00:2 1B:1 8F:1 CD:4 D1:1 D7:1 E3:6	74	4	1	False	confirmed-record	[TOP]Hmmm...\n[E3]*[E3][1B]you!\f[E3][8F]hatching a plan\nto rescue those kids by\n[E3][00]riverside. Don`t\n[E3]&in [E3][00]way!		pending			
EN-05D3D4	main-dialogue-1	0x05D3D4	0x05D43A	102	D7 20 E3 45 73 6F 6D 65 74 68 69 6E 67 CD 20 77 72 69 74 74 65 6E 20 6F 6E 20 E3 00 77 61 6C 6C 2E D1 C3 02 20 49 66 20 49 20 E3 16 61 20 6D 6F 75 73 65 CD 20 49 20 E3 94 72 75 6E 20 77 68 65 6E CD 20 E3 00 E3 E2 63 6F 6D 65 2E 2E 2E CD 20 E3 0D 74 6F 75 67 68 20 74 6F 20 62 65 20 68 75 6D 61 6E 2E C3 00	00:3 02:1 0D:1 16:1 94:1 C3:2 CD:4 D1:1 D7:1 E2:1 E3:7	79	4	1	True	confirmed-record	[TOP] [E3]Esomething\n written on [E3][00]wall.\f[YELLOW] If I [E3][16]a mouse\n I [E3][94]run when\n [E3][00][E3][E2]come...\n [E3][0D]tough to be human.[/HIGHLIGHT]		pending			
EN-05D594	main-dialogue-1	0x05D594	0x05D5D9	69	D7 6B 02 1D A7 D7 02 0A 86 81 6B 02 1D 4C D8 6B 02 1D 80 D8 6B D7 4D 65 65 74 69 6E 67 20 E3 00 4D 61 79 6F 72 3F CD E3 1A 69 6E 20 E3 00 72 6F 6F 6D 20 E3 71 74 68 65 CD E3 FB 69 6E 20 E3 00 62 61 63 6B 2E	00:3 02:4 0A:1 1A:1 1D:3 80:1 81:1 86:1 A7:1 CD:2 D7:3 D8:2 E3:6 FB:1	39	2	0	False	confirmed-record	[TOP]k[02][1D][A7][TOP][02][0A][86][81]k[02][1D]L[BOTTOM]k[02][1D][80][BOTTOM]k[TOP]Meeting [E3][00]Mayor?\n[E3][1A]in [E3][00]room [E3]qthe\n[E3][FB]in [E3][00]back.		pending			
EN-05D5DA	main-dialogue-1	0x05D5DA	0x05D61D	67	D7 E3 ED E3 01 E3 81 E3 00 4D 61 79 6F 72 3F CD 4E 65 78 74 20 74 6F 20 E3 5A E3 16 68 69 73 CD 4E 65 77 20 E3 89 C3 03 52 6F 73 65 C3 00 2E CD 42 65 61 75 74 69 66 75 6C 20 E3 08 62 72 61 69 6E 79 2E	00:2 01:1 03:1 08:1 16:1 81:1 89:1 C3:2 CD:3 D7:1 E3:8 ED:1	44	3	0	True	confirmed-record	[TOP][E3][ED][E3][01][E3][81][E3][00]Mayor?\nNext to [E3]Z[E3][16]his\nNew [E3][89][PINK]Rose[/HIGHLIGHT].\nBeautiful [E3][08]brainy.		pending			
EN-05D61E	main-dialogue-1	0x05D61E	0x05D68C	110	D7 E3 2A C2 00 2E CD E3 09 E3 5F E3 20 68 65 72 65 2E CD E3 5C E3 1C 73 74 69 6C 6C CD E3 74 6F 66 20 79 6F 75 2E D1 E3 36 C9 1E 73 69 6E 63 65 20 E3 01 77 65 72 65 CD 61 72 72 65 73 74 65 64 20 E3 41 E3 3C 6F 64 64 2E CD 48 65 20 77 6F 72 6B 73 20 73 6F 20 68 61 72 64 2C 20 68 65 60 73 CD E3 2D 61 20 E3 F5 70 65 72 73 6F 6E 2E	00:1 01:1 09:1 1C:1 1E:1 C2:1 C9:1 CD:6 D1:1 D7:1 E3:13 F5:1	81	6	1	False	confirmed-record	[TOP][E3]*[NAME].\n[E3][09][E3]_[E3] here.\n[E3]\[E3][1C]still\n[E3]tof you.\f[E3]6[C9][1E]since [E3][01]were\narrested [E3]A[E3]<odd.\nHe works so hard, he`s\n[E3]-a [E3][F5]person.		pending			
EN-05D68D	main-dialogue-1	0x05D68D	0x05D6B6	41	D7 55 68 6D 6D 6D 20 DC 05 2E 2E 2E 2E 2E 2E DC 00 C2 00 3F CD 43 61 6E 20 77 65 20 E3 3D E3 0C 61 20 6D 69 6E 75 74 65 3F	00:2 05:1 0C:1 C2:1 CD:1 D7:1 DC:2 E3:2	30	1	0	False	confirmed-record	[TOP]Uhmmm [DC][05]......[DC][00][NAME]?\nCan we [E3]=[E3][0C]a minute?		pending			
EN-05D6B7	main-dialogue-1	0x05D6B7	0x05D762	171	D7 E3 34 C2 00 2E CD 54 68 6F 73 65 20 E3 57 E3 01 73 61 76 65 64 CD 62 79 20 E3 00 72 69 76 65 72 2E 2E 2E CD C3 02 43 61 72 6C C3 00 20 E3 16 E3 78 6F 66 20 74 68 65 6D 3F D1 2E 2E 2E 20 E3 1A 6D 79 20 73 6F 6E 2E CD 49 20 68 6F 70 65 20 E3 03 E3 1E 62 6F 74 68 65 72 69 6E 67 CD E3 01 62 75 74 2E 2E 2E 20 48 65 20 68 61 73 6E 60 74 CD E3 20 E3 3E 79 65 74 2E D1 E3 1A E3 1E E3 00 6B 69 6E 64 CD E3 A0 E3 2B 63 6F 6D 65 CD E3 3E 65 61 73 69 6C 79 2E 2E 2E CD 2E 2E 2E 20 E3 04 70 6F 6F 72 20 63 68 69 6C 64 21	00:4 01:2 02:1 03:1 04:1 16:1 1A:2 1E:2 A0:1 C2:1 C3:2 CD:9 D1:2 D7:1 E3:19	122	9	2	True	confirmed-record	[TOP][E3]4[NAME].\nThose [E3]W[E3][01]saved\nby [E3][00]river...\n[YELLOW]Carl[/HIGHLIGHT] [E3][16][E3]xof them?\f... [E3][1A]my son.\nI hope [E3][03][E3][1E]bothering\n[E3][01]but... He hasn`t\n[E3] [E3]>yet.\f[E3][1A][E3][1E][E3][00]kind\n[E3][A0][E3]+come\n[E3]>easily...\n... [E3][04]poor child!		pending			
EN-05D763	main-dialogue-1	0x05D763	0x05D7A6	67	D7 C2 00 2C CD 69 66 20 E3 01 E3 4D 43 61 72 6C 2C CD E3 12 E3 01 E3 DC E3 5A 68 65 72 65 3F D1 E3 06 E3 02 74 6F 20 70 75 6E 69 73 68 20 68 69 6D CD E3 22 E3 1B E3 0C E3 44 6F 77 6E CD 67 6F 6F 64 2E	00:1 01:2 02:1 06:1 0C:1 12:1 1B:1 C2:1 CD:4 D1:1 D7:1 DC:1 E3:12	39	4	1	False	confirmed-record	[TOP][NAME],\nif [E3][01][E3]MCarl,\n[E3][12][E3][01][E3][DC][E3]Zhere?\f[E3][06][E3][02]to punish him\n[E3]"[E3][1B][E3][0C][E3]Down\ngood.		pending			
EN-05D7A7	main-dialogue-1	0x05D7A7	0x05D84B	164	D7 C2 00 2C CD 74 68 61 6E 6B 20 E3 01 73 6F 20 6D 75 63 68 2E CD 43 61 72 6C 20 E3 18 E3 20 62 61 63 6B 2C 20 61 6E 64 CD E3 41 E3 3C 70 75 6E 69 73 68 65 64 21 D1 57 65 20 E3 07 E3 3B E3 D2 68 69 73 CD E3 1D 69 73 2E 20 E3 1A 6A 75 73 74 CD 6C 6F 6E 65 6C 79 2E 2E 2E 20 E3 2C 77 68 79 20 68 65 CD E3 D9 74 68 6F 75 67 68 74 6C 65 73 73 2E 2E 2E D1 C2 00 2C CD E3 2B E3 01 76 69 73 69 74 CD E3 5A 6F 6E 63 65 20 69 6E 20 61 20 77 68 69 6C 65 3F CD E3 1A E3 3F 61 20 E3 5D 63 68 69 6C 64 2E	00:2 01:2 07:1 18:1 1A:2 1D:1 C2:2 CD:9 D1:2 D2:1 D7:1 D9:1 E3:18	121	9	2	False	confirmed-record	[TOP][NAME],\nthank [E3][01]so much.\nCarl [E3][18][E3] back, and\n[E3]A[E3]<punished!\fWe [E3][07][E3];[E3][WAIT]his\n[E3][1D]is. [E3][1A]just\nlonely... [E3],why he\n[E3][TOP2]thoughtless...\f[NAME],\n[E3]+[E3][01]visit\n[E3]Zonce in a while?\n[E3][1A][E3]?a [E3]]child.		pending			
EN-05D84C	main-dialogue-1	0x05D84C	0x05D87F	51	D7 E3 04 E3 27 E3 1E 68 65 72 65 2E CD E3 1A 69 6E 20 C3 02 E3 49 49 73 6C 65 C3 00 2C 20 CD E3 10 52 6F 73 65 2C 20 6F 6E 20 62 75 73 69 6E 65 73 73 2E	00:1 02:1 04:1 10:1 1A:1 1E:1 C3:2 CD:2 D7:1 E3:6	34	2	0	True	confirmed-record	[TOP][E3][04][E3]'[E3][1E]here.\n[E3][1A]in [YELLOW][E3]IIsle[/HIGHLIGHT], \n[E3][10]Rose, on business.		pending			
EN-05D880	main-dialogue-1	0x05D880	0x05D8B4	52	D7 2E 2E 2E 55 68 6D 6D 6D 2E 2E 2E CD C9 3C 49 66 20 E3 13 E3 25 74 6F CD E3 5E E3 00 4D 61 79 6F 72 2C 20 64 6F 6E 60 74 CD E3 30 E3 00 64 6F 67 2E 2E 2E	00:2 13:1 C9:1 CD:3 D7:1 E3:6	38	3	0	False	confirmed-record	[TOP]...Uhmmm...\n[C9]<If [E3][13][E3]%to\n[E3]^[E3][00]Mayor, don`t\n[E3]0[E3][00]dog...		pending			
EN-05D8B5	main-dialogue-1	0x05D8B5	0x05D8DF	42	D7 C2 00 2C 20 CD E3 01 E3 5F 67 6F 20 69 6E CD 74 68 65 72 65 2E 20 E3 5C E3 1C 73 74 69 6C 6C CD E3 74 6F 66 20 79 6F 75 2E	00:1 01:1 1C:1 C2:1 CD:3 D7:1 E3:5	29	3	0	False	confirmed-record	[TOP][NAME], \n[E3][01][E3]_go in\nthere. [E3]\[E3][1C]still\n[E3]tof you.		pending			
EN-05D8E0	main-dialogue-1	0x05D8E0	0x05D936	86	D7 C2 00 2C 20 CD E3 01 E3 5F 67 6F 20 69 6E 20 74 68 65 72 65 2E D1 DC 09 2E 2E 2E DC 00 E3 17 E3 01 6B 6E 6F 77 3F CD C9 1E E3 04 E3 11 73 61 69 64 CD E3 44 C3 02 4A 65 77 65 6C 72 79 C3 00 20 E3 16 74 61 6B 65 6E 2E CD E3 0B E3 00 73 75 73 70 65 63 74 2E	00:4 01:2 02:1 04:1 09:1 0B:1 11:1 16:1 17:1 1E:1 C2:1 C3:2 C9:1 CD:4 D1:1 D7:1 DC:2 E3:10	50	4	1	True	confirmed-record	[TOP][NAME], \n[E3][01][E3]_go in there.\f[DC][09]...[DC][00][E3][17][E3][01]know?\n[C9][1E][E3][04][E3][11]said\n[E3]D[YELLOW]Jewelry[/HIGHLIGHT] [E3][16]taken.\n[E3][0B][E3][00]suspect.		pending			
EN-05D937	main-dialogue-1	0x05D937	0x05D949	18	D7 E3 33 6D 6F 75 73 65 2C 20 E3 07 67 6F 20 69 6E 2E	07:1 D7:1 E3:2	14	0	0	False	confirmed-record	[TOP][E3]3mouse, [E3][07]go in.		pending			
EN-05D94A	main-dialogue-1	0x05D94A	0x05D967	29	D7 E3 BA 6D 6F 75 73 65 2C 20 79 6F 75 CD E3 0F 62 65 20 69 6E 20 68 65 72 65 2E 2E 2E	0F:1 BA:1 CD:1 D7:1 E3:2	23	1	0	False	confirmed-record	[TOP][E3][BA]mouse, you\n[E3][0F]be in here...		pending			
EN-05D968	main-dialogue-1	0x05D968	0x05D9AA	66	D7 E3 A9 73 61 79 20 E3 15 E3 11 77 61 73 CD 61 20 66 61 6B 65 2C 20 E3 22 68 65 20 E3 16 61 20 6E 69 63 65 CD 6D 61 6E 2C 20 E3 08 E3 BC E3 44 73 68 61 72 65 CD 6F 66 20 E3 00 77 6F 72 6B 2E 2E 2E	00:1 08:1 11:1 15:1 16:1 A9:1 BC:1 CD:3 D7:1 E3:9	46	3	0	False	confirmed-record	[TOP][E3][A9]say [E3][15][E3][11]was\na fake, [E3]"he [E3][16]a nice\nman, [E3][08][E3][BC][E3]Dshare\nof [E3][00]work...		pending			
EN-05DA90	main-dialogue-1	0x05DA90	0x05DB8F	255	D7 E0 04 49 20 E3 58 E3 01 E3 63 61 72 72 65 73 74 65 64 CD 6F 6E 20 73 75 73 70 69 63 69 6F 6E 20 6F 66 20 73 74 65 61 6C 69 6E 67 CD E3 00 E3 27 4A 65 77 65 6C 72 79 2E D1 49 20 6B 6E 6F 77 2E CD E3 0B E3 82 6F 66 20 67 6F 6F 66 79 2C CD E3 01 E3 2B 6E 65 76 65 72 20 73 74 65 61 6C 2E CD E3 0D 61 20 70 6C 6F 74 20 E3 BB 79 6F 75 2E D1 E3 04 E3 27 61 63 74 69 6E 67 CD 73 74 72 61 6E 67 65 2E 20 48 61 76 65 20 E3 01 68 65 61 72 64 CD E3 00 72 75 6D 6F 72 73 3F D1 E3 03 E3 AB 74 68 65 72 65 60 73 CD E3 21 74 6F 20 74 68 65 6D 2E D1 4E 6F 20 E3 E0 68 6F 77 20 6D E3 BE 74 69 6D 65 73 CD 49 20 E3 5E 68 69 6D 2C 20 68 65 20 77 6F 6E 60 74 CD 6C 65 74 20 6F 6E 20 E3 23 E3 41 64 6F 69 6E 67 73 2E CD 41 68 2C 20 E3 1B 73 6F 20 66 72 75 73 74 72 61 74 69 6E 67 21	00:2 01:3 03:1 04:2 0B:1 0D:1 1B:1 68:1 82:1 AB:1 BB:1 BE:1 CD:11 D1:4 D7:1 E0:2 E3:24	197	11	4	False	confirmed-record	[TOP][SPEAKER:04]I [E3]X[E3][01][E3]carrested\non suspicion of stealing\n[E3][00][E3]'Jewelry.\fI know.\n[E3][0B][E3][82]of goofy,\n[E3][01][E3]+never steal.\n[E3][0D]a plot [E3][BB]you.\f[E3][04][E3]'acting\nstrange. Have [E3][01]heard\n[E3][00]rumors?\f[E3][03][E3][AB]there`s\n[E3]!to them.\fNo [E3][SPEAKER:68]ow m[E3][BE]times\nI [E3]^him, he won`t\nlet on [E3]#[E3]Adoings.\nAh, [E3][1B]so frustrating!		pending			
EN-05DB90	main-dialogue-1	0x05DB90	0x05DBCA	58	D7 E0 04 E3 04 E3 11 E3 08 79 6F 75 2E 2E 2E CD 49 20 73 6D 65 6C 6C 20 61 20 72 61 74 2E 20 43 E3 71 69 74 CD 61 20 6A 6F 75 72 6E 61 6C 69 73 74 60 73 20 68 75 6E 63 68 2E	04:2 08:1 11:1 CD:2 D7:1 E0:1 E3:4	46	2	0	False	confirmed-record	[TOP][SPEAKER:04][E3][04][E3][11][E3][08]you...\nI smell a rat. C[E3]qit\na journalist`s hunch.		pending			
EN-05DBCB	main-dialogue-1	0x05DBCB	0x05DC44	121	D7 E0 04 DC 01 2E 2E 2E 57 68 61 74 3F C9 1E 20 E3 04 67 75 79 20 69 6E 20 74 68 65 CD E3 27 6F 66 66 69 63 65 CD 69 73 20 61 20 66 61 6B 65 21 3F D1 DC 00 48 6D 6D 6D 2E 2E 2E C9 1E 20 E3 5B 61 73 CD 49 20 73 75 73 70 65 63 74 65 64 21 CD E3 06 69 6E 76 65 73 74 69 67 61 74 65 20 66 75 72 74 68 65 72 2C CD 74 68 65 6E 20 E3 06 65 78 70 6F 73 65 20 68 69 6D 21	00:1 01:1 04:2 06:2 1E:2 C9:2 CD:5 D1:1 D7:1 DC:2 E0:1 E3:5	96	5	1	False	confirmed-record	[TOP][SPEAKER:04][DC][01]...What?[C9][1E] [E3][04]guy in the\n[E3]'office\nis a fake!?\f[DC][00]Hmmm...[C9][1E] [E3][as\nI suspected!\n[E3][06]investigate further,\nthen [E3][06]expose him!		pending			
EN-05DC74	main-dialogue-1	0x05DC74	0x05DC9F	43	D7 E0 04 E3 48 E3 4E 62 65 20 E3 3A 77 61 79 CD 74 6F 20 74 65 6C 6C 2E 2E 2E CD 57 65 6C 6C 2C C9 1E 20 E3 BE 69 64 65 61 73 3F	04:1 1E:1 BE:1 C9:1 CD:2 D7:1 E0:1 E3:4	31	2	0	False	confirmed-record	[TOP][SPEAKER:04][E3]H[E3]Nbe [E3]:way\nto tell...\nWell,[C9][1E] [E3][BE]ideas?		pending			
EN-05DCA0	main-dialogue-1	0x05DCA0	0x05DD12	114	D7 E0 04 DC 09 2E 2E 2E 2E 2E 2E C9 3C DC 01 47 6F 74 20 69 74 21 CD C9 1E E3 04 E3 11 68 61 74 65 73 20 64 6F 67 73 2E CD E3 E5 E3 D5 74 68 61 74 21 D1 DC 00 53 6F 2C 20 C2 00 20 E3 DC 74 68 65 CD E3 BD 74 6F 20 E3 44 6F 66 66 69 63 65 2E CD E3 06 67 6F 20 66 69 72 73 74 2C 20 E3 08 61 73 6B CD E3 0C 61 6E 20 69 6E 74 65 72 76 69 65 77 21	00:2 01:1 04:2 06:1 08:1 09:1 0C:1 11:1 1E:1 BD:1 C2:1 C9:2 CD:5 D1:1 D5:1 D7:1 DC:4 E0:1 E3:10 E5:1	75	5	1	False	confirmed-record	[TOP][SPEAKER:04][DC][09]......[C9]<[DC][01]Got it!\n[C9][1E][E3][04][E3][11]hates dogs.\n[E3][E5][E3][D5]that!\f[DC][00]So, [NAME] [E3][DC]the\n[E3][BD]to [E3]Doffice.\n[E3][06]go first, [E3][08]ask\n[E3][0C]an interview!		pending			
EN-05DD3A	main-dialogue-1	0x05DD3A	0x05DD5E	36	D7 E3 31 6B 69 64 2E CD 4F 6E 6C 79 20 65 6D 70 6C 6F 79 65 65 73 20 70 61 73 74 CD E3 0E 70 6F 69 6E 74 2E	0E:1 CD:2 D7:1 E3:2	30	2	0	False	confirmed-record	[TOP][E3]1kid.\nOnly employees past\n[E3][0E]point.		pending			
EN-05DD86	main-dialogue-1	0x05DD86	0x05DE08	130	D7 E3 04 E3 11 64 6F 65 73 6E 60 74 20 64 6F 20 61 6E 79 CD 77 6F 72 6B 20 61 74 20 61 6C 6C 2E 20 E3 1A 66 69 72 65 64 CD 65 E3 96 73 74 61 66 66 20 6D 65 6D 62 65 72 20 77 68 6F 60 73 CD E3 A8 E3 B2 E3 0A 69 74 21 D1 4E 6F 20 E3 E0 77 68 61 74 2C 20 68 69 73 CD E3 7A C3 03 52 6F 73 65 C3 00 2C 20 64 6F 65 73 CD 65 76 65 72 79 74 68 69 6E 67 2E CD E3 03 73 6F 20 61 73 68 61 6D 65 64 21	00:1 03:2 04:1 0A:1 11:1 1A:1 77:1 96:1 A8:1 B2:1 C3:2 CD:6 D1:1 D7:1 E0:1 E3:10	98	6	1	True	confirmed-record	[TOP][E3][04][E3][11]doesn`t do any\nwork at all. [E3][1A]fired\ne[E3][96]staff member who`s\n[E3][A8][E3][B2][E3][0A]it!\fNo [E3][SPEAKER:77]hat, his\n[E3]z[PINK]Rose[/HIGHLIGHT], does\neverything.\n[E3][03]so ashamed!		pending			
EN-05DE7A	main-dialogue-1	0x05DE7A	0x05DEB2	56	D7 E0 0B E3 04 E3 11 69 73 20 61 20 62 75 73 79 20 6D 61 6E 2E CD 49 66 20 E3 01 E3 29 74 6F 20 74 61 6C 6B CD 74 6F 20 68 69 6D 2C 20 E3 DA 69 74 20 73 68 6F 72 74 2E	01:1 04:1 0B:1 11:1 CD:2 D7:1 DA:1 E0:1 E3:5	42	2	0	False	confirmed-record	[TOP][SPEAKER:0B][E3][04][E3][11]is a busy man.\nIf [E3][01][E3])to talk\nto him, [E3][DA]it short.		pending			
EN-05DEB3	main-dialogue-1	0x05DEB3	0x05DEE4	49	D7 E0 0B E3 17 62 65 20 6E 61 75 67 68 74 79 2E CD E3 04 E3 11 68 61 74 65 73 20 64 6F 67 73 2C CD 70 75 74 20 E3 00 E3 BD 6F 75 74 73 69 64 65 2E	00:1 04:1 0B:1 11:1 17:1 BD:1 CD:2 D7:1 E0:1 E3:5	34	2	0	False	confirmed-record	[TOP][SPEAKER:0B][E3][17]be naughty.\n[E3][04][E3][11]hates dogs,\nput [E3][00][E3][BD]outside.		pending			
EN-05DEE5	main-dialogue-1	0x05DEE5	0x05DF0B	38	D7 E0 0B E3 09 61 67 61 69 6E 3F CD E3 17 62 6F 74 E3 F6 E3 E7 77 68 65 6E CD E3 68 E3 60 74 6F 20 77 6F 72 6B 2E	09:1 0B:1 17:1 CD:2 D7:1 E0:1 E3:6 E7:1 F6:1	23	2	0	False	confirmed-record	[TOP][SPEAKER:0B][E3][09]again?\n[E3][17]bot[E3][F6][E3][E7]when\n[E3]h[E3]`to work.		pending			
EN-05DF0C	main-dialogue-1	0x05DF0C	0x05DF37	43	D7 E0 0B E3 19 E3 02 E3 01 E3 3C 64 6F 69 6E 67 3F CD C9 1E 4F 68 2E 2E 2E CD C9 1E E3 2C 67 72 65 61 74 2C 20 C9 1E 6B 69 64 2E	01:1 02:1 0B:1 19:1 1E:3 C9:3 CD:2 D7:1 E0:1 E3:5	24	2	0	False	confirmed-record	[TOP][SPEAKER:0B][E3][19][E3][02][E3][01][E3]<doing?\n[C9][1E]Oh...\n[C9][1E][E3],great, [C9][1E]kid.		pending			
EN-05DF38	main-dialogue-1	0x05DF38	0x05DF58	32	D7 E0 0B 48 6D 6D 6D 2E 2E 2E 20 41 20 67 6F 6F 66 79 2D 66 61 63 65 64 CD E3 39 6D 6F 75 73 65	0B:1 CD:1 D7:1 E0:1 E3:1	27	1	0	False	confirmed-record	[TOP][SPEAKER:0B]Hmmm... A goofy-faced\n[E3]9mouse		pending			
EN-05E440	main-dialogue-1	0x05E440	0x05E4AF	111	D7 E0 09 E3 19 69 73 20 69 74 2C 20 6B 69 64 3F CD C9 1E 45 69 6E 73 74 3F CD C9 1E 49 20 E3 07 E3 3B 68 69 6D 21 D1 49 20 70 61 69 64 20 E3 5A 61 20 68 69 67 68 20 73 61 6C 61 72 79 2C CD E3 22 68 65 20 E3 F0 77 6F 72 6B 21 CD C9 1E 49 20 E3 16 E3 BB 72 65 6C 79 69 6E 67 20 6F 6E CD E3 5A E3 1F E3 00 62 65 67 69 6E 6E 69 6E 67 21	00:1 07:1 09:1 16:1 19:1 1E:3 1F:1 BB:1 C9:3 CD:5 D1:1 D7:1 E0:1 E3:11 F0:1	78	5	1	False	confirmed-record	[TOP][SPEAKER:09][E3][19]is it, kid?\n[C9][1E]Einst?\n[C9][1E]I [E3][07][E3];him!\fI paid [E3]Za high salary,\n[E3]"he [E3][F0]work!\n[C9][1E]I [E3][16][E3][BB]relying on\n[E3]Z[E3][1F][E3][00]beginning!		pending			
EN-05E4E6	main-dialogue-1	0x05E4E6	0x05E517	49	D7 E0 09 2E 2E 2E E3 2E 41 20 E3 90 69 6E 20 61 CD E3 93 E3 2D 74 68 69 73 3F 20 4D 79 20 69 6D 61 67 65 CD 69 73 20 64 65 73 74 72 6F 79 65 64 21	09:1 90:1 93:1 CD:2 D7:1 E0:1 E3:4	38	2	0	False	confirmed-record	[TOP][SPEAKER:09]...[E3].A [E3][90]in a\n[E3][93][E3]-this? My image\nis destroyed!		pending			
EN-05E518	main-dialogue-1	0x05E518	0x05E54C	52	D7 E0 09 E3 2E E3 CE 69 73 20 52 6F 73 65 3F CD 49 20 E3 07 6B 6E 6F 77 21 20 53 68 65 CD 64 69 73 61 70 70 65 61 72 65 64 20 73 6F 6D 65 77 68 65 72 65 21	07:1 09:1 CD:2 CE:1 D7:1 E0:1 E3:3	42	2	0	False	confirmed-record	[TOP][SPEAKER:09][E3].[E3][CE]is Rose?\nI [E3][07]know! She\ndisappeared somewhere!		pending			
EN-05E54D	main-dialogue-1	0x05E54D	0x05E58C	63	D7 E0 09 E3 28 61 20 77 6F 6D 61 6E 20 6C 69 6B 65 73 20 61 CD 6D 61 6E 2C 20 69 74 20 E3 14 62 65 20 61 20 73 63 61 72 79 CD 74 68 69 6E 67 21 20 52 65 6D 65 6D 62 65 72 20 74 68 61 74 21	09:1 14:1 CD:2 D7:1 E0:1 E3:2	55	2	0	False	confirmed-record	[TOP][SPEAKER:09][E3](a woman likes a\nman, it [E3][14]be a scary\nthing! Remember that!		pending			
EN-05E60B	main-dialogue-1	0x05E60B	0x05E652	71	D7 E0 09 E3 2A E3 1B 79 6F 75 2E CD 53 74 6F 6E 65 3F C9 1E 20 E3 19 73 74 6F 6E 65 3F D1 4C 69 73 74 65 6E 2C 20 E3 03 62 75 73 79 2E CD 49 66 20 E3 01 E3 02 62 75 73 69 6E 65 73 73 2C CD E3 20 61 67 61 69 6E 2E	01:1 02:1 03:1 09:1 19:1 1B:1 1E:1 C9:1 CD:3 D1:1 D7:1 E0:1 E3:7	50	3	1	False	confirmed-record	[TOP][SPEAKER:09][E3]*[E3][1B]you.\nStone?[C9][1E] [E3][19]stone?\fListen, [E3][03]busy.\nIf [E3][01][E3][02]business,\n[E3] again.		pending			
EN-05E653	main-dialogue-1	0x05E653	0x05E693	64	D7 E0 09 E3 03 62 75 73 79 20 74 6F 6F 2C 20 E3 22 69 66 20 69 74 60 73 CD 61 6E 20 69 6E 76 65 73 74 69 67 61 74 69 6F 6E 2E 2E 2E CD C9 1E E3 19 64 6F 20 E3 01 E3 29 74 6F 20 6B 6E 6F 77 3F	01:1 03:1 09:1 19:1 1E:1 C9:1 CD:2 D7:1 E0:1 E3:5	49	2	0	False	confirmed-record	[TOP][SPEAKER:09][E3][03]busy too, [E3]"if it`s\nan investigation...\n[C9][1E][E3][19]do [E3][01][E3])to know?		pending			
EN-05E694	main-dialogue-1	0x05E694	0x05E83D	425	D7 E0 09 57 65 6C 6C 2C D1 E3 23 61 20 63 75 74 65 20 64 6F 67 2E CD E3 36 E3 01 E3 5F 62 72 69 6E 67 CD 61 20 E3 BD 69 6E 20 E3 D2 70 65 6F 70 6C 65 CD E3 1C E3 60 74 6F 20 77 6F 72 6B 2E D1 E0 04 57 61 2D 61 2D 61 2D 69 74 21 CD C9 3C 4D 61 79 6F 72 21 20 E3 28 E3 BC E3 01 67 65 74 CD E3 C3 68 61 74 69 6E 67 20 64 6F 67 73 3F 21 D1 42 65 66 6F 72 65 2C 20 69 66 20 E3 01 E3 63 65 76 65 6E CD 63 6C 6F 73 65 20 74 6F 20 61 20 64 6F 67 2C 20 E3 01 77 6F 75 6C 64 CD 6C 65 74 20 E3 4A 61 20 73 68 72 69 65 6B 21 20 53 6F CD 77 68 61 74 60 73 20 E3 25 6F 6E 20 6E 6F 77 3F 21 D1 E0 09 57 65 6C 6C 2E 2E 2E 20 C9 1E 49 2E 2E 2E 20 C9 1E 55 68 6D 6D 6D 2E 2E 2E CD DC 09 53 65 65 2E 2E 2E D1 2E 2E 2E 2E 2E 2E DC 01 48 6D 6D 6D 2E 2E 2E CD DC 00 49 20 67 75 65 73 73 20 49 20 E3 8E 61 73 20 77 65 6C 6C CD E3 20 63 6C 65 61 6E 2E 20 E3 03 6E 6F 74 CD E3 3F E3 00 4D 61 79 6F 72 2E D1 E3 03 61 63 74 75 61 6C 6C 79 20 CD C3 03 E3 38 56 69 63 65 2D 43 6F 6D 6D 61 6E 64 65 72 CD E3 08 52 6F 73 65 60 73 20 62 69 67 67 65 73 74 20 66 61 6E C3 00 21 D1 53 69 6E 63 65 20 E3 01 E3 3B E3 A0 49 CD 61 6D 2C 20 E3 03 61 66 72 61 69 64 20 49 20 63 61 6E 60 74 CD 6C 65 74 20 E3 01 67 6F 2E D1 CD E3 06 E3 30 E3 05 6C 69 66 65 2C CD 69 6E 20 E3 00 6E 61 6D 65 20 6F 66 20 52 6F 73 65 21	00:4 01:7 03:4 04:1 05:1 06:1 08:1 09:3 1C:1 1E:2 68:1 8E:1 A0:1 BC:1 BD:1 C3:3 C9:3 CD:18 D1:8 D2:1 D7:1 DC:3 E0:3 E3:34	321	18	8	True	confirmed-record	[TOP][SPEAKER:09]Well,\f[E3]#a cute dog.\n[E3]6[E3][01][E3]_bring\na [E3][BD]in [E3][WAIT]people\n[E3][1C][E3]`to work.\f[SPEAKER:04]Wa-a-a-it!\n[C9]<Mayor! [E3]([E3][BC][E3][01]get\n[E3][C3:68]ating dogs?!\fBefore, if [E3][01][E3]ceven\nclose to a dog, [E3][01]would\nlet [E3]Ja shriek! So\nwhat`s [E3]%on now?!\f[SPEAKER:09]Well... [C9][1E]I... [C9][1E]Uhmmm...\n[DC][09]See...\f......[DC][01]Hmmm...\n[DC][00]I guess I [E3][8E]as well\n[E3] clean. [E3][03]not\n[E3]?[E3][00]Mayor.\f[E3][03]actually \n[PINK][E3]8Vice-Commander\n[E3][08]Rose`s biggest fan[/HIGHLIGHT]!\fSince [E3][01][E3];[E3][A0]I\nam, [E3][03]afraid I can`t\nlet [E3][01]go.\f\n[E3][06][E3]0[E3][05]life,\nin [E3][00]name of Rose!		pending			
EN-05E83E	main-dialogue-1	0x05E83E	0x05E885	71	D7 E0 09 49 66 20 79 6F 75 60 64 20 67 E3 78 71 75 69 65 74 6C 79 CD 49 60 64 20 E3 02 6C 65 74 20 E3 01 67 6F 2E 2E 2E D1 41 73 20 E3 01 77 69 73 68 2E 20 E3 24 69 73 CD E3 05 6C 61 73 74 20 62 72 65 61 74 68 21	01:2 02:1 05:1 09:1 CD:2 D1:1 D7:1 E0:1 E3:6	55	2	1	False	confirmed-record	[TOP][SPEAKER:09]If you`d g[E3]xquietly\nI`d [E3][02]let [E3][01]go...\fAs [E3][01]wish. [E3]$is\n[E3][05]last breath!		pending			
EN-05E8E5	main-dialogue-1	0x05E8E5	0x05E930	75	D7 C3 02 E3 27 53 63 68 65 64 75 6C 65 20 54 6F 64 61 79 CD 20 41 4D 3A 20 42 72 65 61 6B 66 61 73 74 20 E3 10 52 6F 73 65 CD 20 4C 75 6E 63 68 3A 20 47 6F 6C 66 CD 20 50 4D 3A 20 47 75 65 73 74 20 61 74 20 63 6C 75 62 C3 00	00:1 02:1 10:1 C3:2 CD:3 D7:1 E3:2	64	3	0	True	confirmed-record	[TOP][YELLOW][E3]'Schedule Today\n AM: Breakfast [E3][10]Rose\n Lunch: Golf\n PM: Guest at club[/HIGHLIGHT]		pending			
EN-05E931	main-dialogue-1	0x05E931	0x05E997	102	D7 C3 02 CD 20 E3 27 53 63 68 65 64 75 6C 65 20 54 6F 64 61 79 D1 41 4D 20 20 20 20 3A 20 E3 9B 53 6F 63 69 61 6C CD 20 20 20 20 20 20 20 20 4D 65 65 74 69 6E 67 CD 4C 75 6E 63 68 20 3A 20 44 65 76 65 6C 6F 70 6D 65 6E 74 20 43 6F 6E 66 2E CD 50 4D 20 20 20 20 3A 20 4D 75 66 75 66 75 20 43 6C 75 62 C3 00	00:1 02:1 9B:1 C3:2 CD:4 D1:1 D7:1 E3:2	89	4	1	True	confirmed-record	[TOP][YELLOW]\n [E3]'Schedule Today\fAM    : [E3][9B]Social\n        Meeting\nLunch : Development Conf.\nPM    : Mufufu Club[/HIGHLIGHT]		pending			
EN-05E998	main-dialogue-1	0x05E998	0x05E9C7	47	D7 20 C2 00 20 E3 2F E3 00 C3 02 4B 65 79 C3 00 21 CD CC D7 20 C2 00 20 E3 2F E3 00 C3 02 4B 65 79 C3 00 21 CD 20 E3 40 E3 4C 66 75 6C 6C 2E	00:6 02:2 C2:2 C3:4 CC:1 CD:2 D7:2 E3:6	22	2	0	True	confirmed-record	[TOP] [NAME] [E3]/[E3][00][YELLOW]Key[/HIGHLIGHT]!\n[CC][TOP] [NAME] [E3]/[E3][00][YELLOW]Key[/HIGHLIGHT]!\n [E3]@[E3]Lfull.		pending			
EN-05E9DB	main-dialogue-1	0x05E9DB	0x05EACC	241	D7 E9 02 28 14 15 14 19 02 51 02 98 02 52 80 EC 02 0B 1E 80 FA E9 02 1D FF E9 02 0A 1E 80 6B 02 1D CD EA 6B D7 E0 05 59 65 73 2C 20 D1 C9 1E E3 03 E3 00 67 72 65 61 74 65 73 74 20 69 6E 76 65 6E 74 6F 72 CD 69 6E 20 E3 00 77 6F 72 6C 64 2E CD C3 02 44 72 2E 45 69 6E 73 74 C3 00 2C 20 61 74 20 E3 05 73 65 72 76 69 63 65 21 D1 E3 0B 61 6E 20 E3 E4 74 6F 6F 3F CD 4F 75 72 20 61 67 65 20 E3 08 69 6E 74 65 72 65 73 74 73 CD E3 1C 73 6F 20 64 69 66 66 65 72 65 6E 74 2C 20 77 65 CD E3 0F 65 76 65 6E 20 74 61 6C 6B 2E D1 E3 09 E3 29 6D 65 20 74 6F 20 74 65 61 63 68 20 79 6F 75 3F CD C9 14 E3 2C 70 6F 69 6E 74 6C 65 73 73 2E 20 54 68 65 72 65 60 73 CD E3 66 49 20 E3 14 74 65 61 63 68 CD 61 20 6B 69 64 20 E3 2D 79 6F 75 2E	00:3 02:9 03:1 05:2 08:1 09:1 0A:1 0B:2 0F:1 14:4 15:1 19:1 1C:1 1D:2 1E:3 80:3 98:1 C3:2 C9:2 CD:9 D1:3 D7:2 E0:1 E3:15 E4:1 E9:3 EA:1 EC:1 FA:1 FF:1	162	9	3	True	confirmed-record	[TOP][E9][02]([14][15][14][19][02]Q[02][98][02]R[80][EC][02][0B][1E][80][FA][E9][02][1D][FF][E9][02][0A][1E][80]k[02][1D]\n[EA]k[TOP][SPEAKER:05]Yes, \f[C9][1E][E3][03][E3][00]greatest inventor\nin [E3][00]world.\n[YELLOW]Dr.Einst[/HIGHLIGHT], at [E3][05]service!\f[E3][0B]an [E3][E4]too?\nOur age [E3][08]interests\n[E3][1C]so different, we\n[E3][0F]even talk.\f[E3][09][E3])me to teach you?\n[C9][14][E3],pointless. There`s\n[E3]fI [E3][14]teach\na kid [E3]-you.		pending			
EN-05EACD	main-dialogue-1	0x05EACD	0x05EAFE	49	D7 E0 05 E3 40 E3 87 69 73 20 61 CD 77 61 73 74 65 20 6F 66 20 6D 61 74 65 72 69 61 6C 73 2E CD 49 20 E3 02 61 20 62 65 74 74 65 72 20 77 61 79 2E	02:1 05:1 87:1 CD:2 D7:1 E0:1 E3:3	39	2	0	False	confirmed-record	[TOP][SPEAKER:05][E3]@[E3][87]is a\nwaste of materials.\nI [E3][02]a better way.		pending			
EN-05EB7C	main-dialogue-1	0x05EB7C	0x05EBDC	96	D7 E0 04 C2 00 2C 20 72 65 61 64 79 3F CD E3 8C E3 30 E3 00 E3 BD 69 6E CD E3 08 E3 3D 74 6F 20 E3 00 4D 61 79 6F 72 2E D1 49 66 20 E3 41 E3 00 E3 CD 4D 61 79 6F 72 CD 68 65 60 6C 6C 20 E3 42 71 75 69 74 65 CD 61 20 66 75 73 73 20 E3 43 E3 00 64 6F 67 CD 63 6F 6D 65 73 20 6E 65 61 72 21	00:5 04:1 08:1 8C:1 BD:1 C2:1 CD:6 D1:1 D7:1 E0:1 E3:13	64	6	1	False	confirmed-record	[TOP][SPEAKER:04][NAME], ready?\n[E3][8C][E3]0[E3][00][E3][BD]in\n[E3][08][E3]=to [E3][00]Mayor.\fIf [E3]A[E3][00][E3]\nMayor\nhe`ll [E3]Bquite\na fuss [E3]C[E3][00]dog\ncomes near!		pending			
EN-05EBDD	main-dialogue-1	0x05EBDD	0x05EC04	39	D7 E0 04 E3 51 77 72 6F 6E 67 3F 21 CD E3 6B E3 01 63 68 69 63 6B 65 6E 3F 21 CD 47 6F 20 E3 0C 69 74 2C 20 C2 00 21	00:1 01:1 04:1 0C:1 C2:1 CD:2 D7:1 E0:1 E3:4	26	2	0	False	confirmed-record	[TOP][SPEAKER:04][E3]Qwrong?!\n[E3]k[E3][01]chicken?!\nGo [E3][0C]it, [NAME]!		pending			
EN-05EC05	main-dialogue-1	0x05EC05	0x05EC32	45	D7 E0 04 57 61 69 74 2E 2E 2E 20 57 68 61 74 60 73 CD E3 9F 74 6F 20 E3 00 64 6F 67 3F 21 CD E3 17 E3 4F 6D 65 20 E3 41 67 6F 6E 65 21	00:1 04:1 17:1 9F:1 CD:2 D7:1 E0:1 E3:5	32	2	0	False	confirmed-record	[TOP][SPEAKER:04]Wait... What`s\n[E3][9F]to [E3][00]dog?!\n[E3][17][E3]Ome [E3]Agone!		pending			
EN-05EC6B	main-dialogue-1	0x05EC6B	0x05ECA0	53	D7 57 68 61 2E 2E 2E E3 51 61 20 6D 6F 75 73 65 CD 64 6F 69 6E 67 20 68 65 72 65 21 21 CD E3 24 69 73 20 69 6D 70 6F 72 74 61 6E 74 2C CD E3 26 6F 75 74 21 21	CD:3 D7:1 E3:3	46	3	0	False	confirmed-record	[TOP]Wha...[E3]Qa mouse\ndoing here!!\n[E3]$is important,\n[E3]&out!!		pending			
EN-05ECEB	main-dialogue-1	0x05ECEB	0x05ED13	40	D7 20 C2 00 20 E3 18 E3 2F 74 68 65 CD C3 02 20 4F 6C 64 20 41 6C 62 75 6D C3 00 20 69 6E 20 E3 00 64 72 61 77 65 72 2E	00:3 02:1 18:1 C2:1 C3:2 CD:1 D7:1 E3:3	27	1	0	True	confirmed-record	[TOP] [NAME] [E3][18][E3]/the\n[YELLOW] Old Album[/HIGHLIGHT] in [E3][00]drawer.		pending			
EN-05EF09	main-dialogue-1	0x05EF09	0x05EF86	125	D7 E0 07 E3 2A E3 1B 79 6F 75 2E D1 C9 1E E3 7F 6F 66 20 E3 01 6D 79 CD E3 61 E3 A8 49 20 E3 0F 70 6C 61 79 CD 6F 75 74 73 69 64 65 20 61 6E 79 6D 6F 72 65 2E 2E 2E D1 49 20 68 61 74 65 20 62 65 69 6E 67 20 63 6F 6F 70 65 64 20 75 70 CD 69 6E 73 69 64 65 20 E3 71 E3 00 74 69 6D 65 2E CD C9 14 E3 03 74 68 69 6E 6B 69 6E 67 20 6F 66 CD 73 6E 65 61 6B 69 6E 67 20 6F 75 74 2E	00:1 01:1 03:1 07:1 0F:1 14:1 1B:1 1E:1 7F:1 A8:1 C9:2 CD:5 D1:2 D7:1 E0:1 E3:10	94	5	2	False	confirmed-record	[TOP][SPEAKER:07][E3]*[E3][1B]you.\f[C9][1E][E3][7F]of [E3][01]my\n[E3]a[E3][A8]I [E3][0F]play\noutside anymore...\fI hate being cooped up\ninside [E3]q[E3][00]time.\n[C9][14][E3][03]thinking of\nsneaking out.		pending			
EN-05EF87	main-dialogue-1	0x05EF87	0x05EFFE	119	D7 E0 07 E3 2A E3 1B 79 6F 75 2E CD E3 53 E3 6C 6E 6F 20 E3 54 74 6F CD 70 6C 61 79 2C 20 E3 03 73 74 75 64 79 69 6E 67 2E D1 4D 79 20 E3 AF 63 6F 6D 69 6E 67 20 62 61 63 6B CD 73 6F 6F 6E 2E 20 42 79 20 74 68 65 6E 20 E3 06 E3 26 61 CD 70 65 72 66 65 63 74 20 73 63 6F 72 65 20 6F 6E 20 6D 79 20 74 65 73 74 2C CD E3 08 69 6D 70 72 65 73 73 20 68 69 6D 21	03:1 06:1 07:1 08:1 1B:1 AF:1 CD:5 D1:1 D7:1 E0:1 E3:10	95	5	1	False	confirmed-record	[TOP][SPEAKER:07][E3]*[E3][1B]you.\n[E3]S[E3]lno [E3]Tto\nplay, [E3][03]studying.\fMy [E3][AF]coming back\nsoon. By then [E3][06][E3]&a\nperfect score on my test,\n[E3][08]impress him!		pending			
EN-05EFFF	main-dialogue-1	0x05EFFF	0x05F067	104	D7 E0 07 E3 19 69 73 20 69 74 3F CD DC 09 2E 2E 2E DC 00 E3 2E E3 09 6D 65 74 20 6D 79 20 66 61 74 68 65 72 3F CD E3 17 70 6C 61 79 20 67 61 6D 65 73 20 E3 10 6D 65 2E D1 4D 79 20 E3 1D E3 D6 6D 79 CD E3 61 E3 08 6D 65 20 61 20 6C 6F 6E 67 CD E3 54 61 67 6F 2E 20 E3 19 61 72 65 CD E3 01 E3 B6 61 62 6F 75 74 21	00:1 01:1 07:1 08:1 09:2 10:1 17:1 19:2 1D:1 B6:1 CD:5 D1:1 D6:1 D7:1 DC:2 E0:1 E3:13	68	5	1	False	confirmed-record	[TOP][SPEAKER:07][E3][19]is it?\n[DC][09]...[DC][00][E3].[E3][09]met my father?\n[E3][17]play games [E3][10]me.\fMy [E3][1D][E3][D6]my\n[E3]a[E3][08]me a long\n[E3]Tago. [E3][19]are\n[E3][01][E3][B6]about!		pending			
EN-05F068	main-dialogue-1	0x05F068	0x05F0FB	147	D7 E0 07 2E 2E 2E 20 57 68 61 74 3F CD 41 20 6C 65 74 74 65 72 20 E3 1F 6D 79 20 66 61 74 68 65 72 3F CD DC 09 2E 2E 2E 20 53 68 2E 2E DC 00 53 68 6F 77 20 69 74 20 74 6F 20 6D 65 2E D1 20 C2 00 20 67 61 76 65 20 E3 00 C3 02 4C 65 74 74 65 72 CD C3 00 20 74 6F 20 43 61 72 6C 21 D1 DC 09 2E 2E 2E 2E 2E 2E 2E 2E 2E DC 00 57 68 65 77 2E CD 4B 69 64 6E 61 70 70 65 64 20 6F 72 20 6E 6F 74 CD 68 65 20 E3 35 64 69 73 61 70 70 65 61 72 65 64 21	00:5 02:1 07:1 09:2 1F:1 C2:1 C3:2 CD:5 D1:2 D7:1 DC:4 E0:1 E3:3	118	5	2	True	confirmed-record	[TOP][SPEAKER:07]... What?\nA letter [E3][1F]my father?\n[DC][09]... Sh..[DC][00]Show it to me.\f [NAME] gave [E3][00][YELLOW]Letter\n[/HIGHLIGHT] to Carl!\f[DC][09].........[DC][00]Whew.\nKidnapped or not\nhe [E3]5disappeared!		pending			
EN-05F0FC	main-dialogue-1	0x05F0FC	0x05F138	60	D7 E0 07 E3 09 E3 7E E3 3E 6A 75 73 74 CD 74 6F 20 E3 37 6D 65 20 E3 00 6C 65 74 74 65 72 3F D1 E3 5C E3 2D E3 01 61 72 65 CD C3 03 E3 96 6B 69 6E 64 C3 00 2E 20 E3 7C 79 6F 75 2E	00:2 01:1 03:1 07:1 09:1 96:1 C3:2 CD:2 D1:1 D7:1 E0:1 E3:10	36	2	1	True	confirmed-record	[TOP][SPEAKER:07][E3][09][E3]~[E3]>just\nto [E3]7me [E3][00]letter?\f[E3]\[E3]-[E3][01]are\n[PINK][E3][96]kind[/HIGHLIGHT]. [E3]|you.		pending			
EN-05F139	main-dialogue-1	0x05F139	0x05F16A	49	D7 E0 07 E3 19 64 6F 20 E3 01 77 61 6E 74 3F CD E3 09 E3 0F E3 35 62 61 72 67 65 CD 69 6E 74 6F 20 70 65 6F 70 6C 65 60 73 20 68 6F 75 73 65 73 2E	01:1 07:1 09:1 0F:1 19:1 CD:2 D7:1 E0:1 E3:5	35	2	0	False	confirmed-record	[TOP][SPEAKER:07][E3][19]do [E3][01]want?\n[E3][09][E3][0F][E3]5barge\ninto people`s houses.		pending			
EN-05F16B	main-dialogue-1	0x05F16B	0x05F1AB	64	D7 E0 07 4D 79 20 E3 61 69 73 20 E3 00 4D 61 79 6F 72 60 73 CD 72 65 63 65 70 74 69 6F 6E 69 73 74 2E 20 49 66 20 E3 01 68 61 76 65 CD 62 75 73 69 6E 65 73 73 2C 20 67 6F 20 74 68 65 72 65 2E	00:1 01:1 07:1 CD:2 D7:1 E0:1 E3:3	54	2	0	False	confirmed-record	[TOP][SPEAKER:07]My [E3]ais [E3][00]Mayor`s\nreceptionist. If [E3][01]have\nbusiness, go there.		pending			
EN-05F1AC	main-dialogue-1	0x05F1AC	0x05F1B6	10	D7 E0 07 E3 31 77 61 69 74 21	07:1 D7:1 E0:1 E3:1	6	0	0	False	confirmed-record	[TOP][SPEAKER:07][E3]1wait!		pending			
EN-05F1B7	main-dialogue-1	0x05F1B7	0x05F237	128	D7 E0 07 49 20 E3 F0 E3 02 E3 BE 70 61 70 65 72 2C CD 73 6F 20 49 20 77 72 6F 74 65 20 6F 6E 20 74 68 69 73 2E CD E3 33 E3 37 69 74 20 74 6F 20 68 69 6D 21 D1 20 C2 00 20 74 61 6B 65 73 20 74 68 65 C3 02 20 4C 69 74 68 6F C3 00 21 CC D7 E0 07 49 20 E3 02 E3 21 E3 0C 79 6F 75 2C D1 E3 22 E3 05 69 6E 76 65 6E 74 6F 72 79 60 73 CD 66 75 6C 6C 2E 20 50 6C 65 61 73 65 CD E3 EE 69 74 2E	00:2 02:3 05:1 07:2 0C:1 BE:1 C2:1 C3:2 CC:1 CD:4 D1:2 D7:2 E0:2 E3:11 EE:1 F0:1	91	4	2	True	confirmed-record	[TOP][SPEAKER:07]I [E3][F0][E3][02][E3][BE]paper,\nso I wrote on this.\n[E3]3[E3]7it to him!\f [NAME] takes the[YELLOW] Litho[/HIGHLIGHT]![CC][TOP][SPEAKER:07]I [E3][02][E3]![E3][0C]you,\f[E3]"[E3][05]inventory`s\nfull. Please\n[E3][EE]it.		pending			
EN-05F35B	main-dialogue-1	0x05F35B	0x05F3CC	113	D7 44 72 2E E3 32 73 6F 6E 3F CD E3 0B 61 6C 6F 6E 65 2E 2E 2E CD E3 40 E3 1D E3 16 76 65 72 79 CD 69 6E 64 65 70 65 6E 64 65 6E 74 2C 20 74 6F 6F 2E D1 49 66 20 E3 01 E3 29 61 6E 79 74 68 69 6E 67 CD E3 06 E3 37 E3 01 61 20 64 69 73 63 6F 75 6E 74 2E CD E3 40 66 61 74 68 65 72 60 73 CD 61 6C 77 61 79 73 20 E3 3C E3 5D 74 6F 20 6D 65 2E	01:2 06:1 0B:1 16:1 1D:1 CD:6 D1:1 D7:1 E3:13	86	6	1	False	confirmed-record	[TOP]Dr.[E3]2son?\n[E3][0B]alone...\n[E3]@[E3][1D][E3][16]very\nindependent, too.\fIf [E3][01][E3])anything\n[E3][06][E3]7[E3][01]a discount.\n[E3]@father`s\nalways [E3]<[E3]]to me.		pending			
EN-05F3CD	main-dialogue-1	0x05F3CD	0x05F4E7	282	D7 44 72 2E E3 32 73 6F 6E 3F CD 57 68 61 74 3F D1 C9 1E 57 61 6E 74 20 74 6F 20 E3 E1 74 68 69 6E 67 73 3F 3F CD C9 1E E3 34 E3 1B E3 1E 74 68 61 74 CD 73 69 6D 70 6C 65 2E D1 E3 40 E3 1D 72 65 61 64 CD 62 6F 6F 6B 73 2C 20 E3 6A 61 20 6C 6F 74 2C CD E3 08 E3 FE 74 68 69 6E 67 73 2E D1 48 65 60 64 20 E3 3D 61 62 6F 75 74 CD C3 02 43 6F 6D 62 69 6E 61 74 69 6F 6E C3 00 2C CD 74 68 65 6E 20 63 6F 6C 6C 65 63 74 20 61 20 62 75 6E 63 68 20 6F 66 CD 73 74 75 66 66 20 E3 08 E3 42 73 6F 6D 65 74 68 69 6E 67 2E D1 E3 45 E3 3A 6A 75 6E 6B 20 69 6E CD E3 00 62 61 63 6B 2E 20 44 6F 20 E3 01 E3 29 69 74 3F CD 20 53 75 72 65 2C 20 E3 06 E3 30 69 74 21 21 CD 20 4E 6F 20 74 68 61 6E 6B 73 21 CC D0 47 6F 20 69 6E 20 E3 00 62 61 63 6B 2E 20 54 68 65 72 65 60 73 CD 74 77 6F 20 63 61 70 73 75 6C 65 73 20 74 68 65 72 65 2E CD E3 D0 E3 AD 62 6F 74 68 2E	00:3 01:1 02:1 06:1 08:2 1B:1 1D:1 1E:3 AD:1 C3:2 C9:2 CC:1 CD:13 D0:2 D1:4 D7:1 E1:1 E3:23 FE:1	218	13	4	True	confirmed-record	[TOP]Dr.[E3]2son?\nWhat?\f[C9][1E]Want to [E3][E1]things??\n[C9][1E][E3]4[E3][1B][E3][1E]that\nsimple.\f[E3]@[E3][1D]read\nbooks, [E3]ja lot,\n[E3][08][E3][FE]things.\fHe`d [E3]=about\n[YELLOW]Combination[/HIGHLIGHT],\nthen collect a bunch of\nstuff [E3][08][E3]Bsomething.\f[E3]E[E3]:junk in\n[E3][00]back. Do [E3][01][E3])it?\n Sure, [E3][06][E3]0it!!\n No thanks![CC][WIPE]Go in [E3][00]back. There`s\ntwo capsules there.\n[E3][WIPE][E3][AD]both.		pending			
EN-05F513	main-dialogue-1	0x05F513	0x05F548	53	D7 44 72 2E E3 32 73 6F 6E 3F CD E3 19 E3 2B E3 01 6C 69 6B 65 3F CD 20 49 20 E3 7E 74 6F 20 62 75 79 2E CD 20 E3 5B 6C 6F 6F 6B 69 6E 67 2E CC D0 CF A9 F5 85	01:1 19:1 85:1 A9:1 CC:1 CD:3 CF:1 D0:1 D7:1 E3:6 F5:1	35	3	0	False	confirmed-record	[TOP]Dr.[E3]2son?\n[E3][19][E3]+[E3][01]like?\n I [E3]~to buy.\n [E3][looking.[CC][WIPE][CF][A9][F5][85]		pending			
EN-05F549	main-dialogue-1	0x05F549	0x05F566	29	D7 E3 31 E3 07 E3 20 69 6E 20 74 68 65 CD E3 3E E3 69 70 65 72 6D 69 73 73 69 6F 6E 2E	07:1 CD:1 D7:1 E3:5	21	1	0	False	confirmed-record	[TOP][E3]1[E3][07][E3] in the\n[E3]>[E3]ipermission.		pending			
EN-05F567	main-dialogue-1	0x05F567	0x05F5A2	59	D7 CF F1 F5 85 CC D7 E3 03 E3 75 E3 00 64 61 79 20 6F 66 66 2C CD E3 1B E3 E6 68 6F 74 20 74 6F 64 61 79 2E CD 53 6F 72 72 79 20 74 6F 20 77 61 73 74 65 20 E3 05 74 69 6D 65 2E	00:1 03:1 05:1 1B:1 85:1 CC:1 CD:2 CF:1 D7:2 E3:6 E6:1 F1:1 F5:1	39	2	0	False	confirmed-record	[TOP][CF][F1][F5][85][CC][TOP][E3][03][E3]u[E3][00]day off,\n[E3][1B][E3][E6]hot today.\nSorry to waste [E3][05]time.		pending			
EN-05F5A3	main-dialogue-1	0x05F5A3	0x05F5A8	5	D7 CF C5 F5 85	85:1 C5:1 CF:1 D7:1 F5:1	0	0	0	False	confirmed-record	[TOP][CF][C5][F5][85]		pending			
EN-05F63E	main-dialogue-1	0x05F63E	0x05F685	71	D7 C3 02 5B 42 65 77 61 72 65 21 20 E3 04 74 75 6E 6E 65 6C 20 69 73 CD 20 64 61 6E 67 65 72 6F 75 73 21 20 44 6F 20 E3 1E 65 6E 74 65 72 21 CD C3 00 C9 1E 20 20 20 20 20 20 E3 04 4D 61 6E 61 67 65 6D 65 6E 74 5D	00:1 02:1 04:2 1E:2 C3:2 C9:1 CD:2 D7:1 E3:3	56	2	0	True	confirmed-record	[TOP][YELLOW][Beware! [E3][04]tunnel is\n dangerous! Do [E3][1E]enter!\n[/HIGHLIGHT][C9][1E]      [E3][04]Management]		pending			
EN-0680C0	main-dialogue-2	0x0680C0	0x068104	68	D7 C3 02 20 E3 0D 64 61 6E 67 65 72 6F 75 73 2E 20 E3 04 63 61 76 65 CD 20 69 73 20 66 75 6C 6C 20 6F 66 20 68 61 7A 61 72 64 73 21 CD CD 20 50 75 62 6C 69 63 20 53 61 66 65 74 79 20 44 65 70 74 2E C3 00	00:1 02:1 04:1 0D:1 C3:2 CD:3 D7:1 E3:2	56	3	0	True	confirmed-record	[TOP][YELLOW] [E3][0D]dangerous. [E3][04]cave\n is full of hazards!\n\n Public Safety Dept.[/HIGHLIGHT]		pending			
EN-068116	main-dialogue-2	0x068116	0x068166	80	D7 C3 02 20 44 61 6E 67 65 72 21 20 43 72 61 63 6B 73 20 69 6E CD 20 E3 00 67 72 6F 75 6E 64 21 20 4E 6F 20 45 6E 74 72 79 21 CD 20 20 20 20 20 20 20 52 6F 63 6F 63 6F CD 20 20 41 6E 74 69 2D 46 69 73 E3 AB 43 6F 6D 6D 69 74 74 65 65 C3 00	00:2 02:1 AB:1 C3:2 CD:3 D7:1 E3:2	68	3	0	True	confirmed-record	[TOP][YELLOW] Danger! Cracks in\n [E3][00]ground! No Entry!\n       Rococo\n  Anti-Fis[E3][AB]Committee[/HIGHLIGHT]		pending			
EN-0681A1	main-dialogue-2	0x0681A1	0x0681C6	37	D7 E3 24 69 73 20 61 6E 20 65 6D 65 72 67 65 6E 63 79 21 CD E3 09 E3 0F 67 6F 20 69 6E CD E3 00 43 61 76 65 21	00:1 09:1 0F:1 CD:2 D7:1 E3:4	27	2	0	False	confirmed-record	[TOP][E3]$is an emergency!\n[E3][09][E3][0F]go in\n[E3][00]Cave!		pending			
EN-0682CD	main-dialogue-2	0x0682CD	0x068305	56	D7 44 72 2E 45 69 6E 73 74 20 75 73 65 64 CD 61 20 62 6F 6D 62 20 74 6F 20 62 6C 6F 77 20 75 70 CD E3 00 66 61 6C 6C 65 6E 20 72 6F 63 6B 73 2E CD E3 2C 67 6F 6F 64 2E	00:1 CD:3 D7:1 E3:2	49	3	0	False	confirmed-record	[TOP]Dr.Einst used\na bomb to blow up\n[E3][00]fallen rocks.\n[E3],good.		pending			
EN-068306	main-dialogue-2	0x068306	0x068324	30	D7 48 65 79 21 20 4B 69 64 21 21 CD 53 74 6F 70 20 72 69 67 68 74 20 74 68 65 72 65 21 21	CD:1 D7:1	28	1	0	False	confirmed-record	[TOP]Hey! Kid!!\nStop right there!!		pending			
EN-068325	main-dialogue-2	0x068325	0x06835A	53	D7 DC 07 2E 2E 2E 2E 2E 2E 2E 2E 2E CD DC 00 C9 3C E3 8C 67 6F 20 E3 3E 74 6F 20 74 6F 77 6E CD E3 08 66 69 67 75 72 65 20 6F 75 74 CD E3 23 74 6F 20 64 6F 21	00:1 07:1 08:1 8C:1 C9:1 CD:3 D7:1 DC:2 E3:4	38	3	0	False	confirmed-record	[TOP][DC][07].........\n[DC][00][C9]<[E3][8C]go [E3]>to town\n[E3][08]figure out\n[E3]#to do!		pending			
EN-0683D4	main-dialogue-2	0x0683D4	0x068416	66	D7 E3 A9 73 61 79 20 E3 41 61 20 67 72 65 61 74 CD 69 6E 76 65 6E 74 6F 72 2E 20 E3 04 4D 61 79 6F 72 CD 76 6F 75 63 68 65 64 20 E3 0C 68 69 6D 2C 20 73 6F CD 68 65 20 E3 4E 62 65 20 67 6F 6F 64 2E	04:1 0C:1 A9:1 CD:3 D7:1 E3:5	54	3	0	False	confirmed-record	[TOP][E3][A9]say [E3]Aa great\ninventor. [E3][04]Mayor\nvouched [E3][0C]him, so\nhe [E3]Nbe good.		pending			
EN-068478	main-dialogue-2	0x068478	0x06849F	39	D7 02 0B 05 80 86 84 02 80 00 02 97 80 F3 02 47 00 05 02 45 02 86 04 02 01 02 98 02 B2 6B 02 17 09 18 03 02 44 02 22	00:2 01:1 02:12 03:1 04:1 05:2 09:1 0B:1 17:1 18:1 80:3 84:1 86:2 97:1 98:1 B2:1 D7:1 F3:1	5	0	0	False	confirmed-record	[TOP][02][0B][05][80][86][84][02][80][00][02][97][80][F3][02]G[00][05][02]E[02][86][04][02][01][02][98][02][B2]k[02][17][09][18][03][02]D[02]"		pending			
EN-0684CE	main-dialogue-2	0x0684CE	0x068527	89	D7 E3 31 E3 BC 79 6F 75 CD E3 5E 61 20 62 6F 6D 62 20 E3 70 68 65 72 65 3F D1 49 20 E3 6A 49 60 64 20 E3 26 69 74 CD 62 61 63 6B 2C 20 E3 22 E3 1B 65 6D 70 74 79 2E 20 49 66 CD 61 20 E3 86 74 68 69 6E 67 20 6C 69 6B 65 CD E3 15 69 73 20 6D 69 73 75 73 65 64 2E 2E 2E	15:1 1B:1 86:1 BC:1 CD:4 D1:1 D7:1 E3:10	69	4	1	False	confirmed-record	[TOP][E3]1[E3][BC]you\n[E3]^a bomb [E3]phere?\fI [E3]jI`d [E3]&it\nback, [E3]"[E3][1B]empty. If\na [E3][86]thing like\n[E3][15]is misused...		pending			
EN-068528	main-dialogue-2	0x068528	0x06855C	52	D7 4F 72 20 6D 61 79 62 65 20 69 74 20 E3 16 79 6F 75 3F 21 CD 54 65 6C 6C 20 E3 00 74 72 75 74 68 2C 20 61 6E 64 CD 49 20 E3 8E 66 6F 72 E3 37 79 6F 75 2E	00:1 16:1 8E:1 CD:2 D7:1 E3:4	42	2	0	False	confirmed-record	[TOP]Or maybe it [E3][16]you?!\nTell [E3][00]truth, and\nI [E3][8E]for[E3]7you.		pending			
EN-06855D	main-dialogue-2	0x06855D	0x068591	52	D7 48 65 79 20 C2 00 21 CD C9 1E E3 17 62 65 20 72 75 64 65 21 21 CD C9 1E 4C 6F 6F 6B 20 61 74 20 E3 00 69 6E 76 65 6E 74 69 6F 6E CD E3 F2 E3 01 67 6F 21	00:2 01:1 17:1 1E:2 C2:1 C9:2 CD:3 D7:1 E3:4 F2:1	34	3	0	False	confirmed-record	[TOP]Hey [NAME]!\n[C9][1E][E3][17]be rude!!\n[C9][1E]Look at [E3][00]invention\n[E3][F2][E3][01]go!		pending			
EN-068592	main-dialogue-2	0x068592	0x0685D1	63	D7 E3 2A E3 01 61 67 61 69 6E 21 CD 52 69 67 68 74 20 E3 A7 E3 00 69 6E 76 65 6E 74 6F 72 CD 69 73 20 68 65 6C 70 69 6E 67 20 74 6F 20 66 69 6E 64 CD E3 00 E3 6F 63 68 69 6C 64 72 65 6E 2E	00:2 01:1 A7:1 CD:3 D7:1 E3:6	49	3	0	False	confirmed-record	[TOP][E3]*[E3][01]again!\nRight [E3][A7][E3][00]inventor\nis helping to find\n[E3][00][E3]ochildren.		pending			
EN-0685D2	main-dialogue-2	0x0685D2	0x06861C	74	D7 54 68 65 79 60 72 65 20 62 6F 74 68 20 69 6E 76 65 6E 74 6F 72 73 2C CD E3 22 E3 B7 61 20 6C 6F 74 20 6F 66 20 CD 64 69 66 66 65 72 65 6E 63 65 20 62 65 74 77 65 65 6E 20 74 68 65 6D 21 CD 57 61 68 20 68 61 20 68 61 21	B7:1 CD:3 D7:1 E3:2	67	3	0	False	confirmed-record	[TOP]They`re both inventors,\n[E3]"[E3][B7]a lot of \ndifference between them!\nWah ha ha!		pending			
EN-068840	main-dialogue-2	0x068840	0x068869	41	D7 E0 05 57 68 61 74 21 20 57 68 61 74 21 CD E3 6B E3 01 E3 60 74 6F 20 62 6F 74 68 65 72 CD 6D 65 3F 20 E3 A5 6F 75 74 21	01:1 05:1 A5:1 CD:2 D7:1 E0:1 E3:4	30	2	0	False	confirmed-record	[TOP][SPEAKER:05]What! What!\n[E3]k[E3][01][E3]`to bother\nme? [E3][A5]out!		pending			
EN-068965	main-dialogue-2	0x068965	0x068980	27	D7 20 E3 48 E3 1C E3 C5 6F 66 20 62 6F 6D 62 73 CD 20 69 6E 20 E3 00 62 6F 78 2E	00:1 1C:1 C5:1 CD:1 D7:1 E3:4	18	1	0	False	confirmed-record	[TOP] [E3]H[E3][1C][E3][C5]of bombs\n in [E3][00]box.		pending			
EN-068981	main-dialogue-2	0x068981	0x0689AA	41	D7 20 E3 04 62 6F 78 20 6F 66 20 62 6F 6D 62 73 20 77 61 73 CD 20 62 72 6F 6B 65 6E 2E 20 41 6E 64 20 65 6D 70 74 79 21 21	04:1 CD:1 D7:1 E3:1	37	1	0	False	confirmed-record	[TOP] [E3][04]box of bombs was\n broken. And empty!!		pending			
EN-068A59	main-dialogue-2	0x068A59	0x068A92	57	D7 C3 02 20 53 77 69 66 74 20 43 75 72 72 65 6E 74 20 41 68 65 61 64 2E CD 20 55 73 65 20 43 61 75 74 69 6F 6E 21 CD CD 20 E3 9B 52 61 70 69 64 73 20 47 72 6F 75 70 C3 00	00:1 02:1 9B:1 C3:2 CD:3 D7:1 E3:1	47	3	0	True	confirmed-record	[TOP][YELLOW] Swift Current Ahead.\n Use Caution!\n\n [E3][9B]Rapids Group[/HIGHLIGHT]		pending			
EN-068A93	main-dialogue-2	0x068A93	0x068AB8	37	D7 20 53 6F 6D 65 E3 D2 E3 00 73 6F 75 6E 64 20 6F 66 CD 20 61 20 62 6F 6D 62 20 72 65 73 6F 75 6E 64 65 64 2E	00:1 CD:1 D2:1 D7:1 E3:2	31	1	0	False	confirmed-record	[TOP] Some[E3][WAIT][E3][00]sound of\n a bomb resounded.		pending			
EN-068AFB	main-dialogue-2	0x068AFB	0x068B61	102	D7 C3 03 49 73 20 73 6F 6D 65 E3 78 74 68 65 72 65 3F CD 4F 76 65 72 20 68 65 72 65 21 20 E3 8F 6F 76 65 72 CD 68 65 72 65 21 20 E3 04 65 6E 74 72 61 6E 63 65 20 69 73 CD 62 79 20 64 69 72 74 21 D1 E3 03 6E 65 78 74 20 74 6F 20 E3 00 77 61 6C 6C 21 CD 53 61 76 65 20 6D 65 21 20 57 61 61 61 61 68 21 C3 00	00:2 03:2 04:1 8F:1 C3:2 CD:4 D1:1 D7:1 E3:5	83	4	1	True	confirmed-record	[TOP][PINK]Is some[E3]xthere?\nOver here! [E3][8F]over\nhere! [E3][04]entrance is\nby dirt!\f[E3][03]next to [E3][00]wall!\nSave me! Waaaah![/HIGHLIGHT]		pending			
EN-068B62	main-dialogue-2	0x068B62	0x068B85	35	D7 20 49 20 E3 14 68 65 61 72 20 63 68 69 6C 64 72 65 6E CD 20 73 6F 66 74 6C 79 20 63 72 79 69 6E 67 2E	14:1 CD:1 D7:1 E3:1	31	1	0	False	confirmed-record	[TOP] I [E3][14]hear children\n softly crying.		pending			
EN-068BCC	main-dialogue-2	0x068BCC	0x068C5A	142	D7 57 61 68 2D 61 2D 61 2D 61 2D 61 68 2E CD 49 74 60 73 C3 02 20 43 61 72 6C C3 00 60 73 20 66 61 75 6C 74 20 CD E3 0E 68 61 70 70 65 6E 65 64 2E D1 48 65 20 E3 6E 6C 6F 6F 6B 69 6E 67 CD E3 0C E3 00 CD C3 02 48 61 63 6B 65 72 60 73 20 48 65 61 64 71 75 61 72 74 65 72 73 2E C3 00 D1 57 65 20 E3 5F 68 61 76 65 CD 6C 69 73 74 65 6E 65 64 20 74 6F 20 E3 44 73 74 6F 72 69 65 73 2E CD CD 47 79 61 61 61 61 61 61 61 61 61 68 21	00:3 02:2 0C:1 0E:1 C3:4 CD:7 D1:2 D7:1 E3:6	115	7	2	True	confirmed-record	[TOP]Wah-a-a-a-ah.\nIt`s[YELLOW] Carl[/HIGHLIGHT]`s fault \n[E3][0E]happened.\fHe [E3]nlooking\n[E3][0C][E3][00]\n[YELLOW]Hacker`s Headquarters.[/HIGHLIGHT]\fWe [E3]_have\nlistened to [E3]Dstories.\n\nGyaaaaaaaaah!		pending			
EN-068CB0	main-dialogue-2	0x068CB0	0x068CFE	78	D7 E3 09 E3 63 73 77 65 70 74 20 68 65 72 65 CD 62 79 20 E3 00 63 75 72 72 65 6E 74 3F CD 53 6F 72 72 79 2C 20 E3 22 E3 0E 69 73 CD 61 20 64 65 61 64 20 65 6E 64 2E D1 2E 2E 2E 2E 2E 2E 2E 2E 2E DC 01 2E 2E 2E 4B 75 75 75 75 21 DC 00	00:2 01:1 09:1 0E:1 CD:3 D1:1 D7:1 DC:2 E3:5	61	3	1	False	confirmed-record	[TOP][E3][09][E3]cswept here\nby [E3][00]current?\nSorry, [E3]"[E3][0E]is\na dead end.\f.........[DC][01]...Kuuuu![DC][00]		pending			
EN-068D6B	main-dialogue-2	0x068D6B	0x068D79	14	D7 DC 07 2E 2E 2E 2E 2E 2E 2E 2E 2E DC 00	00:1 07:1 D7:1 DC:2	9	0	0	False	confirmed-record	[TOP][DC][07].........[DC][00]		pending			
EN-068D7A	main-dialogue-2	0x068D7A	0x068DA3	41	D7 57 61 61 61 68 21 20 49 20 E3 6A 74 68 61 74 CD E3 6D 68 61 64 20 63 6F 6D 65 2C 20 E3 22 69 74 CD 68 61 73 6E 60 74 21	CD:2 D7:1 E3:3	35	2	0	False	confirmed-record	[TOP]Waaah! I [E3]jthat\n[E3]mhad come, [E3]"it\nhasn`t!		pending			
EN-068DE9	main-dialogue-2	0x068DE9	0x068E42	89	D7 CD 48 65 79 21 20 E3 0D 6F 70 65 6E 21 CD 57 65 20 E3 14 E3 26 6F 75 74 21 21 C9 1E C8 CC D7 E0 07 49 20 E3 50 6E 65 76 65 72 20 68 61 76 65 CD 62 72 6F 75 67 68 74 20 E3 CC 70 65 6F 70 6C 65 2E CD 41 20 66 61 69 6C 75 72 65 20 69 6E 20 70 6C 61 6E 6E 69 6E 67 21	07:1 0D:1 14:1 1E:1 C8:1 C9:1 CC:2 CD:4 D7:2 E0:1 E3:5	69	4	0	False	confirmed-record	[TOP]\nHey! [E3][0D]open!\nWe [E3][14][E3]&out!![C9][1E][C8][CC][TOP][SPEAKER:07]I [E3]Pnever have\nbrought [E3][CC]people.\nA failure in planning!		pending			
EN-068E43	main-dialogue-2	0x068E43	0x068E69	38	D7 E0 07 E3 17 77 6F 72 72 79 20 E3 0A 6D 65 2E CD 49 20 E3 14 E3 26 68 6F 6D 65 20 62 79 20 6D 79 73 65 6C 66 2E	07:1 0A:1 14:1 17:1 CD:1 D7:1 E0:1 E3:4	27	1	0	False	confirmed-record	[TOP][SPEAKER:07][E3][17]worry [E3][0A]me.\nI [E3][14][E3]&home by myself.		pending			
EN-068EA3	main-dialogue-2	0x068EA3	0x068EAC	9	D7 55 68 6D 6D 6D 2E 2E 2E	D7:1	8	0	0	False	confirmed-record	[TOP]Uhmmm...		pending			
EN-0691B4	main-dialogue-2	0x0691B4	0x0691E9	53	D7 E3 CE E3 BC E3 01 E3 20 66 72 6F 6D 3F CD E3 09 E3 0F E3 20 69 6E 20 68 65 72 65 2E CD E3 A5 6F 75 74 21 20 E3 A5 6F 75 74 21 CD C9 1E E3 A5 61 77 61 79 21	01:1 09:1 0F:1 1E:1 A5:3 BC:1 C9:1 CD:3 CE:1 D7:1 E3:10	29	3	0	False	confirmed-record	[TOP][E3][CE][E3][BC][E3][01][E3] from?\n[E3][09][E3][0F][E3] in here.\n[E3][A5]out! [E3][A5]out!\n[C9][1E][E3][A5]away!		pending			
EN-0691EA	main-dialogue-2	0x0691EA	0x0691F8	14	D7 DC 09 41 68 2E 2E 2E 2E 2E 2E 21 DC 00	00:1 09:1 D7:1 DC:2	9	0	0	False	confirmed-record	[TOP][DC][09]Ah......![DC][00]		pending			
EN-0693A6	main-dialogue-2	0x0693A6	0x0693C9	35	D7 E3 31 E3 1C 79 6F 75 CD 65 73 63 61 70 69 6E 67 20 61 6C 6F 6E 65 3F CD E3 2C E3 1E 72 69 67 68 74 21	1C:1 1E:1 CD:2 D7:1 E3:4	26	2	0	False	confirmed-record	[TOP][E3]1[E3][1C]you\nescaping alone?\n[E3],[E3][1E]right!		pending			
EN-0693CA	main-dialogue-2	0x0693CA	0x069426	92	D7 E3 19 2E 2E 2E 2E 2E 2E CD E3 88 E3 02 E3 01 E3 20 62 61 63 6B 3F D1 4F 68 20 77 65 6C 6C 2E 2E 2E CD E3 24 E3 54 64 6F 20 69 74 20 72 69 67 68 74 21 CD DC 09 2E 2E 2E DC 01 52 65 61 64 79 3F CD C9 3C 4F 6E 65 2E 2E 2E C9 3C 54 77 6F 2E 2E 2E C9 3C 54 68 72 65 65 21 DC 00	00:1 01:2 02:1 09:1 19:1 88:1 C9:3 CD:4 D1:1 D7:1 DC:3 E3:7	66	4	1	False	confirmed-record	[TOP][E3][19]......\n[E3][88][E3][02][E3][01][E3] back?\fOh well...\n[E3]$[E3]Tdo it right!\n[DC][09]...[DC][01]Ready?\n[C9]<One...[C9]<Two...[C9]<Three![DC][00]		pending			
EN-069427	main-dialogue-2	0x069427	0x069496	111	D7 E3 0D 79 6F 75 21 CD 57 68 61 74 3F 3F 20 E3 09 E3 6C 61 20 C3 02 4B 65 79 C3 00 3F CD E3 CE 69 73 20 69 74 3F D1 C3 02 45 71 75 69 70 20 69 74 20 E3 08 E3 85 6D 65 C3 00 2E CD E3 0D 61 20 72 75 6C 65 20 74 6F 20 65 71 75 69 70 20 61 6E 64 CD E3 85 E3 23 79 6F 75 60 72 65 CD 67 69 76 69 6E 67 20 74 6F 20 73 6F 6D 65 6F 6E 65 2E	00:2 02:2 08:1 09:1 0D:2 85:2 C3:4 CD:5 CE:1 D1:1 D7:1 E3:9	80	5	1	True	confirmed-record	[TOP][E3][0D]you!\nWhat?? [E3][09][E3]la [YELLOW]Key[/HIGHLIGHT]?\n[E3][CE]is it?\f[YELLOW]Equip it [E3][08][E3][85]me[/HIGHLIGHT].\n[E3][0D]a rule to equip and\n[E3][85][E3]#you`re\ngiving to someone.		pending			
EN-069497	main-dialogue-2	0x069497	0x0695BC	293	D7 49 20 E3 16 77 61 69 74 69 6E 67 21 CD E3 2E 49 73 20 E3 15 61 20 4B 65 79 3F 20 49 60 6C 6C CD 62 6F 72 72 6F 77 20 69 74 20 E3 0C 61 20 77 68 69 6C 65 21 D1 20 C2 00 20 E3 18 E3 6F 74 68 65 CD C3 02 20 4B 65 79 C3 00 21 D1 48 65 68 20 68 65 68 20 68 65 68 2E CD E3 03 66 69 6E 61 6C 6C 79 20 66 72 65 65 2E CD E3 7C 79 6F 75 2E D1 E3 2E 41 20 67 75 61 72 64 3F CD C3 02 E3 04 63 68 69 6C 64 72 65 6E C3 00 3F CD E3 A9 E3 6E 73 6F 6D 65 77 68 65 72 65 2E D1 49 20 E3 F0 63 61 74 63 68 CD E3 05 6E 61 6D 65 2E CD 2E 2E 2E 20 E3 2E C9 3C C2 00 21 3F CD C9 3C 2E 2E 2E 20 49 73 20 E3 15 72 69 67 68 74 3F 20 C9 1E 59 6F 75 2E 2E 2E D1 4E 65 76 65 72 20 6D 69 6E 64 2E 2E 2E C9 3C E3 03 67 6F 69 6E 67 2E CD C9 1E 49 20 61 6D 20 C3 02 DC 09 4B 6F 74 65 74 73 75 C3 00 DC 00 2E CD C9 3C E3 03 E3 AB 77 65 60 6C 6C CD E3 81 61 67 61 69 6E 2E 20 52 65 6D 65 6D 62 65 72 20 6D 65 2E	00:6 02:3 03:3 04:1 05:1 09:1 0C:1 15:2 16:1 18:1 1E:2 81:1 A9:1 AB:1 C2:2 C3:6 C9:6 CD:13 D1:5 D7:1 DC:2 E3:20 F0:1	212	13	5	True	confirmed-record	[TOP]I [E3][16]waiting!\n[E3].Is [E3][15]a Key? I`ll\nborrow it [E3][0C]a while!\f [NAME] [E3][18][E3]othe\n[YELLOW] Key[/HIGHLIGHT]!\fHeh heh heh.\n[E3][03]finally free.\n[E3]|you.\f[E3].A guard?\n[YELLOW][E3][04]children[/HIGHLIGHT]?\n[E3][A9][E3]nsomewhere.\fI [E3][F0]catch\n[E3][05]name.\n... [E3].[C9]<[NAME]!?\n[C9]<... Is [E3][15]right? [C9][1E]You...\fNever mind...[C9]<[E3][03]going.\n[C9][1E]I am [YELLOW][DC][09]Kotetsu[/HIGHLIGHT][DC][00].\n[C9]<[E3][03][E3][AB]we`ll\n[E3][81]again. Remember me.		pending			
EN-0695BD	main-dialogue-2	0x0695BD	0x06972F	370	D7 E3 2A 6E 6F 2E 20 E3 A9 63 61 75 67 68 74 20 79 6F 75 2C CD 74 6F 6F 3F 20 E3 0B E3 96 62 72 61 76 65 CD 74 6F 20 E3 20 74 6F 20 74 68 69 73 CD E3 82 6F 66 20 E3 93 61 6C 6F 6E 65 2E D1 49 20 6E 65 76 65 72 20 73 75 73 70 65 63 74 65 64 CD E3 15 E3 74 67 75 79 73 CD E3 2D E3 CC 77 65 72 65 CD 69 6E 20 E3 00 63 61 76 65 2E D1 41 6C 6C 20 49 20 E3 BC E3 16 73 61 79 20 68 65 6C 6C 6F 2C CD E3 08 E3 A7 E3 03 69 6E 20 E3 71 74 68 69 73 CD 74 72 6F 75 62 6C 65 2E 20 55 6E 62 65 6C 69 65 76 61 62 6C 65 21 DE D7 E3 45 E3 21 49 20 77 61 6E 74 CD 74 6F 20 61 73 6B 20 6F 66 20 79 6F 75 2E CD 20 E3 19 69 73 20 69 74 3F CD 20 4E 6F 20 77 61 79 2E CC D0 49 20 E3 29 E3 01 74 6F CD E3 4D E3 00 C3 02 4B 65 79 CD C3 00 74 6F 20 E3 0E 62 E3 71 E3 08 63 68 61 69 6E 2E D1 41 20 67 75 79 20 E3 10 E3 00 68 65 61 64 CD 6F 66 20 61 20 63 72 61 62 20 E3 18 69 74 2E D1 57 65 6C 6C 3F CD 57 69 6C 6C 20 E3 01 6C 6F 6F 6B 3F CD 20 59 65 73 2E CD 20 4E 6F 20 77 61 79 2E CC D0 E3 34 77 65 6C 6C 2E CD E3 45 61 20 63 68 61 6E 63 65 20 66 6F 72 CD E3 01 74 6F 20 E3 26 6F 75 74 2C 20 74 6F 6F 2E CD E3 19 61 20 70 69 74 79 21	00:4 01:3 02:1 03:1 08:2 0B:1 0E:1 10:1 15:1 16:1 18:1 19:2 82:1 93:1 96:1 A7:1 A9:1 BC:1 C3:2 CC:3 CD:20 D0:2 D1:4 D7:2 DE:1 E3:37	274	20	4	True	confirmed-record	[TOP][E3]*no. [E3][A9]caught you,\ntoo? [E3][0B][E3][96]brave\nto [E3] to this\n[E3][82]of [E3][93]alone.\fI never suspected\n[E3][15][E3]tguys\n[E3]-[E3][CC]were\nin [E3][00]cave.\fAll I [E3][BC][E3][16]say hello,\n[E3][08][E3][A7][E3][03]in [E3]qthis\ntrouble. Unbelievable![DE][TOP][E3]E[E3]!I want\nto ask of you.\n [E3][19]is it?\n No way.[CC][WIPE]I [E3])[E3][01]to\n[E3]M[E3][00][YELLOW]Key\n[/HIGHLIGHT]to [E3][0E]b[E3]q[E3][08]chain.\fA guy [E3][10][E3][00]head\nof a crab [E3][18]it.\fWell?\nWill [E3][01]look?\n Yes.\n No way.[CC][WIPE][E3]4well.\n[E3]Ea chance for\n[E3][01]to [E3]&out, too.\n[E3][19]a pity!		pending			
EN-069730	main-dialogue-2	0x069730	0x06978F	95	D7 E3 2E 48 61 76 65 20 79 6F 75 CD 63 68 61 6E 67 65 64 20 E3 05 6D 69 6E 64 3F CD 20 4C 65 61 76 65 20 69 74 20 74 6F 20 6D 65 2E CD 20 E3 5B 63 61 6C 6C 65 64 20 79 6F 75 2E CC D0 DC 09 2E 2E 2E 2E 2E 2E 2E 2E CD DC 00 E3 6B E3 01 74 72 79 69 6E 67 CD 74 6F 20 62 75 67 20 6D 65 3F	00:1 01:1 05:1 09:1 CC:1 CD:5 D0:1 D7:1 DC:2 E3:5	76	5	0	False	confirmed-record	[TOP][E3].Have you\nchanged [E3][05]mind?\n Leave it to me.\n [E3][called you.[CC][WIPE][DC][09]........\n[DC][00][E3]k[E3][01]trying\nto bug me?		pending			
EN-069845	main-dialogue-2	0x069845	0x069866	33	D7 E3 19 E3 1C E3 01 64 6F 69 6E 67 3F 21 CD 49 20 E3 A8 67 6F 21 CD DC 01 E3 31 68 65 79 21 DC 00	00:1 01:2 19:1 1C:1 A8:1 CD:2 D7:1 DC:2 E3:5	17	2	0	False	confirmed-record	[TOP][E3][19][E3][1C][E3][01]doing?!\nI [E3][A8]go!\n[DC][01][E3]1hey![DC][00]		pending			
EN-0699EB	main-dialogue-2	0x0699EB	0x069A19	46	D7 57 65 20 70 75 74 20 61 20 62 E3 71 E3 08 63 68 61 69 6E CD 6F 6E 20 67 75 79 73 20 E3 2D E3 01 77 68 6F CD E3 8E 65 73 63 61 70 65 21	01:1 08:1 8E:1 CD:2 D7:1 E3:5	35	2	0	False	confirmed-record	[TOP]We put a b[E3]q[E3][08]chain\non guys [E3]-[E3][01]who\n[E3][8E]escape!		pending			
EN-069A1A	main-dialogue-2	0x069A1A	0x069AF4	218	D7 57 68 6F 20 E3 1C 79 6F 75 3F CD 41 20 6E 65 77 20 77 6F 72 6B 65 72 3F CD 20 59 65 73 CD 20 4E 6F CC D7 D0 47 6F 6F 64 2C 20 67 6F 6F 64 2E CD 41 20 70 72 65 76 69 6F 75 73 20 76 69 73 69 74 6F 72 20 64 75 67 CD 61 20 68 6F 6C 65 20 69 6E 20 E3 00 62 61 63 6B 2E D1 D3 BE 9A D7 D0 49 73 20 E3 15 72 69 67 68 74 3F 20 54 6F 6F 20 62 61 64 2E CD E3 03 77 6F 72 6B 69 6E 67 2E CD 4C 61 74 65 72 20 E3 06 61 73 6B 20 4D 65 74 61 20 43 72 61 62 CD E3 23 74 6F 20 64 6F 20 E3 10 79 6F 75 2E D1 E3 2E E3 88 61 6D 20 49 20 64 69 67 67 69 6E 67 3F CD E3 03 E3 65 66 6F 72 CD 73 6F 6D 65 74 68 69 6E 67 2E 20 44 6F 6E 60 74 CD 77 6F 72 72 79 20 E3 0A 69 74 21	00:1 03:2 06:1 0A:1 10:1 15:1 1C:1 88:1 9A:1 BE:1 CC:1 CD:11 D0:2 D1:2 D3:1 D7:3 E3:12	175	11	2	False	confirmed-record	[TOP]Who [E3][1C]you?\nA new worker?\n Yes\n No[CC][TOP][WIPE]Good, good.\nA previous visitor dug\na hole in [E3][00]back.\f[D3][BE][9A][TOP][WIPE]Is [E3][15]right? Too bad.\n[E3][03]working.\nLater [E3][06]ask Meta Crab\n[E3]#to do [E3][10]you.\f[E3].[E3][88]am I digging?\n[E3][03][E3]efor\nsomething. Don`t\nworry [E3][0A]it!		pending			
EN-069B6A	main-dialogue-2	0x069B6A	0x069BA8	62	D7 47 69 76 65 20 75 70 20 E3 08 67 6F 20 74 6F 20 77 6F 72 6B 2E CD 49 66 20 E3 01 77 6F 72 6B 20 68 61 72 64 2C CD E3 01 E3 14 62 65 E3 20 61 20 53 6F 6C 64 69 65 72 CD E3 2D 6D 65 2E	01:2 08:1 14:1 CD:3 D7:1 E3:6	48	3	0	False	confirmed-record	[TOP]Give up [E3][08]go to work.\nIf [E3][01]work hard,\n[E3][01][E3][14]be[E3] a Soldier\n[E3]-me.		pending			
EN-069BA9	main-dialogue-2	0x069BA9	0x069BE0	55	D7 48 65 79 21 CD E3 09 E3 DA 68 61 6E 67 69 6E 67 20 61 72 6F 75 6E 64 CD E3 08 E3 06 70 75 74 20 61 20 62 E3 71 61 6E 64 CD 63 68 61 69 6E 20 6F 6E 20 79 6F 75 21	06:1 08:1 09:1 CD:3 D7:1 DA:1 E3:5	42	3	0	False	confirmed-record	[TOP]Hey!\n[E3][09][E3][DA]hanging around\n[E3][08][E3][06]put a b[E3]qand\nchain on you!		pending			
EN-069DEC	main-dialogue-2	0x069DEC	0x069E72	134	D7 48 65 79 21 CD 49 73 20 73 6F 6D 65 E3 78 74 68 65 72 65 3F CD 52 61 69 73 65 20 E3 00 74 65 6D 70 65 72 61 74 75 72 65 20 6F 66 CD E3 00 62 6F 69 6C 65 72 20 61 20 6C 69 74 74 6C 65 2E D1 44 6F 20 E3 01 E3 3B 68 6F 77 3F CD C3 02 50 75 73 68 20 E3 00 62 6F 69 6C 65 72 20 73 77 69 74 63 68 CD 74 68 65 72 65 2C 20 E3 08 74 68 65 CD 74 65 6D 70 65 72 61 74 75 72 65 20 E3 12 67 6F 20 75 70 2E C3 00	00:4 01:1 02:1 08:1 12:1 C3:2 CD:6 D1:1 D7:1 E3:8	108	6	1	True	confirmed-record	[TOP]Hey!\nIs some[E3]xthere?\nRaise [E3][00]temperature of\n[E3][00]boiler a little.\fDo [E3][01][E3];how?\n[YELLOW]Push [E3][00]boiler switch\nthere, [E3][08]the\ntemperature [E3][12]go up.[/HIGHLIGHT]		pending			
EN-069E73	main-dialogue-2	0x069E73	0x069EB6	67	D7 E3 CE 69 73 20 E3 00 73 77 69 74 63 68 3F 3F CD E3 09 E3 4E 62 65 20 61 20 6E 65 77 20 77 6F 72 6B 65 72 3F CD E3 0D 69 6E 20 E3 00 E3 D6 72 65 61 72 2E CD E3 CE E3 00 62 6F 69 6C 65 72 20 69 73 2E	00:3 09:1 0D:1 CD:3 CE:2 D6:1 D7:1 E3:9	46	3	0	False	confirmed-record	[TOP][E3][CE]is [E3][00]switch??\n[E3][09][E3]Nbe a new worker?\n[E3][0D]in [E3][00][E3][D6]rear.\n[E3][CE][E3][00]boiler is.		pending			
EN-069F24	main-dialogue-2	0x069F24	0x069F3D	25	D7 48 6D 6D 6D 6D 2E 2E 2E CD E3 62 66 65 65 6C 73 20 67 6F 6F 64 2E 2E 2E	CD:1 D7:1 E3:1	22	1	0	False	confirmed-record	[TOP]Hmmmm...\n[E3]bfeels good...		pending			
EN-069F40	main-dialogue-2	0x069F40	0x069F5F	31	D7 55 68 2D 68 2D 6D 6D 6D 6D 6D 6D CD 41 61 61 61 61 61 61 68 68 CD E3 5B 72 69 67 68 74 21	CD:2 D7:1 E3:1	27	2	0	False	confirmed-record	[TOP]Uh-h-mmmmmm\nAaaaaaahh\n[E3][right!		pending			
EN-069F62	main-dialogue-2	0x069F62	0x069F87	37	D7 E3 2A 6E 6F 2E 2E 2E CD E3 09 72 61 69 73 65 64 20 69 74 20 61 20 6C 69 74 74 6C 65 CD E3 E6 6D 75 63 68 21	09:1 CD:2 D7:1 E3:3 E6:1	29	2	0	False	confirmed-record	[TOP][E3]*no...\n[E3][09]raised it a little\n[E3][E6]much!		pending			
EN-069F8A	main-dialogue-2	0x069F8A	0x069FAC	34	D7 55 68 2D 68 2D 6D 6D 6D 6D 6D 6D CD 41 20 E3 39 6D 6F 72 65 2E CD 53 74 6F 70 2D 2D 2D 2D 2D 2D 21	CD:2 D7:1 E3:1	30	2	0	False	confirmed-record	[TOP]Uh-h-mmmmmm\nA [E3]9more.\nStop------!		pending			
EN-069FAF	main-dialogue-2	0x069FAF	0x069FB9	10	D7 2E 2E 2E 2E 2E 2E 2E 2E 2E	D7:1	9	0	0	False	confirmed-record	[TOP].........		pending			
EN-06A06B	main-dialogue-2	0x06A06B	0x06A09E	51	D7 4D 65 74 61 20 43 72 61 62 21 20 E3 19 E3 1C 79 6F 75 CD 64 6F 69 6E 67 21 20 E3 0D E3 54 74 6F CD 72 65 70 6F 72 74 21 20 48 75 72 72 79 20 75 70 21	0D:1 19:1 1C:1 CD:2 D7:1 E3:4	41	2	0	False	confirmed-record	[TOP]Meta Crab! [E3][19][E3][1C]you\ndoing! [E3][0D][E3]Tto\nreport! Hurry up!		pending			
EN-06A09F	main-dialogue-2	0x06A09F	0x06A232	403	D7 DC 06 2E 2E 2E 2E 2E 20 57 68 61 74 3F 3F CD DC 00 E3 09 68 61 76 65 6E 60 74 20 66 69 78 65 64 CD E3 00 73 63 72 65 65 6E 20 79 65 74 3F CD E3 34 E3 F4 4F 4B 2E D1 E3 04 E0 00 20 2D 20 CD E3 02 E3 01 E3 2F 69 74 3F CD 20 59 65 73 2E CD 20 E3 19 64 6F 20 E3 01 6D 65 61 6E 3F CC D0 E3 88 E3 F0 E3 01 72 65 70 6F 72 74 3F CD C9 1E 48 6D 6D 6D 2E 2E 2E CD C9 1E E3 0B 61 6C 77 61 79 73 20 CD E3 77 75 70 20 73 74 6F 72 69 65 73 21 D1 E3 45 E0 00 20 69 6E 20 E3 00 43 61 76 65 2E CD E3 0D 6F 62 76 69 6F 75 73 21 20 E3 8C 6C 6F 6F 6B CD E3 3F E3 9C E3 0C 69 74 2E D1 4D 61 6B 65 20 69 74 20 73 6E 61 70 70 79 2C CD 6F 72 20 E3 06 E3 42 63 72 61 62 20 73 74 65 77 CD E3 4A 6F 66 20 79 6F 75 21 D1 D3 03 A2 D0 E3 6B E3 01 61 73 6C 65 65 70 3F CD E3 0B E3 78 6F 66 20 74 68 65 CD E3 38 6C 65 61 64 65 72 73 21 D1 E3 45 E0 00 20 69 6E 20 E3 00 43 61 76 65 2E CD E3 0D 6F 62 76 69 6F 75 73 21 20 E3 8C 6C 6F 6F 6B CD E3 3F E3 9C E3 0C 69 74 2E D1 49 66 20 E3 01 E3 07 6D 6F 76 65 2C 20 79 6F 75 60 6C 6C CD 65 6E 64 20 75 70 20 69 6E 20 61 20 43 72 61 62 20 4A 61 72 21 D1 47 6F 20 E3 43 E3 01 75 6E 64 65 72 73 74 61 6E 64 2E CD E3 17 66 6F 72 67 65 74 CD E3 00 6E 65 78 74 20 69 6E 66 6F 72 6D 61 74 69 6F 6E 21	00:8 01:6 02:1 03:1 04:1 06:2 07:1 09:1 0B:2 0C:2 0D:2 17:1 19:1 1E:2 88:1 8C:2 9C:2 A2:1 C9:2 CC:1 CD:20 D0:2 D1:7 D3:1 D7:1 DC:2 E0:3 E3:43 F0:1 F4:1	282	20	7	False	confirmed-record	[TOP][DC][06]..... What??\n[DC][00][E3][09]haven`t fixed\n[E3][00]screen yet?\n[E3]4[E3][F4]OK.\f[E3][04][SPEAKER:00] - \n[E3][02][E3][01][E3]/it?\n Yes.\n [E3][19]do [E3][01]mean?[CC][WIPE][E3][88][E3][F0][E3][01]report?\n[C9][1E]Hmmm...\n[C9][1E][E3][0B]always \n[E3]wup stories!\f[E3]E[SPEAKER:00] in [E3][00]Cave.\n[E3][0D]obvious! [E3][8C]look\n[E3]?[E3][9C][E3][0C]it.\fMake it snappy,\nor [E3][06][E3]Bcrab stew\n[E3]Jof you!\f[D3][03][A2][WIPE][E3]k[E3][01]asleep?\n[E3][0B][E3]xof the\n[E3]8leaders!\f[E3]E[SPEAKER:00] in [E3][00]Cave.\n[E3][0D]obvious! [E3][8C]look\n[E3]?[E3][9C][E3][0C]it.\fIf [E3][01][E3][07]move, you`ll\nend up in a Crab Jar!\fGo [E3]C[E3][01]understand.\n[E3][17]forget\n[E3][00]next information!		pending			
EN-06A233	main-dialogue-2	0x06A233	0x06A26C	57	D7 E3 CE E3 1C E3 01 67 6F 69 6E 67 3F CD E3 09 E3 4E E3 3F 74 68 69 6E 6B CD E3 13 73 6F 6D 65 E3 78 69 6D 70 6F 72 74 61 6E 74 CD 74 6F 20 69 67 6E 6F 72 65 20 6D 65 2E	01:1 09:1 13:1 1C:1 CD:3 CE:1 D7:1 E3:8	40	3	0	False	confirmed-record	[TOP][E3][CE][E3][1C][E3][01]going?\n[E3][09][E3]N[E3]?think\n[E3][13]some[E3]ximportant\nto ignore me.		pending			
EN-06A2E2	main-dialogue-2	0x06A2E2	0x06A30E	44	D7 20 48 65 20 64 6F 65 73 6E 60 74 20 61 6E 73 77 65 72 2E 2E 2E CD 20 48 65 20 E3 4E E3 02 70 61 73 73 65 64 20 6F 75 74 2E 2E 2E	02:1 CD:1 D7:1 E3:2	39	1	0	False	confirmed-record	[TOP] He doesn`t answer...\n He [E3]N[E3][02]passed out...		pending			
EN-06A327	main-dialogue-2	0x06A327	0x06A353	44	D7 20 E3 24 73 70 72 69 6E 67 20 69 73 CD 20 E3 96 61 6C 6B 61 6C 69 2E CD 20 47 6F 6F 64 20 E3 0C E3 23 61 69 6C 73 20 79 6F 75 2E	0C:1 96:1 CD:2 D7:1 E3:4	35	2	0	False	confirmed-record	[TOP] [E3]$spring is\n [E3][96]alkali.\n Good [E3][0C][E3]#ails you.		pending			
EN-06A441	main-dialogue-2	0x06A441	0x06A4A0	95	D7 E0 07 E3 09 E3 63 67 72 65 61 74 21 CD E3 03 6E 6F 20 6D 61 74 63 68 20 E3 0C 79 6F 75 21 21 D1 47 6F 6F 64 2E 20 E3 52 68 65 72 65 2E CD C9 1E E3 53 E3 2F E3 00 74 72 65 61 73 75 72 65 CD 6F 66 20 E3 00 48 61 63 6B 65 72 73 21 CD E3 06 73 70 6C 69 74 20 69 74 20 E3 10 79 6F 75 2E	00:2 03:1 06:1 07:1 09:1 0C:1 10:1 1E:1 C9:1 CD:4 D1:1 D7:1 E0:1 E3:11	67	4	1	False	confirmed-record	[TOP][SPEAKER:07][E3][09][E3]cgreat!\n[E3][03]no match [E3][0C]you!!\fGood. [E3]Rhere.\n[C9][1E][E3]S[E3]/[E3][00]treasure\nof [E3][00]Hackers!\n[E3][06]split it [E3][10]you.		pending			
EN-06A4A1	main-dialogue-2	0x06A4A1	0x06A5B2	273	D7 C3 02 4D 65 74 61 20 43 72 61 62 3A CD C3 00 E3 03 73 6F 72 72 79 2C 20 E3 03 73 6F 72 72 79 2E CD 49 20 68 61 64 20 6E 6F 20 69 64 65 61 2E D1 E3 2A 4D 61 73 74 65 72 21 CD E3 0B 73 6F 20 73 74 72 6F 6E 67 21 CD 49 20 E3 16 E3 35 61 20 63 72 61 79 66 69 73 68 CD 70 61 73 73 69 6E 67 20 62 79 2E D1 49 20 E3 16 63 68 61 6E 67 65 64 20 69 6E 74 6F CD E3 15 73 68 61 70 65 20 62 79 20 E3 00 48 61 63 6B 65 72 2E D1 53 6F 6D 65 E3 D2 69 6E 20 E3 0E 63 61 76 65 20 69 73 CD 61 20 4A 65 77 65 6C 20 63 61 6C 6C 65 64 20 E3 00 E0 00 2E CD E3 A9 6D 61 64 65 20 6D 65 20 E3 C6 E3 0C 69 74 2E D1 49 20 E3 16 E3 84 62 65 63 61 75 73 65 CD 49 20 63 6F 75 6C 64 6E 60 74 20 E3 4D 69 74 2E D1 E3 A2 74 6F 20 E3 01 E3 03 73 61 76 65 64 2E CD 41 73 20 61 20 74 6F 6B 65 6E 20 6F 66 20 6D 79 CD 67 72 61 74 69 74 75 64 65 2E 2E 2E	00:4 01:1 02:1 03:3 0B:1 0C:1 0E:1 15:1 16:3 84:1 A2:1 A9:1 C3:2 C6:1 CD:11 D1:5 D2:1 D7:1 E0:1 E3:21	211	11	5	True	confirmed-record	[TOP][YELLOW]Meta Crab:\n[/HIGHLIGHT][E3][03]sorry, [E3][03]sorry.\nI had no idea.\f[E3]*Master!\n[E3][0B]so strong!\nI [E3][16][E3]5a crayfish\npassing by.\fI [E3][16]changed into\n[E3][15]shape by [E3][00]Hacker.\fSome[E3][WAIT]in [E3][0E]cave is\na Jewel called [E3][00][SPEAKER:00].\n[E3][A9]made me [E3][C6][E3][0C]it.\fI [E3][16][E3][84]because\nI couldn`t [E3]Mit.\f[E3][A2]to [E3][01][E3][03]saved.\nAs a token of my\ngratitude...		pending			
EN-06A6B3	main-dialogue-2	0x06A6B3	0x06A743	144	D7 C3 02 4D 65 74 61 20 43 72 61 62 3A CD C3 00 48 6F 77 20 E3 0A 69 74 3F CD E3 6B E3 01 E3 10 6D 65 3F D1 49 20 68 61 64 20 61 6E 20 61 77 66 75 6C 20 74 69 6D 65 CD 62 65 63 61 E3 B9 6F 66 20 E3 01 67 75 79 73 CD 63 6F 6D 69 6E 67 20 69 6E 20 E3 A6 61 6E 64 CD 72 75 6D 6D 61 67 69 6E 67 20 61 72 6F 75 6E 64 21 D1 E3 0B 69 6E 74 65 72 72 75 70 74 69 6E 67 CD 61 6E 20 E3 FC 6A 6F 62 21 CD E3 06 70 75 6E 69 73 68 20 79 6F 75 21	00:1 01:2 02:1 06:1 0A:1 0B:1 10:1 A6:1 B9:1 C3:2 CD:7 D1:2 D7:1 E3:10 FC:1	111	7	2	True	confirmed-record	[TOP][YELLOW]Meta Crab:\n[/HIGHLIGHT]How [E3][0A]it?\n[E3]k[E3][01][E3][10]me?\fI had an awful time\nbeca[E3][B9]of [E3][01]guys\ncoming in [E3][A6]and\nrummaging around!\f[E3][0B]interrupting\nan [E3][FC]job!\n[E3][06]punish you!		pending			
EN-06A744	main-dialogue-2	0x06A744	0x06A796	82	D7 C3 02 4D 65 74 61 20 43 72 61 62 3A CD C3 00 E3 09 73 68 6F 75 6C 64 60 76 65 20 67 6F 6E 65 2E 20 59 6F 75 CD 68 61 76 65 6E 60 74 20 67 69 76 65 6E 20 75 70 3F 20 49 60 6C 6C CD 74 65 61 63 68 20 E3 01 61 6E 6F 74 E3 F6 6C 65 73 73 6F 6E 21	00:1 01:1 02:1 09:1 C3:2 CD:3 D7:1 E3:3 F6:1	68	3	0	True	confirmed-record	[TOP][YELLOW]Meta Crab:\n[/HIGHLIGHT][E3][09]should`ve gone. You\nhaven`t given up? I`ll\nteach [E3][01]anot[E3][F6]lesson!		pending			
EN-06A797	main-dialogue-2	0x06A797	0x06A7D5	62	D7 20 C2 00 20 72 65 63 65 69 76 65 64 20 C3 02 31 30 30 30 20 47 50 C3 00 21 CC D7 E3 03 67 65 74 74 69 6E 67 20 E3 4A 6F 66 20 68 65 72 65 21 CD 57 61 74 63 68 20 E3 05 73 74 65 70 21	00:2 02:1 03:1 05:1 C2:1 C3:2 CC:1 CD:1 D7:2 E3:3	47	1	0	True	confirmed-record	[TOP] [NAME] received [YELLOW]1000 GP[/HIGHLIGHT]![CC][TOP][E3][03]getting [E3]Jof here!\nWatch [E3][05]step!		pending			
EN-06A7D6	main-dialogue-2	0x06A7D6	0x06A7EC	22	D7 4F 68 21 CD 45 78 63 E3 B9 6D 65 20 61 20 6D 69 6E 75 74 65 2E	B9:1 CD:1 D7:1 E3:1	18	1	0	False	confirmed-record	[TOP]Oh!\nExc[E3][B9]me a minute.		pending			
EN-06A949	main-dialogue-2	0x06A949	0x06A985	60	D7 20 43 61 72 6C 20 E3 2F E3 00 C3 02 20 4C 69 74 68 6F 2E DE C3 00 D7 D0 E0 07 2E 2E 2E 20 E3 51 74 68 69 73 3F CD C9 1E E3 0D 62 65 74 74 65 72 20 E3 C9 CD 53 63 72 61 70 2E DE	00:2 02:1 07:1 0D:1 1E:1 C3:2 C9:2 CD:2 D0:1 D7:2 DE:2 E0:1 E3:5	37	2	0	True	confirmed-record	[TOP] Carl [E3]/[E3][00][YELLOW] Litho.[DE][/HIGHLIGHT][TOP][WIPE][SPEAKER:07]... [E3]Qthis?\n[C9][1E][E3][0D]better [E3][C9]\nScrap.[DE]		pending			
EN-06A986	main-dialogue-2	0x06A986	0x06A9BE	56	D7 D0 E3 45 6E 6F 20 74 72 65 61 73 75 72 65 2E 20 57 68 61 74 CD 61 20 73 68 61 6D 65 21 20 E3 36 E3 F4 4F 4B 2E CD E3 34 E3 CA 67 6F 2E CD C9 1E 53 65 65 20 79 61 21	1E:1 C9:1 CA:1 CD:3 D0:1 D7:1 E3:5 F4:1	42	3	0	False	confirmed-record	[TOP][WIPE][E3]Eno treasure. What\na shame! [E3]6[E3][F4]OK.\n[E3]4[E3][CA]go.\n[C9][1E]See ya!		pending			
EN-06A9BF	main-dialogue-2	0x06A9BF	0x06AA17	88	D7 E0 07 DC 06 2E 2E 2E 2E 2E 2E 2E 2E 2E 2E 2E 2E CD DC 00 E3 0D 61 6C 6D 6F 73 74 20 65 6D 70 74 79 2E 2E 2E D1 49 74 20 E3 16 73 6F 20 6D 75 63 68 20 77 6F 72 6B 21 CD DC 01 55 68 68 6E 2E 2E 2E CD C9 0A 55 68 68 6E 2E 2E 2E CD C9 0A 55 68 68 6E 2E 2E 2E DC 00	00:2 01:1 06:1 07:1 0A:2 0D:1 16:1 C9:2 CD:4 D1:1 D7:1 DC:4 E0:1 E3:2	64	4	1	False	confirmed-record	[TOP][SPEAKER:07][DC][06]............\n[DC][00][E3][0D]almost empty...\fIt [E3][16]so much work!\n[DC][01]Uhhn...\n[C9][0A]Uhhn...\n[C9][0A]Uhhn...[DC][00]		pending			
EN-06AA18	main-dialogue-2	0x06AA18	0x06AA5B	67	D7 E0 07 E3 03 6F 62 6C 69 67 65 64 20 74 6F 20 79 6F 75 2E CD 57 65 60 6C 6C 20 73 70 6C 69 74 20 77 68 61 74 60 73 CD E3 D6 6F 76 65 72 2E D1 E3 09 E3 30 E3 23 E3 01 77 61 6E 74 CD 66 69 72 73 74 2E	01:1 03:1 07:1 09:1 CD:3 D1:1 D6:1 D7:1 E0:1 E3:6	50	3	1	False	confirmed-record	[TOP][SPEAKER:07][E3][03]obliged to you.\nWe`ll split what`s\n[E3][D6]over.\f[E3][09][E3]0[E3]#[E3][01]want\nfirst.		pending			
EN-06AA5C	main-dialogue-2	0x06AA5C	0x06AA7C	32	D7 E0 07 51 75 69 63 6B 2C 20 6F 70 65 6E 20 69 74 21 CD E3 19 61 20 73 6C 6F 77 70 6F 6B 65 21	07:1 19:1 CD:1 D7:1 E0:1 E3:1	26	1	0	False	confirmed-record	[TOP][SPEAKER:07]Quick, open it!\n[E3][19]a slowpoke!		pending			
EN-06AAD4	main-dialogue-2	0x06AAD4	0x06AB38	100	D7 AA 6B 02 1D C8 AB 02 34 F0 FF BD 06 00 09 01 02 9D 06 00 02 CB 6B D7 E3 24 69 73 20 77 68 65 72 65 CD 4D 65 74 61 20 43 72 61 62 20 6C 6F 63 6B 73 20 75 70 CD 74 72 65 73 70 61 73 73 65 72 73 2E 20 55 6E 61 75 74 68 6F 72 69 7A 65 64 CD 70 65 72 73 6F 6E 73 20 E3 1C 66 6F 72 62 69 64 64 65 6E 21	00:2 01:1 02:4 06:2 09:1 1C:1 1D:1 9D:1 AA:1 AB:1 BD:1 C8:1 CB:1 CD:3 D7:2 E3:2 F0:1 FF:1	73	3	0	False	confirmed-record	[TOP][AA]k[02][1D][C8][AB][02]4[F0][FF][BD][06][00][09][01][02][9D][06][00][02][CB]k[TOP][E3]$is where\nMeta Crab locks up\ntrespassers. Unauthorized\npersons [E3][1C]forbidden!		pending			
EN-06AB78	main-dialogue-2	0x06AB78	0x06ABC7	79	D7 E3 24 69 73 20 E3 00 62 61 74 68 20 75 73 65 64 20 62 79 CD C3 02 4D 65 74 61 20 43 72 61 62 20 C3 00 E3 00 48 65 61 64 20 48 61 63 6B 65 72 2E CD 49 66 20 61 6E 79 E3 78 65 6C 73 65 20 67 6F 65 73 20 69 6E CD E3 06 E3 26 6D 61 64 2E	00:3 02:1 06:1 C3:2 CD:3 D7:1 E3:6	62	3	0	True	confirmed-record	[TOP][E3]$is [E3][00]bath used by\n[YELLOW]Meta Crab [/HIGHLIGHT][E3][00]Head Hacker.\nIf any[E3]xelse goes in\n[E3][06][E3]&mad.		pending			
EN-06ABC8	main-dialogue-2	0x06ABC8	0x06AC03	59	D7 E3 09 E3 67 6C 69 73 74 65 6E 20 74 6F CD 72 65 61 73 6F 6E 2E 20 4B 69 64 73 20 77 68 6F CD E3 07 75 6E 64 65 72 73 74 61 6E 64 CD E3 12 62 65 20 70 75 6E 69 73 68 65 64 21	07:1 09:1 12:1 CD:3 D7:1 E3:4	48	3	0	False	confirmed-record	[TOP][E3][09][E3]glisten to\nreason. Kids who\n[E3][07]understand\n[E3][12]be punished!		pending			
EN-06AC19	main-dialogue-2	0x06AC19	0x06AC32	25	D7 20 E3 04 64 6F 6F 72 20 69 73 20 63 6C 6F 73 65 64 20 74 69 67 68 74 2E	04:1 D7:1 E3:1	22	0	0	False	confirmed-record	[TOP] [E3][04]door is closed tight.		pending			
EN-06AD1F	main-dialogue-2	0x06AD1F	0x06AEA2	387	D7 E3 51 68 61 70 70 65 6E 65 64 3F 20 59 6F 75 60 72 65 CD 69 6E 20 64 61 6E 67 65 72 2E 20 E3 45 62 65 65 6E CD E3 3A 74 6F 75 67 68 2D E3 65 67 75 79 73 CD 68 61 6E 67 69 6E 67 20 E3 70 6C 61 74 65 6C 79 2E D1 4D 65 3F 20 E3 03 67 72 6F 77 6E 20 75 70 2C CD E3 06 62 65 20 4F 4B 2E CD C9 1E E3 17 E3 3D 6E 6F 6E 73 65 6E 73 65 2E 20 4A 75 73 74 CD 67 6F 20 68 6F 6D 65 20 72 69 67 68 74 20 61 77 61 79 2E D1 57 68 61 74 3F C9 1E 20 53 6F 6D 65 74 68 69 6E 67 20 65 6C 73 65 3F CD C9 1E 2E 2E 2E 20 48 61 20 68 61 2E CD C9 1E E3 34 E3 1C E3 01 61 66 72 61 69 64 20 74 6F CD 67 6F 20 68 6F 6D 65 20 62 79 20 79 6F 75 72 73 65 6C 66 3F D1 44 6F 20 E3 01 E3 29 6D 65 20 74 6F CD 67 6F 20 E3 10 79 6F 75 3F CD 20 59 65 73 2C 20 70 6C 65 61 73 65 2E CD 20 E3 BA E3 06 67 6F 20 61 6C 6F 6E 65 2E CC D0 4E 6F 74 68 69 6E 67 20 49 20 E3 14 64 6F 2E CD 49 20 61 6D 20 C3 03 4D 69 6E 74 C3 02 2C CD E3 9B 72 65 70 6F 72 74 65 72 C3 00 2E CD C9 1E E3 03 63 6F 75 6E 74 69 6E 67 20 6F 6E 20 79 6F 75 21 D1 E3 06 66 6F 6C 6C 6F 77 20 79 6F 75 2E CD E3 09 6C 65 61 64 20 E3 00 77 61 79 2E CD C9 1E 2E 2E 2E 20 49 73 20 74 68 65 72 65 C9 1E 20 61 20 70 72 6F 62 6C 65 6D 3F	00:2 01:2 02:1 03:3 06:3 09:1 10:1 14:1 17:1 1C:1 1E:7 9B:1 BA:1 C3:3 C9:7 CC:1 CD:17 D0:1 D1:4 D7:1 E3:23	305	17	4	True	confirmed-record	[TOP][E3]Qhappened? You`re\nin danger. [E3]Ebeen\n[E3]:tough-[E3]eguys\nhanging [E3]plately.\fMe? [E3][03]grown up,\n[E3][06]be OK.\n[C9][1E][E3][17][E3]=nonsense. Just\ngo home right away.\fWhat?[C9][1E] Something else?\n[C9][1E]... Ha ha.\n[C9][1E][E3]4[E3][1C][E3][01]afraid to\ngo home by yourself?\fDo [E3][01][E3])me to\ngo [E3][10]you?\n Yes, please.\n [E3][BA][E3][06]go alone.[CC][WIPE]Nothing I [E3][14]do.\nI am [PINK]Mint[YELLOW],\n[E3][9B]reporter[/HIGHLIGHT].\n[C9][1E][E3][03]counting on you!\f[E3][06]follow you.\n[E3][09]lead [E3][00]way.\n[C9][1E]... Is there[C9][1E] a problem?		pending			
EN-06AEE9	main-dialogue-2	0x06AEE9	0x06B011	296	D7 E3 2E E3 09 61 67 61 69 6E 3F CD 49 66 20 E3 01 E3 29 73 6F 6D 65 74 68 69 6E 67 2C CD 73 70 65 61 6B 20 75 70 21 CD 41 72 65 6E 60 74 20 E3 01 61 20 6D 61 6E 21 3F D1 49 66 20 E3 01 E3 29 6D 65 20 74 6F 20 67 6F CD E3 10 79 6F 75 2C 20 73 61 79 20 73 6F 21 21 CD 20 E3 8C 67 6F 2E CD 20 49 20 E3 14 67 6F 20 61 6C 6F 6E 65 2E CC 00 00 68 00 00 02 75 C6 83 02 CC 02 0B 4F 00 61 AF 02 13 1A 01 76 AF 02 13 10 01 B0 AF 6B 02 0C 56 10 50 00 9E AF 02 0C 55 10 51 00 88 AF 80 D9 02 34 50 FF 02 D0 14 00 02 1D D3 AF 02 33 50 FF 02 0A 51 80 80 C3 02 34 50 FF 02 D0 14 00 02 1D 12 B0 02 0A 50 80 80 B1 02 0B 54 80 BD AF 02 0A 54 80 02 B2 6B 02 0C 55 20 51 00 CC AF 02 0A 55 80 02 B2 6B 02 0A 56 80 02 B2 6B D7 E0 04 48 61 76 65 6E 60 74 20 77 65 20 73 65 65 6E CD E3 0E E3 93 62 65 66 6F 72 65 3F D1 E3 73 79 6F 75 72 CD C9 1E 73 65 6E 73 65 20 6F 66 20 64 69 72 65 63 74 69 6F 6E 2E 2E 2E 3F	00:10 01:5 02:24 04:1 09:1 0A:5 0B:2 0C:3 0E:1 10:4 12:1 13:2 14:3 1A:1 1D:2 1E:1 80:9 83:1 88:1 8C:1 93:1 9E:1 AF:8 B0:2 B1:1 B2:3 BD:1 C3:1 C6:1 C9:1 CC:3 CD:8 D0:2 D1:2 D3:1 D7:2 D9:1 E0:1 E3:13 FF:3	162	8	2	True	confirmed-record	[TOP][E3].[E3][09]again?\nIf [E3][01][E3])something,\nspeak up!\nAren`t [E3][01]a man!?\fIf [E3][01][E3])me to go\n[E3][10]you, say so!!\n [E3][8C]go.\n I [E3][14]go alone.[CC][00][00]h[00][00][02]u[C6][83][02][CC][02][0B]O[00]a[AF][02][13][1A][01]v[AF][02][13][10][01][B0][AF]k[02][0C]V[10]P[00][9E][AF][02][0C]U[10]Q[00][88][AF][80][TOP2][02]4P[FF][02][WIPE][14][00][02][1D][D3][AF][02]3P[FF][02][0A]Q[80][80][YELLOW]4P[FF][02][WIPE][14][00][02][1D][12][B0][02][0A]P[80][80][B1][02][0B]T[80][BD][AF][02][0A]T[80][02][B2]k[02][0C]U Q[00][CC][AF][02][0A]U[80][02][B2]k[02][0A]V[80][02][B2]k[TOP][SPEAKER:04]Haven`t we seen\n[E3][0E][E3][93]before?\f[E3]syour\n[C9][1E]sense of direction...?		pending			
EN-06B012	main-dialogue-2	0x06B012	0x06B06D	91	D7 E0 04 48 65 79 2E 2E 2E 20 44 6F 20 79 6F 75 CD E3 5E E3 21 74 68 65 72 65 3F CD 49 73 20 69 74 20 61 20 68 6F 75 73 65 3F D1 2E 2E 2E 2E 2E 2E 2E 2E 2E 2E CD C9 3C E3 0B 74 65 72 72 69 62 6C 65 21 CD E3 09 E3 14 67 6F 20 68 6F 6D 65 CD 61 6C E3 78 E3 1F 68 65 72 65 21	04:1 09:1 0B:1 14:1 1F:1 C9:1 CD:5 D1:1 D7:1 E0:1 E3:7	70	5	1	False	confirmed-record	[TOP][SPEAKER:04]Hey... Do you\n[E3]^[E3]!there?\nIs it a house?\f..........\n[C9]<[E3][0B]terrible!\n[E3][09][E3][14]go home\nal[E3]x[E3][1F]here!		pending			
EN-06B182	main-dialogue-2	0x06B182	0x06B19B	25	D7 E0 04 48 65 79 21 20 E3 A5 72 69 64 20 6F 66 CD E3 0E 6D 6F 75 73 65 21	04:1 0E:1 A5:1 CD:1 D7:1 E0:1 E3:2	17	1	0	False	confirmed-record	[TOP][SPEAKER:04]Hey! [E3][A5]rid of\n[E3][0E]mouse!		pending			
EN-06B19C	main-dialogue-2	0x06B19C	0x06B1BA	30	D7 E0 04 2E 2E 2E 20 57 68 61 74 3F CD E3 45 61 CD E3 90 69 6E 20 6D 79 20 62 61 67 3F 21	04:1 90:1 CD:2 D7:1 E0:1 E3:2	22	2	0	False	confirmed-record	[TOP][SPEAKER:04]... What?\n[E3]Ea\n[E3][90]in my bag?!		pending			
EN-06B1BB	main-dialogue-2	0x06B1BB	0x06B251	150	D7 E0 04 2E 2E 2E 20 E3 09 73 61 79 20 E3 4B 77 61 73 CD 61 20 E3 90 69 6E 20 6D 79 20 62 61 67 2E 2E 2E DE D7 2E 2E 2E 20 41 6E 79 77 61 79 2C 20 E3 02 79 6F 75 CD 73 65 65 6E 20 E3 00 73 74 72 61 6E 67 65 20 64 6F 6C 6C 73 3F CD E3 45 61 20 E3 74 6D 61 6E CD 66 6F 6C 6C 6F 77 69 6E 67 20 E3 AD 61 72 6F 75 6E 64 2E D1 E3 CE E3 94 61 20 E3 90 67 6F CD 69 6E 20 61 20 63 6F 6E 66 69 6E 65 64 20 73 70 61 63 65 3F CD 49 20 E3 07 E3 56 74 68 69 73 21	00:1 02:1 04:1 07:1 09:1 90:2 94:1 AD:1 CD:6 CE:1 D1:1 D7:2 DE:1 E0:1 E3:13	116	6	1	False	confirmed-record	[TOP][SPEAKER:04]... [E3][09]say [E3]Kwas\na [E3][90]in my bag...[DE][TOP]... Anyway, [E3][02]you\nseen [E3][00]strange dolls?\n[E3]Ea [E3]tman\nfollowing [E3][AD]around.\f[E3][CE][E3][94]a [E3][90]go\nin a confined space?\nI [E3][07][E3]Vthis!		pending			
EN-06B2A8	main-dialogue-2	0x06B2A8	0x06B2B0	8	D7 53 71 75 65 61 6B 21	D7:1	7	0	0	False	confirmed-record	[TOP]Squeak!		pending			
EN-06B2B1	main-dialogue-2	0x06B2B1	0x06B329	120	D7 DC 01 59 6F 75 2E 2E 2E 20 E3 09 73 70 65 61 6B 20 4D 6F 75 73 65 2C CD E3 07 79 6F 75 3F 20 53 71 75 65 61 6B 3F CD C9 1E E3 34 49 20 E3 29 74 6F 20 73 70 65 61 6B 20 74 6F CD 68 65 72 2E 20 53 71 75 65 61 6B 21 D1 4D 79 20 E3 39 E3 78 69 73 20 74 72 61 70 70 65 64 CD 69 6E 20 E3 F6 62 61 67 2E 20 E3 03 73 6F CD 75 70 73 65 74 21 20 53 71 75 65 61 6B 21	01:1 03:1 07:1 09:1 1E:1 C9:1 CD:5 D1:1 D7:1 DC:1 E3:8 F6:1	97	5	1	False	confirmed-record	[TOP][DC][01]You... [E3][09]speak Mouse,\n[E3][07]you? Squeak?\n[C9][1E][E3]4I [E3])to speak to\nher. Squeak!\fMy [E3]9[E3]xis trapped\nin [E3][F6]bag. [E3][03]so\nupset! Squeak!		pending			
EN-06B3AE	main-dialogue-2	0x06B3AE	0x06B3BE	16	D7 53 71 75 65 61 6B 21 20 53 71 75 65 61 6B 21	D7:1	15	0	0	False	confirmed-record	[TOP]Squeak! Squeak!		pending			
EN-06B3BF	main-dialogue-2	0x06B3BF	0x06B41B	92	D7 E3 7C 79 6F 75 21 20 53 71 75 65 61 6B 21 20 49 6E CD 65 78 63 68 61 6E 67 65 2C 20 E3 06 E3 4F 79 6F 75 CD 73 6F 6D 65 74 68 69 6E 67 2E 20 53 71 75 65 61 6B 21 D1 E3 D0 61 20 E3 5D E3 C6 61 74 20 74 68 65 CD 6C 65 66 74 2D 68 E3 08 77 61 6C 6C 2E 20 53 71 75 65 61 6B 21	06:1 08:1 C6:1 CD:3 D0:1 D1:1 D7:1 E3:7	76	3	1	False	confirmed-record	[TOP][E3]|you! Squeak! In\nexchange, [E3][06][E3]Oyou\nsomething. Squeak!\f[E3][WIPE]a [E3]][E3][C6]at the\nleft-h[E3][08]wall. Squeak!		pending			
EN-06B41C	main-dialogue-2	0x06B41C	0x06B4D0	180	D7 54 68 65 73 65 20 64 6F 6C 6C 73 20 63 61 6E 60 74 CD C3 02 62 65 61 74 20 6D 69 63 65 C3 00 2E 20 53 71 75 65 61 6B 21 CD E3 36 E3 71 6F 66 20 E3 00 68 75 6D 61 6E 73 20 68 61 76 65 CD 74 75 72 6E 65 64 20 69 6E 74 6F 20 64 6F 6C 6C 73 21 20 53 71 75 65 61 6B 21 D1 C3 02 42 65 6C 6F 77 20 E3 00 43 6C 6F 63 6B 20 54 6F 77 65 72 CD C3 00 E3 00 50 72 69 6E 63 65 20 6F 66 20 44 6F 6C 6C 73 CD 69 73 20 74 75 72 6E 69 6E 67 20 68 75 6D 61 6E 73 CD 69 6E 74 6F 20 64 6F 6C 6C 73 2E D1 4D 61 6D 61 20 E3 D3 6D 65 2E 20 53 71 75 65 61 6B 21	00:5 02:2 C3:4 CD:6 D1:2 D3:1 D7:1 E3:6	153	6	2	True	confirmed-record	[TOP]These dolls can`t\n[YELLOW]beat mice[/HIGHLIGHT]. Squeak!\n[E3]6[E3]qof [E3][00]humans have\nturned into dolls! Squeak!\f[YELLOW]Below [E3][00]Clock Tower\n[/HIGHLIGHT][E3][00]Prince of Dolls\nis turning humans\ninto dolls.\fMama [E3][D3]me. Squeak!		pending			
EN-06B50E	main-dialogue-2	0x06B50E	0x06B52D	31	D7 20 C2 00 20 E3 2F 74 68 65 CD C3 02 20 53 65 63 72 65 74 20 50 61 73 73 61 67 65 21 C3 00	00:2 02:1 C2:1 C3:2 CD:1 D7:1 E3:1	22	1	0	True	confirmed-record	[TOP] [NAME] [E3]/the\n[YELLOW] Secret Passage![/HIGHLIGHT]		pending			
EN-06B69D	main-dialogue-2	0x06B69D	0x06B6E3	70	D7 C3 03 E3 09 E3 8D 68 61 76 65 6E 60 74 20 68 61 64 CD 65 6E 6F 75 67 68 3F 20 49 66 20 E3 01 77 61 6E 74 CD 74 6F 20 6A 6F 69 6E 20 75 73 20 E3 15 6D 75 63 68 2C CD 77 65 60 6C 6C 20 6C 65 74 20 79 6F 75 2E	01:1 03:1 09:1 15:1 8D:1 C3:1 CD:3 D7:1 E3:4	56	3	0	True	confirmed-record	[TOP][PINK][E3][09][E3][8D]haven`t had\nenough? If [E3][01]want\nto join us [E3][15]much,\nwe`ll let you.		pending			
EN-06B6E4	main-dialogue-2	0x06B6E4	0x06B72C	72	D7 C3 03 57 68 61 74 3F C9 1E 20 57 68 61 74 3F C9 1E 20 57 68 61 74 3F C9 1E 20 41 20 6D 6F 75 73 65 21 3F CD 55 67 68 21 20 49 20 E3 0F 62 65 61 74 20 6D 69 63 65 21 CD C9 1E 4D 61 6D 75 72 61 6E 61 21 21 21 C3 00	00:1 03:1 0F:1 1E:4 C3:2 C9:4 CD:2 D7:1 E3:1	55	2	0	True	confirmed-record	[TOP][PINK]What?[C9][1E] What?[C9][1E] What?[C9][1E] A mouse!?\nUgh! I [E3][0F]beat mice!\n[C9][1E]Mamurana!!![/HIGHLIGHT]		pending			
EN-06B75D	main-dialogue-2	0x06B75D	0x06B7C3	102	D7 C3 03 54 65 65 20 68 65 65 20 68 65 65 2E CD C9 1E 57 65 6C 63 6F 6D 65 2C 20 73 6F 6E 6E 79 2E CD 4D 61 6D 75 72 61 6E 61 20 74 75 72 6E 65 64 20 79 6F 75 CD 69 6E 74 6F 20 61 20 64 6F 6C 6C 2C 20 74 6F 6F 3F D1 E3 36 4D 61 6D 75 72 61 6E 61 20 69 73 CD E3 96 62 75 73 79 2E 2E 2E CD E3 A5 6F 75 74 2E	03:1 1E:1 96:1 A5:1 C3:1 C9:1 CD:5 D1:1 D7:1 E3:3	86	5	1	True	confirmed-record	[TOP][PINK]Tee hee hee.\n[C9][1E]Welcome, sonny.\nMamurana turned you\ninto a doll, too?\f[E3]6Mamurana is\n[E3][96]busy...\n[E3][A5]out.		pending			
EN-06B7C4	main-dialogue-2	0x06B7C4	0x06B7FF	59	D7 C3 03 42 61 63 6B 20 61 67 61 69 6E 3F 20 46 6F 6F 6C 21 CD C9 1E 47 69 76 65 20 75 70 21 20 E3 0B 6E 6F CD 6D 61 74 63 68 20 E3 0C 6D 65 21 CD 4E 6F 20 E3 78 69 73 21 C3 00	00:1 03:1 0B:1 0C:1 1E:1 C3:2 C9:1 CD:3 D7:1 E3:3	44	3	0	True	confirmed-record	[TOP][PINK]Back again? Fool!\n[C9][1E]Give up! [E3][0B]no\nmatch [E3][0C]me!\nNo [E3]xis![/HIGHLIGHT]		pending			
EN-06B858	main-dialogue-2	0x06B858	0x06B869	17	D7 CD 53 71 75 65 61 6B 21 20 53 71 75 65 61 6B 21	CD:1 D7:1	15	1	0	False	confirmed-record	[TOP]\nSqueak! Squeak!		pending			
EN-06B86A	main-dialogue-2	0x06B86A	0x06B8F4	138	D7 E3 5B 69 6E 20 74 69 6D 65 21 20 53 71 75 65 61 6B 21 CD E3 09 E3 95 6D 79 20 E3 39 6F 6E 65 2E CD E3 7C 79 6F 75 21 20 53 71 75 65 61 6B 21 D1 E3 09 E3 14 E3 26 62 65 6C 6F 77 20 74 68 65 CD 54 6F 77 65 72 20 E3 1F E3 C3 74 68 65 72 65 2E D1 53 71 75 65 61 6B 21 20 E3 48 61 72 65 CD 67 68 6F 73 74 73 20 73 68 61 70 65 64 20 E3 2D 64 6F 6C 6C 73 2C CD 62 65 20 63 61 72 65 66 75 6C 21 20 53 71 75 65 61 6B 21	09:2 14:1 1F:1 74:1 95:1 C3:1 CD:5 D1:2 D7:1 E3:12	111	5	2	False	confirmed-record	[TOP][E3][in time! Squeak!\n[E3][09][E3][95]my [E3]9one.\n[E3]|you! Squeak!\f[E3][09][E3][14][E3]&below the\nTower [E3][1F][E3][C3:74]here.\fSqueak! [E3]Hare\nghosts shaped [E3]-dolls,\nbe careful! Squeak!		pending			
EN-06B9FD	main-dialogue-2	0x06B9FD	0x06BA12	21	D7 41 68 21 CD 49 2E 2E 2E 20 C9 1E 49 20 E3 0F 6D 6F 76 65 21	0F:1 1E:1 C9:1 CD:1 D7:1 E3:1	15	1	0	False	confirmed-record	[TOP]Ah!\nI... [C9][1E]I [E3][0F]move!		pending			
EN-06BC2D	main-dialogue-2	0x06BC2D	0x06BCA3	118	D7 C3 03 49 20 E3 6A 79 6F 75 60 64 20 63 6F 6D 65 2E CD C9 1E E3 6B E3 01 E3 65 E3 0C 74 68 69 73 CD 73 74 6F 6E 65 2C 20 74 6F 6F 3F D1 42 75 74 2C C9 1E 20 E3 07 74 72 79 20 74 6F 20 66 6F 6F 6C 20 6D 65 CD E3 35 62 65 63 61 E3 B9 E3 03 61 20 64 6F 6C 6C 2E CD 49 20 E3 14 E3 7B 73 68 61 70 65 CD 74 68 61 6E 6B 73 20 74 6F 20 E3 0E 73 74 6F 6E 65 2E	01:1 03:2 07:1 0C:1 0E:1 14:1 1E:2 B9:1 C3:1 C9:2 CD:5 D1:1 D7:1 E3:12	86	5	1	True	confirmed-record	[TOP][PINK]I [E3]jyou`d come.\n[C9][1E][E3]k[E3][01][E3]e[E3][0C]this\nstone, too?\fBut,[C9][1E] [E3][07]try to fool me\n[E3]5beca[E3][B9][E3][03]a doll.\nI [E3][14][E3]{shape\nthanks to [E3][0E]stone.		pending			
EN-06BCA4	main-dialogue-2	0x06BCA4	0x06BCDE	58	D7 C3 03 45 76 65 6E 20 69 66 20 E3 01 72 61 6E 2C CD C9 1E 69 66 20 49 20 E3 26 E3 05 73 74 6F 6E 65 CD E3 06 62 65 20 61 62 6C 65 20 74 6F CD E3 B9 E3 C1 70 6F 77 65 72 2E	01:1 03:1 05:1 06:1 1E:1 B9:1 C1:1 C3:1 C9:1 CD:3 D7:1 E3:6	39	3	0	True	confirmed-record	[TOP][PINK]Even if [E3][01]ran,\n[C9][1E]if I [E3]&[E3][05]stone\n[E3][06]be able to\n[E3][B9][E3][C1]power.		pending			
EN-06BCDF	main-dialogue-2	0x06BCDF	0x06BD17	56	D7 20 C2 00 20 72 65 63 65 69 76 65 64 20 C3 02 E3 59 32 C3 00 21 DC 00 CC D7 20 C2 00 20 E3 2F C3 02 E3 59 32 21 CD C3 00 20 E3 22 E3 4B E3 16 6E 6F 20 72 6F 6F 6D 2E	00:5 02:2 16:1 C2:2 C3:4 CC:1 CD:1 D7:2 DC:1 E3:6	31	1	0	True	confirmed-record	[TOP] [NAME] received [YELLOW][E3]Y2[/HIGHLIGHT]![DC][00][CC][TOP] [NAME] [E3]/[YELLOW][E3]Y2!\n[/HIGHLIGHT] [E3]"[E3]K[E3][16]no room.		pending			
EN-06BD18	main-dialogue-2	0x06BD18	0x06BD44	44	D7 C3 03 4E 6F 21 CD C9 3C 49 20 E3 14 E3 7B 66 6F 72 6D 20 E3 1F 61 CD 62 6F 72 69 6E 67 20 64 6F 6C 6C 20 62 75 74 2E 2E 2E C3 00	00:1 03:1 14:1 1F:1 C3:2 C9:1 CD:2 D7:1 E3:3	31	2	0	True	confirmed-record	[TOP][PINK]No!\n[C9]<I [E3][14][E3]{form [E3][1F]a\nboring doll but...[/HIGHLIGHT]		pending			
EN-06BFE4	main-dialogue-2	0x06BFE4	0x06C060	124	D7 E0 04 49 20 E3 58 74 68 61 74 21 CD 41 6E 20 65 78 63 6C 75 73 69 76 65 21 D1 41 20 73 74 E3 78 63 61 6C 6C 65 64 20 74 68 65 CD E0 00 20 69 73 20 74 68 65 CD 67 6F 61 6C 20 6F 66 20 E3 00 48 61 63 6B 65 72 73 21 3F CD E3 19 61 20 73 63 6F 6F 70 21 D1 E3 06 67 6F 20 E3 3E E3 08 77 72 69 74 65 CD 61 6E 20 61 72 74 69 63 6C 65 20 69 6D 6D 65 64 69 61 74 65 6C 79 21 21	00:2 04:1 06:1 08:1 19:1 CD:5 D1:2 D7:1 E0:2 E3:7	101	5	2	False	confirmed-record	[TOP][SPEAKER:04]I [E3]Xthat!\nAn exclusive!\fA st[E3]xcalled the\n[SPEAKER:00] is the\ngoal of [E3][00]Hackers!?\n[E3][19]a scoop!\f[E3][06]go [E3]>[E3][08]write\nan article immediately!!		pending			
EN-06C45B	main-dialogue-2	0x06C45B	0x06C485	42	D7 20 49 20 E3 0F 74 65 6C 6C 2C 20 62 75 74 CD 20 73 6F 6D 65 74 68 69 6E 67 60 73 20 73 75 73 70 69 63 69 6F 75 73 2E 2E 2E	0F:1 CD:1 D7:1 E3:1	38	1	0	False	confirmed-record	[TOP] I [E3][0F]tell, but\n something`s suspicious...		pending			
EN-06C486	main-dialogue-2	0x06C486	0x06C4CC	70	D7 20 C2 00 20 63 68 65 63 6B 65 64 20 E3 4A 74 68 65 CD C3 02 20 57 61 6C 6C C3 00 2E D1 C9 14 20 E3 48 E3 16 61 20 68 69 64 64 65 6E CD 20 70 61 73 73 61 67 65 20 6F 6E CD 20 E3 00 6F 74 E3 F6 73 69 64 65 21	00:3 02:1 14:1 16:1 C2:1 C3:2 C9:1 CD:3 D1:1 D7:1 E3:5 F6:1	49	3	1	True	confirmed-record	[TOP] [NAME] checked [E3]Jthe\n[YELLOW] Wall[/HIGHLIGHT].\f[C9][14] [E3]H[E3][16]a hidden\n passage on\n [E3][00]ot[E3][F6]side!		pending			
EN-06C6B8	main-dialogue-2	0x06C6B8	0x06C6F5	61	D7 E0 04 45 76 65 72 20 73 69 6E 63 65 20 49 20 73 61 77 20 68 69 6D 2E CD C3 02 E3 09 E3 4E E3 C6 E3 0C E3 44 64 6F 67 21 CD C3 00 E3 04 E3 BD E3 18 E3 44 6D 65 64 69 63 69 6E 65 2E	00:1 02:1 04:2 09:1 0C:1 18:1 BD:1 C3:2 C6:1 CD:2 D7:1 E0:1 E3:9	37	2	0	True	confirmed-record	[TOP][SPEAKER:04]Ever since I saw him.\n[YELLOW][E3][09][E3]N[E3][C6][E3][0C][E3]Ddog!\n[/HIGHLIGHT][E3][04][E3][BD][E3][18][E3]Dmedicine.		pending			
EN-06C6F6	main-dialogue-2	0x06C6F6	0x06C71E	40	D7 E0 04 E3 0B 74 65 72 72 69 66 69 63 21 CD E3 A2 74 6F 20 E3 01 68 65 2C CD 74 6F 6F 2C 20 69 73 20 73 61 76 65 64 21	01:1 04:1 0B:1 A2:1 CD:2 D7:1 E0:1 E3:3	29	2	0	False	confirmed-record	[TOP][SPEAKER:04][E3][0B]terrific!\n[E3][A2]to [E3][01]he,\ntoo, is saved!		pending			
EN-06C788	main-dialogue-2	0x06C788	0x06C7C9	65	D7 E0 04 57 61 69 74 21 3F 20 57 6F 75 6C 64 20 E3 01 64 65 73 65 72 74 CD 61 20 77 6F 75 6E 64 65 64 20 6D 61 6E 3F 20 4C 69 73 74 65 6E CD 74 6F 20 6D 79 20 73 74 6F 72 79 20 66 69 72 73 74 21	01:1 04:1 CD:2 D7:1 E0:1 E3:1	58	2	0	False	confirmed-record	[TOP][SPEAKER:04]Wait!? Would [E3][01]desert\na wounded man? Listen\nto my story first!		pending			
EN-06C7CA	main-dialogue-2	0x06C7CA	0x06C853	137	D7 E0 04 57 65 6C 6C 2C D1 C9 1E E3 3E 74 6F 20 77 6F 72 6B 21 20 E3 04 48 61 63 6B 65 72 73 CD E3 1C 75 70 20 74 6F 20 73 6F 6D 65 74 68 69 6E 67 CD 69 6E 20 E3 0E 6D 61 6E 73 69 6F 6E 21 D1 E3 19 69 73 20 E3 CB 67 6F 61 6C 3F CD 49 20 E3 02 74 6F 20 E3 4D 6F 75 74 CD E3 23 69 74 20 69 73 21 CD C9 1E E3 34 46 6C 61 76 6F 6E 2C 20 E3 30 63 61 72 65 2E D1 C2 00 2C 20 68 75 72 72 79 20 75 70 21 20 47 6F 21 21	00:1 02:1 04:2 0E:1 19:1 1C:1 1E:2 C2:1 C9:2 CB:1 CD:5 D1:3 D7:1 E0:1 E3:11	103	5	3	False	confirmed-record	[TOP][SPEAKER:04]Well,\f[C9][1E][E3]>to work! [E3][04]Hackers\n[E3][1C]up to something\nin [E3][0E]mansion!\f[E3][19]is [E3][CB]goal?\nI [E3][02]to [E3]Mout\n[E3]#it is!\n[C9][1E][E3]4Flavon, [E3]0care.\f[NAME], hurry up! Go!!		pending			
EN-06C911	main-dialogue-2	0x06C911	0x06C965	84	D7 CB 02 56 51 53 C9 02 0A 67 80 02 1D 05 CC 02 1D 34 CC A9 50 FF 8D 6E 05 02 3C 17 02 D0 A4 01 02 3E FF 02 CB AD 72 08 F0 01 6B 02 1F DB D9 02 1D 87 CC 02 33 50 FF 02 CF 80 C8 86 6B 02 1D 87 CC 6B 02 1D 50 CC 6B D7 42 6F 77 20 77 6F 77 20 77 6F 77 21	01:2 02:14 05:2 08:1 0A:1 17:1 1D:5 1F:1 80:2 86:1 87:2 8D:1 A4:1 A9:1 AD:1 C8:1 C9:1 CB:2 CC:5 CF:1 D0:1 D7:2 D9:1 DB:1 F0:1 FF:3	29	0	0	False	confirmed-record	[TOP][CB][02]VQS[C9][02][0A]g[80][02][1D][05][CC][02][1D]4[CC][A9]P[FF][8D]n[05][02]<[17][02][WIPE][A4][01][02]>[FF][02][CB][AD]r[08][F0][01]k[02][1F][DB][TOP2][02][1D][87][CC][02]3P[FF][02][CF][80][C8][86]k[02][1D][87][CC]k[02][1D]P[CC]k[TOP]Bow wow wow!		pending			
EN-06C966	main-dialogue-2	0x06C966	0x06CAC6	352	D7 48 61 76 65 6E 60 74 20 77 65 20 6D 65 74 20 62 65 66 6F 72 65 3F CD C9 1E E3 6B E3 01 C2 00 3F CD C9 1E E3 09 E3 C6 E3 2D E3 05 66 61 74 68 65 72 2E D1 E3 03 C3 02 46 6C 61 76 6F 6E C9 1E C3 00 2E CD 49 20 E3 3B E3 05 66 61 74 68 65 72 2E CD 49 20 E3 6E 70 61 72 74 2D 77 61 79 CD E3 10 68 69 6D 2E 2E 2E D1 4F 75 63 68 21 CD C9 1E 49 20 E3 16 62 65 69 6E 67 20 63 68 61 73 65 64 20 62 79 CD E3 00 48 61 63 6B 65 72 73 2C 20 E3 08 62 75 6D 70 65 64 CD 6D 79 20 68 69 70 2E D1 C3 02 57 6F 75 6C 64 20 E3 01 E3 6D 6D 65 20 6C 6F 6F 6B CD E3 0C 6D 79 20 62 61 67 3F 20 CD C3 00 4D 79 20 E3 BD E3 99 E3 18 69 74 2E D1 41 20 77 68 69 74 65 20 64 6F 67 CD 6E 61 6D 65 64 20 50 61 72 73 6C 65 79 2E D1 D3 55 CA D7 E0 0F 50 61 72 73 6C 65 79 20 69 73 20 61 20 6C 69 74 74 6C 65 CD 77 68 69 74 65 20 E3 BD 77 69 74 68 CD 61 20 70 61 63 6B 20 6F 6E 20 E3 44 62 61 63 6B 2E D1 48 65 20 C3 02 6C 69 6B 65 73 20 73 68 69 6E 79 20 74 68 69 6E 67 73 C3 00 2E CD 48 65 60 6C 6C 20 E3 20 74 6F 20 79 6F 75 CD 69 66 20 E3 01 E3 85 68 69 6D CD E3 21 62 72 69 67 68 74 2E	00:5 01:3 02:3 03:1 05:2 08:1 09:1 0C:1 0F:1 10:1 16:1 18:1 1E:4 85:1 99:1 BD:2 C2:1 C3:6 C6:1 C9:4 CA:1 CD:16 D1:6 D3:1 D7:2 E0:1 E3:26	258	16	6	True	confirmed-record	[TOP]Haven`t we met before?\n[C9][1E][E3]k[E3][01][NAME]?\n[C9][1E][E3][09][E3][C6][E3]-[E3][05]father.\f[E3][03][YELLOW]Flavon[C9][1E][/HIGHLIGHT].\nI [E3];[E3][05]father.\nI [E3]npart-way\n[E3][10]him...\fOuch!\n[C9][1E]I [E3][16]being chased by\n[E3][00]Hackers, [E3][08]bumped\nmy hip.\f[YELLOW]Would [E3][01][E3]mme look\n[E3][0C]my bag? \n[/HIGHLIGHT]My [E3][BD][E3][99][E3][18]it.\fA white dog\nnamed Parsley.\f[D3]U[CA][TOP][SPEAKER:0F]Parsley is a little\nwhite [E3][BD]with\na pack on [E3]Dback.\fHe [YELLOW]likes shiny things[/HIGHLIGHT].\nHe`ll [E3] to you\nif [E3][01][E3][85]him\n[E3]!bright.		pending			
EN-06CAC7	main-dialogue-2	0x06CAC7	0x06CAE9	34	D7 E0 0F 4F 68 21 CD E3 FA 62 72 6F 75 67 68 74 20 50 61 72 73 6C 65 79 21 CD E3 03 73 61 76 65 64 21	03:1 0F:1 CD:2 D7:1 E0:1 E3:2 FA:1	25	2	0	False	confirmed-record	[TOP][SPEAKER:0F]Oh!\n[E3][FA]brought Parsley!\n[E3][03]saved!		pending			
EN-06CAEA	main-dialogue-2	0x06CAEA	0x06CBD6	236	D7 E0 0F DC 09 2E 2E 2E DC 00 C9 1E 49 73 20 73 68 65 20 67 6F 6E 65 3F CD C9 1E 47 6F 6F 64 2E 20 41 74 20 6C 61 73 74 20 77 65 20 63 61 6E CD E3 3D 63 61 6C 6D 6C 79 2E D1 C2 00 2C 20 64 6F 20 E3 01 E3 3B 6F 66 20 74 68 65 CD E0 00 20 53 74 6F 6E 65 3F 20 44 69 64 CD E3 05 E3 1D E3 4F 79 6F 75 3F D1 E3 40 E3 1D E3 16 6C 6F 6F 6B 69 6E 67 CD E3 0C E3 00 73 74 6F 6E 65 2C D1 E3 22 73 6F 6D 65 68 6F 77 20 E3 00 48 61 63 6B 65 72 73 CD E3 2F E3 4A 68 65 20 E3 16 6C 6F 6F 6B 69 6E 67 CD E3 0C 69 74 2E D1 57 65 60 6C 6C 20 E3 3D E3 C1 6C 61 74 65 72 2E CD E3 A3 E0 00 20 E3 18 74 6F CD 62 65 20 66 6F 75 6E 64 2C 20 E3 F2 74 68 65 CD E3 46 64 6F 2E 20 51 75 69 63 6B 6C 79 2E 2E 2E DE D7 CD 4F 75 63 68 21	00:6 01:1 05:1 09:1 0C:2 0F:1 16:2 18:1 1D:2 1E:2 A3:1 C1:1 C2:1 C9:2 CD:11 D1:4 D7:2 DC:2 DE:1 E0:3 E3:23 F2:1	165	11	4	False	confirmed-record	[TOP][SPEAKER:0F][DC][09]...[DC][00][C9][1E]Is she gone?\n[C9][1E]Good. At last we can\n[E3]=calmly.\f[NAME], do [E3][01][E3];of the\n[SPEAKER:00] Stone? Did\n[E3][05][E3][1D][E3]Oyou?\f[E3]@[E3][1D][E3][16]looking\n[E3][0C][E3][00]stone,\f[E3]"somehow [E3][00]Hackers\n[E3]/[E3]Jhe [E3][16]looking\n[E3][0C]it.\fWe`ll [E3]=[E3][C1]later.\n[E3][A3][SPEAKER:00] [E3][18]to\nbe found, [E3][F2]the\n[E3]Fdo. Quickly...[DE][TOP]\nOuch!		pending			
EN-06CBD7	main-dialogue-2	0x06CBD7	0x06CC86	175	D7 E0 0F 4D 79 20 68 69 70 20 69 73 20 73 74 69 6C 6C 2E 2E 2E 2E 2E 2E CD C9 28 C2 00 2C 20 CD E3 01 67 6F 20 6F 6E 20 E3 69 6D 65 2E DE D7 E3 06 E3 37 E3 01 E3 0E C3 02 4C 69 67 68 74 C3 00 2C CD 73 6F 20 E3 01 E3 14 E3 4D E3 05 77 61 79 2E CD E3 D0 69 74 20 65 61 73 79 2E DE D7 20 C2 00 20 72 65 63 65 69 76 65 64 CD 20 E3 00 C3 02 4C 69 67 68 74 C3 00 21 CC D7 E3 45 E3 21 49 60 64 CD E3 2D 74 6F 20 E3 37 79 6F 75 2C 20 62 75 74 CD E3 05 E3 4C 66 75 6C 6C 2E CD E3 A5 72 69 64 20 6F 66 20 73 6F 6D 65 74 68 69 6E 67 2E	00:5 01:3 02:2 05:2 06:1 0E:1 0F:1 14:1 A5:1 C2:2 C3:4 C9:1 CC:1 CD:8 D0:1 D7:4 DE:2 E0:1 E3:19	115	8	0	True	confirmed-record	[TOP][SPEAKER:0F]My hip is still......\n[C9]([NAME], \n[E3][01]go on [E3]ime.[DE][TOP][E3][06][E3]7[E3][01][E3][0E][YELLOW]Light[/HIGHLIGHT],\nso [E3][01][E3][14][E3]M[E3][05]way.\n[E3][WIPE]it easy.[DE][TOP] [NAME] received\n [E3][00][YELLOW]Light[/HIGHLIGHT]![CC][TOP][E3]E[E3]!I`d\n[E3]-to [E3]7you, but\n[E3][05][E3]Lfull.\n[E3][A5]rid of something.		pending			
EN-06CC87	main-dialogue-2	0x06CC87	0x06CCE1	90	D7 E0 0F E3 03 E3 25 74 6F 20 74 68 65 CD C3 02 52 6F 6F 6D 20 6E 65 61 72 20 E3 00 57 65 73 74 20 48 61 6C 6C C3 00 CD 74 6F 20 E3 30 61 20 E3 39 62 72 65 61 6B 2E D1 E3 09 E3 14 E3 4D 6D 65 20 74 68 65 72 65 2E CD C9 1E 49 20 61 6D 20 73 6F 20 61 73 68 61 6D 65 64 2E	00:2 02:1 03:1 09:1 0F:1 14:1 1E:1 C3:2 C9:1 CD:3 D1:1 D7:1 E0:1 E3:8	65	3	1	True	confirmed-record	[TOP][SPEAKER:0F][E3][03][E3]%to the\n[YELLOW]Room near [E3][00]West Hall[/HIGHLIGHT]\nto [E3]0a [E3]9break.\f[E3][09][E3][14][E3]Mme there.\n[C9][1E]I am so ashamed.		pending			
EN-06CD58	main-dialogue-2	0x06CD58	0x06CD7A	34	D7 C3 03 DC 01 CD E3 34 77 65 6C 6C 2E CD C9 3C DC 00 48 65 6C 6C 6F 20 C9 1E 74 68 65 72 65 2E C3 00	00:2 01:1 03:1 1E:1 C3:2 C9:2 CD:2 D7:1 DC:2 E3:1	19	2	0	True	confirmed-record	[TOP][PINK][DC][01]\n[E3]4well.\n[C9]<[DC][00]Hello [C9][1E]there.[/HIGHLIGHT]		pending			
EN-06CD7B	main-dialogue-2	0x06CD7B	0x06CDF1	118	D7 C3 03 57 65 6C 6C 2E 2E 2E 20 E3 09 68 61 76 65 CD C9 28 E3 21 6E 69 63 65 20 E3 10 79 6F 75 2E CD 41 20 62 72 69 67 68 74 2C 20 73 68 69 6E 79 20 73 74 6F 6E 65 2E CD C9 1E 4C 69 6B 65 20 E3 00 E3 78 49 20 68 61 76 65 2E 2E 2E D1 49 20 E3 29 E3 15 6F 6E 65 2C 20 74 6F 6F 2E CD C9 1E E3 45 61 20 67 72 65 61 74 CD 70 6F 77 65 72 20 69 6E 20 69 74 2E	00:1 03:1 09:1 10:1 15:1 1E:2 C3:1 C9:3 CD:5 D1:1 D7:1 E3:8	92	5	1	True	confirmed-record	[TOP][PINK]Well... [E3][09]have\n[C9]([E3]!nice [E3][10]you.\nA bright, shiny stone.\n[C9][1E]Like [E3][00][E3]xI have...\fI [E3])[E3][15]one, too.\n[C9][1E][E3]Ea great\npower in it.		pending			
EN-06CE4C	main-dialogue-2	0x06CE4C	0x06CEA2	86	D7 C3 03 DC 01 48 65 79 2E 2E 2E CD C9 1E DC 00 E3 ED E3 01 64 65 73 74 72 6F 79 20 E3 AD 61 6C 6C 3F CD C9 3C E3 2A 77 65 6C 6C 2E 20 E3 06 6F 76 65 72 6C 6F 6F 6B CD 69 74 20 E3 0E 74 69 6D 65 2E D1 CD 42 75 74 2C 20 C9 32 E3 01 E3 0F E3 37 75 70 2E C3 00	00:2 01:3 03:1 06:1 0E:1 0F:1 1E:1 AD:1 C3:2 C9:3 CD:4 D1:1 D7:1 DC:2 E3:9 ED:1	52	4	1	True	confirmed-record	[TOP][PINK][DC][01]Hey...\n[C9][1E][DC][00][E3][ED][E3][01]destroy [E3][AD]all?\n[C9]<[E3]*well. [E3][06]overlook\nit [E3][0E]time.\f\nBut, [C9]2[E3][01][E3][0F][E3]7up.[/HIGHLIGHT]		pending			
EN-06CFAA	main-dialogue-2	0x06CFAA	0x06CFC3	25	D7 20 E3 04 64 6F 6F 72 20 69 73 20 63 6C 6F 73 65 64 20 74 69 67 68 74 2E	04:1 D7:1 E3:1	22	0	0	False	confirmed-record	[TOP] [E3][04]door is closed tight.		pending			
EN-06D048	main-dialogue-2	0x06D048	0x06D07C	52	D7 20 E3 04 62 6F 6F 6B 20 73 61 69 64 2E 2E 2E CD C9 28 C3 02 5B 53 68 65 20 E3 12 67 75 69 64 65 20 E3 01 74 6F CD 20 E3 23 E3 01 73 65 65 6B 2E 5D C3 00	00:1 01:2 02:1 04:1 12:1 C3:2 C9:1 CD:2 D7:1 E3:5	35	2	0	True	confirmed-record	[TOP] [E3][04]book said...\n[C9]([YELLOW][She [E3][12]guide [E3][01]to\n [E3]#[E3][01]seek.][/HIGHLIGHT]		pending			
EN-06D117	main-dialogue-2	0x06D117	0x06D125	14	D7 20 C2 00 20 E3 D1 E3 00 62 6F 6F 6B 2E	00:2 C2:1 D1:1 D7:1 E3:2	7	0	1	False	confirmed-record	[TOP] [NAME] [E3]\f[E3][00]book.		pending			
EN-06D4B3	main-dialogue-2	0x06D4B3	0x06D5AC	249	D7 80 CD D7 C3 02 20 4D 79 20 57 6F 6E 64 65 72 66 75 6C 20 4C 69 66 65 CD 20 56 6F 6C 75 6D 65 20 31 CD CD 20 62 79 20 43 6F 75 6E 74 20 50 72 69 6E 6B 79 D1 5B E3 04 E3 79 69 73 20 66 69 6E 69 73 68 65 64 2E CD 20 53 6F 20 E3 53 64 65 63 69 64 65 64 20 74 6F 20 73 74 61 72 74 CD 20 77 72 69 74 69 6E 67 20 6D 79 20 6D 65 6D 6F 69 72 73 2E D1 20 49 20 68 61 64 20 61 20 E3 F5 73 69 74 65 CD 20 63 68 6F 73 65 6E 2C 20 E3 22 E3 21 69 6E CD 20 E3 15 73 70 6F 74 20 E3 D9 74 6F CD 20 E3 DA E3 E7 61 77 61 79 2E D1 20 E3 04 62 6F 79 20 49 20 6D 65 74 2C 20 77 65 6E 74 CD 20 E3 4B E3 10 6E 6F 20 70 72 6F 62 6C 65 6D 2E CD 20 41 63 74 75 61 6C 6C 79 2C 20 E3 4B E3 1C 6D 61 6E 79 CD 20 6D 79 73 74 65 72 69 6F 75 73 20 E3 B0 68 65 72 65 2E 5D C3 00	00:1 02:1 04:2 10:1 15:1 1C:1 80:1 B0:1 C3:2 CD:12 D1:3 D7:2 D9:1 DA:1 E3:16 E7:1 F5:1	201	12	3	True	confirmed-record	[TOP][80]\n[TOP][YELLOW] My Wonderful Life\n Volume 1\n\n by Count Prinky\f[[E3][04][E3]yis finished.\n So [E3]Sdecided to start\n writing my memoirs.\f I had a [E3][F5]site\n chosen, [E3]"[E3]!in\n [E3][15]spot [E3][TOP2]to\n [E3][DA][E3][E7]away.\f [E3][04]boy I met, went\n [E3]K[E3][10]no problem.\n Actually, [E3]K[E3][1C]many\n mysterious [E3][B0]here.][/HIGHLIGHT]		pending			
EN-06D5AD	main-dialogue-2	0x06D5AD	0x06D690	227	D7 C3 02 20 4D 79 20 57 6F 6E 64 65 72 66 75 6C 20 4C 69 66 65 CD 20 56 6F 6C 75 6D 65 20 32 CD CD 20 62 79 20 43 6F 75 6E 74 20 50 72 69 6E 6B 79 D1 5B 54 6F 64 61 79 20 61 20 67 75 65 73 74 20 E3 7E 74 6F CD 20 76 69 73 69 74 2E 20 49 20 6D 65 74 20 E3 5A 69 6E 20 74 68 65 CD 20 77 6F 6F 64 73 2E D1 20 41 20 62 6C 6F 6E 64 2D 68 61 69 72 65 64 CD 20 6B 69 64 20 E3 A0 6C 6F 6F 6B 65 64 CD 20 61 20 6C 6F 74 20 E3 2D 6D 65 2E D1 20 E3 53 63 6F 6D 6D 69 73 73 69 6F 6E 65 64 20 E3 5A 74 6F CD 20 62 75 69 6C 64 20 6D 65 20 61 20 C3 03 43 6C 6F 63 6B 20 54 6F 77 65 72 C3 02 2E CD 20 E3 1A E3 5D 61 74 20 6D 61 6B 69 6E 67 CD 20 74 72 69 63 6B 20 64 65 76 69 63 65 73 2E 5D C3 00	00:1 02:2 03:1 1A:1 A0:1 C3:4 CD:10 D1:3 D7:1 E3:8	195	10	3	True	confirmed-record	[TOP][YELLOW] My Wonderful Life\n Volume 2\n\n by Count Prinky\f[Today a guest [E3]~to\n visit. I met [E3]Zin the\n woods.\f A blond-haired\n kid [E3][A0]looked\n a lot [E3]-me.\f [E3]Scommissioned [E3]Zto\n build me a [PINK]Clock Tower[YELLOW].\n [E3][1A][E3]]at making\n trick devices.][/HIGHLIGHT]		pending			
EN-06D691	main-dialogue-2	0x06D691	0x06D7F6	357	D7 C3 02 20 4D 79 20 57 6F 6E 64 65 72 66 75 6C 20 4C 69 66 65 CD 20 20 20 56 6F 6C 75 6D 65 20 33 CD CD 20 62 79 20 43 6F 75 6E 74 20 50 72 69 6E 6B 79 D1 5B 52 61 73 6B 20 69 73 20 66 69 6E 69 73 68 65 64 CD 20 62 75 69 6C 64 69 6E 67 20 74 68 65 CD 20 43 6C 6F 63 6B 20 54 6F 77 65 72 2E CD 20 48 65 20 E3 BC 61 20 E3 55 6A 6F 62 2E D1 20 4F 6E 20 E3 00 74 6F 70 20 66 6C 6F 6F 72 20 68 65 CD 20 70 75 74 20 61 20 62 6C 6F 6E 64 2D 68 61 69 72 65 64 CD 20 64 6F 6C 6C 20 E3 F4 63 6F 6F 72 64 69 6E 61 74 65 64 D1 20 E3 10 E3 00 6D 6F 76 65 6D 65 6E 74 CD 20 6F 66 20 E3 00 63 6C 6F 63 6B 2E D1 20 49 20 67 61 76 65 20 E3 00 6E 61 6D 65 CD C3 03 20 4D 61 6D 75 72 61 6E 61 C3 02 20 74 6F 20 E3 00 64 6F 6C 6C 2E CD C9 14 20 49 67 6F 72 20 E3 35 73 63 6F 77 6C 65 64 2E CD C9 14 20 E3 62 E3 16 72 75 64 65 21 D1 20 52 61 73 6B 20 77 61 6E 74 73 20 6D 65 20 74 6F 20 68 69 64 65 20 61 CD 20 73 74 E3 78 69 6E 20 E3 00 6D 61 6E 73 69 6F 6E 2E CD 20 49 2E 2E 2E C9 3C E3 2A 77 65 6C 6C 2C CD C9 1E 20 6E 6F 20 73 65 6E 73 65 20 77 72 69 74 69 6E 67 20 69 74 2E 2E 5D C3 00	00:7 02:2 03:1 10:1 14:2 16:1 1E:1 BC:1 C3:4 C9:4 CD:15 D1:5 D7:1 E3:15 F4:1	296	15	5	True	confirmed-record	[TOP][YELLOW] My Wonderful Life\n   Volume 3\n\n by Count Prinky\f[Rask is finished\n building the\n Clock Tower.\n He [E3][BC]a [E3]Ujob.\f On [E3][00]top floor he\n put a blond-haired\n doll [E3][F4]coordinated\f [E3][10][E3][00]movement\n of [E3][00]clock.\f I gave [E3][00]name\n[PINK] Mamurana[YELLOW] to [E3][00]doll.\n[C9][14] Igor [E3]5scowled.\n[C9][14] [E3]b[E3][16]rude!\f Rask wants me to hide a\n st[E3]xin [E3][00]mansion.\n I...[C9]<[E3]*well,\n[C9][1E] no sense writing it..][/HIGHLIGHT]		pending			
EN-06D7F7	main-dialogue-2	0x06D7F7	0x06D913	284	D7 C3 02 20 4D 79 20 57 6F 6E 64 65 72 66 75 6C 20 4C 69 66 65 CD 20 20 20 56 6F 6C 75 6D 65 20 34 CD CD 20 62 79 20 43 6F 75 6E 74 20 50 72 69 6E 6B 79 D1 5B E3 48 E3 1C 6D 61 6E 79 CD 20 6D 79 73 74 65 72 69 6F 75 73 20 E3 B0 69 6E CD 20 E3 0E 6C 61 6E 64 2E 20 57 69 74 68 CD 20 6D 79 20 62 6F 64 79 20 67 6F 6E 65 2C D1 20 E3 03 E3 35 6B 65 70 74 20 77 72 69 74 69 6E 67 2E D1 20 49 20 63 6F 75 6C 64 6E 60 74 20 68 69 64 65 20 52 61 73 6B 60 73 CD 20 73 74 E3 78 69 6E 20 74 68 65 72 65 2E CD 20 49 20 E3 0F 72 65 73 74 20 74 68 69 6E 6B 69 6E 67 CD 20 E3 0A E3 15 65 76 69 6C 20 74 68 69 6E 67 2E D1 20 52 61 73 6B 20 E3 A8 E3 00 62 6F 79 CD 20 E3 2B E3 20 74 6F 20 70 69 63 6B 20 75 70 CD 20 E3 00 73 74 6F 6E 65 2E D1 20 49 20 77 6F 6E 64 65 72 CD 20 69 66 20 68 65 20 E3 12 62 65 20 61 62 6C 65 CD 20 74 6F 20 64 65 66 65 61 74 20 69 74 2E 5D	00:2 02:1 03:1 0A:1 0E:1 0F:1 12:1 15:1 1C:1 A8:1 B0:1 C3:1 CD:13 D1:5 D7:1 E3:16	236	13	5	True	confirmed-record	[TOP][YELLOW] My Wonderful Life\n   Volume 4\n\n by Count Prinky\f[[E3]H[E3][1C]many\n mysterious [E3][B0]in\n [E3][0E]land. With\n my body gone,\f [E3][03][E3]5kept writing.\f I couldn`t hide Rask`s\n st[E3]xin there.\n I [E3][0F]rest thinking\n [E3][0A][E3][15]evil thing.\f Rask [E3][A8][E3][00]boy\n [E3]+[E3] to pick up\n [E3][00]stone.\f I wonder\n if he [E3][12]be able\n to defeat it.]		pending			
EN-06D95C	main-dialogue-2	0x06D95C	0x06D96B	15	D7 CD 20 43 6C 6F 63 6B 20 54 6F 77 65 72 CD	CD:2 D7:1	12	2	0	False	confirmed-record	[TOP]\n Clock Tower\n		pending			
EN-06D96C	main-dialogue-2	0x06D96C	0x06D999	45	D7 CD 20 E3 04 66 75 74 75 72 65 20 69 73 CD 20 E3 1E 64 65 63 69 64 65 64 2C CD 20 69 74 20 69 73 20 74 6F 20 62 65 20 6D 61 64 65 2E	04:1 1E:1 CD:3 D7:1 E3:2	37	3	0	False	confirmed-record	[TOP]\n [E3][04]future is\n [E3][1E]decided,\n it is to be made.		pending			
EN-06D99A	main-dialogue-2	0x06D99A	0x06D9B3	25	D7 CD 20 43 6C 6F 63 6B 20 54 69 63 6B 20 44 6F 6C 6C 73 60 20 52 6F 6F 6D	CD:1 D7:1	23	1	0	False	confirmed-record	[TOP]\n Clock Tick Dolls` Room		pending			
EN-06D9B4	main-dialogue-2	0x06D9B4	0x06D9DF	43	D7 CD 20 48 65 20 E3 A0 67 61 69 6E 73 20 E3 54 77 69 6E 73 2C CD 20 68 65 20 E3 A0 6C 6F 73 65 73 20 69 74 20 66 61 69 6C 73 2E	A0:2 CD:2 D7:1 E3:3	35	2	0	False	confirmed-record	[TOP]\n He [E3][A0]gains [E3]Twins,\n he [E3][A0]loses it fails.		pending			
EN-06D9E0	main-dialogue-2	0x06D9E0	0x06DA06	38	D7 CD 20 54 69 6D 65 20 69 73 20 E3 9C 74 6F 20 66 69 6E 64 2C CD 20 E3 22 65 61 73 79 20 74 6F 20 6C 6F 73 65 2E	9C:1 CD:2 D7:1 E3:2	32	2	0	False	confirmed-record	[TOP]\n Time is [E3][9C]to find,\n [E3]"easy to lose.		pending			
EN-06DA07	main-dialogue-2	0x06DA07	0x06DA1F	24	D7 CD 20 42 72 65 61 6B 65 72 20 52 6F 6F 6D 20 45 6E 74 72 61 6E 63 65	CD:1 D7:1	22	1	0	False	confirmed-record	[TOP]\n Breaker Room Entrance		pending			
EN-06DCF0	main-dialogue-2	0x06DCF0	0x06DD27	55	D7 50 6C 65 61 73 65 2C 20 E3 B9 E3 0E 72 6F 6F 6D CD E3 08 E3 26 E3 3A 72 65 73 74 2E CD C9 1E 52 65 73 74 20 61 73 20 6C 6F 6E 67 CD 61 73 20 E3 01 6C 69 6B 65 2E	01:1 08:1 0E:1 1E:1 B9:1 C9:1 CD:3 D7:1 E3:6	39	3	0	False	confirmed-record	[TOP]Please, [E3][B9][E3][0E]room\n[E3][08][E3]&[E3]:rest.\n[C9][1E]Rest as long\nas [E3][01]like.		pending			
EN-06DD28	main-dialogue-2	0x06DD28	0x06DD4B	35	D7 48 65 68 20 68 65 68 20 68 65 68 2E CD C9 1E 53 69 72 2E CD E3 24 77 61 79 2C 20 70 6C 65 61 73 65 2E	1E:1 C9:1 CD:2 D7:1 E3:1	29	2	0	False	confirmed-record	[TOP]Heh heh heh.\n[C9][1E]Sir.\n[E3]$way, please.		pending			
EN-06DF00	main-dialogue-2	0x06DF00	0x06DF32	50	D7 48 65 79 2E 2E 2E 2E 2E 2E CD C9 1E 50 6C 65 61 73 65 2C 20 53 69 72 2C 20 E3 01 6D 75 73 74 CD 72 65 74 75 72 6E 20 74 6F 20 E3 05 72 6F 6F 6D 2E	01:1 05:1 1E:1 C9:1 CD:2 D7:1 E3:2	41	2	0	False	confirmed-record	[TOP]Hey......\n[C9][1E]Please, Sir, [E3][01]must\nreturn to [E3][05]room.		pending			
EN-06DF33	main-dialogue-2	0x06DF33	0x06DF93	96	D7 53 69 72 2E CD C9 1E C3 02 52 61 73 6B 20 C3 00 68 61 64 20 6D 65 6E 74 69 6F 6E 65 64 CD 73 6F 6D 65 6F 6E 65 2E 20 49 73 20 E3 15 68 69 6D 3F D1 C3 02 DC 09 2E 2E 2E DC 00 49 20 77 6F 6E 64 65 72 2E 2E 2E CD C9 1E E3 8C E3 02 61 20 E3 C6 61 74 CD E3 23 68 65 20 E3 14 64 6F 2E C3 00	00:3 02:3 09:1 14:1 15:1 1E:2 8C:1 C3:4 C6:1 C9:2 CD:4 D1:1 D7:1 DC:2 E3:6	63	4	1	True	confirmed-record	[TOP]Sir.\n[C9][1E][YELLOW]Rask [/HIGHLIGHT]had mentioned\nsomeone. Is [E3][15]him?\f[YELLOW][DC][09]...[DC][00]I wonder...\n[C9][1E][E3][8C][E3][02]a [E3][C6]at\n[E3]#he [E3][14]do.[/HIGHLIGHT]		pending			
EN-06DF94	main-dialogue-2	0x06DF94	0x06DFA2	14	D7 C3 03 4B 79 61 61 61 61 61 68 21 C3 00	00:1 03:1 C3:2 D7:1	9	0	0	True	confirmed-record	[TOP][PINK]Kyaaaaah![/HIGHLIGHT]		pending			
EN-06E042	main-dialogue-2	0x06E042	0x06E0DF	157	D7 02 63 43 E0 02 80 00 02 97 02 10 27 2C 01 1A E0 02 10 27 2C FF 5C E0 80 BE 02 1D E3 E1 02 3A 00 08 1A E0 02 80 00 02 97 80 F3 02 1D 7B E0 02 22 76 E0 6B 02 1D E0 E0 6B D7 E0 04 57 68 61 74 3F C9 1E 20 E3 ED 49 20 68 65 61 72 20 61 20 76 6F 69 63 65 CD 63 6F 6D 69 6E 67 20 E3 1F E3 0E 72 6F 6F 6D 3F D1 E3 19 64 6F 20 E3 01 6D 65 61 6E 3F CD E3 45 6E 6F 20 E3 78 68 65 72 65 2E CD E3 17 E3 3D 6E 6F 6E 73 65 6E 73 65 2E CD 47 6F 20 E3 3E 74 6F 20 E3 05 72 6F 6F 6D 2E	00:3 01:2 02:12 04:1 05:1 08:1 0E:1 10:2 17:1 19:1 1A:2 1D:3 1E:1 1F:1 6B:1 80:4 97:2 BE:1 C9:1 CD:4 D1:1 D7:2 E0:9 E1:1 E3:12 ED:1 F3:1 FF:1	84	4	1	False	confirmed-record	[TOP][02]cC[SPEAKER:02][80][00][02][97][02][10]',[01][1A][SPEAKER:02][10]',[FF]\[SPEAKER:80][BE][02][1D][E3][E1][02]:[00][08][1A][SPEAKER:02][80][00][02][97][80][F3][02][1D]{[SPEAKER:02]"v[SPEAKER:6B][02][1D][SPEAKER:E0]k[TOP][SPEAKER:04]What?[C9][1E] [E3][ED]I hear a voice\ncoming [E3][1F][E3][0E]room?\f[E3][19]do [E3][01]mean?\n[E3]Eno [E3]xhere.\n[E3][17][E3]=nonsense.\nGo [E3]>to [E3][05]room.		pending			
EN-06E0E0	main-dialogue-2	0x06E0E0	0x06E16B	139	D7 E0 04 E3 03 67 61 74 68 65 72 69 6E 67 20 69 6E 66 6F 72 6D 61 74 69 6F 6E 2E CD E3 24 6D 61 6E 73 69 6F 6E 20 69 73 20 73 75 73 70 69 63 69 6F 75 73 2E D1 C9 1E 57 65 6C 6C 2C CD C9 1E 63 E3 71 69 74 20 61 20 6A 6F 75 72 6E 61 6C 69 73 74 60 73 CD 68 75 6E 63 68 2E D1 4F 4B 2C CD C9 1E 47 6F 20 E3 3E 74 6F 20 E3 05 72 6F 6F 6D 20 6E 6F 77 2E CD 41 6E 64 20 77 61 74 63 68 20 E3 4A E3 0C 48 61 63 6B 65 72 73 2E	03:1 04:1 05:1 0C:1 1E:3 C9:3 CD:5 D1:2 D7:1 E0:1 E3:7	113	5	2	False	confirmed-record	[TOP][SPEAKER:04][E3][03]gathering information.\n[E3]$mansion is suspicious.\f[C9][1E]Well,\n[C9][1E]c[E3]qit a journalist`s\nhunch.\fOK,\n[C9][1E]Go [E3]>to [E3][05]room now.\nAnd watch [E3]J[E3][0C]Hackers.		pending			
EN-06E1AC	main-dialogue-2	0x06E1AC	0x06E1E2	54	D7 E0 04 E3 31 68 65 79 2E 20 59 6F 75 60 72 65 CD 69 6E 74 65 72 66 65 72 69 6E 67 20 E3 10 6D 79 20 6A 6F 62 2E CD 47 6F 20 E3 3E 74 6F 20 E3 05 72 6F 6F 6D 21	04:1 05:1 10:1 CD:2 D7:1 E0:1 E3:4	43	2	0	False	confirmed-record	[TOP][SPEAKER:04][E3]1hey. You`re\ninterfering [E3][10]my job.\nGo [E3]>to [E3][05]room!		pending			
EN-06E1E3	main-dialogue-2	0x06E1E3	0x06E201	30	D7 E0 04 47 6F 20 73 74 72 61 69 67 68 74 20 E3 3E 74 6F 20 79 6F 75 72 CD 72 6F 6F 6D 21	04:1 CD:1 D7:1 E0:1 E3:1	25	1	0	False	confirmed-record	[TOP][SPEAKER:04]Go straight [E3]>to your\nroom!		pending			
EN-06E234	main-dialogue-2	0x06E234	0x06E242	14	D7 CD 20 2E 2E 2E 2E 2E 2E 2E 2E 2E 2E 3F	CD:1 D7:1	12	1	0	False	confirmed-record	[TOP]\n ..........?		pending			
EN-06E2C8	main-dialogue-2	0x06E2C8	0x06E385	189	D7 2E 2E 2E 20 53 6F 2C 20 E3 01 E3 29 6D 65 CD 74 6F 20 68 69 64 65 20 E3 0E 73 74 6F 6E 65 CD E3 EF 69 6E 20 E3 00 6D 61 6E 73 69 6F 6E 3F CD 52 61 73 6B 3F D1 C3 02 53 6F 72 72 79 20 74 6F 20 74 72 6F 75 62 6C 65 20 79 6F 75 2C CD 43 6F 75 6E 74 2E 20 49 20 74 68 69 6E 6B 20 69 74 20 77 69 6C 6C CD 62 65 20 73 61 66 65 20 68 65 72 65 2E 2E 2E D1 C3 00 4E 6F 74 68 69 6E 67 20 74 6F 20 77 6F 72 72 79 20 61 62 6F 75 74 2E CD E3 03 69 6E 64 65 62 74 65 64 20 74 6F 20 79 6F 75 2E CD 49 20 E3 35 E3 6A 6F 66 20 61 20 CD E3 55 68 69 64 69 6E 67 20 70 6C 61 63 65 2E	00:2 01:1 02:1 03:1 0E:1 C3:2 CD:8 D1:2 D7:1 E3:9 EF:1	160	8	2	True	confirmed-record	[TOP]... So, [E3][01][E3])me\nto hide [E3][0E]stone\n[E3][EF]in [E3][00]mansion?\nRask?\f[YELLOW]Sorry to trouble you,\nCount. I think it will\nbe safe here...\f[/HIGHLIGHT]Nothing to worry about.\n[E3][03]indebted to you.\nI [E3]5[E3]jof a \n[E3]Uhiding place.		pending			
EN-06E386	main-dialogue-2	0x06E386	0x06E3A8	34	D7 C3 02 DC 07 2E 2E 2E 2E 2E 2E DC 00 48 65 79 2E 2E 2E CD C9 2C 2E 2E 2E 79 6F 75 2E 2E 2E 3F C3 00	00:2 02:1 07:1 C3:2 C9:1 CD:1 D7:1 DC:2	23	1	0	True	confirmed-record	[TOP][YELLOW][DC][07]......[DC][00]Hey...\n[C9],...you...?[/HIGHLIGHT]		pending			
EN-06E4C3	main-dialogue-2	0x06E4C3	0x06E4D6	19	D7 E4 02 0A 62 80 02 CF 4B E4 86 6B D7 CD 57 6F 6F 66 21	02:2 0A:1 80:1 86:1 CD:1 CF:1 D7:2 E4:2	8	1	0	False	confirmed-record	[TOP][E4][02][0A]b[80][02][CF]K[E4][86]k[TOP]\nWoof!		pending			
EN-06E4D7	main-dialogue-2	0x06E4D7	0x06E4E5	14	D7 CD 42 6F 77 20 77 6F 77 20 77 6F 77 21	CD:1 D7:1	12	1	0	False	confirmed-record	[TOP]\nBow wow wow!		pending			
EN-06E532	main-dialogue-2	0x06E532	0x06E53E	12	D7 57 6F 6F 66 21 20 57 6F 6F 66 21	D7:1	11	0	0	False	confirmed-record	[TOP]Woof! Woof!		pending			
EN-06E53F	main-dialogue-2	0x06E53F	0x06E5BD	126	D7 57 68 61 74 3F 3F 3F CD E3 09 E3 14 75 6E 64 65 72 73 74 61 6E 64 CD E3 23 E3 03 73 61 79 69 6E 67 3F 20 57 6F 6F 66 3F D1 E3 2E 4B 65 79 3F CD 2E 2E 2E 20 53 69 6E 63 65 20 E3 01 E3 95 6D 79 CD 6D 61 73 74 65 72 2C 20 E3 06 E3 4F 79 6F 75 CD E3 21 73 70 65 63 69 61 6C 2E 20 57 6F 6F 66 21 D1 E3 D0 61 20 E3 5D 6C 6F 6F 6B CD E3 70 E3 0E 77 65 6C 6C 2E 20 57 6F 6F 66 21 21	01:1 03:1 06:1 09:1 0E:1 14:1 95:1 CD:6 D0:1 D1:2 D7:1 E3:14	95	6	2	False	confirmed-record	[TOP]What???\n[E3][09][E3][14]understand\n[E3]#[E3][03]saying? Woof?\f[E3].Key?\n... Since [E3][01][E3][95]my\nmaster, [E3][06][E3]Oyou\n[E3]!special. Woof!\f[E3][WIPE]a [E3]]look\n[E3]p[E3][0E]well. Woof!!		pending			
EN-06E5BE	main-dialogue-2	0x06E5BE	0x06E640	130	D7 D3 A2 E5 D7 E3 04 E3 78 E3 10 E3 00 6B 65 79 CD 66 65 6C 6C 20 69 6E 74 6F 20 E3 00 77 65 6C 6C 2E CD E3 06 E3 42 74 72 6F 75 62 6C 65 CD E3 0C 68 69 6D 21 20 57 6F 6F 66 21 21 D1 E3 04 C3 02 43 6C 6F 63 6B 20 54 6F 77 65 72 C3 00 20 77 61 73 CD E3 23 68 65 20 E3 16 E3 65 66 6F 72 2E CD E3 04 4B 65 79 20 E3 16 74 6F 20 74 68 65 CD 43 6C 6F 63 6B 20 54 6F 77 65 72 2E 20 57 6F 6F 66 21	00:3 02:1 04:3 06:1 0C:1 10:1 16:2 A2:1 C3:2 CD:6 D1:1 D3:1 D7:2 E3:14 E5:1	90	6	1	True	confirmed-record	[TOP][D3][A2][E5][TOP][E3][04][E3]x[E3][10][E3][00]key\nfell into [E3][00]well.\n[E3][06][E3]Btrouble\n[E3][0C]him! Woof!!\f[E3][04][YELLOW]Clock Tower[/HIGHLIGHT] was\n[E3]#he [E3][16][E3]efor.\n[E3][04]Key [E3][16]to the\nClock Tower. Woof!		pending			
EN-06E6A1	main-dialogue-2	0x06E6A1	0x06E6CF	46	D7 20 C2 00 20 E3 2F C3 02 4B 65 79 C3 00 21 CC D7 20 C2 00 20 E3 2F E3 00 C3 02 4B 65 79 C3 00 21 CD C9 3C 20 E3 40 E3 4C 66 75 6C 6C 2E	00:5 02:2 C2:2 C3:4 C9:1 CC:1 CD:1 D7:2 E3:5	23	1	0	True	confirmed-record	[TOP] [NAME] [E3]/[YELLOW]Key[/HIGHLIGHT]![CC][TOP] [NAME] [E3]/[E3][00][YELLOW]Key[/HIGHLIGHT]!\n[C9]< [E3]@[E3]Lfull.		pending			
EN-06E785	main-dialogue-2	0x06E785	0x06E8A6	289	D7 E0 14 53 69 72 2C 20 74 68 61 6E 6B 20 E3 01 66 6F 72 CD E3 75 70 61 72 74 2E DE D7 48 61 76 65 20 E3 01 E3 F8 61 74 20 74 68 65 CD 77 65 6C 6C 3F 20 C3 02 49 66 20 E3 01 E3 C6 61 74 20 74 68 65 CD 73 6F 75 72 63 65 20 6F 66 20 E3 00 6C 69 67 68 74 2C CD C3 00 61 20 72 6F 61 64 20 E3 12 6F 70 65 6E 20 75 70 2E D1 49 6E 20 66 72 6F 6E 74 20 6F 66 20 69 74 2C 20 79 6F 75 72 CD 66 72 69 65 6E 64 20 77 61 69 74 73 20 74 6F CD 62 65 20 72 65 73 63 75 65 64 2E DE D7 49 66 20 E3 01 6E 65 65 64 CD 73 6F 6D 65 2C 20 E3 01 E3 14 67 6F 20 69 6E 20 74 68 69 73 CD 72 6F 6F 6D 20 E3 08 E3 B9 77 68 61 74 CD 52 61 73 6B 20 E3 D6 62 65 68 69 6E 64 2E D1 53 69 72 2C 20 E3 00 C9 1E C3 02 44 6F 6C 6C 73 C3 00 CD 62 65 61 72 20 77 61 74 63 68 69 6E 67 2E 20 54 68 65 79 CD E3 02 61 20 73 74 72 61 6E 67 65 20 70 6F 77 65 72 2C CD E3 08 E3 DC 6D 69 73 66 6F 72 74 75 6E 65 2E	00:4 01:5 02:3 08:2 12:1 14:2 1E:1 B9:1 C3:4 C6:1 C9:1 CD:12 D1:2 D6:1 D7:3 DC:1 DE:2 E0:1 E3:18 F8:1	223	12	2	True	confirmed-record	[TOP][SPEAKER:14]Sir, thank [E3][01]for\n[E3]upart.[DE][TOP]Have [E3][01][E3][F8]at the\nwell? [YELLOW]If [E3][01][E3][C6]at the\nsource of [E3][00]light,\n[/HIGHLIGHT]a road [E3][12]open up.\fIn front of it, your\nfriend waits to\nbe rescued.[DE][TOP]If [E3][01]need\nsome, [E3][01][E3][14]go in this\nroom [E3][08][E3][B9]what\nRask [E3][D6]behind.\fSir, [E3][00][C9][1E][YELLOW]Dolls[/HIGHLIGHT]\nbear watching. They\n[E3][02]a strange power,\n[E3][08][E3][DC]misfortune.		pending			
EN-06E8A7	main-dialogue-2	0x06E8A7	0x06E9DF	312	D7 E0 14 53 69 72 2C 20 E3 B7 62 61 64 20 6E 65 77 73 2E CD C9 1E E3 62 77 68 69 74 65 20 70 65 73 74 20 69 73 CD E3 8D 69 6E 20 68 65 72 65 2E D1 D3 7F E9 D7 E0 14 57 65 20 E3 81 61 67 61 69 6E 2E CD E3 ED E3 01 74 68 69 6E 6B 20 61 62 6F 75 74 CD E3 0A 69 74 3F D1 D3 7F E9 D7 57 65 6C 63 6F 6D 65 2C 20 73 69 72 2E CD C9 1E E3 03 E3 00 6D 61 73 74 65 72 CD 6F 66 20 E3 00 68 61 6C 6C 2E CD C9 1E C3 02 43 6F 75 6E 74 20 50 72 69 6E 6B 79 20 C3 00 69 73 20 6D 79 20 6E 61 6D 65 2E D1 41 6E 79 E3 FB 73 69 72 2C CD C9 1E E3 B7 61 20 C3 02 77 68 69 74 65 20 70 65 73 74 C3 00 CD 69 6E 20 E3 0E 72 6F 6F 6D 2E CD E3 19 61 20 62 6F 74 68 65 72 2E D1 57 6F 75 6C 64 20 E3 01 E3 DC 74 68 61 74 CD C3 02 77 68 69 74 65 20 70 65 73 74 C3 00 20 69 6E 74 6F 20 E3 0E 72 6F 6F 6D 3F CD 20 53 75 72 65 2E CD 20 4E 6F 20 77 61 79 2E CC D0 E0 14 4F 68 21 20 E3 03 69 6E 64 65 62 74 65 64 CD 74 6F 20 79 6F 75 2E CD C9 1E E3 34 C9 1E E3 20 69 6E 2E	00:5 01:2 02:3 03:2 0A:1 0E:2 14:3 19:1 1E:6 7F:2 81:1 8D:1 B7:2 C3:6 C9:6 CC:1 CD:15 D0:1 D1:4 D3:2 D7:3 DC:1 E0:3 E3:20 E9:2 ED:1 FB:1	215	15	4	True	confirmed-record	[TOP][SPEAKER:14]Sir, [E3][B7]bad news.\n[C9][1E][E3]bwhite pest is\n[E3][8D]in here.\f[D3][7F][E9][TOP][SPEAKER:14]We [E3][81]again.\n[E3][ED][E3][01]think about\n[E3][0A]it?\f[D3][7F][E9][TOP]Welcome, sir.\n[C9][1E][E3][03][E3][00]master\nof [E3][00]hall.\n[C9][1E][YELLOW]Count Prinky [/HIGHLIGHT]is my name.\fAny[E3][FB]sir,\n[C9][1E][E3][B7]a [YELLOW]white pest[/HIGHLIGHT]\nin [E3][0E]room.\n[E3][19]a bother.\fWould [E3][01][E3][DC]that\n[YELLOW]white pest[/HIGHLIGHT] into [E3][0E]room?\n Sure.\n No way.[CC][WIPE][SPEAKER:14]Oh! [E3][03]indebted\nto you.\n[C9][1E][E3]4[C9][1E][E3] in.		pending			
EN-06EAF2	main-dialogue-2	0x06EAF2	0x06EB35	67	D7 C3 02 53 6F 6C 64 69 65 72 20 41 3A CD C3 00 2E 2E 2E 52 65 61 6C 6C 79 2C CD C9 1E 49 20 C9 1E 73 61 77 20 74 68 65 6D 2E 2E 2E CD C3 02 44 6F 6C 6C 73 C3 00 20 E3 63 77 61 6C 6B 69 6E 67 2E 2E 2E	00:2 02:2 1E:2 C3:4 C9:2 CD:3 D7:1 E3:1	50	3	0	True	confirmed-record	[TOP][YELLOW]Soldier A:\n[/HIGHLIGHT]...Really,\n[C9][1E]I [C9][1E]saw them...\n[YELLOW]Dolls[/HIGHLIGHT] [E3]cwalking...		pending			
EN-06EB36	main-dialogue-2	0x06EB36	0x06EB6E	56	D7 C3 02 53 6F 6C 64 69 65 72 20 42 3A CD C3 00 49 20 68 65 61 72 CD C9 1E 76 6F 69 63 65 73 2C 20 62 75 74 2C 20 6E 6F 20 6F 6E 65 CD 69 73 20 74 68 65 72 65 2E 2E 2E	00:1 02:1 1E:1 C3:2 C9:1 CD:3 D7:1	46	3	0	True	confirmed-record	[TOP][YELLOW]Soldier B:\n[/HIGHLIGHT]I hear\n[C9][1E]voices, but, no one\nis there...		pending			
EN-06EB6F	main-dialogue-2	0x06EB6F	0x06EBBA	75	D7 C3 02 53 6F 6C 64 69 65 72 20 43 3A CD C3 00 49 20 73 61 77 20 61 20 6D 61 6E 20 77 65 61 72 69 6E 67 CD C9 1E 61 20 62 6C 61 63 6B 20 63 6C 6F 61 6B CD 73 75 64 64 65 6E 6C 79 20 C9 3C 64 69 73 61 70 70 65 61 72 2E 2E 2E	00:1 02:1 1E:1 C3:2 C9:2 CD:3 D7:1	64	3	0	True	confirmed-record	[TOP][YELLOW]Soldier C:\n[/HIGHLIGHT]I saw a man wearing\n[C9][1E]a black cloak\nsuddenly [C9]<disappear...		pending			
EN-06EBBB	main-dialogue-2	0x06EBBB	0x06EC24	105	D7 C3 02 53 6F 6C 64 69 65 72 20 41 3A CD C3 00 45 76 65 6E 20 E3 00 67 75 61 72 64 73 20 61 72 65 CD 73 63 61 72 65 64 20 E3 4A 6F 66 20 E3 CB 6D 69 6E 64 73 2E D1 41 73 20 61 20 6A 6F 6B 65 2C 20 74 68 65 CD C3 02 42 72 65 61 6B 65 72 C3 00 20 77 61 73 CD 66 6C 69 70 70 65 64 2C 20 E3 08 E3 DB 63 72 69 65 64 2E	00:3 02:2 08:1 C3:4 CB:1 CD:4 D1:1 D7:1 DB:1 E3:5	82	4	1	True	confirmed-record	[TOP][YELLOW]Soldier A:\n[/HIGHLIGHT]Even [E3][00]guards are\nscared [E3]Jof [E3][CB]minds.\fAs a joke, the\n[YELLOW]Breaker[/HIGHLIGHT] was\nflipped, [E3][08][E3][DB]cried.		pending			
EN-06EC3C	main-dialogue-2	0x06EC3C	0x06EC77	59	D7 E0 08 4E 6F 69 73 79 2C 20 69 73 6E 60 74 20 69 74 2E 20 C9 1E 41 6C 6C 20 74 68 69 73 CD E3 3D 69 73 20 73 63 61 72 69 6E 67 20 6D 65 2C CD 63 75 74 20 69 74 20 6F 75 74 21	08:1 1E:1 C9:1 CD:2 D7:1 E0:1 E3:1	51	2	0	False	confirmed-record	[TOP][SPEAKER:08]Noisy, isn`t it. [C9][1E]All this\n[E3]=is scaring me,\ncut it out!		pending			
EN-06ED77	main-dialogue-2	0x06ED77	0x06EE37	192	D7 E0 04 E3 0B E3 8D 68 65 72 65 3F CD E3 2E E3 62 E3 16 E3 01 77 68 6F CD 66 6C 69 70 70 65 64 20 E3 00 62 72 65 61 6B 65 72 3F D1 4F 68 21 20 C9 1E 57 65 20 E3 02 74 6F 20 64 6F CD 73 6F 6D 65 74 68 69 6E 67 2E 20 54 68 65 79 60 72 65 CD E3 65 E3 0C 50 61 72 73 6C 65 79 2E CD 48 65 20 74 6F 6F 6B 20 E3 CB 6B 65 79 21 D1 49 66 20 77 65 20 E3 4D 50 61 72 73 6C 65 79 2C 20 77 65 60 6C 6C CD E3 3B E3 23 E3 68 75 70 20 74 6F 2E D1 C9 1E 49 20 E3 02 74 6F 20 6C 6F 6F 6B CD E3 0C 46 6C 61 76 6F 6E 21 CD C9 1E 46 6C 61 20 2D 20 61 20 2D 20 76 6F 20 2D 20 6F 20 2D 20 6F 6E 21	00:1 01:1 02:2 04:1 0B:1 0C:2 16:1 1E:3 8D:1 C9:3 CB:1 CD:8 D1:3 D7:1 E0:1 E3:17	145	8	3	False	confirmed-record	[TOP][SPEAKER:04][E3][0B][E3][8D]here?\n[E3].[E3]b[E3][16][E3][01]who\nflipped [E3][00]breaker?\fOh! [C9][1E]We [E3][02]to do\nsomething. They`re\n[E3]e[E3][0C]Parsley.\nHe took [E3][CB]key!\fIf we [E3]MParsley, we`ll\n[E3];[E3]#[E3]hup to.\f[C9][1E]I [E3][02]to look\n[E3][0C]Flavon!\n[C9][1E]Fla - a - vo - o - on!		pending			
EN-06F0A0	main-dialogue-2	0x06F0A0	0x06F17B	219	D7 E0 0F 41 68 2C 20 E3 03 73 61 76 65 64 2E 20 57 65 20 63 61 6E CD E3 3D 6C 61 74 65 72 2C 20 72 69 67 68 74 20 6E 6F 77 CD E3 35 E3 C6 E3 0C 50 61 72 73 6C 65 79 2E D1 48 65 20 E3 D9 74 6F 20 E3 02 74 61 6B 65 6E CD E3 00 C3 02 43 6C 6F 63 6B 20 54 6F 77 65 72 20 4B 65 79 C3 00 CD E3 1F 74 68 65 6D 2E D1 E3 73 E3 B7 61 CD 63 6F 6E 6E 65 63 74 69 6F 6E 20 62 65 74 77 65 65 6E 20 74 68 65 CD E0 00 20 E3 08 74 68 6F 73 65 20 67 75 79 73 2E D1 D3 3B F1 D7 E0 0F 50 61 72 73 6C 65 79 20 68 69 64 65 73 20 E3 23 68 65 CD 66 69 6E 64 73 2E 20 49 66 20 49 20 E3 94 E3 3D 74 6F CD E3 5A 68 65 20 E3 94 E3 4F 6D 65 D1 E3 D2 68 65 20 70 75 74 20 69 74 2E 2E 2E	00:3 02:2 03:1 08:1 0C:1 0F:2 1F:1 94:2 B7:1 C3:2 C6:1 CD:8 D1:4 D2:1 D3:1 D7:2 D9:1 E0:3 E3:19 F1:1	162	8	4	True	confirmed-record	[TOP][SPEAKER:0F]Ah, [E3][03]saved. We can\n[E3]=later, right now\n[E3]5[E3][C6][E3][0C]Parsley.\fHe [E3][TOP2]to [E3][02]taken\n[E3][00][YELLOW]Clock Tower Key[/HIGHLIGHT]\n[E3][1F]them.\f[E3]s[E3][B7]a\nconnection between the\n[SPEAKER:00] [E3][08]those guys.\f[D3];[F1][TOP][SPEAKER:0F]Parsley hides [E3]#he\nfinds. If I [E3][94][E3]=to\n[E3]Zhe [E3][94][E3]Ome\f[E3][WAIT]he put it...		pending			
EN-06F17C	main-dialogue-2	0x06F17C	0x06F1E5	105	D7 E0 0F E3 09 E3 2F E3 00 4B 65 79 3F CD 47 6F 6F 64 21 CD 42 79 20 E3 00 77 61 79 2C D1 E3 15 6A 6F 75 72 6E 61 6C 69 73 74 20 63 61 6D 65 2E 20 53 68 65 CD 73 61 77 20 61 20 64 6F 6C 6C 20 64 69 73 61 70 70 65 61 72 CD 69 6E 20 E3 00 43 6C 6F 63 6B 20 54 6F 77 65 72 2E CD C9 14 2E 2E 2E E3 19 69 73 20 69 74 3F	00:3 09:1 0F:1 14:1 15:1 19:1 C9:1 CD:5 D1:1 D7:1 E0:1 E3:7	81	5	1	False	confirmed-record	[TOP][SPEAKER:0F][E3][09][E3]/[E3][00]Key?\nGood!\nBy [E3][00]way,\f[E3][15]journalist came. She\nsaw a doll disappear\nin [E3][00]Clock Tower.\n[C9][14]...[E3][19]is it?		pending			
EN-06F2AE	main-dialogue-2	0x06F2AE	0x06F344	150	D7 E0 08 4F 6B 2C 20 47 72 61 6D 70 73 2E 20 E3 CE 64 69 64 CD E3 00 C3 02 44 6F 67 C3 00 20 67 6F 3F D1 C9 1E 54 65 6C 6C 20 6D 65 20 72 69 67 68 74 20 6E 6F 77 CD 6F 72 20 79 6F 75 60 6C 6C 20 62 65 20 73 6F 72 72 79 21 D1 E0 08 E3 B4 E3 26 69 6E 20 74 72 6F 75 62 6C 65 2E 2E 2E CD C9 3C DC 07 2E 2E 2E 2E 2E 2E 2E 2E 2E 2E 2E 2E 2E 2E 2E CD C9 1E 2E 2E 2E 2E 2E C9 1E DC 00 E3 2C 63 72 61 7A 79 21 DE D7 CD 48 75 68 3F C9 1E 20 E3 31 79 6F 75 21	00:3 02:1 07:1 08:2 1E:4 B4:1 C3:2 C9:5 CD:5 CE:1 D1:2 D7:2 DC:2 DE:1 E0:2 E3:6	110	5	2	True	confirmed-record	[TOP][SPEAKER:08]Ok, Gramps. [E3][CE]did\n[E3][00][YELLOW]Dog[/HIGHLIGHT] go?\f[C9][1E]Tell me right now\nor you`ll be sorry!\f[SPEAKER:08][E3][B4][E3]&in trouble...\n[C9]<[DC][07]...............\n[C9][1E].....[C9][1E][DC][00][E3],crazy![DE][TOP]\nHuh?[C9][1E] [E3]1you!		pending			
EN-06F345	main-dialogue-2	0x06F345	0x06F370	43	D7 E0 08 59 65 61 68 2C 20 79 6F 75 21 CD C9 1E E3 06 E3 85 E3 01 70 61 69 6E 21 CD E3 24 69 73 20 E3 25 74 6F 20 68 75 72 74 21	01:1 06:1 08:1 1E:1 85:1 C9:1 CD:2 D7:1 E0:1 E3:5	28	2	0	False	confirmed-record	[TOP][SPEAKER:08]Yeah, you!\n[C9][1E][E3][06][E3][85][E3][01]pain!\n[E3]$is [E3]%to hurt!		pending			
EN-06F371	main-dialogue-2	0x06F371	0x06F44C	219	D7 E0 08 49 20 E3 F0 72 65 63 6F 67 6E 69 7A 65 20 79 6F 75 21 CD E3 62 E3 16 70 61 69 6E 66 75 6C 21 CD 49 74 20 E3 16 61 20 63 6C 6F 73 65 20 63 61 6C 6C 21 D1 E3 06 E3 4F E3 01 61 6E 79 74 68 69 6E 67 CD E3 01 E3 29 74 6F 20 6B 6E 6F 77 2E CD 20 E3 51 E3 05 6F 62 6A 65 63 74 69 76 65 3F CD 20 E3 06 6F 76 65 72 E3 C6 E3 0E 6D 69 73 74 61 6B 65 CC D0 49 20 61 6D 20 E3 00 48 61 63 6B 65 72 CD 43 6F 6D 6D 61 6E 64 65 72 20 C3 02 42 6C 61 63 6B 6D 6F 72 65 C3 00 2E CD 49 20 6F 72 64 65 72 65 64 20 74 68 65 CD E0 00 20 E3 59 74 6F 20 62 65 20 66 6F 75 6E 64 2E D1 49 20 E3 07 6B 6E 6F 77 CD E3 23 68 61 70 70 65 6E 73 20 61 66 74 65 72 20 74 68 61 74 21	00:3 01:2 02:1 05:1 06:2 07:1 08:1 0E:1 16:2 C3:2 C6:1 CC:1 CD:9 D0:1 D1:2 D7:1 E0:2 E3:18 F0:1	167	9	2	True	confirmed-record	[TOP][SPEAKER:08]I [E3][F0]recognize you!\n[E3]b[E3][16]painful!\nIt [E3][16]a close call!\f[E3][06][E3]O[E3][01]anything\n[E3][01][E3])to know.\n [E3]Q[E3][05]objective?\n [E3][06]over[E3][C6][E3][0E]mistake[CC][WIPE]I am [E3][00]Hacker\nCommander [YELLOW]Blackmore[/HIGHLIGHT].\nI ordered the\n[SPEAKER:00] [E3]Yto be found.\fI [E3][07]know\n[E3]#happens after that!		pending			
EN-06F47C	main-dialogue-2	0x06F47C	0x06F4A0	36	D7 E0 08 41 68 2E 2E 61 68 2E 2E 2E 2E 2E CD E3 17 67 6F 2E CD E3 33 73 74 65 70 20 E3 C3 74 68 65 72 65 2E	08:1 17:1 74:1 C3:1 CD:2 D7:1 E0:1 E3:3	25	2	0	False	confirmed-record	[TOP][SPEAKER:08]Ah..ah.....\n[E3][17]go.\n[E3]3step [E3][C3:74]here.		pending			
EN-06F56A	main-dialogue-2	0x06F56A	0x06F5E2	120	D7 54 69 6D 65 20 69 73 20 64 69 73 70 6C 61 63 65 64 20 69 6E CD E3 0E E3 9E 4D 79 20 6D 61 73 74 65 72 CD 69 73 20 73 6F 20 75 70 73 65 74 20 61 62 6F 75 74 CD 69 74 20 68 65 20 E3 0F 72 65 73 74 2E D1 E3 48 69 73 20 61 20 6D 79 73 74 65 72 69 6F 75 73 CD 70 6F 77 65 72 20 69 6E 20 E3 00 73 74 6F 6E 65 CD 68 69 64 64 65 6E 20 69 6E 20 E3 00 64 6F 6C 6C 2E	00:2 0E:1 0F:1 9E:1 CD:5 D1:1 D7:1 E3:6	102	5	1	False	confirmed-record	[TOP]Time is displaced in\n[E3][0E][E3][9E]My master\nis so upset about\nit he [E3][0F]rest.\f[E3]His a mysterious\npower in [E3][00]stone\nhidden in [E3][00]doll.		pending			
EN-06F5E3	main-dialogue-2	0x06F5E3	0x06F634	81	D7 E3 48 E3 1C 6D 6F 6E 73 74 65 72 73 20 77 68 6F CD E3 1C E3 1E 64 65 66 65 61 74 65 64 20 62 79 20 73 6B 69 6C 6C CD 6F 72 20 73 77 6F 72 64 2E 20 E3 0D 64 61 6E 67 65 72 6F 75 73 CD 74 6F 20 E3 26 63 6C 6F 73 65 20 74 6F 20 74 68 65 6D 2E	0D:1 1C:2 1E:1 CD:3 D7:1 E3:6	67	3	0	False	confirmed-record	[TOP][E3]H[E3][1C]monsters who\n[E3][1C][E3][1E]defeated by skill\nor sword. [E3][0D]dangerous\nto [E3]&close to them.		pending			
EN-06F635	main-dialogue-2	0x06F635	0x06F69A	101	D7 E3 09 E3 C6 E3 2D 74 68 65 CD 70 65 72 73 6F 6E 20 E3 A0 6D 61 64 65 20 6D 65 2E CD 4D 79 20 E3 97 74 6F 6F 6B 20 6D 65 20 69 6E CD 79 65 61 72 73 20 61 67 6F 2E D1 4D 79 20 E3 97 74 61 75 67 68 74 20 6D 65 CD 74 6F 20 73 70 65 61 6B 2E CD 53 6F 20 49 20 70 72 6F 74 65 63 74 20 E3 5A 68 65 72 65 2E	09:1 97:2 A0:1 C6:1 CD:5 D1:1 D7:1 E3:7	82	5	1	False	confirmed-record	[TOP][E3][09][E3][C6][E3]-the\nperson [E3][A0]made me.\nMy [E3][97]took me in\nyears ago.\fMy [E3][97]taught me\nto speak.\nSo I protect [E3]Zhere.		pending			
EN-07808E	main-dialogue-3	0x07808E	0x0780C9	59	D7 E0 0F 54 61 6C 6B 20 74 6F 20 6D 65 20 E3 43 79 6F 75 60 72 65 CD 74 72 6F 75 62 6C 65 64 2E 20 E3 03 6F 6C 64 65 72 20 61 6E 64 CD E3 C1 65 78 70 65 72 69 65 6E 63 65 64 2E	03:1 0F:1 C1:1 CD:2 D7:1 E0:1 E3:3	49	2	0	False	confirmed-record	[TOP][SPEAKER:0F]Talk to me [E3]Cyou`re\ntroubled. [E3][03]older and\n[E3][C1]experienced.		pending			
EN-0780CA	main-dialogue-3	0x0780CA	0x07816D	163	D7 E0 0F C2 00 2C CD 49 20 E3 58 E3 00 72 75 6D 6F 72 CD E3 0A E3 00 54 65 74 72 6F 6E 2E D1 E3 0D 6F 64 64 20 74 68 65 CD E3 11 69 73 20 61 66 74 65 72 20 74 68 65 CD 54 65 74 72 6F 6E 2E 20 49 20 74 68 69 6E 6B CD E3 0E E3 11 69 73 20 61 20 66 61 6B 65 2E D1 48 69 73 20 C3 02 77 65 61 6B 6E 65 73 73 C3 00 2E 2E 2E CD 44 6F 20 E3 01 E3 3B E3 23 69 74 20 69 73 3F D1 49 66 20 77 65 20 75 73 65 64 20 69 74 CD 77 65 20 E3 94 65 78 70 6F 73 65 20 68 69 6D CD E3 0C E3 23 68 65 20 69 73 2E	00:4 01:1 02:1 0A:1 0C:1 0D:1 0E:1 0F:1 11:2 94:1 C2:1 C3:2 CD:8 D1:3 D7:1 E0:1 E3:14	119	8	3	True	confirmed-record	[TOP][SPEAKER:0F][NAME],\nI [E3]X[E3][00]rumor\n[E3][0A][E3][00]Tetron.\f[E3][0D]odd the\n[E3][11]is after the\nTetron. I think\n[E3][0E][E3][11]is a fake.\fHis [YELLOW]weakness[/HIGHLIGHT]...\nDo [E3][01][E3];[E3]#it is?\fIf we used it\nwe [E3][94]expose him\n[E3][0C][E3]#he is.		pending			
EN-07816E	main-dialogue-3	0x07816E	0x07820C	158	D7 E0 0F 41 74 20 6C 61 73 74 20 E3 53 63 61 6C 6D 65 64 20 64 6F 77 6E CD 65 6E 6F 75 67 68 20 74 6F 20 74 61 6C 6B 2E D1 E3 BF 77 65 20 E3 02 74 6F 20 74 61 6C 6B CD E3 0A E3 05 66 61 74 68 65 72 2E 2E 2E CD C9 1E 4F 4B 2C 20 C2 00 3F CD 43 61 6C 6D 20 64 6F 77 6E 20 E3 08 6C 69 73 74 65 6E 2E D1 41 20 66 65 77 20 64 61 79 73 20 61 67 6F 2E 2E 2E D1 E3 40 E3 1D E3 08 49 CD E3 D6 6F 6E 20 61 20 6A 6F 75 72 6E 65 79 2E CD 57 65 20 E3 63 E3 65 E3 0C 74 68 65 CD E0 00 2E	00:2 02:1 05:1 08:2 0A:1 0C:1 0F:1 1D:1 1E:1 BF:1 C2:1 C9:1 CD:7 D1:3 D6:1 D7:1 E0:2 E3:13	117	7	3	False	confirmed-record	[TOP][SPEAKER:0F]At last [E3]Scalmed down\nenough to talk.\f[E3][BF]we [E3][02]to talk\n[E3][0A][E3][05]father...\n[C9][1E]OK, [NAME]?\nCalm down [E3][08]listen.\fA few days ago...\f[E3]@[E3][1D][E3][08]I\n[E3][D6]on a journey.\nWe [E3]c[E3]e[E3][0C]the\n[SPEAKER:00].		pending			
EN-07820D	main-dialogue-3	0x07820D	0x078309	252	D7 E0 0F 57 68 69 6C 65 20 E3 65 49 20 6C 6F 73 74 CD 73 69 67 68 74 20 6F 66 20 E3 05 66 61 74 68 65 72 2E CD 49 20 63 6F 75 6C 64 6E 60 74 20 E3 4D 68 69 6D 2E 2E 2E D1 49 20 66 65 65 6C 20 E3 15 74 68 65 CD E0 00 20 68 65 20 77 61 73 CD E3 65 E3 0C 69 73 20 E3 00 6B 65 79 CD 74 6F 20 E3 44 77 68 65 72 65 61 62 6F 75 74 73 2E 2E 2E D1 4C 6F 6E 67 20 61 67 6F 20 49 20 E3 6E 74 6F 20 74 68 65 CD C3 02 E3 49 49 73 6C 65 C3 00 2E D1 E3 48 E3 16 61 20 73 74 61 74 75 65 CD E3 4B E3 10 61 20 73 74 72 61 6E 67 65 CD 73 74 E3 78 65 6D 62 65 64 64 65 64 20 69 6E 20 69 74 2E D1 55 6E 66 6F 72 74 75 6E 61 74 65 6C 79 2C 20 49 20 6E 65 76 65 72 CD E3 6C 74 6F 20 E3 5E 69 74 2E 2E 2E CD C9 28 E3 73 69 74 20 E3 16 61 CD E0 00 2C 20 49 20 E3 07 6B 6E 6F 77 2E	00:4 02:1 05:1 07:1 0C:1 0F:1 10:1 15:1 16:2 C3:2 C9:1 CD:11 D1:4 D7:1 E0:3 E3:20	197	11	4	True	confirmed-record	[TOP][SPEAKER:0F]While [E3]eI lost\nsight of [E3][05]father.\nI couldn`t [E3]Mhim...\fI feel [E3][15]the\n[SPEAKER:00] he was\n[E3]e[E3][0C]is [E3][00]key\nto [E3]Dwhereabouts...\fLong ago I [E3]nto the\n[YELLOW][E3]IIsle[/HIGHLIGHT].\f[E3]H[E3][16]a statue\n[E3]K[E3][10]a strange\nst[E3]xembedded in it.\fUnfortunately, I never\n[E3]lto [E3]^it...\n[C9]([E3]sit [E3][16]a\n[SPEAKER:00], I [E3][07]know.		pending			
EN-07830A	main-dialogue-3	0x07830A	0x078329	31	D7 E3 2A 61 20 6D 6F 75 73 65 2E CD 41 20 66 72 69 65 6E 64 6C 79 20 E3 39 6D 6F 75 73 65 2E	CD:1 D7:1 E3:2	27	1	0	False	confirmed-record	[TOP][E3]*a mouse.\nA friendly [E3]9mouse.		pending			
EN-078367	main-dialogue-3	0x078367	0x07836E	7	D7 CD 57 6F 6F 66 21	CD:1 D7:1	5	1	0	False	confirmed-record	[TOP]\nWoof!		pending			
EN-07836F	main-dialogue-3	0x07836F	0x0783A5	54	D7 E3 53 E3 3C 74 72 61 76 65 6C 69 6E 67 20 77 69 74 68 CD 6D 79 20 6D 61 73 74 65 72 2E 20 4E 6F 77 CD E3 03 73 65 74 74 6C 65 64 20 69 6E 2E 20 57 6F 6F 66 2E	03:1 CD:2 D7:1 E3:3	47	2	0	False	confirmed-record	[TOP][E3]S[E3]<traveling with\nmy master. Now\n[E3][03]settled in. Woof.		pending			
EN-0783B7	main-dialogue-3	0x0783B7	0x0783DA	35	D7 20 C2 00 20 E3 91 69 6E 20 74 68 65 CD 20 6D 61 69 6C 62 6F 78 2E CD 20 E3 45 E3 66 74 68 65 72 65 2E	00:1 91:1 C2:1 CD:2 D7:1 E3:3	26	2	0	False	confirmed-record	[TOP] [NAME] [E3][91]in the\n mailbox.\n [E3]E[E3]fthere.		pending			
EN-07853C	main-dialogue-3	0x07853C	0x078545	9	D7 E0 06 4D 65 6F 77 21 21	06:1 D7:1 E0:1	6	0	0	False	confirmed-record	[TOP][SPEAKER:06]Meow!!		pending			
EN-0786C8	main-dialogue-3	0x0786C8	0x0786D7	15	D7 E0 08 E3 31 6B 69 64 2C 20 77 61 69 74 21	08:1 D7:1 E0:1 E3:1	11	0	0	False	confirmed-record	[TOP][SPEAKER:08][E3]1kid, wait!		pending			
EN-0786D8	main-dialogue-3	0x0786D8	0x07874C	116	D7 E0 08 E3 31 6B 69 64 2E 20 E3 6B E3 01 E3 00 73 6F 6E CD 6F 66 20 44 72 2E 41 6B 69 68 61 62 61 72 61 3F CD E3 52 E3 10 6D 65 2E D1 E3 04 E3 38 62 6F 73 73 20 E3 A8 74 6F CD E3 30 E3 01 61 73 20 61 20 68 6F 73 74 61 67 65 CD 69 66 20 E3 00 44 6F 63 74 6F 72 20 64 6F 65 73 6E 60 74 CD 63 6F 6F 70 65 72 61 74 65 2E C9 3C 20 47 72 75 6E 74 21 21	00:2 01:2 04:1 08:1 10:1 A8:1 C9:1 CD:5 D1:1 D7:1 E0:1 E3:12	87	5	1	False	confirmed-record	[TOP][SPEAKER:08][E3]1kid. [E3]k[E3][01][E3][00]son\nof Dr.Akihabara?\n[E3]R[E3][10]me.\f[E3][04][E3]8boss [E3][A8]to\n[E3]0[E3][01]as a hostage\nif [E3][00]Doctor doesn`t\ncooperate.[C9]< Grunt!!		pending			
EN-07874D	main-dialogue-3	0x07874D	0x07876A	29	D7 E0 08 53 6F 72 72 79 2C 20 E3 22 49 CD E3 0F 6C 65 74 20 E3 01 65 73 63 61 70 65 21	01:1 08:1 0F:1 CD:1 D7:1 E0:1 E3:3	20	1	0	False	confirmed-record	[TOP][SPEAKER:08]Sorry, [E3]"I\n[E3][0F]let [E3][01]escape!		pending			
EN-07876B	main-dialogue-3	0x07876B	0x0787AF	68	D7 E0 08 4F 68 20 C9 1E 67 72 65 61 74 21 20 42 65 61 74 65 6E 20 62 79 20 61 20 6B 69 64 21 CD E3 19 E3 12 49 20 E3 4F E3 00 67 75 79 73 3F CD E3 06 6E 65 76 65 72 20 6C 69 76 65 20 E3 0E 64 6F 77 6E 21	00:1 06:1 08:1 0E:1 12:1 19:1 1E:1 C9:1 CD:2 D7:1 E0:1 E3:6	50	2	0	False	confirmed-record	[TOP][SPEAKER:08]Oh [C9][1E]great! Beaten by a kid!\n[E3][19][E3][12]I [E3]O[E3][00]guys?\n[E3][06]never live [E3][0E]down!		pending			
EN-0787EB	main-dialogue-3	0x0787EB	0x078838	77	D7 20 4F 6E 20 E3 00 73 74 6F 6E 65 CD C3 02 20 E3 E3 46 61 6D 69 6C 79 20 54 6F 6D 62 CD C3 00 20 69 73 20 63 61 72 76 65 64 2E D1 20 C2 00 CD 20 74 65 6C 6C 73 20 E3 00 73 74 6F 6E 65 CD 20 E3 71 E3 F4 68 61 70 70 65 6E 65 64 2E	00:4 02:1 C2:1 C3:2 CD:4 D1:1 D7:1 E3:6 F4:1	56	4	1	True	confirmed-record	[TOP] On [E3][00]stone\n[YELLOW] [E3][E3]Family Tomb\n[/HIGHLIGHT] is carved.\f [NAME]\n tells [E3][00]stone\n [E3]q[E3][F4]happened.		pending			
EN-078839	main-dialogue-3	0x078839	0x07886B	50	D7 20 C2 00 CD 20 69 6E 73 70 65 63 74 65 64 20 74 68 65 CD 20 73 74 6F 6E 65 2E D1 C9 1E 20 E3 45 61 20 67 61 70 20 69 6E 20 E3 00 73 74 6F 6E 65 21	00:2 1E:1 C2:1 C9:1 CD:2 D1:1 D7:1 E3:2	39	2	1	False	confirmed-record	[TOP] [NAME]\n inspected the\n stone.\f[C9][1E] [E3]Ea gap in [E3][00]stone!		pending			
EN-0788D4	main-dialogue-3	0x0788D4	0x078A35	353	D7 57 65 6C 63 6F 6D 65 2C 20 64 65 73 63 65 6E 64 61 6E 74 73 2E CD C9 14 4D 79 20 6E 61 6D 65 20 69 73 20 52 61 73 6B 2E CD C9 14 49 20 77 69 73 68 20 74 6F 20 67 69 76 65 CD E3 01 61 20 6D 65 73 73 61 67 65 2E D1 4F 6E 20 51 75 69 6E 74 65 6E 69 78 2C 20 61 CD E0 00 20 73 74 E3 78 69 73 20 64 69 76 69 64 65 64 CD 69 6E 74 6F 20 33 20 70 69 65 63 65 73 2E D1 49 74 20 E3 18 6D 79 73 74 65 72 69 6F 75 73 20 70 6F 77 65 72 73 2E D1 53 6F 6D 65 20 64 61 79 2C 20 65 76 69 6C 20 6D 65 6E 20 77 69 6C 6C CD 74 72 79 20 74 6F 20 E3 26 74 68 65 6D 2E CD 43 6F 6C 6C 65 63 74 20 E3 00 E0 00 CD E3 F2 E3 15 68 61 70 70 65 6E 73 2E D1 E3 53 E3 B1 E3 2F 6F 6E 65 CD 6F 66 20 74 68 65 6D 2E 2E 2E CD 49 20 61 73 6B 65 64 20 C3 02 43 6F 75 6E 74 20 50 72 69 6E 6B 79 CD C3 00 74 6F 20 E3 DA 69 74 2E D1 49 20 E3 07 E3 3B 69 66 20 74 68 65 CD E3 80 E3 79 E3 12 73 74 69 6C 6C CD 62 65 20 74 68 65 72 65 2C 20 E3 22 E3 4D 6F 75 74 2E D1 E3 04 E3 80 E3 79 69 73 CD B0 20 E3 1F E3 A6 69 6E 20 E3 00 CD C3 02 46 6F 72 65 73 74 20 6F 66 20 49 6C 6C 75 73 69 6F 6E C3 00 2E	00:6 01:1 02:2 04:1 07:1 12:1 14:2 15:1 18:1 1F:1 80:2 A6:1 B0:1 B1:1 C3:4 C9:2 CD:15 D1:6 D7:1 DA:1 E0:2 E3:24 F2:1	275	15	6	True	confirmed-record	[TOP]Welcome, descendants.\n[C9][14]My name is Rask.\n[C9][14]I wish to give\n[E3][01]a message.\fOn Quintenix, a\n[SPEAKER:00] st[E3]xis divided\ninto 3 pieces.\fIt [E3][18]mysterious powers.\fSome day, evil men will\ntry to [E3]&them.\nCollect [E3][00][SPEAKER:00]\n[E3][F2][E3][15]happens.\f[E3]S[E3][B1][E3]/one\nof them...\nI asked [YELLOW]Count Prinky\n[/HIGHLIGHT]to [E3][DA]it.\fI [E3][07][E3];if the\n[E3][80][E3]y[E3][12]still\nbe there, [E3]"[E3]Mout.\f[E3][04][E3][80][E3]yis\n[B0] [E3][1F][E3][A6]in [E3][00]\n[YELLOW]Forest of Illusion[/HIGHLIGHT].		pending			
EN-078BB9	main-dialogue-3	0x078BB9	0x078DB5	508	D7 90 02 1C 04 00 C4 8B 4C E0 8A B2 8B CE 8B DB 8B E8 8B B2 8B 02 1D 34 91 02 1C 02 01 AC 8B 4C E0 8A 02 1D 94 92 02 1C 02 01 AC 8B 4C E0 8A 02 1D 5F 93 02 1C 02 01 AC 8B 4C E0 8A 02 1D CE 8D 02 0A 29 80 6B D8 E0 08 48 6F 77 20 E3 0A 69 74 2C 20 44 6F 63 74 6F 72 3F CD 41 20 E3 5D 73 61 6C 61 72 79 2C 20 62 65 6E 65 66 69 74 73 2C CD E3 08 E3 DF 69 6E 73 75 72 61 6E 63 65 21 D1 E0 02 49 74 20 6E 65 76 65 72 20 63 68 61 6E 67 65 73 21 CD E3 09 C3 02 48 61 63 6B 65 72 73 C3 00 20 61 72 65 61 20 E3 71 61 6C 69 6B 65 2E CD E3 19 61 6E 20 65 76 69 6C 20 62 75 6E 63 68 21 21 D1 E0 08 E3 2C E3 23 E3 01 73 61 79 2C 20 62 75 74 CD 65 76 69 6C 20 69 73 20 67 6F 6F 64 2E CD 45 76 69 6C 20 69 73 20 E3 00 6A 6F 62 2E D1 46 6F 72 20 6F 75 72 20 66 75 74 75 72 65 20 77 65 20 6E 65 65 64 CD E3 55 69 6E 76 65 6E 74 6F 72 73 CD E3 10 E3 05 E3 82 6F 66 20 70 6F 77 65 72 21 DE D8 E0 02 48 6D 6D 6D 2E 2E 2E C9 1E 49 20 61 70 70 72 65 63 69 61 74 65 20 79 6F 75 72 CD 69 6E 74 65 72 65 73 74 2C 20 E3 22 49 20 E3 0F 75 73 65 CD 6D 79 20 69 6E 76 65 6E 74 69 6F 6E 73 20 E3 0C 65 76 69 6C 2E D1 E3 06 E3 85 79 6F 75 CD 6D 79 20 6C 61 74 65 73 74 20 69 6E 76 65 6E 74 69 6F 6E 2E CD 57 61 6E 74 20 74 6F 20 E3 3B 69 74 20 69 73 3F D1 E0 08 2E 2E 2E E3 2A C9 1E 61 20 74 72 75 6D 70 65 74 3F CD 49 20 72 65 6D 65 6D 62 65 72 2E 2E 2E 20 CD C9 1E 49 6E 20 68 69 67 68 20 73 63 68 6F 6F 6C CD 49 20 E3 16 69 6E 20 E3 00 42 61 6E 64 2E D1 E0 02 E3 0D E3 1E E3 35 61 20 74 72 75 6D 70 65 74 2C CD E3 01 E3 B9 69 74 20 E3 2D 74 68 69 73 2E	00:4 01:5 02:16 04:1 05:1 06:1 08:4 09:1 0A:2 0C:1 0D:1 0F:1 10:1 16:1 19:1 1C:4 1D:4 1E:4 80:1 82:1 85:1 8A:4 8B:9 8D:1 90:1 91:1 92:1 93:1 94:1 AC:3 B2:2 B9:1 C3:2 C4:1 C9:3 CD:16 CE:2 D1:6 D7:1 D8:2 DB:1 DE:1 DF:1 E0:10 E3:30 E8:1	350	16	6	True	confirmed-record	[TOP][90][02][1C][04][00][C4][8B]L[SPEAKER:8A][B2][8B][CE][8B][DB][8B][E8][8B][B2][8B][02][1D]4[91][02][1C][02][01][AC][8B]L[SPEAKER:8A][02][1D][94][92][02][1C][02][01][AC][8B]L[SPEAKER:8A][02][1D]_[93][02][1C][02][01][AC][8B]L[SPEAKER:8A][02][1D][CE][8D][02][0A])[80]k[BOTTOM][SPEAKER:08]How [E3][0A]it, Doctor?\nA [E3]]salary, benefits,\n[E3][08][E3][DF]insurance!\f[SPEAKER:02]It never changes!\n[E3][09][YELLOW]Hackers[/HIGHLIGHT] area [E3]qalike.\n[E3][19]an evil bunch!!\f[SPEAKER:08][E3],[E3]#[E3][01]say, but\nevil is good.\nEvil is [E3][00]job.\fFor our future we need\n[E3]Uinventors\n[E3][10][E3][05][E3][82]of power![DE][BOTTOM][SPEAKER:02]Hmmm...[C9][1E]I appreciate your\ninterest, [E3]"I [E3][0F]use\nmy inventions [E3][0C]evil.\f[E3][06][E3][85]you\nmy latest invention.\nWant to [E3];it is?\f[SPEAKER:08]...[E3]*[C9][1E]a trumpet?\nI remember... \n[C9][1E]In high school\nI [E3][16]in [E3][00]Band.\f[SPEAKER:02][E3][0D][E3][1E][E3]5a trumpet,\n[E3][01][E3][B9]it [E3]-this.		pending			
EN-078DCE	main-dialogue-3	0x078DCE	0x078E6F	161	D7 E0 02 E3 2A C2 00 2E CD 48 75 68 3F 20 E3 09 E3 02 73 6F 6D 65 CD 73 74 72 61 6E 67 65 20 74 68 69 6E 67 73 2E D1 E3 62 C3 02 53 63 72 61 70 C3 00 2E CD E3 24 6D 61 63 68 69 6E 65 20 63 6F 75 6C 64 CD E3 83 69 74 20 69 6E 74 6F 20 CD 76 61 72 69 6F 75 73 20 69 6E 76 65 6E 74 69 6F 6E 73 2E D1 55 6E 65 78 70 65 63 74 65 64 20 74 68 69 6E 67 73 CD 73 6F 6D 65 74 69 6D 65 73 20 64 65 76 65 6C 6F 70 2E CD E3 17 77 6F 72 72 79 20 61 62 6F 75 74 CD E3 77 6D 69 73 74 61 6B 65 73 2E	00:2 02:3 09:1 17:1 83:1 C2:1 C3:2 CD:8 D1:2 D7:1 E0:1 E3:8	130	8	2	True	confirmed-record	[TOP][SPEAKER:02][E3]*[NAME].\nHuh? [E3][09][E3][02]some\nstrange things.\f[E3]b[YELLOW]Scrap[/HIGHLIGHT].\n[E3]$machine could\n[E3][83]it into \nvarious inventions.\fUnexpected things\nsometimes develop.\n[E3][17]worry about\n[E3]wmistakes.		pending			
EN-078E70	main-dialogue-3	0x078E70	0x078FE3	371	D7 E0 02 E3 2A C2 00 2E CD 57 6F 77 21 20 41 20 E0 1C 21 D1 E3 09 E3 4E E3 B9 69 74 2C 20 74 6F 6F 2E D1 49 66 20 E3 01 63 6F 6E 66 69 67 75 72 65 20 74 68 65 CD E0 1C 60 73 20 C3 02 53 74 61 74 75 73 20 E3 08 53 6B 69 6C 6C CD C3 00 E3 10 E3 00 E3 8A 4D 61 63 68 69 6E 65 2C D1 E3 01 E3 14 6D 61 6B 65 CD E3 00 E0 1C 20 73 74 72 6F 6E 67 65 72 2E D1 E3 2E 48 69 6D 3F 20 E3 1A 62 65 65 6E CD E3 70 6C 61 74 65 6C 79 2E CD 41 20 C3 02 48 61 63 6B 65 72 C3 00 20 53 6F 6C 64 69 65 72 2E CD E3 1A 73 70 79 69 6E 67 2E D1 E3 C4 E3 02 61 20 6D 65 61 6E 69 6E 67 CD 69 66 20 E3 68 75 73 65 66 75 6C 2E 20 55 73 69 6E 67 CD E3 AD E3 0C 65 76 69 6C 20 69 73 20 E3 4A 6F 66 CD E3 00 71 75 65 73 74 69 6F 6E 2E D1 E3 09 E3 14 E3 02 74 68 69 73 2E CD 41 20 C3 02 E3 98 48 6F 72 6E C3 00 2E CD E3 0D E3 3F 6C 6F 75 64 2E 20 49 74 CD E3 12 62 65 20 75 73 65 66 75 6C 2E DE 20 C2 00 20 72 65 63 65 69 76 65 64 20 74 68 65 CD C3 02 20 E3 98 48 6F 72 6E C3 00 21 CC D7 2E 2E 2E 59 6F 75 72 CD E3 8B 69 73 20 66 75 6C 6C 21 CD E3 06 77 61 69 74 20 77 68 69 6C 65 20 79 6F 75 CD 73 74 72 61 69 67 68 74 65 6E 20 69 74 20 75 70 2E	00:9 01:2 02:7 06:1 08:1 09:2 0C:1 0D:1 10:1 12:1 14:2 1A:2 1C:3 8A:1 8B:1 98:2 AD:1 B9:1 C2:2 C3:8 C4:1 CC:1 CD:17 D1:6 D7:2 DE:1 E0:4 E3:33	257	17	6	True	confirmed-record	[TOP][SPEAKER:02][E3]*[NAME].\nWow! A [SPEAKER:1C]!\f[E3][09][E3]N[E3][B9]it, too.\fIf [E3][01]configure the\n[SPEAKER:1C]`s [YELLOW]Status [E3][08]Skill\n[/HIGHLIGHT][E3][10][E3][00][E3][8A]Machine,\f[E3][01][E3][14]make\n[E3][00][SPEAKER:1C] stronger.\f[E3].Him? [E3][1A]been\n[E3]plately.\nA [YELLOW]Hacker[/HIGHLIGHT] Soldier.\n[E3][1A]spying.\f[E3][C4][E3][02]a meaning\nif [E3]huseful. Using\n[E3][AD][E3][0C]evil is [E3]Jof\n[E3][00]question.\f[E3][09][E3][14][E3][02]this.\nA [YELLOW][E3][98]Horn[/HIGHLIGHT].\n[E3][0D][E3]?loud. It\n[E3][12]be useful.[DE] [NAME] received the\n[YELLOW] [E3][98]Horn[/HIGHLIGHT]![CC][TOP]...Your\n[E3][8B]is full!\n[E3][06]wait while you\nstraighten it up.		pending			
EN-078FE4	main-dialogue-3	0x078FE4	0x079053	111	D7 E0 02 E3 51 E3 00 E3 E0 C2 00 3F D1 2E 2E 2E C9 3C 57 68 61 74 3F CD C9 1E 41 20 E3 38 53 6F 6C 64 69 65 72 3F CD 2E 2E 2E 48 65 20 77 61 73 3F D1 E3 03 67 6C 61 64 20 E3 13 73 61 66 65 2E CD D3 2B 90 D7 E0 02 E3 F7 77 6F 72 72 69 65 73 20 77 68 65 6E CD E3 13 6C 61 74 65 2E 20 52 65 74 75 72 6E CD 74 6F 20 52 6F 63 6F 63 6F 2E	00:2 02:2 03:1 13:2 1E:1 90:1 C2:1 C9:2 CD:5 D1:2 D3:1 D7:2 E0:3 E3:8 F7:1	77	5	2	False	confirmed-record	[TOP][SPEAKER:02][E3]Q[E3][00][E3][SPEAKER:C2][00]?\f...[C9]<What?\n[C9][1E]A [E3]8Soldier?\n...He was?\f[E3][03]glad [E3][13]safe.\n[D3]+[90][TOP][SPEAKER:02][E3][F7]worries when\n[E3][13]late. Return\nto Rococo.		pending			
EN-079054	main-dialogue-3	0x079054	0x079089	53	D7 E0 02 53 69 6E 63 65 20 77 65 60 72 65 20 63 6C 6F 73 65 2C CD E3 CA 76 69 73 69 74 20 79 6F 75 72 CD 61 6E 63 65 73 74 6F 72 73 60 20 67 72 61 76 65 73 2E	02:1 CA:1 CD:2 D7:1 E0:1 E3:1	46	2	0	False	confirmed-record	[TOP][SPEAKER:02]Since we`re close,\n[E3][CA]visit your\nancestors` graves.		pending			
EN-07908A	main-dialogue-3	0x07908A	0x079133	169	D7 E0 02 57 68 69 6C 65 20 E3 13 68 65 72 65 2E D1 57 6F 75 6C 64 20 E3 01 E3 2D 6D 65 20 74 6F 20 74 65 6C 6C CD E3 01 E3 0A 6D 79 20 69 6E 76 65 6E 74 69 6F 6E 73 3F CD 20 50 6C 65 61 73 65 21 CD 20 E3 BA 74 68 61 6E 6B 73 2E CC D0 E3 19 73 75 62 6A 65 63 74 3F CD C9 28 20 49 6E 76 65 6E 74 69 6F 6E 73 CD 20 43 6F 6D 62 69 6E 61 74 69 6F 6E 73 CD 20 52 6F 62 6F 74 73 CD 20 4E 6F 74 68 69 6E 67 CC D0 CD 2E 2E 2E 2E 2E 2E 2E 2E 2E 2E 2E 2E 4F 4B 2E CD C9 3C E3 BA E3 F4 E3 71 72 69 67 68 74 2E 2E 2E CD	01:2 02:1 0A:1 13:1 19:1 BA:2 C9:2 CC:2 CD:10 D0:2 D1:1 D7:1 E0:1 E3:10 F4:1	131	10	1	False	confirmed-record	[TOP][SPEAKER:02]While [E3][13]here.\fWould [E3][01][E3]-me to tell\n[E3][01][E3][0A]my inventions?\n Please!\n [E3][BA]thanks.[CC][WIPE][E3][19]subject?\n[C9]( Inventions\n Combinations\n Robots\n Nothing[CC][WIPE]\n............OK.\n[C9]<[E3][BA][E3][F4][E3]qright...\n		pending			
EN-0795D3	main-dialogue-3	0x0795D3	0x0795DB	8	D7 E0 06 4D 65 6F 77 21	06:1 D7:1 E0:1	5	0	0	False	confirmed-record	[TOP][SPEAKER:06]Meow!		pending			
EN-0795DC	main-dialogue-3	0x0795DC	0x0795E7	11	D7 E0 06 48 75 68 68 68 2E 2E 2E	06:1 D7:1 E0:1	8	0	0	False	confirmed-record	[TOP][SPEAKER:06]Huhhh...		pending			
EN-0795E8	main-dialogue-3	0x0795E8	0x0795F0	8	D7 E0 06 4D 65 6F 77 21	06:1 D7:1 E0:1	5	0	0	False	confirmed-record	[TOP][SPEAKER:06]Meow!		pending			
EN-0795F1	main-dialogue-3	0x0795F1	0x079620	47	D7 E0 06 4D 79 20 E3 B1 E3 97 69 73 CD 44 72 2E 41 6B 69 68 61 62 61 72 61 2E 20 4D 65 6F 77 2E CD E3 0B E3 1E 6D 79 20 6D 61 73 74 65 72 2E	06:1 0B:1 1E:1 97:1 B1:1 CD:2 D7:1 E0:1 E3:4	34	2	0	False	confirmed-record	[TOP][SPEAKER:06]My [E3][B1][E3][97]is\nDr.Akihabara. Meow.\n[E3][0B][E3][1E]my master.		pending			
EN-079641	main-dialogue-3	0x079641	0x07971C	219	D7 20 C2 00 20 66 6F 75 6E 64 CD C3 02 20 E3 FD 4C 65 74 74 65 72 C3 00 CD 20 69 6E 20 61 20 64 72 61 77 65 72 2E CD C9 1E 20 C2 00 20 E3 D1 E3 00 6C 65 74 74 65 72 2E D1 C3 02 20 C2 00 2E CD 20 E3 03 E3 25 6F 6E 20 61 6E CD 20 E3 FC 74 72 69 70 2E CD 20 49 74 20 E3 67 62 65 20 E3 96 73 61 66 65 2E D1 20 49 66 20 49 20 E3 07 E3 20 62 61 63 6B 2C CD C3 03 20 49 20 E3 29 E3 01 74 6F CD 20 E3 9D E3 23 49 20 73 61 79 CD 20 77 68 65 6E 65 76 65 72 20 49 20 6C 65 61 76 65 2E D1 C3 02 20 E3 28 E3 03 E3 1E 68 65 72 65 2C CD 20 E3 30 E3 AC 6F 66 20 79 6F 75 72 73 65 6C 66 2E CD CD C9 1E 20 20 20 20 20 20 20 20 20 20 20 20 20 20 E3 40 66 61 74 68 65 72 C3 00	00:6 01:1 02:3 03:3 07:1 1E:3 96:1 9D:1 AC:1 C2:3 C3:6 C9:2 CD:12 D1:4 D7:1 E3:20 FC:1 FD:1	149	12	4	True	confirmed-record	[TOP] [NAME] found\n[YELLOW] [E3][FD]Letter[/HIGHLIGHT]\n in a drawer.\n[C9][1E] [NAME] [E3]\f[E3][00]letter.\f[YELLOW] [NAME].\n [E3][03][E3]%on an\n [E3][FC]trip.\n It [E3]gbe [E3][96]safe.\f If I [E3][07][E3] back,\n[PINK] I [E3])[E3][01]to\n [E3][9D][E3]#I say\n whenever I leave.\f[YELLOW] [E3]([E3][03][E3][1E]here,\n [E3]0[E3][AC]of yourself.\n\n[C9][1E]              [E3]@father[/HIGHLIGHT]		pending			
EN-079759	main-dialogue-3	0x079759	0x079774	27	D7 CD 20 49 6E 20 E3 00 6E 65 73 74 20 69 73 CD 20 61 20 73 6D E3 71 65 67 67 2E	00:1 CD:2 D7:1 E3:2	21	2	0	False	confirmed-record	[TOP]\n In [E3][00]nest is\n a sm[E3]qegg.		pending			
EN-079775	main-dialogue-3	0x079775	0x07978D	24	D7 CD 20 41 20 E3 7D 62 69 72 64 20 69 73 20 68 61 74 63 68 69 6E 67 2E	CD:1 D7:1 E3:1	21	1	0	False	confirmed-record	[TOP]\n A [E3]}bird is hatching.		pending			
EN-07978E	main-dialogue-3	0x07978E	0x0797B0	34	D7 CD 20 E3 04 62 61 62 79 20 62 69 72 64 CD 20 73 70 72 65 61 64 73 20 69 74 73 20 77 69 6E 67 73 2E	04:1 CD:2 D7:1 E3:1	29	2	0	False	confirmed-record	[TOP]\n [E3][04]baby bird\n spreads its wings.		pending			
EN-0797B1	main-dialogue-3	0x0797B1	0x0797D6	37	D7 CD 20 4C 6F 6F 6B 73 20 E3 2D E3 00 6C 69 74 74 6C 65 CD 20 62 69 72 64 20 E3 18 E3 D6 E3 00 6E 65 73 74 2E	00:2 18:1 CD:2 D6:1 D7:1 E3:5	25	2	0	False	confirmed-record	[TOP]\n Looks [E3]-[E3][00]little\n bird [E3][18][E3][D6][E3][00]nest.		pending			
EN-0797EF	main-dialogue-3	0x0797EF	0x079912	291	D7 20 C2 00 20 E3 2F 61 CD C3 02 20 44 69 61 72 79 C3 00 20 6F 6E 20 E3 00 62 65 64 21 CD C9 1E 20 E3 04 44 69 61 72 79 20 E3 91 6F 6C 64 2E D1 C3 02 20 2A 20 E3 A1 2A 20 44 61 79 CD 20 E3 04 41 6E 64 72 6F 69 64 2C 20 4E 61 67 69 73 61 2C CD 20 69 73 20 66 69 6E 69 73 68 65 64 2E 20 4E 6F 20 E3 78 63 61 6E CD 20 E3 4F E3 92 61 6E 20 41 6E 64 72 6F 69 64 2E D1 20 E3 F7 E3 91 E3 2D 6D 79 CD 20 6C 61 74 65 20 77 69 66 65 20 E3 43 73 68 65 CD 20 E3 16 79 6F 75 6E 67 2E D1 20 41 73 20 69 66 20 E3 92 E3 20 62 61 63 6B 2E CD 20 E3 03 61 20 E3 39 65 6D 62 61 72 72 61 73 73 65 64 2E D1 20 4C 69 74 74 6C 65 20 C2 00 2C CD 20 69 66 20 68 65 20 74 68 69 6E 6B 73 CD 20 6F 66 20 E3 F6 61 73 20 E3 44 6D 6F 74 68 65 72 2C CD 20 69 74 20 E3 12 62 65 20 61 20 73 75 63 63 65 73 73 2E D1 C3 00 20 C2 00 20 70 75 74 20 E3 00 44 69 61 72 79 CD 20 E3 3E E3 D2 68 65 20 E3 2F 69 74 2E	00:7 02:2 03:1 04:2 12:1 16:1 1E:1 91:2 92:2 A1:1 C2:3 C3:4 C9:1 CD:12 D1:5 D2:1 D7:1 E3:25 F6:1 F7:1	217	12	5	True	confirmed-record	[TOP] [NAME] [E3]/a\n[YELLOW] Diary[/HIGHLIGHT] on [E3][00]bed!\n[C9][1E] [E3][04]Diary [E3][91]old.\f[YELLOW] * [E3][A1]* Day\n [E3][04]Android, Nagisa,\n is finished. No [E3]xcan\n [E3]O[E3][92]an Android.\f [E3][F7][E3][91][E3]-my\n late wife [E3]Cshe\n [E3][16]young.\f As if [E3][92][E3] back.\n [E3][03]a [E3]9embarrassed.\f Little [NAME],\n if he thinks\n of [E3][F6]as [E3]Dmother,\n it [E3][12]be a success.\f[/HIGHLIGHT] [NAME] put [E3][00]Diary\n [E3]>[E3][WAIT]he [E3]/it.		pending			
EN-079984	main-dialogue-3	0x079984	0x0799CF	75	D7 20 E3 38 6D 6F 6E 73 74 65 72 73 20 61 72 65 CD 20 6C 75 72 6B 69 6E 67 20 61 62 6F 75 74 2E 20 55 6E 6C 65 73 73 20 79 6F 75 CD 20 E3 02 74 6F 2C 20 4B 65 65 70 20 6F 75 74 21 CD 20 20 20 20 20 20 E3 9B 50 6F 6C 69 63 65	02:1 9B:1 CD:3 D7:1 E3:3	66	3	0	False	confirmed-record	[TOP] [E3]8monsters are\n lurking about. Unless you\n [E3][02]to, Keep out!\n      [E3][9B]Police		pending			
EN-0799D0	main-dialogue-3	0x0799D0	0x0799E3	19	D7 CD C3 02 20 E3 45 6E 6F 20 E3 78 68 65 72 65 21 C3 00	00:1 02:1 C3:2 CD:1 D7:1 E3:2	11	1	0	True	confirmed-record	[TOP]\n[YELLOW] [E3]Eno [E3]xhere![/HIGHLIGHT]		pending			
EN-0799E4	main-dialogue-3	0x0799E4	0x079A0E	42	D7 CD 20 46 69 73 68 65 72 6D 61 6E 60 73 20 48 6F 75 73 65 CD 20 33 30 20 59 65 61 72 73 20 45 78 70 65 72 69 65 6E 63 65 21	CD:2 D7:1	39	2	0	False	confirmed-record	[TOP]\n Fisherman`s House\n 30 Years Experience!		pending			
EN-079A0F	main-dialogue-3	0x079A0F	0x079A31	34	D7 CD 20 E3 49 49 73 6C 65 20 69 73 20 61 CD 20 E3 55 70 6C 61 63 65 21 20 57 65 6C 63 6F 6D 65 21 21	CD:2 D7:1 E3:2	29	2	0	False	confirmed-record	[TOP]\n [E3]IIsle is a\n [E3]Uplace! Welcome!!		pending			
EN-079A32	main-dialogue-3	0x079A32	0x079A5B	41	D7 CD 20 E3 49 49 73 6C 65 20 54 6F 6F 6C 20 53 68 6F 70 CD 20 32 35 20 59 65 61 72 73 20 45 78 70 65 72 69 65 6E 63 65 21	CD:2 D7:1 E3:1	37	2	0	False	confirmed-record	[TOP]\n [E3]IIsle Tool Shop\n 25 Years Experience!		pending			
EN-079A5C	main-dialogue-3	0x079A5C	0x079A75	25	D7 CD 20 44 61 6E 67 65 72 21 20 44 6F 20 4E 6F 74 20 45 6E 74 65 72 21 21	CD:1 D7:1	23	1	0	False	confirmed-record	[TOP]\n Danger! Do Not Enter!!		pending			
EN-079A76	main-dialogue-3	0x079A76	0x079AB0	58	D7 20 E3 64 74 6F CD 20 20 20 20 20 20 20 20 20 20 E3 38 49 73 6C 61 6E 64 2E CD C3 02 20 41 69 72 20 42 61 73 65 C3 00 20 69 73 CD 20 E3 C3 E3 00 6D 6F 75 6E 74 61 69 6E 2E	00:2 02:1 C3:3 CD:3 D7:1 E3:4	44	3	0	True	confirmed-record	[TOP] [E3]dto\n          [E3]8Island.\n[YELLOW] Air Base[/HIGHLIGHT] is\n [E3][C3:E3][00]mountain.		pending			
EN-079B01	main-dialogue-3	0x079B01	0x079B41	64	D7 E3 28 49 20 E3 16 79 6F 75 6E 67 CD 49 20 E3 6E 66 69 73 68 69 6E 67 20 69 6E 20 61 20 62 6F 61 74 2E CD 49 20 E3 3F E3 6C 61 72 6F 75 6E 64 2E CD E3 62 E3 16 61 20 E3 A4 E3 54 61 67 6F 2E	16:2 A4:1 CD:3 D7:1 E3:9	48	3	0	False	confirmed-record	[TOP][E3](I [E3][16]young\nI [E3]nfishing in a boat.\nI [E3]?[E3]laround.\n[E3]b[E3][16]a [E3][A4][E3]Tago.		pending			
EN-079B42	main-dialogue-3	0x079B42	0x079B6F	45	D7 E3 28 E3 01 E3 3D 74 6F 20 61 20 70 65 72 73 6F 6E CD E3 C6 E3 AD 69 6E 20 E3 00 65 79 65 21 CD 44 6F 20 E3 15 E3 1F E3 A7 6F 6E 2E	00:1 01:1 15:1 1F:1 A7:1 AD:1 C6:1 CD:2 D7:1 E3:9	26	2	0	False	confirmed-record	[TOP][E3]([E3][01][E3]=to a person\n[E3][C6][E3][AD]in [E3][00]eye!\nDo [E3][15][E3][1F][E3][A7]on.		pending			
EN-079B70	main-dialogue-3	0x079B70	0x079C43	211	D7 E3 2A E3 1B E3 DD E3 04 74 61 6C 6B 69 6E 67 CD 63 72 61 62 20 E3 D3 6D 65 20 E3 0A 79 6F 75 2E CD C9 14 49 20 E3 07 E3 37 72 69 64 65 73 2C 20 62 75 74 CD E3 00 63 72 61 62 20 61 73 6B 65 64 20 6D 65 20 74 6F 2E D1 49 20 6D 61 64 65 20 6D 79 20 6C 69 76 69 6E 67 20 62 79 CD 63 72 61 62 62 69 6E 67 2E 20 49 74 20 77 6F 75 6C 64 6E 60 74 CD 62 65 20 66 61 69 72 20 74 6F 20 72 65 66 E3 B9 61 CD 63 72 61 62 60 73 20 72 65 71 75 65 73 74 2E DE D7 E3 62 62 6F 61 74 2C 20 6F 6E 20 74 68 65 CD C3 02 52 69 67 68 74 20 6F 66 20 E3 00 50 69 65 72 CD C3 00 E3 12 E3 30 E3 01 6F 76 65 72 CD 74 6F 20 53 E3 A7 4D 6F 75 6E 74 61 69 6E 2E	00:3 01:1 02:1 04:1 07:1 0A:1 12:1 14:1 1B:1 A7:1 B9:1 C3:2 C9:1 CD:9 D1:1 D3:1 D7:2 DD:1 DE:1 E3:16	164	9	1	True	confirmed-record	[TOP][E3]*[E3][1B][E3][DD][E3][04]talking\ncrab [E3][D3]me [E3][0A]you.\n[C9][14]I [E3][07][E3]7rides, but\n[E3][00]crab asked me to.\fI made my living by\ncrabbing. It wouldn`t\nbe fair to ref[E3][B9]a\ncrab`s request.[DE][TOP][E3]bboat, on the\n[YELLOW]Right of [E3][00]Pier\n[/HIGHLIGHT][E3][12][E3]0[E3][01]over\nto S[E3][A7]Mountain.		pending			
EN-079C44	main-dialogue-3	0x079C44	0x079C80	60	D7 E3 2A 61 20 6D 6F 75 73 65 2E CD 49 20 75 73 65 64 20 74 6F 20 E3 42 E3 00 6C 61 64 69 65 73 CD C3 03 53 71 75 65 61 6B 21 20 53 71 75 65 61 6B 21 CD C3 00 6D 79 73 65 6C 66 21	00:2 03:1 C3:2 CD:3 D7:1 E3:3	48	3	0	True	confirmed-record	[TOP][E3]*a mouse.\nI used to [E3]B[E3][00]ladies\n[PINK]Squeak! Squeak!\n[/HIGHLIGHT]myself!		pending			
EN-079CFB	main-dialogue-3	0x079CFB	0x079D5D	98	D7 E3 03 E3 00 E3 49 49 73 6C 65 20 67 75 69 64 65 21 CD E3 0B 6C 75 63 6B 79 21 CD E3 0D 69 73 20 61 20 E3 55 70 6C 61 63 65 21 CD E3 06 67 75 69 64 65 20 79 6F 75 21 DE D7 E3 D0 E3 0E 62 6F 61 74 21 CD 49 74 20 67 6F 65 73 20 74 6F 20 E3 49 49 73 6C 65 21 CD E3 52 6F 6E 21 20 E3 52 6F 6E 21	00:1 03:1 06:1 0B:1 0D:1 0E:1 CD:5 D0:1 D7:2 DE:1 E3:12	71	5	0	False	confirmed-record	[TOP][E3][03][E3][00][E3]IIsle guide!\n[E3][0B]lucky!\n[E3][0D]is a [E3]Uplace!\n[E3][06]guide you![DE][TOP][E3][WIPE][E3][0E]boat!\nIt goes to [E3]IIsle!\n[E3]Ron! [E3]Ron!		pending			
EN-079DC0	main-dialogue-3	0x079DC0	0x079E31	113	D7 4D 2E 2E 6D 2E 2E 4D 61 73 74 65 72 21 21 CD E3 0D 6D 65 21 21 20 49 20 77 61 73 CD E3 00 48 61 63 6B 65 72 73 60 20 6C 65 61 64 65 72 2C CD E3 A7 E3 03 E3 35 61 20 63 72 61 62 21 D1 E3 53 E3 20 61 20 E3 A4 E3 FB 74 6F CD E3 4F E3 01 73 6F 6D 65 74 68 69 6E 67 2C CD E3 22 E3 A7 E3 CC 6B 69 64 73 CD E3 02 63 61 75 67 68 74 20 6D 65 2E	00:1 01:1 02:1 03:1 0D:1 A4:1 A7:2 CC:1 CD:6 D1:1 D7:1 E3:15 FB:1	80	6	1	False	confirmed-record	[TOP]M..m..Master!!\n[E3][0D]me!! I was\n[E3][00]Hackers` leader,\n[E3][A7][E3][03][E3]5a crab!\f[E3]S[E3] a [E3][A4][E3][FB]to\n[E3]O[E3][01]something,\n[E3]"[E3][A7][E3][CC]kids\n[E3][02]caught me.		pending			
EN-079E32	main-dialogue-3	0x079E32	0x079E66	52	D7 50 6C 65 61 73 65 2C 20 64 6F 20 73 6F 6D 65 74 68 69 6E 67 2E CD 49 20 E3 0F E3 3D 74 6F CD E3 01 E3 0E 77 61 79 21 CD 4F 75 63 68 21 20 4F 75 63 68 21	01:1 0E:1 0F:1 CD:3 D7:1 E3:4	41	3	0	False	confirmed-record	[TOP]Please, do something.\nI [E3][0F][E3]=to\n[E3][01][E3][0E]way!\nOuch! Ouch!		pending			
EN-079E67	main-dialogue-3	0x079E67	0x07A00A	419	D7 E3 7C 79 6F 75 21 CD E3 0B 61 20 76 65 72 79 CD E3 82 70 65 72 73 6F 6E 2E 20 C9 1E 53 6E 69 66 66 21 D1 E3 0D E3 0A E3 05 C3 02 46 61 74 68 65 72 C3 00 2E CD 49 20 68 65 61 72 64 CD E3 1F 61 20 E3 38 66 72 69 65 6E 64 2E D1 E3 1A 62 65 69 6E 67 20 66 6F 72 63 65 64 20 74 6F 20 77 6F 72 6B CD 61 74 20 C3 02 E3 38 48 51 C3 00 2E CD E3 2C E3 23 49 20 68 65 61 72 64 2E D1 E3 5B E3 2D 74 68 65 6D 2E 20 49 20 64 6F 6E 60 74 CD E3 3B E3 23 E3 12 68 61 70 70 65 6E 2E 2E 2E CD C9 28 59 6F 75 60 64 20 62 65 74 74 65 72 20 67 6F 20 72 65 73 63 75 65 CD E3 5A 61 73 20 73 6F 6F 6E 20 61 73 20 E3 01 63 61 6E 21 D1 C3 02 E3 38 48 51 C3 00 2C 20 49 20 E3 6E E3 4B 66 6F 72 CD 6D 79 20 74 72 61 69 6E 69 6E 67 20 74 72 69 70 2E CD E3 06 E3 4F E3 01 E3 00 70 6C 61 63 65 2E CD 47 6F 20 6E 6F 77 21 D1 56 69 73 69 74 20 E3 00 E3 79 69 6E 20 74 68 65 CD 4E 6F 72 74 68 2E D1 E3 04 66 69 73 68 65 72 6D 61 6E 20 74 68 65 72 65 CD E3 14 E3 26 74 6F 20 E3 00 69 73 6C 61 6E 64 2E CD C3 02 E3 04 53 68 69 70 C3 00 20 E3 12 73 6F 6F 6E 20 73 61 69 6C 2C 20 61 73 CD 49 20 72 65 71 75 65 73 74 65 64 2E D1 48 65 79 21 CD C9 14 50 6C 65 61 73 65 21 20 47 6F 20 71 75 69 63 6B 6C 79 21 CD 42 65 20 E3 AB 74 6F 20 74 61 6C 6B CD 74 6F 20 E3 00 66 69 73 68 65 72 6D 61 6E 2E	00:8 01:2 02:4 04:2 05:1 06:1 0A:1 0B:1 0D:1 12:2 14:2 1A:1 1E:1 1F:1 82:1 AB:1 C3:8 C9:3 CD:19 D1:7 D7:1 E3:36	315	19	7	True	confirmed-record	[TOP][E3]|you!\n[E3][0B]a very\n[E3][82]person. [C9][1E]Sniff!\f[E3][0D][E3][0A][E3][05][YELLOW]Father[/HIGHLIGHT].\nI heard\n[E3][1F]a [E3]8friend.\f[E3][1A]being forced to work\nat [YELLOW][E3]8HQ[/HIGHLIGHT].\n[E3],[E3]#I heard.\f[E3][[E3]-them. I don`t\n[E3];[E3]#[E3][12]happen...\n[C9](You`d better go rescue\n[E3]Zas soon as [E3][01]can!\f[YELLOW][E3]8HQ[/HIGHLIGHT], I [E3]n[E3]Kfor\nmy training trip.\n[E3][06][E3]O[E3][01][E3][00]place.\nGo now!\fVisit [E3][00][E3]yin the\nNorth.\f[E3][04]fisherman there\n[E3][14][E3]&to [E3][00]island.\n[YELLOW][E3][04]Ship[/HIGHLIGHT] [E3][12]soon sail, as\nI requested.\fHey!\n[C9][14]Please! Go quickly!\nBe [E3][AB]to talk\nto [E3][00]fisherman.		pending			
EN-07A00B	main-dialogue-3	0x07A00B	0x07A04E	67	D7 42 65 20 E3 AB 74 6F 20 74 61 6C 6B CD 74 6F 20 E3 00 66 69 73 68 65 72 6D 61 6E 2E CD E3 0D 63 6F 6C 64 20 E3 4B 6F 6E 20 74 68 65 CD 6D 6F 75 6E 74 61 69 6E 2E 20 42 65 20 63 61 72 65 66 75 6C 21	00:1 0D:1 AB:1 CD:3 D7:1 E3:4	56	3	0	False	confirmed-record	[TOP]Be [E3][AB]to talk\nto [E3][00]fisherman.\n[E3][0D]cold [E3]Kon the\nmountain. Be careful!		pending			
EN-07A04F	main-dialogue-3	0x07A04F	0x07A079	42	D7 41 20 E3 90 E3 0F 75 6E 64 65 72 73 74 61 6E 64 CD 61 20 63 72 61 62 60 73 20 6D 69 6E 64 2E CD C9 1E 48 6D 6D 6D 2E 2E 2E	0F:1 1E:1 90:1 C9:1 CD:2 D7:1 E3:2	33	2	0	False	confirmed-record	[TOP]A [E3][90][E3][0F]understand\na crab`s mind.\n[C9][1E]Hmmm...		pending			
EN-07A0E8	main-dialogue-3	0x07A0E8	0x07A165	125	D7 80 F5 A0 02 1D 66 A1 02 0A D7 80 6B 02 5B 4A 09 A1 02 5B 00 04 A1 02 1D F8 A1 6B 02 1D 28 A2 6B 02 1D 4C A2 02 57 4A A9 00 01 14 06 02 0A 01 80 02 34 50 FF 6B 02 1D CB A2 6B D7 E3 19 64 6F 20 E3 01 77 61 6E 74 3F CD 57 65 20 E3 2F E3 0E 63 72 61 62 21 20 57 65 60 72 65 CD E3 25 74 6F 20 74 65 61 73 65 20 69 74 20 E3 0C 61 CD 77 68 69 6C 65 2E 20 47 6F 20 61 77 61 79 21	00:2 01:3 02:11 04:1 06:1 09:1 0A:2 0C:1 0E:1 14:1 19:1 1D:5 80:3 A0:1 A1:4 A2:3 A9:1 CB:1 CD:3 D7:3 E3:6 F5:1 F8:1 FF:1	67	3	0	False	confirmed-record	[TOP][80][F5][A0][02][1D]f[A1][02][0A][TOP][80]k[02][J[09][A1][02][[00][04][A1][02][1D][F8][A1]k[02][1D]([A2]k[02][1D]L[A2][02]WJ[A9][00][01][14][06][02][0A][01][80][02]4P[FF]k[02][1D][CB][A2]k[TOP][E3][19]do [E3][01]want?\nWe [E3]/[E3][0E]crab! We`re\n[E3]%to tease it [E3][0C]a\nwhile. Go away!		pending			
EN-07A166	main-dialogue-3	0x07A166	0x07A1F7	145	D7 E3 2E E3 17 6D 69 73 74 72 65 61 74 CD E3 00 63 72 61 62 3F 3F 20 E3 36 E3 1B 66 75 6E 21 CD C9 1E DC 09 2E 2E 2E DC 00 20 4F 4B 2C 20 77 65 60 6C 6C 20 73 74 6F 70 2E CD E3 36 E3 1B 67 6F 6E 6E 61 20 63 6F 73 74 20 79 6F 75 21 D1 E3 0B 61 6E 20 69 6E 76 65 6E 74 6F 72 3F 20 41 6E CD C3 02 49 6E 76 65 6E 74 69 6F 6E C3 00 20 E3 2B 64 6F 2E CD 47 69 76 65 20 6D 65 20 E3 3A 67 6F 6F 64 CD C3 02 45 71 75 69 70 6D 65 6E 74 C3 00 2E	00:4 02:2 09:1 0B:1 17:1 1B:2 1E:1 C3:4 C9:1 CD:6 D1:1 D7:1 DC:2 E3:10	108	6	1	True	confirmed-record	[TOP][E3].[E3][17]mistreat\n[E3][00]crab?? [E3]6[E3][1B]fun!\n[C9][1E][DC][09]...[DC][00] OK, we`ll stop.\n[E3]6[E3][1B]gonna cost you!\f[E3][0B]an inventor? An\n[YELLOW]Invention[/HIGHLIGHT] [E3]+do.\nGive me [E3]:good\n[YELLOW]Equipment[/HIGHLIGHT].		pending			
EN-07A1F8	main-dialogue-3	0x07A1F8	0x07A227	47	D7 E3 51 74 68 61 74 3F CD E3 BA E3 1E 74 68 61 74 21 CD E3 0D 73 6F 20 6D 75 63 68 20 66 75 6E CD 74 6F 20 74 65 61 73 65 20 74 68 65 6D 2E	0D:1 1E:1 BA:1 CD:3 D7:1 E3:4	36	3	0	False	confirmed-record	[TOP][E3]Qthat?\n[E3][BA][E3][1E]that!\n[E3][0D]so much fun\nto tease them.		pending			
EN-07A228	main-dialogue-3	0x07A228	0x07A24B	35	D7 49 66 20 E3 01 E3 02 73 6F 6D 65 74 68 69 6E 67 CD 67 6F 6F 64 2C 20 E3 37 69 74 20 74 6F 20 75 73 2E	01:1 02:1 CD:1 D7:1 E3:3	28	1	0	False	confirmed-record	[TOP]If [E3][01][E3][02]something\ngood, [E3]7it to us.		pending			
EN-07A24C	main-dialogue-3	0x07A24C	0x07A2CA	126	D7 DC 01 E3 51 74 68 61 74 21 3F CD C9 1E DC 00 E3 2E 49 74 20 6D 61 6B 65 73 20 61 20 6C 6F 75 64 CD 6E 6F 69 73 65 20 E3 08 73 63 61 72 65 73 20 70 65 6F 70 6C 65 3F CD C9 1E 43 6F 6F 6C 21 20 47 69 76 65 20 75 73 20 74 68 61 74 21 D1 20 C2 00 20 E3 18 6C 6F 73 74 CD 20 E3 00 C3 02 E3 98 48 6F 72 6E C3 00 21 D1 CD 57 6F 77 21 21 CD E3 8C 70 6C 61 79 20 E3 10 74 68 61 74 21	00:4 01:1 02:1 08:1 10:1 18:1 1E:2 8C:1 98:1 C2:1 C3:2 C9:2 CD:6 D1:2 D7:1 DC:2 E3:8	89	6	2	True	confirmed-record	[TOP][DC][01][E3]Qthat!?\n[C9][1E][DC][00][E3].It makes a loud\nnoise [E3][08]scares people?\n[C9][1E]Cool! Give us that!\f [NAME] [E3][18]lost\n [E3][00][YELLOW][E3][98]Horn[/HIGHLIGHT]!\f\nWow!!\n[E3][8C]play [E3][10]that!		pending			
EN-07A2CB	main-dialogue-3	0x07A2CB	0x07A2E7	28	D7 57 65 20 E3 14 74 65 61 73 65 20 74 68 69 73 CD 6D 6F 75 73 65 2C 20 74 6F 6F 21	14:1 CD:1 D7:1 E3:1	24	1	0	False	confirmed-record	[TOP]We [E3][14]tease this\nmouse, too!		pending			
EN-07A409	main-dialogue-3	0x07A409	0x07A454	75	D7 E3 03 73 6F 20 75 6E 68 61 70 70 79 21 CD 4D 79 20 E3 E9 4B 61 74 72 69 6E 61 2E 2E 2E 20 2E 2E 4F 68 2C CD C9 3C E3 1B 6D 79 20 63 68 69 63 6B 65 6E 60 73 20 6E 61 6D 65 2E CD C9 1E E3 36 C9 1E E3 92 E3 1E 68 65 72 65 21	03:1 1B:1 1E:3 92:1 C9:3 CD:3 D7:1 E3:6 E9:1	55	3	0	False	confirmed-record	[TOP][E3][03]so unhappy!\nMy [E3][E9]Katrina... ..Oh,\n[C9]<[E3][1B]my chicken`s name.\n[C9][1E][E3]6[C9][1E][E3][92][E3][1E]here!		pending			
EN-07A455	main-dialogue-3	0x07A455	0x07A4C7	114	D7 4B 61 2E 2E C9 1E 4B 61 74 72 69 6E 61 21 21 CD E3 CE E3 1C 79 6F 75 21 CD E3 03 E3 84 E3 0A 79 6F 75 21 21 D1 E3 09 E3 2F 68 65 72 3F CD E3 7C 79 6F 75 21 CD E3 06 E3 37 E3 01 73 6F 6D 65 74 68 69 6E 67 21 DE D7 E3 40 E3 4C 66 75 6C 6C 2E CD E3 52 E3 3E E3 43 79 6F 75 60 72 65 CD E3 1E 63 61 72 72 79 69 6E 67 20 73 6F 20 6D 75 63 68 21	01:1 03:1 06:1 09:1 0A:1 1C:1 1E:2 84:1 C9:1 CD:6 CE:1 D1:1 D7:2 DE:1 E3:17	76	6	1	False	confirmed-record	[TOP]Ka..[C9][1E]Katrina!!\n[E3][CE][E3][1C]you!\n[E3][03][E3][84][E3][0A]you!!\f[E3][09][E3]/her?\n[E3]|you!\n[E3][06][E3]7[E3][01]something![DE][TOP][E3]@[E3]Lfull.\n[E3]R[E3]>[E3]Cyou`re\n[E3][1E]carrying so much!		pending			
EN-07A4C8	main-dialogue-3	0x07A4C8	0x07A551	137	D7 4B 61 74 72 69 6E 61 20 70 69 63 6B 65 64 20 E3 0E 75 70 CD E3 1F 73 6F 6D 65 77 68 65 72 65 2E CD E3 06 E3 37 69 74 20 74 6F 20 E3 01 74 6F CD E3 85 6D 79 20 67 72 61 74 69 74 75 64 65 21 D1 20 C2 00 20 E3 6C 74 68 65 CD C3 02 20 42 6C 61 64 65 20 32 C3 00 21 CC D7 43 68 69 63 6B 65 6E 73 20 E3 1C 73 6F 20 63 75 74 65 2E CD E3 03 72 65 6C 69 65 76 65 64 20 6A 75 73 74 CD 73 65 65 69 6E 67 20 68 65 72 2E	00:2 01:1 02:1 03:1 06:1 0E:1 1C:1 1F:1 85:1 C2:1 C3:2 CC:1 CD:6 D1:1 D7:2 E3:9	105	6	1	True	confirmed-record	[TOP]Katrina picked [E3][0E]up\n[E3][1F]somewhere.\n[E3][06][E3]7it to [E3][01]to\n[E3][85]my gratitude!\f [NAME] [E3]lthe\n[YELLOW] Blade 2[/HIGHLIGHT]![CC][TOP]Chickens [E3][1C]so cute.\n[E3][03]relieved just\nseeing her.		pending			
EN-07A552	main-dialogue-3	0x07A552	0x07A574	34	D7 43 68 69 63 6B 65 6E 73 20 E3 1C 31 30 20 74 69 6D 65 73 CD 63 75 74 65 72 20 E3 C9 6D 69 63 65 2E	1C:1 C9:1 CD:1 D7:1 E3:2	28	1	0	False	confirmed-record	[TOP]Chickens [E3][1C]10 times\ncuter [E3][C9]mice.		pending			
EN-07A5EA	main-dialogue-3	0x07A5EA	0x07A5F6	12	D7 DC 01 CD 4B 6C 75 63 6B 21 DC 00	00:1 01:1 CD:1 D7:1 DC:2	6	1	0	False	confirmed-record	[TOP][DC][01]\nKluck![DC][00]		pending			
EN-07A5F7	main-dialogue-3	0x07A5F7	0x07A603	12	D7 DC 01 CD 4B 6C 75 63 6B 21 DC 00	00:1 01:1 CD:1 D7:1 DC:2	6	1	0	False	confirmed-record	[TOP][DC][01]\nKluck![DC][00]		pending			
EN-07A604	main-dialogue-3	0x07A604	0x07A614	16	D7 4B 6C 75 63 6B 21 20 46 65 65 64 20 6D 65 21	D7:1	15	0	0	False	confirmed-record	[TOP]Kluck! Feed me!		pending			
EN-07A615	main-dialogue-3	0x07A615	0x07A652	61	D7 57 65 20 E3 02 61 20 63 68 69 63 6B 65 6E CD 63 6F 6F 70 20 E3 D2 77 65 20 63 61 6E CD 66 65 61 74 E3 F6 6F 75 72 20 6E 65 73 74 20 77 69 74 68 CD E3 35 61 20 E3 39 64 6F 77 6E 21	02:1 CD:3 D2:1 D7:1 E3:5 F6:1	49	3	0	False	confirmed-record	[TOP]We [E3][02]a chicken\ncoop [E3][WAIT]we can\nfeat[E3][F6]our nest with\n[E3]5a [E3]9down!		pending			
EN-07A653	main-dialogue-3	0x07A653	0x07A683	48	D7 4B 61 74 72 69 6E 61 20 69 73 20 68 69 64 69 6E 67 20 69 6E 20 74 68 65 CD C3 02 73 68 61 64 6F 77 20 6F 66 20 E3 00 68 6F 75 73 65 C3 00 2E	00:2 02:1 C3:2 CD:1 D7:1 E3:1	40	1	0	True	confirmed-record	[TOP]Katrina is hiding in the\n[YELLOW]shadow of [E3][00]house[/HIGHLIGHT].		pending			
EN-07A70B	main-dialogue-3	0x07A70B	0x07A752	71	D7 E3 2E E3 1A 66 75 73 73 69 6E 67 20 61 62 6F 75 74 CD 6D 65 20 61 67 61 69 6E 3F 20 E3 1A 61 6C 77 61 79 73 CD E3 2D 74 68 61 74 2E 20 49 20 E3 35 77 65 6E 74 CD E3 0C 61 20 77 61 6C 6B 2E 20 43 6C 75 63 6B 21	0C:1 1A:2 CD:3 D7:1 E3:6	58	3	0	False	confirmed-record	[TOP][E3].[E3][1A]fussing about\nme again? [E3][1A]always\n[E3]-that. I [E3]5went\n[E3][0C]a walk. Cluck!		pending			
EN-07A753	main-dialogue-3	0x07A753	0x07A78B	56	D7 E3 0D 6E 69 63 65 20 E3 15 68 65 20 77 6F 72 72 69 65 73 CD E3 0A 6D 65 2C 20 E3 22 E3 41 73 6F CD 6F 76 65 72 70 72 6F 74 65 63 74 69 76 65 21 20 43 6C 75 63 6B 21	0A:1 0D:1 15:1 CD:2 D7:1 E3:5	45	2	0	False	confirmed-record	[TOP][E3][0D]nice [E3][15]he worries\n[E3][0A]me, [E3]"[E3]Aso\noverprotective! Cluck!		pending			
EN-07A7D4	main-dialogue-3	0x07A7D4	0x07A7E0	12	D7 A7 6B 02 1D 7A B2 64 30 02 0D 2D	02:2 0D:1 1D:1 A7:1 B2:1 D7:1	5	0	0	False	confirmed-record	[TOP][A7]k[02][1D]z[B2]d0[02][0D]-		pending			
EN-07B0C9	main-dialogue-3	0x07B0C9	0x07B0E6	29	D7 B0 02 27 06 D1 B0 6B 02 1D 2F B2 80 E0 02 27 07 DD B0 6B 02 1D 7A B2 64 30 02 0D 32	02:5 06:1 07:1 0D:1 1D:2 80:1 B0:3 B2:2 D1:1 D7:1 DD:1 E0:1	9	0	1	False	confirmed-record	[TOP][B0][02]'[06]\f[B0]k[02][1D]/[B2][80][SPEAKER:02]'[07][DD][B0]k[02][1D]z[B2]d0[02][0D]2		pending			
EN-07B22F	main-dialogue-3	0x07B22F	0x07B279	74	D7 20 C2 00 20 20 72 65 61 64 73 CD C3 02 5B 49 6E 76 65 6E 74 6F 72 60 73 20 46 72 69 65 6E 64 CD 20 4C 65 76 65 6C 20 C6 02 F0 05 5D C3 00 2E D1 20 E3 36 E3 1B 68 61 72 64 CD 20 74 6F 20 75 6E 64 65 72 73 74 61 6E 64 2E	00:2 02:2 05:1 1B:1 C2:1 C3:2 C6:1 CD:3 D1:1 D7:1 E3:2 F0:1	56	3	1	True	confirmed-record	[TOP] [NAME]  reads\n[YELLOW][Inventor`s Friend\n Level [C6][02][F0][05]][/HIGHLIGHT].\f [E3]6[E3][1B]hard\n to understand.		pending			
EN-07B27A	main-dialogue-3	0x07B27A	0x07B2A9	47	D7 20 C2 00 20 72 65 61 64 73 CD C3 02 5B 49 6E 76 65 6E 74 6F 72 60 73 20 46 72 69 65 6E 64 CD 20 4C 65 76 65 6C 20 C6 02 F0 05 5D C3 00 2E	00:2 02:2 05:1 C2:1 C3:2 C6:1 CD:2 D7:1 F0:1	34	2	0	True	confirmed-record	[TOP] [NAME] reads\n[YELLOW][Inventor`s Friend\n Level [C6][02][F0][05]][/HIGHLIGHT].		pending			
EN-07B2AA	main-dialogue-3	0x07B2AA	0x07B2DE	52	D7 20 C2 00 20 72 65 61 64 73 CD C3 02 5B 49 6E 76 65 6E 74 6F 72 60 73 20 46 72 69 65 6E 64 CD 20 4C 65 76 65 6C 20 C6 02 F0 05 5D C3 00 2E D1 CF 28 DA 81	00:2 02:2 05:1 81:1 C2:1 C3:2 C6:1 CD:2 CF:1 D1:1 D7:1 DA:1 F0:1	35	2	1	True	confirmed-record	[TOP] [NAME] reads\n[YELLOW][Inventor`s Friend\n Level [C6][02][F0][05]][/HIGHLIGHT].\f[CF]([DA][81]		pending			
EN-07B2F5	main-dialogue-3	0x07B2F5	0x07B313	30	D7 E3 0D 72 61 69 6E 69 6E 67 21 CD E3 0D 72 61 69 6E 69 6E 67 21 CD E3 09 E3 BC 69 74 21	09:1 0D:2 BC:1 CD:2 D7:1 E3:4	19	2	0	False	confirmed-record	[TOP][E3][0D]raining!\n[E3][0D]raining!\n[E3][09][E3][BC]it!		pending			
EN-07B371	main-dialogue-3	0x07B371	0x07B3BD	76	D7 E3 24 69 73 20 6D 79 20 76 69 6C 6C 61 67 65 21 20 49 60 6C 6C CD E3 85 E3 01 E3 00 56 6F 6C 63 61 6E 6F 2C CD 79 6F 75 60 6C 6C 20 E3 3F E3 2D 69 74 21 D1 4C 6F 6F 6B 20 E3 70 E3 00 76 69 6C 6C 61 67 65 CD 74 6F 64 61 79 2E	00:2 01:1 85:1 CD:3 D1:1 D7:1 E3:8	59	3	1	False	confirmed-record	[TOP][E3]$is my village! I`ll\n[E3][85][E3][01][E3][00]Volcano,\nyou`ll [E3]?[E3]-it!\fLook [E3]p[E3][00]village\ntoday.		pending			
EN-07B3BE	main-dialogue-3	0x07B3BE	0x07B408	74	D7 41 20 E3 5D 64 61 79 20 74 6F 20 E3 5E 74 68 65 CD 56 6F 6C 63 61 6E 6F 21 20 46 6F 6C 6C 6F 77 20 6D 65 21 CD E3 06 E3 85 E3 01 74 68 65 CD 56 6F 6C 63 61 6E 6F 21 D1 E3 04 44 65 69 74 79 20 69 73 20 68 61 70 70 79 21	01:1 04:1 06:1 85:1 CD:3 D1:1 D7:1 E3:6	59	3	1	False	confirmed-record	[TOP]A [E3]]day to [E3]^the\nVolcano! Follow me!\n[E3][06][E3][85][E3][01]the\nVolcano!\f[E3][04]Deity is happy!		pending			
EN-07B4AD	main-dialogue-3	0x07B4AD	0x07B4E2	53	D7 E3 04 44 65 69 74 79 60 73 20 69 6E 20 74 68 65 CD 56 6F 6C 63 61 6E 6F 2E 20 E3 36 E3 43 68 65 CD 67 65 74 73 20 6D 61 64 2C 20 E3 41 61 77 66 75 6C 21 21	04:1 CD:2 D7:1 E3:4	45	2	0	False	confirmed-record	[TOP][E3][04]Deity`s in the\nVolcano. [E3]6[E3]Che\ngets mad, [E3]Aawful!!		pending			
EN-07B4E3	main-dialogue-3	0x07B4E3	0x07B50F	44	D7 54 65 72 72 69 62 6C 65 2C 20 74 65 72 72 69 62 6C 65 21 CD E3 04 44 65 69 74 79 20 69 73 20 61 6E 67 72 79 20 61 67 61 69 6E 21	04:1 CD:1 D7:1 E3:1	40	1	0	False	confirmed-record	[TOP]Terrible, terrible!\n[E3][04]Deity is angry again!		pending			
EN-07B510	main-dialogue-3	0x07B510	0x07B564	84	D7 E3 24 69 73 20 74 65 72 72 69 62 6C 65 21 20 54 68 65 CD 53 68 61 6D 61 6E 20 73 61 79 73 20 E3 1B E3 00 63 75 72 73 65 CD 6F 66 20 E3 00 44 65 69 74 79 21 D1 45 76 65 72 79 6F 6E 65 60 73 CD E3 3C 74 75 72 6E 65 64 20 69 6E 74 6F 20 6D 69 63 65 21	00:2 1B:1 CD:3 D1:1 D7:1 E3:5	71	3	1	False	confirmed-record	[TOP][E3]$is terrible! The\nShaman says [E3][1B][E3][00]curse\nof [E3][00]Deity!\fEveryone`s\n[E3]<turned into mice!		pending			
EN-07B565	main-dialogue-3	0x07B565	0x07B5A7	66	D7 E3 09 E3 95 E3 00 76 69 6C 6C 61 67 65 21 CD E3 04 44 65 69 74 79 20 69 73 20 E3 DE 77 65 60 72 65 CD E3 71 E3 DE 65 76 65 72 79 6F 6E 65 60 73 CD 67 72 61 74 65 66 75 6C 20 74 6F 20 79 6F 75 21	00:1 04:1 09:1 95:1 CD:3 D7:1 DE:2 E3:7	49	3	0	False	confirmed-record	[TOP][E3][09][E3][95][E3][00]village!\n[E3][04]Deity is [E3][DE]we`re\n[E3]q[E3][DE]everyone`s\ngrateful to you!		pending			
EN-07B5A8	main-dialogue-3	0x07B5A8	0x07B5C4	28	D7 E3 53 E3 6C 6E 6F 20 E3 B9 E3 0C 6D 69 63 65 21 CD E3 A5 61 E3 FB E3 1F 6D 65 21	0C:1 1F:1 A5:1 B9:1 CD:1 D7:1 E3:7 FB:1	14	1	0	False	confirmed-record	[TOP][E3]S[E3]lno [E3][B9][E3][0C]mice!\n[E3][A5]a[E3][FB][E3][1F]me!		pending			
EN-07B674	main-dialogue-3	0x07B674	0x07B69F	43	D7 57 65 6C 63 6F 6D 65 21 20 E3 8F 67 6C 61 64 CD E3 B3 63 6F 6D 65 21 20 E3 24 69 73 CD 61 20 77 65 6C E3 20 64 61 6E 63 65 21	8F:1 B3:1 CD:2 D7:1 E3:4	34	2	0	False	confirmed-record	[TOP]Welcome! [E3][8F]glad\n[E3][B3]come! [E3]$is\na wel[E3] dance!		pending			
EN-07B6A0	main-dialogue-3	0x07B6A0	0x07B6CD	45	D7 E3 17 E3 3D 73 6F 20 6D 75 63 68 21 CD 49 20 E3 0F 63 6F 6E 63 65 6E 74 72 61 74 65 21 CD E3 A3 E3 03 E3 4A 6F 66 20 73 74 65 70 21	03:1 0F:1 17:1 A3:1 CD:2 D7:1 E3:6	32	2	0	False	confirmed-record	[TOP][E3][17][E3]=so much!\nI [E3][0F]concentrate!\n[E3][A3][E3][03][E3]Jof step!		pending			
EN-07B6CE	main-dialogue-3	0x07B6CE	0x07B708	58	D7 E3 24 69 73 20 61 20 70 72 6F 74 65 63 74 69 76 65 CD 64 61 6E 63 65 2E 20 E3 5C 73 68 6F 75 6C 64 6E 60 74 CD E3 20 E3 3E 66 72 6F 6D CD E3 00 6F 74 E3 F6 73 69 64 65 21	00:1 CD:3 D7:1 E3:6 F6:1	46	3	0	False	confirmed-record	[TOP][E3]$is a protective\ndance. [E3]\shouldn`t\n[E3] [E3]>from\n[E3][00]ot[E3][F6]side!		pending			
EN-07B709	main-dialogue-3	0x07B709	0x07B74C	67	D7 E3 0D 74 65 72 72 69 62 6C 65 21 CD 45 76 65 72 79 6F 6E 65 60 73 20 E3 3C 63 68 61 6E 67 65 64 CD 74 6F 20 6D 69 63 65 21 D1 4D 69 63 65 20 E3 0F 64 61 6E 63 65 21 CD E3 19 E3 12 49 20 64 6F 3F 21	0D:1 0F:1 12:1 19:1 CD:3 D1:1 D7:1 E3:5	53	3	1	False	confirmed-record	[TOP][E3][0D]terrible!\nEveryone`s [E3]<changed\nto mice!\fMice [E3][0F]dance!\n[E3][19][E3][12]I do?!		pending			
EN-07B74D	main-dialogue-3	0x07B74D	0x07B77D	48	D7 E3 0B 61 20 6D 65 73 73 65 6E 67 65 72 20 6F 66 CD E3 00 44 65 69 74 79 21 20 E3 24 69 73 CD 61 20 50 72 61 69 73 65 20 44 61 6E 63 65 21 21	00:1 0B:1 CD:2 D7:1 E3:3	40	2	0	False	confirmed-record	[TOP][E3][0B]a messenger of\n[E3][00]Deity! [E3]$is\na Praise Dance!!		pending			
EN-07B77E	main-dialogue-3	0x07B77E	0x07B7AD	47	D7 E3 24 69 73 20 61 20 72 61 69 6E 20 44 61 6E 63 65 21 CD E3 0D E3 9C 74 6F 20 64 61 6E 63 65 20 77 68 65 6E CD E3 1B 73 6F 20 68 6F 74 21	0D:1 1B:1 9C:1 CD:2 D7:1 E3:4	37	2	0	False	confirmed-record	[TOP][E3]$is a rain Dance!\n[E3][0D][E3][9C]to dance when\n[E3][1B]so hot!		pending			
EN-07B7AE	main-dialogue-3	0x07B7AE	0x07B7D3	37	D7 E3 0D 72 61 69 6E 69 6E 67 21 20 E3 24 69 73 20 61 CD 63 65 6C 65 62 72 61 74 69 6F 6E 20 64 61 6E 63 65 21	0D:1 CD:1 D7:1 E3:2	32	1	0	False	confirmed-record	[TOP][E3][0D]raining! [E3]$is a\ncelebration dance!		pending			
EN-07B8A5	main-dialogue-3	0x07B8A5	0x07B8D8	51	D7 E3 A3 E3 15 E3 03 61 20 E3 90 49 CD E3 0F 63 6F 6F 6B 2E 20 E3 03 E3 4A 6F 66 20 61 CD 6A 6F 62 21 20 E3 19 61 6D 20 49 20 67 6F 6E 6E 61 20 64 6F 3F	03:2 0F:1 15:1 19:1 90:1 A3:1 CD:2 D7:1 E3:8	33	2	0	False	confirmed-record	[TOP][E3][A3][E3][15][E3][03]a [E3][90]I\n[E3][0F]cook. [E3][03][E3]Jof a\njob! [E3][19]am I gonna do?		pending			
EN-07B8D9	main-dialogue-3	0x07B8D9	0x07B8FE	37	D7 41 20 6D 6F 75 73 65 21 CD 4D 69 63 65 20 E3 1C 74 61 73 74 79 21 CD E3 09 E3 94 62 65 20 6C 75 6E 63 68 21	09:1 1C:1 94:1 CD:2 D7:1 E3:3	28	2	0	False	confirmed-record	[TOP]A mouse!\nMice [E3][1C]tasty!\n[E3][09][E3][94]be lunch!		pending			
EN-07B8FF	main-dialogue-3	0x07B8FF	0x07B97F	128	D7 E3 03 E3 00 76 69 6C 6C 61 67 65 20 63 6F 6F 6B 2C 20 49 CD E3 42 64 65 6C 69 63 69 6F 75 73 20 66 6F 6F 64 21 CD 49 20 73 69 6D 6D 65 72 20 66 6F 6F 64 20 E3 0C 74 68 65 CD 76 69 6C 6C 61 67 65 20 69 6E 20 E3 0E 4A 61 72 21 D1 54 6F 64 61 79 60 73 20 65 6E 74 72 65 65 20 69 73 2E 2E 2E CD C3 02 C9 1E 72 C9 0A 6F C9 0A 61 C9 0A 73 74 C9 0A 20 79 C9 0A 6F C9 0A 75 21 C9 0A C3 00	00:2 02:1 03:1 0A:7 0C:1 0E:1 1E:1 C3:2 C9:8 CD:4 D1:1 D7:1 E3:5	93	4	1	True	confirmed-record	[TOP][E3][03][E3][00]village cook, I\n[E3]Bdelicious food!\nI simmer food [E3][0C]the\nvillage in [E3][0E]Jar!\fToday`s entree is...\n[YELLOW][C9][1E]r[C9][0A]o[C9][0A]a[C9][0A]st[C9][0A] y[C9][0A]o[C9][0A]u![C9][0A][/HIGHLIGHT]		pending			
EN-07B980	main-dialogue-3	0x07B980	0x07B9CD	77	D7 E3 ED 49 20 73 E3 AC 79 6F 75 3F CD C9 1E E3 2C 61 6E 20 6F 6C 64 20 6A 6F 6B 65 20 68 61 6E 64 65 64 CD 64 6F 77 6E 20 74 68 72 6F 75 67 68 20 E3 00 79 65 61 72 73 21 CD 49 74 20 73 63 61 72 65 73 20 65 76 65 72 79 6F 6E 65 2E	00:1 1E:1 AC:1 C9:1 CD:3 D7:1 E3:4 ED:1	64	3	0	False	confirmed-record	[TOP][E3][ED]I s[E3][AC]you?\n[C9][1E][E3],an old joke handed\ndown through [E3][00]years!\nIt scares everyone.		pending			
EN-07B9CE	main-dialogue-3	0x07B9CE	0x07BA1D	79	D7 47 68 6F 73 74 73 20 E3 02 E3 3C 73 68 6F 77 69 6E 67 CD 75 70 20 61 74 20 E3 00 56 6F 6C 63 61 6E 6F 2E 20 42 72 6F 69 6C 65 64 CD 6F 72 20 62 61 6B 65 64 2C 20 E3 01 E3 0F 65 61 74 CD 74 68 65 6D 2E 20 E3 03 E3 1E 68 61 70 70 79 21	00:1 01:1 02:1 03:1 0F:1 1E:1 CD:3 D7:1 E3:7	62	3	0	False	confirmed-record	[TOP]Ghosts [E3][02][E3]<showing\nup at [E3][00]Volcano. Broiled\nor baked, [E3][01][E3][0F]eat\nthem. [E3][03][E3][1E]happy!		pending			
EN-07BA1E	main-dialogue-3	0x07BA1E	0x07BA44	38	D7 49 2E 2E 2E E3 03 E3 00 63 6F 6F 6B 21 21 CD E3 03 E3 1E 65 76 69 6C 21 CD E3 09 E3 5F 68 61 74 65 20 6D 65 21	00:1 03:2 09:1 1E:1 CD:2 D7:1 E3:6	24	2	0	False	confirmed-record	[TOP]I...[E3][03][E3][00]cook!!\n[E3][03][E3][1E]evil!\n[E3][09][E3]_hate me!		pending			
EN-07BA45	main-dialogue-3	0x07BA45	0x07BA91	76	D7 E3 0B E3 00 74 6F 77 6E 20 68 65 72 6F 21 CD E3 06 E3 42 66 6F 6F 64 20 E3 0C 79 6F 75 2E CD 54 6F 64 61 79 2C 20 66 72 69 65 64 20 61 6C 6C 69 67 61 74 6F 72 21 CD E3 0D 66 61 6D 6F 75 73 20 69 6E 20 4F 67 69 6B 75 62 6F 21	00:1 06:1 0B:1 0C:1 0D:1 CD:3 D7:1 E3:6	61	3	0	False	confirmed-record	[TOP][E3][0B][E3][00]town hero!\n[E3][06][E3]Bfood [E3][0C]you.\nToday, fried alligator!\n[E3][0D]famous in Ogikubo!		pending			
EN-07BA92	main-dialogue-3	0x07BA92	0x07BAB3	33	D7 E3 0D E3 9C 74 6F 20 63 6F 6F 6B 21 CD E3 03 73 77 65 61 74 69 6E 67 20 E3 2D 61 20 70 69 67 21	03:1 0D:1 9C:1 CD:1 D7:1 E3:4	24	1	0	False	confirmed-record	[TOP][E3][0D][E3][9C]to cook!\n[E3][03]sweating [E3]-a pig!		pending			
EN-07BB57	main-dialogue-3	0x07BB57	0x07BB9F	72	D7 48 65 72 65 60 73 20 E3 D2 E3 01 73 6C 65 65 70 2E CD E3 36 E3 B1 E3 00 6C 61 7A 79 20 6F 6E 65 73 20 61 72 65 CD 73 6C 65 65 70 69 6E 67 20 6E 6F 77 2E 20 46 69 72 73 74 CD E3 C6 E3 70 E3 00 66 6F 72 65 73 74 21	00:2 01:1 B1:1 C6:1 CD:3 D2:1 D7:1 E3:8	54	3	0	False	confirmed-record	[TOP]Here`s [E3][WAIT][E3][01]sleep.\n[E3]6[E3][B1][E3][00]lazy ones are\nsleeping now. First\n[E3][C6][E3]p[E3][00]forest!		pending			
EN-07BBA0	main-dialogue-3	0x07BBA0	0x07BC10	112	D7 E3 ED E3 01 E3 5E E3 00 77 68 6F 6C 65 CD 66 6F 72 65 73 74 3F 20 E3 A5 E3 3A 72 65 73 74 CD 74 6F 64 61 79 2C 20 74 6F 6D 6F 72 72 6F 77 20 79 6F 75 60 6C 6C CD 67 6F 20 74 6F 20 E3 00 56 6F 6C 63 61 6E 6F 21 D1 E3 40 62 65 64 20 69 73 20 E3 C3 E3 4B B1 2E CD E3 34 E3 26 E3 3A 73 6C 65 65 70 2E CD 47 6F 6F 64 20 6E 69 67 68 74 2E	00:2 01:1 A5:1 B1:1 C3:1 CD:5 D1:1 D7:1 E3:13 ED:1	85	5	1	False	confirmed-record	[TOP][E3][ED][E3][01][E3]^[E3][00]whole\nforest? [E3][A5][E3]:rest\ntoday, tomorrow you`ll\ngo to [E3][00]Volcano!\f[E3]@bed is [E3][C3:E3]K[B1].\n[E3]4[E3]&[E3]:sleep.\nGood night.		pending			
EN-07BC11	main-dialogue-3	0x07BC11	0x07BC68	87	D7 47 72 65 61 74 20 77 65 61 74 E3 F6 61 67 61 69 6E 20 74 6F 64 61 79 21 CD 54 6F 64 61 79 20 79 6F 75 60 6C 6C 20 67 6F 20 74 6F 20 74 68 65 CD 56 6F 6C 63 61 6E 6F 2E 20 E3 40 67 75 69 64 65 20 69 73 CD 61 74 20 E3 00 76 69 6C 6C 61 67 65 20 67 61 74 65 2E	00:1 CD:3 D7:1 E3:3 F6:1	78	3	0	False	confirmed-record	[TOP]Great weat[E3][F6]again today!\nToday you`ll go to the\nVolcano. [E3]@guide is\nat [E3][00]village gate.		pending			
EN-07BC69	main-dialogue-3	0x07BC69	0x07BCB6	77	D7 E3 8F E3 71 6D 69 63 65 2E 20 54 68 65 CD 76 69 6C 6C 61 67 65 20 69 73 20 66 75 6C 6C 20 6F 66 20 6D 69 63 65 21 CD E3 04 53 68 61 6D 61 6E 20 E3 BC 69 74 21 CD 42 75 73 69 6E 65 73 73 20 E3 18 66 61 6C 6C 65 6E 20 6F 66 66 21	04:1 18:1 8F:1 BC:1 CD:3 D7:1 E3:5	64	3	0	False	confirmed-record	[TOP][E3][8F][E3]qmice. The\nvillage is full of mice!\n[E3][04]Shaman [E3][BC]it!\nBusiness [E3][18]fallen off!		pending			
EN-07BCB7	main-dialogue-3	0x07BCB7	0x07BCFE	71	D7 49 74 20 E3 16 E3 00 53 68 61 6D 61 6E 60 73 20 6F 72 64 65 72 73 CD E3 15 E3 01 62 65 20 73 65 6E 74 20 74 6F 20 74 68 65 CD 56 6F 6C 63 61 6E 6F 21 20 49 20 68 61 64 20 E3 66 74 6F CD 64 6F 20 E3 10 69 74 21	00:1 01:1 10:1 15:1 16:1 CD:3 D7:1 E3:6	56	3	0	False	confirmed-record	[TOP]It [E3][16][E3][00]Shaman`s orders\n[E3][15][E3][01]be sent to the\nVolcano! I had [E3]fto\ndo [E3][10]it!		pending			
EN-07BCFF	main-dialogue-3	0x07BCFF	0x07BD33	52	D7 E3 7C 79 6F 75 21 20 57 65 60 6C 6C 20 74 72 65 61 74 CD E3 01 77 65 6C 6C 21 20 53 6C 65 65 70 CD 61 73 20 6D 75 63 68 20 61 73 20 E3 01 77 61 6E 74 21	01:2 CD:2 D7:1 E3:3	44	2	0	False	confirmed-record	[TOP][E3]|you! We`ll treat\n[E3][01]well! Sleep\nas much as [E3][01]want!		pending			
EN-07BE30	main-dialogue-3	0x07BE30	0x07BEBA	138	D7 E3 2A C2 00 2E 20 E3 ED 79 6F 75 CD E3 26 61 6E 20 69 6E 76 69 74 61 74 69 6F 6E 20 74 6F 6F 3F CD 4D 65 3F 20 E3 24 69 73 20 E3 78 6F 66 20 6D 79 CD 6A 6F 62 73 2E 20 48 61 20 68 61 20 68 61 2E D1 E3 ED C3 03 52 6F 73 65 C3 00 20 74 75 72 6E 20 75 70 3F CD E3 8F 74 6F 20 67 6F 20 74 6F 20 E3 00 6F 63 65 61 6E 2E CD C9 14 2E 2E 2E 20 49 20 6D 65 61 6E 2C CD 6F 6E 20 61 20 67 75 69 64 65 64 20 74 6F 75 72 2E	00:3 03:1 14:1 8F:1 C2:1 C3:2 C9:1 CD:6 D1:1 D7:1 E3:8 ED:2	110	6	1	True	confirmed-record	[TOP][E3]*[NAME]. [E3][ED]you\n[E3]&an invitation too?\nMe? [E3]$is [E3]xof my\njobs. Ha ha ha.\f[E3][ED][PINK]Rose[/HIGHLIGHT] turn up?\n[E3][8F]to go to [E3][00]ocean.\n[C9][14]... I mean,\non a guided tour.		pending			
EN-07BEBB	main-dialogue-3	0x07BEBB	0x07BEFD	66	D7 49 66 20 E3 01 E3 4D 52 6F 73 65 2C 20 74 65 6C 6C CD E3 F6 74 6F 20 E3 20 E3 3E 68 65 72 65 2E CD E3 0D 61 20 E3 5D 64 61 79 20 66 6F 72 CD 69 6E 73 70 65 63 74 69 6F 6E 2C 20 62 75 74 2E 2E 2E	01:1 0D:1 CD:3 D7:1 E3:7 F6:1	52	3	0	False	confirmed-record	[TOP]If [E3][01][E3]MRose, tell\n[E3][F6]to [E3] [E3]>here.\n[E3][0D]a [E3]]day for\ninspection, but...		pending			
EN-07BFF6	main-dialogue-3	0x07BFF6	0x07C049	83	D7 E3 24 69 73 20 E3 00 53 68 61 6D 61 6E 60 73 20 68 6F 6D 65 21 CD E3 04 53 68 61 6D 61 6E 20 63 61 6C 6D 65 64 20 E3 00 72 61 67 65 CD 6F 66 20 E3 00 44 65 69 74 79 2E 20 E3 1A 67 72 65 61 74 2C CD E3 08 E3 18 6D E3 BE 74 72 69 62 75 74 65 73 2E	00:3 04:1 08:1 18:1 1A:1 BE:1 CD:3 D7:1 E3:9	62	3	0	False	confirmed-record	[TOP][E3]$is [E3][00]Shaman`s home!\n[E3][04]Shaman calmed [E3][00]rage\nof [E3][00]Deity. [E3][1A]great,\n[E3][08][E3][18]m[E3][BE]tributes.		pending			
EN-07C04A	main-dialogue-3	0x07C04A	0x07C08D	67	D7 E3 04 53 68 61 6D 61 6E 20 69 73 6E 60 74 20 68 65 72 65 21 CD 4E 6F 20 E3 78 69 73 20 61 6C 6C 6F 77 65 64 20 69 6E 20 68 69 73 CD E3 79 E3 43 E3 41 E3 1E 68 65 72 65 21 CD 47 6F 20 68 6F 6D 65 21	04:1 1E:1 CD:3 D7:1 E3:6	55	3	0	False	confirmed-record	[TOP][E3][04]Shaman isn`t here!\nNo [E3]xis allowed in his\n[E3]y[E3]C[E3]A[E3][1E]here!\nGo home!		pending			
EN-07C08E	main-dialogue-3	0x07C08E	0x07C0CF	65	D7 49 20 6D 61 64 65 20 61 20 62 69 67 20 6D 69 73 74 61 6B 65 2E CD E3 04 53 68 61 6D 61 6E 20 69 73 20 74 72 75 6C 79 20 61 CD 62 61 64 20 6D 61 6E 2E 20 E3 03 73 6F 20 61 73 68 61 6D 65 64 2E	03:1 04:1 CD:2 D7:1 E3:2	58	2	0	False	confirmed-record	[TOP]I made a big mistake.\n[E3][04]Shaman is truly a\nbad man. [E3][03]so ashamed.		pending			
EN-07C0D0	main-dialogue-3	0x07C0D0	0x07C123	83	D7 E3 04 53 68 61 6D 61 6E 20 69 73 20 61 74 20 74 68 65 CD 45 6C 64 65 72 60 73 20 E3 9E 49 66 20 74 68 65 CD 45 6C 64 65 72 20 6C 69 73 74 65 6E 73 20 74 6F 20 68 69 6D 2C CD 77 65 60 6C 6C 20 E3 71 62 65 20 63 68 61 6E 67 65 64 20 62 61 63 6B 21	04:1 9E:1 CD:3 D7:1 E3:3	74	3	0	False	confirmed-record	[TOP][E3][04]Shaman is at the\nElder`s [E3][9E]If the\nElder listens to him,\nwe`ll [E3]qbe changed back!		pending			
EN-07C124	main-dialogue-3	0x07C124	0x07C15E	58	D7 49 2E 2E E3 03 E3 1E 73 63 61 72 65 64 21 CD 49 20 62 65 6C 69 65 76 65 20 69 6E 20 E3 00 53 68 61 6D 61 6E 21 CD E3 1A 63 6C 6F 73 65 20 74 6F 20 E3 00 44 65 69 74 79 21	00:2 03:1 1A:1 1E:1 CD:2 D7:1 E3:5	45	2	0	False	confirmed-record	[TOP]I..[E3][03][E3][1E]scared!\nI believe in [E3][00]Shaman!\n[E3][1A]close to [E3][00]Deity!		pending			
EN-07C15F	main-dialogue-3	0x07C15F	0x07C19D	62	D7 CD 59 61 61 61 61 61 61 68 21 CD DC 09 59 6F 75 21 3F D1 DC 01 E3 2A 6E 6F 21 CD E3 1A E3 20 E3 3E 74 6F 20 6C 69 66 65 21 CD 41 20 63 75 72 73 65 21 20 41 20 63 75 72 73 65 21 DC 00	00:1 01:1 09:1 1A:1 CD:4 D1:1 D7:1 DC:3 E3:4	45	4	1	False	confirmed-record	[TOP]\nYaaaaaah!\n[DC][09]You!?\f[DC][01][E3]*no!\n[E3][1A][E3] [E3]>to life!\nA curse! A curse![DC][00]		pending			
EN-07C19E	main-dialogue-3	0x07C19E	0x07C1CF	49	D7 E3 64 62 61 63 6B 21 20 54 68 65 CD 45 6C 64 65 72 20 69 73 20 77 61 69 74 69 6E 67 20 E3 0C 79 6F 75 21 CD 47 6F 2C 20 71 75 69 63 6B 6C 79 21	0C:1 CD:2 D7:1 E3:2	43	2	0	False	confirmed-record	[TOP][E3]dback! The\nElder is waiting [E3][0C]you!\nGo, quickly!		pending			
EN-07C268	main-dialogue-3	0x07C268	0x07C3A1	313	D7 49 20 E3 3B E3 00 6C 65 67 65 6E 64 20 6F 66 20 74 68 65 CD 69 73 6C 61 6E 64 2E 20 57 61 6E 74 20 74 6F 20 68 65 61 72 20 69 74 3F CD 20 53 75 72 65 2C 20 E3 4F 6D 65 2E CD 20 E3 BA 74 68 61 6E 6B 73 2E CC D0 4C 6F 6E 67 20 61 67 6F 20 61 20 44 65 69 74 79 CD 6C 61 6E 64 65 64 20 6F 6E 20 E3 0E 69 73 6C 61 6E 64 2E CD 46 69 72 65 20 63 6F 75 6C 64 6E 60 74 20 62 75 72 6E 20 68 69 6D 2E CD 53 70 65 61 72 73 20 63 6F 75 6C 64 6E 60 74 20 68 61 72 6D 20 68 69 6D 2E D1 E3 04 56 6F 6C 63 61 6E 6F 20 74 72 6F 75 62 6C 65 64 20 74 68 65 CD E3 E7 E3 10 65 61 72 74 68 71 75 61 6B 65 73 CD E3 08 61 73 68 2E 20 48 65 20 E3 6E 69 6E 74 6F CD E3 00 56 6F 6C 63 61 6E 6F 2C 20 E3 08 74 61 6D 65 64 20 69 74 21 D1 4F 6E 6C 79 20 E3 00 76 69 6C 6C 61 67 65 20 45 6C 64 65 72 CD E3 D5 E3 D2 68 65 20 69 73 20 6E 6F 77 2E CD E3 36 68 65 60 6C 6C 20 73 61 76 65 20 75 73 CD 61 67 61 69 6E 20 69 66 20 77 65 60 72 65 20 74 72 6F 75 62 6C 65 64 2E	00:3 04:1 08:2 0E:1 10:1 BA:1 CC:1 CD:12 D0:1 D1:2 D2:1 D5:1 D7:1 E3:16 E7:1	268	12	2	False	confirmed-record	[TOP]I [E3];[E3][00]legend of the\nisland. Want to hear it?\n Sure, [E3]Ome.\n [E3][BA]thanks.[CC][WIPE]Long ago a Deity\nlanded on [E3][0E]island.\nFire couldn`t burn him.\nSpears couldn`t harm him.\f[E3][04]Volcano troubled the\n[E3][E7][E3][10]earthquakes\n[E3][08]ash. He [E3]ninto\n[E3][00]Volcano, [E3][08]tamed it!\fOnly [E3][00]village Elder\n[E3][D5][E3][WAIT]he is now.\n[E3]6he`ll save us\nagain if we`re troubled.		pending			
EN-07C3ED	main-dialogue-3	0x07C3ED	0x07C490	163	D7 E3 04 53 68 61 6D 61 6E 20 75 73 65 64 20 61 20 73 74 72 61 6E 67 65 CD 6C 69 67 68 74 20 74 6F 20 74 75 72 6E 20 75 73 20 69 6E 74 6F CD 6D 69 63 65 21 D1 E3 1A 67 E3 78 74 6F 20 61 73 6B 20 74 68 65 CD 45 6C 64 65 72 20 E3 D2 E3 00 44 65 69 74 79 20 69 73 21 D1 48 65 20 69 73 20 61 20 62 61 64 20 6D 61 6E 21 20 49 66 20 68 65 CD 66 69 6E 64 73 20 E3 4A E3 D2 E3 00 44 65 69 74 79 CD 69 73 2E 2E 2E 2E 20 55 73 65 20 E3 00 44 65 69 74 79 2C CD 73 61 76 65 20 E3 00 45 6C 64 65 72 21	00:4 04:1 1A:1 CD:6 D1:2 D2:2 D7:1 E3:10	136	6	2	False	confirmed-record	[TOP][E3][04]Shaman used a strange\nlight to turn us into\nmice!\f[E3][1A]g[E3]xto ask the\nElder [E3][WAIT][E3][00]Deity is!\fHe is a bad man! If he\nfinds [E3]J[E3][WAIT][E3][00]Deity\nis.... Use [E3][00]Deity,\nsave [E3][00]Elder!		pending			
EN-07C491	main-dialogue-3	0x07C491	0x07C4E6	85	D7 E3 04 76 69 6C 6C 61 67 65 20 6C 65 67 65 6E 64 20 73 61 79 73 CD E3 15 61 20 6D 65 73 73 65 6E 67 65 72 20 E3 12 63 6F 6D 65 CD 74 6F 20 73 61 76 65 20 E3 00 76 69 6C 6C 61 67 65 2C 20 61 6E 64 CD E3 12 65 61 72 6E 20 E3 00 74 72 65 61 73 75 72 65 2E	00:2 04:1 12:2 15:1 CD:3 D7:1 E3:6	69	3	0	False	confirmed-record	[TOP][E3][04]village legend says\n[E3][15]a messenger [E3][12]come\nto save [E3][00]village, and\n[E3][12]earn [E3][00]treasure.		pending			
EN-07C4E7	main-dialogue-3	0x07C4E7	0x07C54E	103	D7 49 20 73 61 77 20 69 74 21 20 41 20 73 74 72 61 6E 67 65 20 6D 61 6E CD 66 6C 65 64 20 74 6F 20 61 20 68 69 64 64 65 6E 20 62 61 79 CD 62 65 68 69 6E 64 20 E3 00 56 6F 6C 63 61 6E 6F 2E D1 54 68 65 6E 20 68 65 20 72 6F 64 65 20 61 20 73 74 72 61 6E 67 65 CD 62 6F 61 74 20 E3 4A 6F 66 20 E3 00 62 61 79 21	00:2 CD:3 D1:1 D7:1 E3:3	93	3	1	False	confirmed-record	[TOP]I saw it! A strange man\nfled to a hidden bay\nbehind [E3][00]Volcano.\fThen he rode a strange\nboat [E3]Jof [E3][00]bay!		pending			
EN-07C584	main-dialogue-3	0x07C584	0x07C64D	201	D7 E0 04 C2 00 2C 20 69 73 6E 60 74 20 69 74 3F 21 CD E3 ED E3 01 E3 26 61 6E 20 69 6E 76 69 74 61 74 69 6F 6E CD 74 6F 20 E3 20 68 65 72 65 3F D1 E3 0B 73 6F 20 67 75 6C 6C 69 62 6C 65 21 20 44 6F 6E 60 74 CD E3 01 E3 3B E3 15 65 76 65 72 79 6F 6E 65 CD E3 A0 E3 6C 61 6E 20 69 6E 76 69 74 61 74 69 6F 6E CD E3 18 64 69 73 61 70 70 65 61 72 65 64 3F D1 49 20 74 68 69 6E 6B 20 E3 B7 61 CD 63 6F 6E 6E 65 63 74 69 6F 6E 20 62 65 74 77 65 65 6E 20 74 68 69 73 CD E3 08 E3 00 48 61 63 6B 65 72 73 2E D1 49 66 20 E3 B2 63 68 61 6E 67 65 73 2C CD 6C 65 74 20 6D 65 20 6B 6E 6F 77 2E 20 47 6F 74 20 69 74 3F	00:2 01:2 04:1 08:1 0B:1 15:1 18:1 A0:1 B2:1 B7:1 C2:1 CD:8 D1:3 D7:1 E0:1 E3:15 ED:1	159	8	3	False	confirmed-record	[TOP][SPEAKER:04][NAME], isn`t it?!\n[E3][ED][E3][01][E3]&an invitation\nto [E3] here?\f[E3][0B]so gullible! Don`t\n[E3][01][E3];[E3][15]everyone\n[E3][A0][E3]lan invitation\n[E3][18]disappeared?\fI think [E3][B7]a\nconnection between this\n[E3][08][E3][00]Hackers.\fIf [E3][B2]changes,\nlet me know. Got it?		pending			
EN-07C64E	main-dialogue-3	0x07C64E	0x07C68F	65	D7 E0 04 E3 2E E3 51 63 68 61 6E 67 65 64 3F CD 57 68 61 74 3F C9 0A 20 E3 09 73 65 6E 74 20 E3 0C 6D 65 3F 3F CD C9 1E 53 75 63 68 20 61 20 6E 69 63 65 20 74 68 69 6E 67 20 74 6F 20 73 61 79 21	04:1 09:1 0A:1 0C:1 1E:1 C9:2 CD:2 D7:1 E0:1 E3:4	50	2	0	False	confirmed-record	[TOP][SPEAKER:04][E3].[E3]Qchanged?\nWhat?[C9][0A] [E3][09]sent [E3][0C]me??\n[C9][1E]Such a nice thing to say!		pending			
EN-07C6A1	main-dialogue-3	0x07C6A1	0x07C6B2	17	D7 CD 20 20 45 6C 64 65 72 60 73 20 48 6F 75 73 65	CD:1 D7:1	15	1	0	False	confirmed-record	[TOP]\n  Elder`s House		pending			
EN-07C6E6	main-dialogue-3	0x07C6E6	0x07C6EF	9	D7 02 62 02 00 72 C7 02 0C	00:1 02:3 0C:1 C7:1 D7:1	2	0	0	False	confirmed-record	[TOP][02]b[02][00]r[C7][02][0C]		pending			
EN-07C777	main-dialogue-3	0x07C777	0x07C7B3	60	D7 57 65 6C 63 6F 6D 65 2C 20 76 69 73 69 74 6F 72 73 21 CD 49 20 61 6D 20 E3 00 76 69 6C 6C 61 67 65 20 65 6C 64 65 72 21 CD 45 76 65 72 79 6F 6E 65 2C 20 77 65 6C 63 6F 6D 65 21	00:1 CD:2 D7:1 E3:1	55	2	0	False	confirmed-record	[TOP]Welcome, visitors!\nI am [E3][00]village elder!\nEveryone, welcome!		pending			
EN-07C7B4	main-dialogue-3	0x07C7B4	0x07C803	79	D7 49 20 61 70 6F 6C 6F 67 69 7A 65 20 74 6F 20 6F 75 72 CD 76 69 73 69 74 6F 72 73 2C 20 73 65 65 69 6E 67 20 E3 C8 61 CD 73 68 61 6D 65 66 75 6C 20 74 68 69 6E 67 2E 20 E3 36 CD E3 1B 6E 6F 74 68 69 6E 67 21 20 46 6F 72 E3 26 69 74 21	1B:1 C8:1 CD:3 D7:1 E3:4	69	3	0	False	confirmed-record	[TOP]I apologize to our\nvisitors, seeing [E3][C8]a\nshameful thing. [E3]6\n[E3][1B]nothing! For[E3]&it!		pending			
EN-07C804	main-dialogue-3	0x07C804	0x07C90E	266	D7 E3 04 73 61 63 72 69 66 69 63 65 20 72 65 74 75 72 6E 73 21 CD E3 09 E3 1C 74 72 75 6C 79 20 61 20 6D 65 73 73 65 6E 67 65 72 21 CD 50 6C 65 61 73 65 2C 20 73 61 76 65 20 6F 75 72 20 76 69 6C 6C 61 67 65 21 CD 4C 69 73 74 65 6E 20 74 6F 20 E3 00 45 6C 64 65 72 21 D1 E3 04 44 65 69 74 79 20 69 73 20 6B 69 6E 64 2C 20 E3 22 74 68 65 CD 53 68 61 6D 61 6E 20 73 61 79 73 20 69 66 20 E3 B7 6E 6F CD 73 61 63 72 69 66 69 63 65 20 68 65 60 6C 6C 20 E3 26 6D 61 64 2C CD E3 08 73 6F 20 E3 12 E3 00 56 6F 6C 63 61 6E 6F 21 D1 E3 04 44 65 69 74 79 20 69 73 20 64 65 6D 61 6E 64 69 6E 67 20 74 68 65 CD 73 61 63 72 69 66 69 63 65 20 6F 66 20 61 20 C3 03 50 72 65 74 74 79 20 47 69 72 6C C3 00 2E CD E3 36 E3 4B E3 1C 6E 6F 20 70 72 65 74 74 79 CD 67 69 72 6C 73 20 69 6E 20 E3 00 76 69 6C 6C 61 67 65 21	00:4 03:1 04:3 08:1 09:1 12:1 1C:2 B7:1 C3:2 CD:9 D1:2 D7:1 E3:16	222	9	2	True	confirmed-record	[TOP][E3][04]sacrifice returns!\n[E3][09][E3][1C]truly a messenger!\nPlease, save our village!\nListen to [E3][00]Elder!\f[E3][04]Deity is kind, [E3]"the\nShaman says if [E3][B7]no\nsacrifice he`ll [E3]&mad,\n[E3][08]so [E3][12][E3][00]Volcano!\f[E3][04]Deity is demanding the\nsacrifice of a [PINK]Pretty Girl[/HIGHLIGHT].\n[E3]6[E3]K[E3][1C]no pretty\ngirls in [E3][00]village!		pending			
EN-07C90F	main-dialogue-3	0x07C90F	0x07CA2A	283	D7 E3 09 E3 95 E3 00 76 69 6C 6C 61 67 65 21 20 59 6F 75 CD E3 1C E3 00 4D 65 73 73 65 6E 67 65 72 21 20 E3 04 CD 6C 65 67 65 6E 64 20 E3 18 E3 3C 69 6E 20 74 68 65 CD 45 6C 64 65 72 60 73 20 66 61 6D 69 6C 79 20 E3 0C 61 67 65 73 21 D1 E3 04 44 65 69 74 79 60 73 20 6D 65 73 73 65 6E 67 65 72 20 68 61 73 CD 63 6F 6D 65 2E 20 E3 D0 E3 5A 74 6F 20 74 68 65 CD 73 68 72 69 6E 65 20 E3 D2 E3 00 74 72 65 61 73 75 72 65 CD 69 73 2E 20 E3 04 74 72 65 61 E3 AB 69 73 20 68 69 73 21 D1 54 68 65 73 65 20 74 77 6F 20 E3 A0 73 65 72 76 65 CD E3 00 45 6C 64 65 72 20 E3 14 6F 70 65 6E 20 61 CD 70 61 74 68 20 74 6F 20 E3 00 73 68 72 69 6E 65 2E D1 54 68 65 73 65 20 74 77 6F 20 E3 12 74 61 6B 65 CD E3 01 74 6F 20 E3 00 73 68 72 69 6E 65 2E 20 50 6C 65 61 73 65 CD 67 6F 20 E3 10 74 68 65 6D 2C CD E3 08 61 63 63 65 70 74 20 E3 00 74 72 65 61 73 75 72 65 2E	00:7 01:1 04:3 08:1 09:1 0C:1 10:1 12:1 14:1 18:1 1C:1 95:1 A0:1 AB:1 CD:11 D0:1 D1:3 D2:1 D7:1 E3:26	218	11	3	False	confirmed-record	[TOP][E3][09][E3][95][E3][00]village! You\n[E3][1C][E3][00]Messenger! [E3][04]\nlegend [E3][18][E3]<in the\nElder`s family [E3][0C]ages!\f[E3][04]Deity`s messenger has\ncome. [E3][WIPE][E3]Zto the\nshrine [E3][WAIT][E3][00]treasure\nis. [E3][04]trea[E3][AB]is his!\fThese two [E3][A0]serve\n[E3][00]Elder [E3][14]open a\npath to [E3][00]shrine.\fThese two [E3][12]take\n[E3][01]to [E3][00]shrine. Please\ngo [E3][10]them,\n[E3][08]accept [E3][00]treasure.		pending			
EN-07CA2B	main-dialogue-3	0x07CA2B	0x07CA75	74	D7 E3 09 E3 1C 62 6F 74 68 20 62 72 61 76 65 21 21 CD E3 36 79 6F 75 60 6C 6C 20 62 65 20 66 69 6E 65 21 CD E3 09 E3 1C 61 20 6D 65 73 73 65 6E 67 65 72 21 CD E3 04 44 65 69 74 79 20 70 72 6F 74 65 63 74 73 20 79 6F 75 21	04:1 09:2 1C:2 CD:3 D7:1 E3:6	59	3	0	False	confirmed-record	[TOP][E3][09][E3][1C]both brave!!\n[E3]6you`ll be fine!\n[E3][09][E3][1C]a messenger!\n[E3][04]Deity protects you!		pending			
EN-07CA76	main-dialogue-3	0x07CA76	0x07CB3C	198	D7 E3 09 E3 2F E3 00 74 72 65 61 73 75 72 65 21 CD E3 FA 65 61 72 6E 65 64 20 E3 00 67 72 65 61 74 65 73 74 CD 6E 61 6D 65 20 69 6E 20 E3 00 76 69 6C 6C 61 67 65 21 CD E3 04 6E 61 6D 65 20 69 73 C3 02 20 42 61 69 62 61 69 C3 00 21 D1 E3 62 6C 79 69 6E 67 20 53 68 61 6D 61 6E 20 69 73 CD 68 65 61 64 65 64 20 E3 0C E3 00 6F 63 65 61 6E 2E CD C3 02 41 20 4D 61 6E 20 61 74 20 E3 00 49 6E 6E CD C3 00 73 61 79 73 20 68 65 20 73 61 77 20 68 69 6D 2E D1 E3 36 E3 A7 E3 00 76 69 6C 6C 61 67 65 20 69 73 CD 73 61 66 65 21 CD 41 6E 64 20 E3 1B 61 6C 6C CD 74 68 61 6E 6B 73 20 74 6F 20 79 6F 75 21 21	00:8 02:2 04:1 09:1 0C:1 1B:1 A7:1 C3:4 CD:9 D1:2 D7:1 E3:15 FA:1	151	9	2	True	confirmed-record	[TOP][E3][09][E3]/[E3][00]treasure!\n[E3][FA]earned [E3][00]greatest\nname in [E3][00]village!\n[E3][04]name is[YELLOW] Baibai[/HIGHLIGHT]!\f[E3]blying Shaman is\nheaded [E3][0C][E3][00]ocean.\n[YELLOW]A Man at [E3][00]Inn\n[/HIGHLIGHT]says he saw him.\f[E3]6[E3][A7][E3][00]village is\nsafe!\nAnd [E3][1B]all\nthanks to you!!		pending			
EN-07CB3D	main-dialogue-3	0x07CB3D	0x07CB5F	34	D7 D3 C4 CA D7 E0 1B CD E3 40 6E 61 6D 65 20 E3 12 6C 69 76 65 CD 6F 6E 20 E3 0E 69 73 6C 61 6E 64 21	0E:1 12:1 1B:1 C4:1 CA:1 CD:2 D3:1 D7:2 E0:1 E3:3	20	2	0	False	confirmed-record	[TOP][D3][C4][CA][TOP][SPEAKER:1B]\n[E3]@name [E3][12]live\non [E3][0E]island!		pending			
EN-07CB60	main-dialogue-3	0x07CB60	0x07CC07	167	D7 E0 1B CD 57 65 6C 63 6F 6D 65 21 20 E3 04 76 69 6C 6C 61 67 65 20 69 73 CD 69 6E 20 74 75 72 6D 6F 69 6C 21 D1 49 74 20 68 61 73 6E 60 74 20 72 61 69 6E 65 64 20 E3 0C 73 6F CD 6C 6F 6E 67 2E 20 E3 04 76 69 6C 6C 61 67 65 20 69 73 20 64 72 79 2C CD E3 00 E3 E7 E3 1C 74 68 69 72 73 74 79 2E D1 43 61 6E 60 74 20 E3 01 E3 B9 79 6F 75 72 CD 70 6F 77 65 72 20 74 6F 20 E3 42 69 74 20 72 61 69 6E 3F CD E3 0B E3 00 44 65 69 74 79 60 73 CD 6D 65 73 73 65 6E 67 65 72 2C 20 E3 42 69 74 20 72 61 69 6E 21	00:2 01:1 04:2 0B:1 0C:1 1B:1 1C:1 B9:1 CD:7 D1:2 D7:1 E0:1 E3:12 E7:1	133	7	2	False	confirmed-record	[TOP][SPEAKER:1B]\nWelcome! [E3][04]village is\nin turmoil!\fIt hasn`t rained [E3][0C]so\nlong. [E3][04]village is dry,\n[E3][00][E3][E7][E3][1C]thirsty.\fCan`t [E3][01][E3][B9]your\npower to [E3]Bit rain?\n[E3][0B][E3][00]Deity`s\nmessenger, [E3]Bit rain!		pending			
EN-07CC08	main-dialogue-3	0x07CC08	0x07CC80	120	D7 E0 1B CD E3 09 63 68 61 6E 74 65 64 2C CD E3 08 69 74 20 72 61 69 6E 65 64 21 CD E3 04 76 69 6C 6C 61 67 65 72 73 20 E3 1C 68 61 70 70 79 21 D1 E3 0B E3 00 68 65 72 6F 20 6F 66 20 74 68 65 CD 76 69 6C 6C 61 67 65 21 20 49 20 74 68 61 6E 6B 20 79 6F 75 21 CD 43 68 65 63 6B 20 E3 4A E3 00 74 77 6F CD 62 6F 78 65 73 20 69 6E 20 E3 00 63 6F 72 6E 65 72 21 21	00:3 04:1 08:1 09:1 0B:1 1B:1 1C:1 CD:6 D1:1 D7:1 E0:1 E3:9	93	6	1	False	confirmed-record	[TOP][SPEAKER:1B]\n[E3][09]chanted,\n[E3][08]it rained!\n[E3][04]villagers [E3][1C]happy!\f[E3][0B][E3][00]hero of the\nvillage! I thank you!\nCheck [E3]J[E3][00]two\nboxes in [E3][00]corner!!		pending			
EN-07CC81	main-dialogue-3	0x07CC81	0x07CC9D	28	D7 4D 72 2E 4D 6F 75 73 65 21 CD 57 65 6C 63 6F 6D 65 2C 20 77 65 6C 63 6F 6D 65 21	CD:1 D7:1	26	1	0	False	confirmed-record	[TOP]Mr.Mouse!\nWelcome, welcome!		pending			
EN-07CD63	main-dialogue-3	0x07CD63	0x07CDAE	75	D7 E3 24 69 73 20 E3 00 45 6C 64 65 72 2C 20 74 68 65 CD 74 6F 70 20 6D 61 6E 20 69 6E 20 E3 00 76 69 6C 6C 61 67 65 21 CD E3 36 6C 61 74 65 6C 79 20 E3 00 53 68 61 6D 61 6E CD E3 18 E3 3C 63 61 74 63 68 69 6E 67 20 75 70 21	00:3 18:1 CD:3 D7:1 E3:7	60	3	0	False	confirmed-record	[TOP][E3]$is [E3][00]Elder, the\ntop man in [E3][00]village!\n[E3]6lately [E3][00]Shaman\n[E3][18][E3]<catching up!		pending			
EN-07CDAF	main-dialogue-3	0x07CDAF	0x07CDF3	68	D7 E3 04 73 61 63 72 69 66 69 63 65 20 E3 18 63 6F 6D 65 CD 62 61 63 6B 21 20 E3 04 45 6C 64 65 72 20 73 61 79 73 20 74 68 61 74 CD E3 13 61 20 6D 65 73 73 65 6E 67 65 72 CD E3 1F E3 00 44 65 69 74 79 21	00:1 04:2 13:1 18:1 1F:1 CD:3 D7:1 E3:6	52	3	0	False	confirmed-record	[TOP][E3][04]sacrifice [E3][18]come\nback! [E3][04]Elder says that\n[E3][13]a messenger\n[E3][1F][E3][00]Deity!		pending			
EN-07CDF4	main-dialogue-3	0x07CDF4	0x07CE22	46	D7 E3 09 E3 95 E3 00 76 69 6C 6C 61 67 65 21 CD E3 09 E3 1C E3 00 4D 65 73 73 65 6E 67 65 72 21 CD E3 04 45 6C 64 65 72 20 E3 A8 73 6F 21	00:2 04:1 09:2 1C:1 95:1 A8:1 CD:2 D7:1 E3:8	27	2	0	False	confirmed-record	[TOP][E3][09][E3][95][E3][00]village!\n[E3][09][E3][1C][E3][00]Messenger!\n[E3][04]Elder [E3][A8]so!		pending			
EN-07CE23	main-dialogue-3	0x07CE23	0x07CE71	78	D7 57 65 20 E3 3B 61 20 73 65 63 72 65 74 20 64 61 6E 63 65 CD E3 15 6F 70 65 6E 73 20 E3 00 72 6F 61 64 20 74 6F CD E3 00 73 68 72 69 6E 65 2E 20 E3 52 E3 10 75 73 2C CD 77 65 60 6C 6C 20 64 61 6E 63 65 20 69 74 20 E3 0C 79 6F 75 2E	00:2 0C:1 10:1 15:1 CD:3 D7:1 E3:7	62	3	0	False	confirmed-record	[TOP]We [E3];a secret dance\n[E3][15]opens [E3][00]road to\n[E3][00]shrine. [E3]R[E3][10]us,\nwe`ll dance it [E3][0C]you.		pending			
EN-07CE72	main-dialogue-3	0x07CE72	0x07CEB4	66	D7 E3 09 E3 2F E3 00 74 72 65 61 73 75 72 65 3F CD E3 06 74 65 73 74 20 E3 DD 49 66 20 79 6F 75 60 72 65 CD E3 44 6D 65 73 73 65 6E 67 65 72 20 E3 01 CD E3 14 E3 26 E3 44 74 72 65 61 73 75 72 65 21	00:1 01:1 06:1 09:1 14:1 CD:3 D7:1 DD:1 E3:10	46	3	0	False	confirmed-record	[TOP][E3][09][E3]/[E3][00]treasure?\n[E3][06]test [E3][DD]If you`re\n[E3]Dmessenger [E3][01]\n[E3][14][E3]&[E3]Dtreasure!		pending			
EN-07CEB5	main-dialogue-3	0x07CEB5	0x07CEE2	45	D7 E3 FA E3 95 E3 00 76 69 6C 6C 61 67 65 21 CD E3 40 6E 61 6D 65 20 E3 12 62 65 CD 66 61 6D 6F 75 73 20 E3 A6 66 6F 72 65 76 65 72 21	00:1 12:1 95:1 A6:1 CD:2 D7:1 E3:6 FA:1	31	2	0	False	confirmed-record	[TOP][E3][FA][E3][95][E3][00]village!\n[E3]@name [E3][12]be\nfamous [E3][A6]forever!		pending			
EN-07CEE3	main-dialogue-3	0x07CEE3	0x07CF26	67	D7 41 20 67 75 79 20 61 74 20 E3 00 69 6E 6E 20 C3 02 CD 73 61 77 20 61 20 73 74 72 61 6E 67 65 20 6D 61 6E CD 72 75 6E 6E 69 6E 67 20 74 6F 20 E3 00 62 61 79 C3 00 2E CD 41 20 62 61 64 20 6D 61 6E 21	00:3 02:1 C3:2 CD:3 D7:1 E3:2	55	3	0	True	confirmed-record	[TOP]A guy at [E3][00]inn [YELLOW]\nsaw a strange man\nrunning to [E3][00]bay[/HIGHLIGHT].\nA bad man!		pending			
EN-07CF27	main-dialogue-3	0x07CF27	0x07CF71	74	D7 E3 04 76 69 6C 6C 61 67 65 20 E3 18 68 61 64 CD 6E 6F 20 72 61 69 6E 20 E3 0C 61 20 E3 A4 74 69 6D 65 2E CD E3 04 76 69 6C 6C 61 67 65 20 69 73 20 70 61 72 63 68 65 64 2E CD 57 65 20 E3 1C E3 71 74 68 69 72 73 74 79 2E	04:2 0C:1 18:1 1C:1 A4:1 CD:3 D7:1 E3:7	57	3	0	False	confirmed-record	[TOP][E3][04]village [E3][18]had\nno rain [E3][0C]a [E3][A4]time.\n[E3][04]village is parched.\nWe [E3][1C][E3]qthirsty.		pending			
EN-07CFE9	main-dialogue-3	0x07CFE9	0x07CFF7	14	D7 CD E3 53 E3 58 E3 15 73 74 6F 72 79 21	15:1 CD:1 D7:1 E3:3	8	1	0	False	confirmed-record	[TOP]\n[E3]S[E3]X[E3][15]story!		pending			
EN-07CFF8	main-dialogue-3	0x07CFF8	0x07D043	75	D7 E0 04 49 6E 74 65 72 65 73 74 69 6E 67 21 D1 C3 00 41 20 C3 03 50 72 65 74 74 79 20 47 69 72 6C C3 00 20 69 73 20 74 6F 20 62 65 CD 73 61 63 72 69 66 69 63 65 64 2C CD E3 22 E3 4B 61 72 65 6E 60 74 20 E3 BE 68 65 72 65 21	00:2 03:1 04:1 BE:1 C3:3 CD:2 D1:1 D7:1 E0:1 E3:3	59	2	1	True	confirmed-record	[TOP][SPEAKER:04]Interesting!\f[/HIGHLIGHT]A [PINK]Pretty Girl[/HIGHLIGHT] is to be\nsacrificed,\n[E3]"[E3]Karen`t [E3][BE]here!		pending			
EN-07D044	main-dialogue-3	0x07D044	0x07D0D6	146	D7 57 61 69 74 21 20 C9 14 E3 ED E3 01 68 65 61 72 3F D1 4D 69 6E 74 20 68 61 73 CD 76 6F 6C 75 6E 74 65 65 72 65 64 20 74 6F 20 62 65 20 74 68 65 CD 73 61 63 72 69 66 69 63 65 21 20 57 65 60 6C 6C 20 E3 4D 6F 75 74 CD E3 23 E3 00 44 65 69 74 79 20 E3 3F 69 73 21 D1 C2 00 2E CD C9 14 E3 09 E3 50 67 6F 20 61 6C 6F 6E 67 2E 20 57 68 79 CD E3 00 E3 A4 66 61 63 65 3F 20 E3 09 74 68 69 6E 6B CD 73 68 65 20 E3 50 67 6F 20 61 6C 6F 6E 65 3F	00:3 01:1 09:2 14:2 A4:1 C2:1 C9:2 CD:6 D1:2 D7:1 E3:12 ED:1	112	6	2	False	confirmed-record	[TOP]Wait! [C9][14][E3][ED][E3][01]hear?\fMint has\nvolunteered to be the\nsacrifice! We`ll [E3]Mout\n[E3]#[E3][00]Deity [E3]?is!\f[NAME].\n[C9][14][E3][09][E3]Pgo along. Why\n[E3][00][E3][A4]face? [E3][09]think\nshe [E3]Pgo alone?		pending			
EN-07D520	main-dialogue-3	0x07D520	0x07D56E	78	D7 E3 88 E3 02 49 20 62 65 E3 20 61 CD 4D 6F 75 73 65 21 3F 20 43 68 61 6E 67 65 20 6D 65 20 62 61 63 6B 21 CD 43 68 61 6E 67 65 20 6D 65 20 62 61 63 6B 21 20 54 68 65 CD 44 65 69 74 79 60 73 20 63 75 72 73 65 20 6F 6E 20 79 6F 75 21	02:1 88:1 CD:3 D7:1 E3:3	69	3	0	False	confirmed-record	[TOP][E3][88][E3][02]I be[E3] a\nMouse!? Change me back!\nChange me back! The\nDeity`s curse on you!		pending			
EN-07D58E	main-dialogue-3	0x07D58E	0x07D620	146	D7 E3 04 53 68 61 6D 61 6E 20 E3 18 64 65 76 6F 74 65 64 CD 68 69 6D 73 65 6C 66 20 74 6F 20 E3 00 73 65 72 76 69 63 65 20 6F 66 CD E3 00 44 65 69 74 79 21 20 E3 0D 61 CD E3 96 E3 FC 6A 6F 62 21 D1 E3 04 53 68 61 6D 61 6E 20 E3 14 68 65 61 72 20 74 68 65 CD 76 6F 69 63 65 20 6F 66 20 E3 00 44 65 69 74 79 21 20 49 66 20 79 6F 75 CD 69 6E 74 65 72 66 65 72 65 20 E3 01 E3 12 62 65 CD 70 75 6E 69 73 68 65 64 21 20 47 6F 20 61 77 61 79 21	00:3 01:1 04:2 0D:1 12:1 14:1 18:1 96:1 CD:6 D1:1 D7:1 E3:12 FC:1	114	6	1	False	confirmed-record	[TOP][E3][04]Shaman [E3][18]devoted\nhimself to [E3][00]service of\n[E3][00]Deity! [E3][0D]a\n[E3][96][E3][FC]job!\f[E3][04]Shaman [E3][14]hear the\nvoice of [E3][00]Deity! If you\ninterfere [E3][01][E3][12]be\npunished! Go away!		pending			
EN-07D697	main-dialogue-3	0x07D697	0x07D6BD	38	D7 CD 48 65 79 21 20 E3 09 E3 0F 67 6F 20 6E 65 61 72 CD E3 00 50 6C 61 63 65 20 6F 66 20 E3 00 44 65 69 74 79 21	00:2 09:1 0F:1 CD:2 D7:1 E3:4	27	2	0	False	confirmed-record	[TOP]\nHey! [E3][09][E3][0F]go near\n[E3][00]Place of [E3][00]Deity!		pending			
EN-07D707	main-dialogue-3	0x07D707	0x07D71D	22	D7 02 85 07 03 12 02 98 02 86 05 06 11 02 98 A9 01 00 8D 08 06 A9	00:1 01:1 02:4 03:1 05:1 06:2 07:1 08:1 11:1 12:1 85:1 86:1 8D:1 98:2 A9:2 D7:1	0	0	0	False	confirmed-record	[TOP][02][85][07][03][12][02][98][02][86][05][06][11][02][98][A9][01][00][8D][08][06][A9]		pending			
EN-07D790	main-dialogue-3	0x07D790	0x07D7FE	110	D7 02 0A 01 80 02 84 01 20 02 98 02 86 08 03 01 02 98 02 85 0B 01 01 02 98 02 86 08 05 01 02 98 02 D0 3C 00 02 0A 02 80 02 B2 6B D8 57 61 69 74 20 68 65 72 65 2C 20 E3 08 E3 00 44 65 69 74 79 CD E3 12 63 6F 6D 65 2E 20 E3 8F 73 63 61 72 65 64 CD 6F 66 20 68 69 6D 2E 20 E3 8F 67 65 74 74 69 6E 67 CD E3 4A 6F 66 20 68 65 72 65 21	00:2 01:6 02:13 03:1 05:1 08:3 0A:2 0B:1 12:1 80:2 84:1 85:1 86:2 8F:2 98:4 B2:1 CD:3 D0:1 D7:1 D8:1 E3:6	55	3	0	False	confirmed-record	[TOP][02][0A][01][80][02][84][01] [02][98][02][86][08][03][01][02][98][02][85][0B][01][01][02][98][02][86][08][05][01][02][98][02][WIPE]<[00][02][0A][02][80][02][B2]k[BOTTOM]Wait here, [E3][08][E3][00]Deity\n[E3][12]come. [E3][8F]scared\nof him. [E3][8F]getting\n[E3]Jof here!		pending			
EN-07D84A	main-dialogue-3	0x07D84A	0x07D880	54	D7 DC 01 57 68 61 74 21 C9 1E 21 CD C9 1E E3 0D E3 3C 61 20 E3 55 74 6F 75 72 21 CD E3 CF E3 43 74 68 65 CD 66 61 63 74 6F 72 79 20 62 6C 65 77 20 75 70 21 DC 00	00:1 01:1 0D:1 1E:2 C9:2 CD:3 CF:1 D7:1 DC:2 E3:5	35	3	0	False	confirmed-record	[TOP][DC][01]What![C9][1E]!\n[C9][1E][E3][0D][E3]<a [E3]Utour!\n[E3][CF][E3]Cthe\nfactory blew up![DC][00]		pending			
EN-07D8A2	main-dialogue-3	0x07D8A2	0x07D91C	122	D7 E3 2A E3 13 62 61 63 6B 2E 20 57 65 60 72 65 CD 72 65 74 75 72 6E 69 6E 67 20 74 6F 20 E3 00 76 69 6C 6C 61 67 65 2E CD 57 65 60 76 65 20 68 61 64 20 E3 0A 65 6E 6F 75 67 68 CD 6F 66 20 E3 0E 74 6F 75 72 21 D1 E3 2E E3 09 E3 95 75 73 2E CD E3 19 E3 9F 74 6F 20 74 68 65 CD 67 69 72 6C 3F 20 53 68 65 20 E3 6E 74 6F 20 6C 6F 6F 6B CD E3 0C 73 6F 6D 65 6F 6E 65 2E	00:1 09:1 0A:1 0C:1 0E:1 13:1 19:1 95:1 9F:1 CD:6 D1:1 D7:1 E3:12	93	6	1	False	confirmed-record	[TOP][E3]*[E3][13]back. We`re\nreturning to [E3][00]village.\nWe`ve had [E3][0A]enough\nof [E3][0E]tour!\f[E3].[E3][09][E3][95]us.\n[E3][19][E3][9F]to the\ngirl? She [E3]nto look\n[E3][0C]someone.		pending			
EN-07D944	main-dialogue-3	0x07D944	0x07D9A5	97	D7 E3 24 69 73 20 44 72 2E 45 69 6E 73 74 2C 20 74 68 65 CD E3 55 69 6E 76 65 6E 74 6F 72 2E CD E3 03 E3 1E 69 6E 20 72 69 67 68 74 20 6E 6F 77 2E D1 4C 65 61 76 65 20 61 20 6D 65 73 73 61 67 65 20 CD 61 66 74 65 72 20 E3 00 62 65 65 70 2E CD C9 3C CD C3 03 42 65 65 65 65 65 65 70 21 C3 00	00:2 03:2 1E:1 C3:2 C9:1 CD:5 D1:1 D7:1 E3:5	77	5	1	True	confirmed-record	[TOP][E3]$is Dr.Einst, the\n[E3]Uinventor.\n[E3][03][E3][1E]in right now.\fLeave a message \nafter [E3][00]beep.\n[C9]<\n[PINK]Beeeeeep![/HIGHLIGHT]		pending			
EN-07D9A6	main-dialogue-3	0x07D9A6	0x07DA29	131	D7 53 6F 20 E3 0E 69 73 20 E3 00 E3 FB 74 68 65 CD 53 68 61 6D 61 6E 20 68 65 61 72 73 20 74 68 65 CD 77 6F 72 64 73 20 6F 66 20 E3 00 44 65 69 74 79 21 D1 C3 02 2E 2E 2E 48 6D 6D 6D 3F D1 C3 02 E3 04 44 65 69 74 79 60 73 20 76 6F 69 63 65 20 73 6F 75 6E 64 73 CD 73 6F 20 E3 7D 74 6F 64 61 79 21 20 4D 75 73 74 CD 62 65 20 62 65 63 61 E3 B9 6F 66 20 74 68 65 CD 73 61 63 72 69 66 69 63 65 2E	00:2 02:2 04:1 0E:1 B9:1 C3:2 CD:5 D1:2 D7:1 E3:7 FB:1	106	5	2	True	confirmed-record	[TOP]So [E3][0E]is [E3][00][E3][FB]the\nShaman hears the\nwords of [E3][00]Deity!\f[YELLOW]...Hmmm?\f[YELLOW][E3][04]Deity`s voice sounds\nso [E3]}today! Must\nbe beca[E3][B9]of the\nsacrifice.		pending			
EN-07DA2A	main-dialogue-3	0x07DA2A	0x07DA4A	32	D7 20 2E 2E 2E 2E 2E 2E 2E 2E 2E 2E 2E CD 20 2E 2E 2E 2E 2E 4E 6F 20 72 65 73 70 6F 6E 73 65 2E	CD:1 D7:1	30	1	0	False	confirmed-record	[TOP] ...........\n .....No response.		pending			
EN-07DAC8	main-dialogue-3	0x07DAC8	0x07DB53	139	D7 E3 34 E3 1B 44 72 2E 41 6B 69 68 61 62 61 72 61 CD E3 08 46 6C 61 76 6F 6E 21 20 49 74 20 E3 12 74 61 6B 65 CD 62 6F 74 68 20 6F 66 20 E3 01 74 6F CD 69 6E 76 65 73 74 69 67 61 74 65 20 75 73 20 48 61 63 6B 65 72 73 21 D1 2E 2E 2E 4F 72 20 73 6F 20 68 65 20 73 61 69 64 2E CD 49 66 20 E3 01 E3 07 E3 29 74 6F CD E3 26 68 75 72 74 2C 20 79 6F 75 60 64 20 62 65 74 74 65 72 CD E3 20 61 E3 A4 71 75 69 65 74 6C 79 2E	01:2 07:1 08:1 12:1 1B:1 A4:1 CD:6 D1:1 D7:1 E3:11	113	6	1	False	confirmed-record	[TOP][E3]4[E3][1B]Dr.Akihabara\n[E3][08]Flavon! It [E3][12]take\nboth of [E3][01]to\ninvestigate us Hackers!\f...Or so he said.\nIf [E3][01][E3][07][E3])to\n[E3]&hurt, you`d better\n[E3] a[E3][A4]quietly.		pending			
EN-07DBA6	main-dialogue-3	0x07DBA6	0x07DC59	179	D7 E0 02 46 6C 61 76 6F 6E 2C CD E3 09 72 75 6E 2E 20 E3 06 74 61 6B 65 CD E3 AC 6F 66 20 68 69 6D 2E D1 E0 0F 42 75 74 2E 2E 2E 20 62 75 74 2E 2E 2E D1 E0 02 57 61 68 20 68 61 20 68 61 2E 20 E3 03 61 6E 20 69 6E 76 65 6E 74 6F 72 21 D1 E3 03 70 72 65 70 61 72 69 6E 67 20 61 20 63 6F 75 70 6C 65 20 6F 66 CD E3 B0 E3 15 E3 2B 68 65 6C 70 CD 61 74 20 61 20 E3 54 E3 2D 74 68 69 73 2E D1 57 65 6C 6C 2C C9 1E 20 E3 26 62 61 63 6B 2C 20 69 74 60 73 CD 64 61 6E 67 65 72 6F 75 73 2E 20 49 20 63 61 6E CD E3 30 E3 AC 6F 66 20 74 68 65 6D 2E	02:2 03:2 06:1 09:1 0F:1 15:1 1E:1 AC:2 B0:1 C9:1 CD:6 D1:4 D7:1 E0:3 E3:13	139	6	4	False	confirmed-record	[TOP][SPEAKER:02]Flavon,\n[E3][09]run. [E3][06]take\n[E3][AC]of him.\f[SPEAKER:0F]But... but...\f[SPEAKER:02]Wah ha ha. [E3][03]an inventor!\f[E3][03]preparing a couple of\n[E3][B0][E3][15][E3]+help\nat a [E3]T[E3]-this.\fWell,[C9][1E] [E3]&back, it`s\ndangerous. I can\n[E3]0[E3][AC]of them.		pending			
EN-07DD44	main-dialogue-3	0x07DD44	0x07DD6A	38	D7 E0 0F 2E 2E 2E 2E 2E 2E 2E 2E 2E 2E 2E CD 2E 2E 2E 2E 2E 2E 2E 2E 2E 2E 2E CD 2E 2E 2E 2E 2E 2E 2E 2E 2E 2E 2E	0F:1 CD:2 D7:1 E0:1	33	2	0	False	confirmed-record	[TOP][SPEAKER:0F]...........\n...........\n...........		pending			
EN-07DDF4	main-dialogue-3	0x07DDF4	0x07DE18	36	D7 E0 0F DC 06 2E 2E 2E 2E 2E 2E 2E 2E 2E 2E 2E CD C9 1E 2E 2E 2E DC 00 41 6B 69 68 61 62 61 72 61 2E 2E 2E	00:1 06:1 0F:1 1E:1 C9:1 CD:1 D7:1 DC:2 E0:1	26	1	0	False	confirmed-record	[TOP][SPEAKER:0F][DC][06]...........\n[C9][1E]...[DC][00]Akihabara...		pending			
EN-07DE19	main-dialogue-3	0x07DE19	0x07DE2A	17	D7 CD 53 71 75 65 61 6B 21 20 53 71 75 65 61 6B 21	CD:1 D7:1	15	1	0	False	confirmed-record	[TOP]\nSqueak! Squeak!		pending			
EN-07DE84	main-dialogue-3	0x07DE84	0x07DECF	75	D7 E3 04 56 6F 6C 63 61 6E 6F 60 73 20 64 6F 77 6E 20 74 68 65 72 65 2E CD E3 04 56 6F 6C 63 61 6E 6F 20 69 73 20 66 75 6E 21 CD E3 B4 E3 02 74 6F 20 67 6F 20 6F 6E CD 61 6C 6F 6E 65 2C 20 E3 06 77 61 69 74 20 68 65 72 65 21	02:1 04:2 06:1 B4:1 CD:3 D7:1 E3:5	61	3	0	False	confirmed-record	[TOP][E3][04]Volcano`s down there.\n[E3][04]Volcano is fun!\n[E3][B4][E3][02]to go on\nalone, [E3][06]wait here!		pending			
EN-07DEFF	main-dialogue-3	0x07DEFF	0x07DF94	149	D7 C3 02 47 75 69 64 65 3A CD C3 00 E3 0B E3 1E 73 69 67 68 74 73 65 65 69 6E 67 21 CD E3 0B 61 20 6C 69 61 72 2C 20 E3 22 74 68 65 CD 44 65 69 74 79 20 77 61 6E 74 73 20 61 20 73 61 63 72 69 66 69 63 65 21 D1 E3 0B 61 20 6D 65 73 73 65 6E 67 65 72 20 6F 66 20 74 68 65 CD 44 65 69 74 79 2C 20 E3 08 E3 A7 E3 06 6D 65 65 74 CD E3 DD E3 B4 62 65 20 73 61 63 72 69 66 69 63 65 64 2E CD E3 17 62 65 20 62 69 74 74 65 72 2E 20 42 79 65 20 62 79 65 2E	00:1 02:1 06:1 08:1 0B:3 17:1 1E:1 A7:1 B4:1 C3:2 CD:6 D1:1 D7:1 DD:1 E3:11	116	6	1	True	confirmed-record	[TOP][YELLOW]Guide:\n[/HIGHLIGHT][E3][0B][E3][1E]sightseeing!\n[E3][0B]a liar, [E3]"the\nDeity wants a sacrifice!\f[E3][0B]a messenger of the\nDeity, [E3][08][E3][A7][E3][06]meet\n[E3][DD][E3][B4]be sacrificed.\n[E3][17]be bitter. Bye bye.		pending			
EN-07E0AF	main-dialogue-3	0x07E0AF	0x07E0FE	79	D7 E0 04 C2 00 21 CD E3 0B E3 8D 68 65 72 65 21 3F D1 E3 04 6F 74 68 65 72 73 20 E3 1F 52 6F 63 6F 63 6F CD E3 02 66 6C 65 64 2E 20 E3 0D 64 61 6E 67 65 72 6F 75 73 CD 74 6F 20 62 65 20 68 65 72 65 2E 20 51 75 69 63 6B 2C 20 72 75 6E 21	00:1 02:1 04:2 0B:1 0D:1 1F:1 8D:1 C2:1 CD:3 D1:1 D7:1 E0:1 E3:6	58	3	1	False	confirmed-record	[TOP][SPEAKER:04][NAME]!\n[E3][0B][E3][8D]here!?\f[E3][04]others [E3][1F]Rococo\n[E3][02]fled. [E3][0D]dangerous\nto be here. Quick, run!		pending			
EN-07E0FF	main-dialogue-3	0x07E0FF	0x07E173	116	D7 E0 04 2E 2E 2E 57 6F 77 2C 20 61 20 6E 61 72 72 6F 77 20 65 73 63 61 70 65 21 CD 49 66 20 77 65 60 64 20 77 61 69 74 65 64 CD E3 BE 6C 6F 6E 67 65 72 2E 2E 2E 2E 21 D1 E3 45 E3 21 49 20 77 61 6E 74 CD 74 6F 20 E3 D8 6F 75 74 2E 20 E3 03 67 6F 69 6E 67 CD 69 6E 74 6F 20 E3 00 66 6F 72 65 73 74 2E CD 4F 4B 3F C9 1E 20 E3 17 E3 26 6C 6F 73 74 21	00:1 03:1 04:1 17:1 1E:1 BE:1 C9:1 CD:5 D1:1 D7:1 D8:1 E0:1 E3:8	92	5	1	False	confirmed-record	[TOP][SPEAKER:04]...Wow, a narrow escape!\nIf we`d waited\n[E3][BE]longer....!\f[E3]E[E3]!I want\nto [E3][BOTTOM]out. [E3][03]going\ninto [E3][00]forest.\nOK?[C9][1E] [E3][17][E3]&lost!		pending			
EN-07E1EB	main-dialogue-3	0x07E1EB	0x07E229	62	D7 57 65 20 64 65 64 69 63 61 74 65 20 E3 0E 64 61 6E 63 65 20 74 6F CD E3 00 44 65 69 74 79 21 20 41 6E 20 61 6E 63 69 65 6E 74 CD 74 72 61 64 69 74 69 6F 6E 61 6C 20 64 61 6E 63 65 21	00:1 0E:1 CD:2 D7:1 E3:2	55	2	0	False	confirmed-record	[TOP]We dedicate [E3][0E]dance to\n[E3][00]Deity! An ancient\ntraditional dance!		pending			
EN-07E22A	main-dialogue-3	0x07E22A	0x07E271	71	D7 E3 04 72 6F 61 64 20 74 6F 20 E3 00 44 65 69 74 79 20 69 73 CD 6F 70 65 6E 2C 20 E3 08 E3 44 6D 65 73 73 65 6E 67 65 72 CD E3 14 67 6F 20 6F 6E 2E 20 4F 75 72 20 6A 6F 62 CD 69 73 20 66 69 6E 69 73 68 65 64 2E	00:1 04:1 08:1 14:1 CD:3 D7:1 E3:5	58	3	0	False	confirmed-record	[TOP][E3][04]road to [E3][00]Deity is\nopen, [E3][08][E3]Dmessenger\n[E3][14]go on. Our job\nis finished.		pending			
EN-07E2A5	main-dialogue-3	0x07E2A5	0x07E361	188	D7 02 45 02 86 04 01 11 02 98 02 86 04 03 01 02 98 02 85 06 01 12 02 98 02 86 04 03 01 02 98 02 B2 6B 01 00 49 00 00 02 74 97 10 98 80 02 CB 02 10 17 33 FF DC E2 6B 02 34 50 FF 02 1D 3B E3 02 D0 14 00 02 86 09 08 02 02 98 02 D1 00 00 02 02 80 01 02 97 02 1D 62 E3 02 86 09 01 02 02 98 02 85 0A 01 02 02 98 02 86 09 01 02 02 98 02 80 03 02 97 02 80 0D 02 97 02 D2 00 00 10 01 02 85 0B 01 01 02 98 02 86 09 02 02 02 98 02 33 50 FF 02 0A 98 80 02 B2 6B D7 48 61 20 68 61 20 68 61 2E CD 41 74 20 E3 A4 6C 61 73 74 2E CD E3 FA 6D 61 64 65 20 70 72 6F 67 72 65 73 73 21	00:8 01:12 02:47 03:3 04:3 06:1 08:1 09:4 0A:2 0B:1 0D:1 10:3 11:1 12:1 14:1 17:1 1D:2 80:5 85:3 86:7 97:4 98:12 A4:1 B2:2 CB:1 CD:2 D0:1 D1:1 D2:1 D7:2 DC:1 E2:1 E3:4 FA:1 FF:3	44	2	1	False	confirmed-record	[TOP][02]E[02][86][04][01][11][02][98][02][86][04][03][01][02][98][02][85][06][01][12][02][98][02][86][04][03][01][02][98][02][B2]k[01][00]I[00][00][02]t[97][10][98][80][02][CB][02][10][17]3[FF][DC][E2]k[02]4P[FF][02][1D];[E3][02][WIPE][14][00][02][86][09][08][02][02][98][02]\f[00][00][02][02][80][01][02][97][02][1D]b[E3][02][86][09][01][02][02][98][02][85][0A][01][02][02][98][02][86][09][01][02][02][98][02][80][03][02][97][02][80][0D][02][97][02][WAIT][00][00][10][01][02][85][0B][01][01][02][98][02][86][09][02][02][02][98][02]3P[FF][02][0A][98][80][02][B2]k[TOP]Ha ha ha.\nAt [E3][A4]last.\n[E3][FA]made progress!		pending			
EN-07E362	main-dialogue-3	0x07E362	0x07E45F	253	D7 E0 05 54 6F 75 67 68 2C 20 77 61 73 6E 60 74 20 69 74 3F CD C9 14 E3 2A 79 65 61 68 2C 20 E3 1B 63 61 6C 6C 65 64 CD E3 00 69 6E 76 65 6E 74 6F 72 60 73 20 65 67 67 2E D1 E3 34 E3 13 6C 6F 6F 6B 69 6E 67 CD E3 0C 61 20 66 61 62 75 6C 6F 75 73 CD 61 6E 63 69 65 6E 74 20 69 6E 76 65 6E 74 69 6F 6E 3F D1 48 6F 77 20 E3 94 61 20 79 6F 75 6E 67 73 74 65 72 CD E3 2D E3 01 E3 4D 69 74 3F CD 47 69 76 65 20 75 70 21 D1 E3 06 73 74 75 64 79 20 E3 00 73 63 69 65 6E 74 69 66 69 63 CD 70 6F 77 65 72 2C 20 E3 08 62 72 75 73 68 20 75 70 20 6F 6E CD 6D 79 20 E3 55 69 6E 76 65 6E 74 69 6E 67 20 73 6B 69 6C 6C 21 CD 4E 6F 62 6F 64 79 20 62 6F 74 E3 F6 6D 65 21 D1 47 6F 74 20 69 74 3F 20 4E 6F 77 CD E3 26 6F 75 74 21 CD E3 0B 62 6F 74 68 65 72 69 6E 67 20 6D 65 21	00:2 01:1 05:1 06:1 08:1 0B:1 0C:1 13:1 14:1 1B:1 94:1 C9:1 CD:11 D1:4 D7:1 E0:1 E3:17 F6:1	205	11	4	False	confirmed-record	[TOP][SPEAKER:05]Tough, wasn`t it?\n[C9][14][E3]*yeah, [E3][1B]called\n[E3][00]inventor`s egg.\f[E3]4[E3][13]looking\n[E3][0C]a fabulous\nancient invention?\fHow [E3][94]a youngster\n[E3]-[E3][01][E3]Mit?\nGive up!\f[E3][06]study [E3][00]scientific\npower, [E3][08]brush up on\nmy [E3]Uinventing skill!\nNobody bot[E3][F6]me!\fGot it? Now\n[E3]&out!\n[E3][0B]bothering me!		pending			
EN-07E73A	main-dialogue-3	0x07E73A	0x07E7B1	119	D7 E3 2A C9 14 E3 01 61 67 61 69 6E 3F 21 CD 41 6C 6C 20 E3 01 64 6F 20 69 73 20 62 6F 74 E3 F6 6D 65 21 CD 49 20 E3 35 E3 0F 73 74 E3 08 69 74 2E D1 4D 79 20 53 75 70 65 72 20 55 6C 74 72 61 20 CD 4D 61 63 68 69 6E 65 2C 20 C3 02 42 69 67 20 45 79 65 C3 00 CD E3 12 E3 30 E3 AC 6F 66 20 79 6F 75 21 CD C9 14 50 72 65 70 E3 1C E3 0C E3 00 77 6F 72 73 74 21	00:2 01:2 02:1 08:1 0C:1 0F:1 12:1 14:2 1C:1 AC:1 C3:2 C9:2 CD:5 D1:1 D7:1 E3:13 F6:1	81	5	1	True	confirmed-record	[TOP][E3]*[C9][14][E3][01]again?!\nAll [E3][01]do is bot[E3][F6]me!\nI [E3]5[E3][0F]st[E3][08]it.\fMy Super Ultra \nMachine, [YELLOW]Big Eye[/HIGHLIGHT]\n[E3][12][E3]0[E3][AC]of you!\n[C9][14]Prep[E3][1C][E3][0C][E3][00]worst!		pending			
EN-07E7B2	main-dialogue-3	0x07E7B2	0x07E7EB	57	D7 E3 2E E3 09 E3 29 6D 6F 72 65 3F CD 4E 6F 20 E3 E0 68 6F 77 20 6D E3 BE 74 69 6D 65 73 CD E3 01 66 69 67 68 74 20 E3 10 6D 65 2C CD E3 1B E3 71 69 6E 20 76 61 69 6E 21	01:1 09:1 10:1 1B:1 68:1 BE:1 CD:3 D7:1 E0:1 E3:9	37	3	0	False	confirmed-record	[TOP][E3].[E3][09][E3])more?\nNo [E3][SPEAKER:68]ow m[E3][BE]times\n[E3][01]fight [E3][10]me,\n[E3][1B][E3]qin vain!		pending			
EN-07E7EC	main-dialogue-3	0x07E7EC	0x07E867	123	D7 DC 09 2E 2E 2E 57 68 61 2E 2E DC 00 C9 14 E3 23 69 73 20 74 68 69 73 21 CD 4D 79 20 E0 1A 20 E3 08 61 20 CD 62 61 62 79 20 E0 1A 20 2D 20 CD E3 08 68 65 20 6C 6F 73 74 2E 2E 2E 3F D1 E3 36 E3 0E 69 73 20 6E 6F 74 CD C9 14 E3 00 65 6E 64 20 6F 66 20 69 74 21 CD E3 06 70 61 79 20 E3 01 62 61 63 6B CD 64 6F 75 62 6C 65 21 20 52 65 6D 65 6D 62 65 72 20 74 68 61 74 21	00:2 01:1 06:1 08:2 09:1 0E:1 14:2 1A:2 C9:2 CD:6 D1:1 D7:1 DC:2 E0:2 E3:8	89	6	1	False	confirmed-record	[TOP][DC][09]...Wha..[DC][00][C9][14][E3]#is this!\nMy [SPEAKER:1A] [E3][08]a \nbaby [SPEAKER:1A] - \n[E3][08]he lost...?\f[E3]6[E3][0E]is not\n[C9][14][E3][00]end of it!\n[E3][06]pay [E3][01]back\ndouble! Remember that!		pending			
EN-07E8A8	main-dialogue-3	0x07E8A8	0x07E935	141	D7 E3 53 6E 65 76 65 72 20 73 65 65 6E 20 E3 0E 6D 65 74 61 6C CD 62 65 66 6F 72 65 21 20 41 6E 64 20 E3 00 73 74 E3 78 69 6E CD E3 0E 63 68 65 73 74 21 20 E3 0D 74 68 65 CD 73 6F 75 72 63 65 20 6F 66 20 E3 00 45 6E 65 72 67 79 21 D1 41 68 2E 2E 2E C9 0A 42 75 74 2E 2E 2E C9 0A 42 75 74 CD E3 0E E0 1A 20 2D 20 68 6F 77 20 E3 14 69 74 CD 62 65 20 6D 6F 76 65 64 21 3F 20 49 20 E3 29 74 6F CD E3 5E 69 74 20 6D 6F 76 65 21	00:2 0A:2 0D:1 0E:3 14:1 1A:1 C9:2 CD:6 D1:1 D7:1 E0:1 E3:11	109	6	1	False	confirmed-record	[TOP][E3]Snever seen [E3][0E]metal\nbefore! And [E3][00]st[E3]xin\n[E3][0E]chest! [E3][0D]the\nsource of [E3][00]Energy!\fAh...[C9][0A]But...[C9][0A]But\n[E3][0E][SPEAKER:1A] - how [E3][14]it\nbe moved!? I [E3])to\n[E3]^it move!		pending			
EN-07EA2E	main-dialogue-3	0x07EA2E	0x07EA3C	14	D7 CD DC 09 2E 2E 2E 2E 2E 2E 2E 2E DC 00	00:1 09:1 CD:1 D7:1 DC:2	8	1	0	False	confirmed-record	[TOP]\n[DC][09]........[DC][00]		pending			
EN-07EA3D	main-dialogue-3	0x07EA3D	0x07EAFB	190	D7 DC 09 2E 2E 2E DC 00 C9 1E C2 00 3F C9 0A 20 49 73 20 E3 15 79 6F 75 3F CD E3 0D 6D 65 2C 20 C3 02 4E 61 70 6F 6C 65 6F 6E C3 00 2E CD C9 1E DC 09 2E 2E 2E 4F 68 2C C9 14 DC 00 20 E3 01 64 6F 6E 60 74 CD C9 0A E3 3B 6D 65 20 79 65 74 2E 2E 2E D1 2E 2E 2E 20 41 6E 64 C9 14 20 74 68 6F 73 65 20 73 74 6F 6E 65 73 3F 21 CD C9 14 E0 00 20 67 61 74 68 65 72 69 6E 67 3F CD 48 6D 6D 6D 2E 2E 2E C9 14 20 47 6F 6F 64 2E 2E 2E DE D7 E3 45 E3 21 49 60 64 20 6C 69 6B 65 CD 74 6F 20 E3 37 E3 01 62 75 74 2E 2E 2E CD E3 40 E3 8B 69 73 20 66 75 6C 6C 2E CD E3 33 E3 EE 69 74 2E	00:5 01:2 02:1 09:2 0A:2 0D:1 14:4 15:1 1E:2 8B:1 C2:1 C3:2 C9:8 CD:8 D1:1 D7:2 DC:4 DE:1 E0:1 E3:12 EE:1	128	8	1	True	confirmed-record	[TOP][DC][09]...[DC][00][C9][1E][NAME]?[C9][0A] Is [E3][15]you?\n[E3][0D]me, [YELLOW]Napoleon[/HIGHLIGHT].\n[C9][1E][DC][09]...Oh,[C9][14][DC][00] [E3][01]don`t\n[C9][0A][E3];me yet...\f... And[C9][14] those stones?!\n[C9][14][SPEAKER:00] gathering?\nHmmm...[C9][14] Good...[DE][TOP][E3]E[E3]!I`d like\nto [E3]7[E3][01]but...\n[E3]@[E3][8B]is full.\n[E3]3[E3][EE]it.		pending			
EN-07EAFC	main-dialogue-3	0x07EAFC	0x07EB91	149	D7 49 20 E3 2F E3 00 E0 00 20 68 65 72 65 2C CD E3 08 E3 02 6B 65 70 74 20 69 74 20 E3 0C 79 6F 75 CD E3 71 E3 0E 74 69 6D 65 2E CD C9 1E C2 00 C9 0A 2C 20 E3 30 69 74 2E D1 20 C2 00 20 72 65 63 65 69 76 65 64 20 C3 02 E3 59 33 C3 00 21 CC D7 4E 6F 20 77 61 79 21 C9 14 CD E3 0D E3 25 74 6F 20 63 6F 6C 6C 61 70 73 65 CD 73 6F 6F 6E 2C 20 77 65 60 76 65 20 E3 6C 74 6F CD E3 26 E3 4A 6F 66 20 68 65 72 65 21 D1 C2 00 C9 0A 2C 20 E3 0E 77 61 79 21	00:6 02:2 08:1 0A:2 0C:1 0D:1 0E:2 14:1 1E:1 C2:3 C3:2 C9:4 CC:1 CD:6 D1:2 D7:2 E0:1 E3:15	96	6	2	True	confirmed-record	[TOP]I [E3]/[E3][00][SPEAKER:00] here,\n[E3][08][E3][02]kept it [E3][0C]you\n[E3]q[E3][0E]time.\n[C9][1E][NAME][C9][0A], [E3]0it.\f [NAME] received [YELLOW][E3]Y3[/HIGHLIGHT]![CC][TOP]No way![C9][14]\n[E3][0D][E3]%to collapse\nsoon, we`ve [E3]lto\n[E3]&[E3]Jof here!\f[NAME][C9][0A], [E3][0E]way!		pending			
EN-07EBE6	main-dialogue-3	0x07EBE6	0x07EC0C	38	D7 E3 2A 6E 6F 21 CD 57 65 20 E3 0F 67 6F 20 E3 0E 77 61 79 21 CD E3 8C E3 4D 61 6E 6F 74 E3 F6 72 6F 75 74 65 21	0E:1 0F:1 8C:1 CD:2 D7:1 E3:6 F6:1	25	2	0	False	confirmed-record	[TOP][E3]*no!\nWe [E3][0F]go [E3][0E]way!\n[E3][8C][E3]Manot[E3][F6]route!		pending			
EN-088055	main-dialogue-4	0x088055	0x08808F	58	D7 E3 46 E3 02 6F 63 63 75 70 69 65 64 20 74 68 65 CD E3 27 E3 9E 49 66 20 79 6F 75 CD E3 07 E3 29 E3 21 62 61 64 CD 74 6F 20 68 61 70 70 65 6E 2C 20 67 6F 20 61 77 61 79 21	02:1 07:1 9E:1 CD:3 D7:1 E3:7	44	3	0	False	confirmed-record	[TOP][E3]F[E3][02]occupied the\n[E3]'[E3][9E]If you\n[E3][07][E3])[E3]!bad\nto happen, go away!		pending			
EN-088090	main-dialogue-4	0x088090	0x0880CF	63	D7 57 68 61 74 3F C9 1E 20 E3 09 62 65 61 74 CD E3 00 6F 74 E3 F6 67 75 61 72 64 3F CD C9 1E 49 20 E3 0F 69 67 6E 6F 72 65 20 74 68 61 74 2E CD 49 20 E3 12 70 75 6E 69 73 68 20 79 6F 75 21	00:1 09:1 0F:1 12:1 1E:2 C9:2 CD:3 D7:1 E3:5 F6:1	45	3	0	False	confirmed-record	[TOP]What?[C9][1E] [E3][09]beat\n[E3][00]ot[E3][F6]guard?\n[C9][1E]I [E3][0F]ignore that.\nI [E3][12]punish you!		pending			
EN-088143	main-dialogue-4	0x088143	0x088184	65	D7 53 6F 6D 65 20 67 75 79 73 20 63 61 6C 6C 65 64 20 48 61 63 6B 65 72 73 CD E3 7E E3 08 74 6F 6F 6B 20 E3 C3 74 68 65 CD E3 27 E3 9E 57 68 61 74 60 73 CD E3 9F 74 6F 20 E3 00 4D 61 79 6F 72 3F	00:1 08:1 74:1 9E:1 9F:1 C3:1 CD:3 D7:1 E3:7	48	3	0	False	confirmed-record	[TOP]Some guys called Hackers\n[E3]~[E3][08]took [E3][C3:74]he\n[E3]'[E3][9E]What`s\n[E3][9F]to [E3][00]Mayor?		pending			
EN-088185	main-dialogue-4	0x088185	0x0881D0	75	D7 E3 A3 E3 00 E3 11 73 65 65 6D 73 CD 74 6F 20 62 65 20 64 6F 69 6E 67 20 E3 44 6A 6F 62 20 61 CD E3 39 62 65 74 74 65 72 20 E3 C9 68 65 CD E3 16 62 65 66 6F 72 65 2E 2E 2E D1 2E 2E 2E C9 1E 20 E3 34 61 20 E3 39 62 69 74 2E	00:1 11:1 16:1 1E:1 A3:1 C9:2 CD:3 D1:1 D7:1 E3:9	54	3	1	False	confirmed-record	[TOP][E3][A3][E3][00][E3][11]seems\nto be doing [E3]Djob a\n[E3]9better [E3][C9]he\n[E3][16]before...\f...[C9][1E] [E3]4a [E3]9bit.		pending			
EN-0881D1	main-dialogue-4	0x0881D1	0x088200	47	D7 E3 31 6B 69 64 2C 20 E3 4B 61 72 65 CD 67 75 61 72 64 73 20 E3 4A 74 68 65 72 65 2E 20 49 74 60 73 CD E3 86 74 6F 20 67 6F 20 6F 75 74 2E	86:1 CD:2 D7:1 E3:4	39	2	0	False	confirmed-record	[TOP][E3]1kid, [E3]Kare\nguards [E3]Jthere. It`s\n[E3][86]to go out.		pending			
EN-088201	main-dialogue-4	0x088201	0x088236	53	D7 48 65 79 20 68 65 79 2C 20 4D 72 2E 4D 6F 75 73 65 2E CD 47 75 61 72 64 73 20 E3 4A 74 68 65 72 65 2E 20 49 74 60 73 CD E3 86 74 6F 20 67 6F 20 6F 75 74 2E	86:1 CD:2 D7:1 E3:2	47	2	0	False	confirmed-record	[TOP]Hey hey, Mr.Mouse.\nGuards [E3]Jthere. It`s\n[E3][86]to go out.		pending			
EN-08828B	main-dialogue-4	0x08828B	0x0882B6	43	D7 57 65 20 E3 0F E3 26 E3 4A 62 65 63 61 75 73 65 CD 6F 66 20 E3 00 E3 38 67 75 61 72 64 73 2E CD E3 19 E3 50 77 65 20 64 6F 3F	00:1 0F:1 19:1 CD:2 D7:1 E3:7	30	2	0	False	confirmed-record	[TOP]We [E3][0F][E3]&[E3]Jbecause\nof [E3][00][E3]8guards.\n[E3][19][E3]Pwe do?		pending			
EN-0882B7	main-dialogue-4	0x0882B7	0x0882BC	5	D7 CF 4D 83 88	83:1 88:1 CF:1 D7:1	1	0	0	False	confirmed-record	[TOP][CF]M[83][88]		pending			
EN-0882BD	main-dialogue-4	0x0882BD	0x08834C	143	D7 CF 4D 83 88 D1 53 6F 20 6C 69 73 74 65 6E 20 2D 20 E3 01 E3 3B 74 68 65 CD 72 6F 6F 6D 20 E3 3E E3 4B E3 10 74 68 65 CD 66 69 72 65 70 6C 61 63 65 3F 20 54 68 65 72 65 60 73 CD 61 20 C3 02 44 72 65 73 73 65 72 C3 00 20 74 68 65 72 65 2E D1 E3 04 E3 27 C3 02 53 61 76 69 6E 67 73 C3 00 CD E3 1C 68 69 64 64 65 6E 20 74 68 65 72 65 2E CD E3 24 69 73 20 62 72 69 62 65 20 6D 6F 6E 65 79 2E CD 55 73 65 20 69 74 20 77 65 6C 6C 2E	00:2 01:1 02:2 04:1 10:1 1C:1 83:1 88:1 C3:4 CD:6 CF:1 D1:2 D7:1 E3:9	110	6	2	True	confirmed-record	[TOP][CF]M[83][88]\fSo listen - [E3][01][E3];the\nroom [E3]>[E3]K[E3][10]the\nfireplace? There`s\na [YELLOW]Dresser[/HIGHLIGHT] there.\f[E3][04][E3]'[YELLOW]Savings[/HIGHLIGHT]\n[E3][1C]hidden there.\n[E3]$is bribe money.\nUse it well.		pending			
EN-088400	main-dialogue-4	0x088400	0x088439	57	D7 49 20 E3 D3 E3 01 74 6F CD 62 65 E3 02 79 6F 75 72 73 65 6C 66 21 CD 57 65 20 6D 61 79 20 E3 1E E3 C6 74 6F 75 67 68 2C CD E3 22 E3 43 77 65 20 E3 26 6D 61 64 2E 2E 2E	01:1 02:1 1E:1 C6:1 CD:3 D3:1 D7:1 E3:8	40	3	0	False	confirmed-record	[TOP]I [E3][D3][E3][01]to\nbe[E3][02]yourself!\nWe may [E3][1E][E3][C6]tough,\n[E3]"[E3]Cwe [E3]&mad...		pending			
EN-08843A	main-dialogue-4	0x08843A	0x088484	74	D7 47 72 72 72 2E 2E 2E 20 C9 1E E3 A3 E3 03 6D 61 64 21 CD E3 0B 61 6E 20 61 77 66 75 6C 20 6B 69 64 21 CD 49 20 E3 12 70 75 6E 69 73 68 20 79 6F 75 2C 20 49 20 64 6F 6E 60 74 21 CD 43 E3 1C 69 66 20 E3 01 63 72 79 21 21	01:1 03:1 0B:1 12:1 1C:1 1E:1 A3:1 C9:1 CD:3 D7:1 E3:6	56	3	0	False	confirmed-record	[TOP]Grrr... [C9][1E][E3][A3][E3][03]mad!\n[E3][0B]an awful kid!\nI [E3][12]punish you, I don`t!\nC[E3][1C]if [E3][01]cry!!		pending			
EN-088578	main-dialogue-4	0x088578	0x088683	267	D7 E0 09 C2 00 21 21 CD E3 A5 6D 65 20 E3 4A 6F 66 20 68 65 72 65 21 CD E3 04 6E 65 77 20 E3 11 69 73 20 61 20 66 61 6B 65 21 D1 52 6F 73 65 2E 2E 2E 20 53 E3 41 E3 C8 61 CD 66 61 6B 65 21 20 53 68 65 20 73 74 6F 6C 65 20 33 20 73 74 6F 6E 65 73 CD E3 1F 6D 65 2C 20 74 68 65 6E 20 6C 6F 63 6B 65 64 CD 6D 65 20 69 6E 20 68 65 72 65 21 D1 E3 45 E3 78 E3 5D 74 68 69 6E 67 2E CD C3 02 53 68 65 20 74 6F 6F 6B 20 74 77 6F 20 6F 66 20 74 68 65 6D 2C 20 62 75 74 CD 49 20 68 69 64 20 E3 78 69 6E 20 61 20 70 6C 61 63 65 CD 73 68 65 60 6C 6C 20 6E 65 76 65 72 20 66 69 6E 64 C3 00 2E D1 49 66 20 E3 01 E3 26 6D 65 20 E3 4A 6F 66 20 68 65 72 65 CD 49 20 E3 12 E3 37 E3 01 E3 00 73 74 6F 6E 65 21 CD 50 6C 65 61 73 65 21 20 49 20 E3 4E 65 78 70 6F 73 65 20 74 68 61 74 CD E3 11 E3 0C E3 23 68 65 20 69 73 21	00:3 01:2 02:1 04:1 09:1 0C:1 11:2 12:1 1F:1 A5:1 C2:1 C3:2 C8:1 CD:11 D1:3 D7:1 E0:1 E3:22	211	11	3	True	confirmed-record	[TOP][SPEAKER:09][NAME]!!\n[E3][A5]me [E3]Jof here!\n[E3][04]new [E3][11]is a fake!\fRose... S[E3]A[E3][C8]a\nfake! She stole 3 stones\n[E3][1F]me, then locked\nme in here!\f[E3]E[E3]x[E3]]thing.\n[YELLOW]She took two of them, but\nI hid [E3]xin a place\nshe`ll never find[/HIGHLIGHT].\fIf [E3][01][E3]&me [E3]Jof here\nI [E3][12][E3]7[E3][01][E3][00]stone!\nPlease! I [E3]Nexpose that\n[E3][11][E3][0C][E3]#he is!		pending			
EN-088684	main-dialogue-4	0x088684	0x088705	129	D7 E0 09 49 20 E3 BC 62 61 64 20 E3 B0 74 6F 20 79 6F 75 2C CD E3 22 69 74 20 E3 16 E3 F6 69 64 65 61 2E D1 49 20 E3 16 73 75 73 70 69 63 69 6F 75 73 CD 6F 66 20 68 65 72 2C 20 74 6F 6F 2E 2E 2E D1 49 66 20 E3 01 E3 14 E3 26 6D 65 20 6F 75 74 CD 49 20 E3 12 E3 37 E3 00 73 74 E3 78 62 61 63 6B 21 CD E3 33 65 78 70 6F 73 65 20 E3 00 4D 61 79 6F 72 CD E3 0C E3 23 68 65 20 E3 3F 69 73 21	00:2 01:1 09:1 0C:1 12:1 14:1 16:2 B0:1 BC:1 CD:5 D1:2 D7:1 E0:1 E3:18 F6:1	90	5	2	False	confirmed-record	[TOP][SPEAKER:09]I [E3][BC]bad [E3][B0]to you,\n[E3]"it [E3][16][E3][F6]idea.\fI [E3][16]suspicious\nof her, too...\fIf [E3][01][E3][14][E3]&me out\nI [E3][12][E3]7[E3][00]st[E3]xback!\n[E3]3expose [E3][00]Mayor\n[E3][0C][E3]#he [E3]?is!		pending			
EN-088706	main-dialogue-4	0x088706	0x0887C2	188	D7 E0 09 C2 00 21 20 E3 09 E3 95 6D 65 21 CD 49 20 6F 77 65 20 E3 01 6D 79 20 6C 69 66 65 21 D1 E3 2A 79 65 61 68 2E 20 E3 04 73 74 6F 6E 65 2E CD E3 45 61 20 C3 02 46 69 72 65 70 6C 61 63 65 C3 00 CD 69 6E 20 E3 00 6E 65 78 74 20 72 6F 6F 6D 20 6C 65 61 64 69 6E 67 CD 74 6F 20 61 20 68 69 64 64 65 6E 20 72 6F 6F 6D 2E D1 E3 40 73 74 E3 78 69 73 20 74 68 65 72 65 2E CD E3 36 64 6F 20 69 74 20 71 75 69 63 6B 6C 79 21 20 49 74 60 73 CD E3 3C E3 66 E3 22 74 72 6F 75 62 6C 65 2E CD C9 1E 53 6F 6D 65 74 68 69 6E 67 20 61 77 66 75 6C 20 68 61 70 70 65 6E 65 64 21	00:3 01:1 02:1 04:1 09:2 1E:1 95:1 C2:1 C3:2 C9:1 CD:7 D1:2 D7:1 E0:1 E3:13	150	7	2	True	confirmed-record	[TOP][SPEAKER:09][NAME]! [E3][09][E3][95]me!\nI owe [E3][01]my life!\f[E3]*yeah. [E3][04]stone.\n[E3]Ea [YELLOW]Fireplace[/HIGHLIGHT]\nin [E3][00]next room leading\nto a hidden room.\f[E3]@st[E3]xis there.\n[E3]6do it quickly! It`s\n[E3]<[E3]f[E3]"trouble.\n[C9][1E]Something awful happened!		pending			
EN-0887C3	main-dialogue-4	0x0887C3	0x0887F5	50	D7 E0 09 C2 00 2C 20 69 73 6E 60 74 20 69 74 3F CD E3 CE E3 BC E3 01 E3 20 66 72 6F 6D 3F CD 51 75 69 63 6B 2C 20 6F 70 65 6E 20 E3 00 64 6F 6F 72 21	00:2 01:1 09:1 BC:1 C2:1 CD:2 CE:1 D7:1 E0:1 E3:5	34	2	0	False	confirmed-record	[TOP][SPEAKER:09][NAME], isn`t it?\n[E3][CE][E3][BC][E3][01][E3] from?\nQuick, open [E3][00]door!		pending			
EN-0887F6	main-dialogue-4	0x0887F6	0x08882E	56	D7 E0 09 2E 2E 2E 20 41 20 6D 6F 75 73 65 3F 20 4D 61 6E 20 6F 72 CD 6D 6F 75 73 65 2C 20 49 20 E3 07 63 61 72 65 21 CD E3 A5 6D 65 20 E3 4A 6F 66 20 68 65 72 65 21 21	07:1 09:1 A5:1 CD:2 D7:1 E0:1 E3:3	46	2	0	False	confirmed-record	[TOP][SPEAKER:09]... A mouse? Man or\nmouse, I [E3][07]care!\n[E3][A5]me [E3]Jof here!!		pending			
EN-088872	main-dialogue-4	0x088872	0x0888B0	62	D7 20 C2 00 20 66 69 6E 64 73 20 74 68 65 CD C3 02 20 46 69 72 65 70 6C 61 63 65 C3 00 2E CD 20 53 6F 6D 65 68 6F 77 20 68 65 20 72 65 6D 6F 76 65 73 CD 20 E3 00 67 72 61 74 69 6E 67 2E	00:3 02:1 C2:1 C3:2 CD:3 D7:1 E3:1	50	3	0	True	confirmed-record	[TOP] [NAME] finds the\n[YELLOW] Fireplace[/HIGHLIGHT].\n Somehow he removes\n [E3][00]grating.		pending			
EN-088928	main-dialogue-4	0x088928	0x0889B2	138	D7 20 C2 00 20 67 6F 74 C3 02 20 53 74 6F 6E 65 31 C3 00 21 CC D7 C3 03 48 61 20 68 61 20 68 61 2E CD 57 65 6C 6C 20 64 6F 6E 65 2C 20 6B 69 64 2E 20 49 20 77 61 73 CD E3 84 E3 0A 6E 6F 74 CD 66 69 6E 64 69 6E 67 20 E3 00 6C 61 73 74 20 73 74 6F 6E 65 2E D1 E3 24 E0 00 C3 03 CD E3 12 62 65 20 75 73 65 64 20 66 6F 72 CD E3 21 69 6D 70 6F 72 74 61 6E 74 2E CD C9 1E 54 68 61 6E 6B 73 2C 20 C9 1E 6B 69 64 2E C3 00	00:5 02:1 03:2 0A:1 12:1 1E:2 84:1 C2:1 C3:5 C9:2 CC:1 CD:6 D1:1 D7:2 E0:1 E3:6	100	6	1	True	confirmed-record	[TOP] [NAME] got[YELLOW] Stone1[/HIGHLIGHT]![CC][TOP][PINK]Ha ha ha.\nWell done, kid. I was\n[E3][84][E3][0A]not\nfinding [E3][00]last stone.\f[E3]$[SPEAKER:00][PINK]\n[E3][12]be used for\n[E3]!important.\n[C9][1E]Thanks, [C9][1E]kid.[/HIGHLIGHT]		pending			
EN-0889B3	main-dialogue-4	0x0889B3	0x0889C9	22	D7 CD 20 C2 00 20 6C 6F 73 74 C3 02 20 53 74 6F 6E 65 31 C3 00 21	00:2 02:1 C2:1 C3:2 CD:1 D7:1	14	1	0	True	confirmed-record	[TOP]\n [NAME] lost[YELLOW] Stone1[/HIGHLIGHT]!		pending			
EN-088A14	main-dialogue-4	0x088A14	0x088A43	47	D7 E0 04 C3 02 E3 04 52 6F 6F 66 C3 00 20 69 73 20 CD C3 02 B1 C3 00 20 E3 1F 68 65 72 65 2E 2E 2E CD C9 1E E3 51 68 61 70 70 65 6E 65 64 3F	00:2 02:2 04:2 1E:1 1F:1 B1:1 C3:4 C9:1 CD:2 D7:1 E0:1 E3:3	26	2	0	True	confirmed-record	[TOP][SPEAKER:04][YELLOW][E3][04]Roof[/HIGHLIGHT] is \n[YELLOW][B1][/HIGHLIGHT] [E3][1F]here...\n[C9][1E][E3]Qhappened?		pending			
EN-088A44	main-dialogue-4	0x088A44	0x088A60	28	D7 E0 04 41 6E 6F 74 E3 F6 6D 6F 75 73 65 21 3F CD E3 19 61 20 62 6F 74 68 65 72 21	04:1 19:1 CD:1 D7:1 E0:1 E3:2 F6:1	20	1	0	False	confirmed-record	[TOP][SPEAKER:04]Anot[E3][F6]mouse!?\n[E3][19]a bother!		pending			
EN-088BCF	main-dialogue-4	0x088BCF	0x088C14	69	D7 E3 24 69 73 20 E3 00 E3 38 41 69 72 CD 42 61 73 65 2E 20 E3 36 E3 00 70 6C 61 6E 65 73 20 61 72 65 CD E3 71 67 6F 6E 65 2C 20 73 6F 20 65 76 65 72 79 6F 6E 65 60 73 CD E3 6C 66 72 65 65 20 74 69 6D 65 2E	00:2 CD:3 D7:1 E3:7	56	3	0	False	confirmed-record	[TOP][E3]$is [E3][00][E3]8Air\nBase. [E3]6[E3][00]planes are\n[E3]qgone, so everyone`s\n[E3]lfree time.		pending			
EN-088C15	main-dialogue-4	0x088C15	0x088C3A	37	D7 E3 53 E3 6C E3 C5 6F 66 20 66 72 65 65 20 74 69 6D 65 CD 73 6F 20 49 20 6D 61 64 65 20 E3 3A 6D 6F 72 65 2E	C5:1 CD:1 D7:1 E3:4	30	1	0	False	confirmed-record	[TOP][E3]S[E3]l[E3][C5]of free time\nso I made [E3]:more.		pending			
EN-088C6D	main-dialogue-4	0x088C6D	0x088CF1	132	D7 49 20 E3 16 61 20 42 6C 69 6D 70 20 72 65 70 61 69 72 6D 61 6E 2C CD E3 22 E3 00 E3 46 6B 69 64 6E 61 70 70 65 64 CD 6D 65 20 E3 08 62 72 6F 75 67 68 74 CD 6D 65 20 68 65 72 65 2E D1 C3 02 49 66 20 E3 01 6F 70 70 6F 73 65 20 74 68 65 6D 2C CD E3 DB 65 72 61 73 65 20 E3 05 6D 65 6D 6F 72 79 2E C3 00 CD E3 2C E3 23 E3 53 68 65 61 72 64 2C CD 73 6F 20 49 20 E3 35 64 6F 20 6D 79 20 6A 6F 62 2E	00:2 01:1 02:1 05:1 08:1 16:1 C3:2 CD:6 D1:1 D7:1 DB:1 E3:12	102	6	1	True	confirmed-record	[TOP]I [E3][16]a Blimp repairman,\n[E3]"[E3][00][E3]Fkidnapped\nme [E3][08]brought\nme here.\f[YELLOW]If [E3][01]oppose them,\n[E3][DB]erase [E3][05]memory.[/HIGHLIGHT]\n[E3],[E3]#[E3]Sheard,\nso I [E3]5do my job.		pending			
EN-088CF2	main-dialogue-4	0x088CF2	0x088D2D	59	D7 C3 02 4D 65 6D 6F 72 79 20 6C 6F 73 73 C3 00 CD E3 2B 62 65 20 61 77 66 75 6C 2E 20 54 68 65 72 65 CD E3 1C E3 E7 49 20 64 6F 6E 60 74 CD E3 29 74 6F 20 66 6F 72 67 65 74 2E	00:1 02:1 1C:1 C3:2 CD:3 D7:1 E3:4 E7:1	45	3	0	True	confirmed-record	[TOP][YELLOW]Memory loss[/HIGHLIGHT]\n[E3]+be awful. There\n[E3][1C][E3][E7]I don`t\n[E3])to forget.		pending			
EN-088D60	main-dialogue-4	0x088D60	0x088DAD	77	D7 4C 6F 74 73 20 6F 66 20 62 6C 69 6D 70 73 20 E3 1C 6D 61 64 65 CD 69 6E 20 E3 0E 66 61 63 74 6F 72 79 20 74 6F 6F 2E D1 E3 FF E3 6E 74 6F 20 E3 00 C3 02 54 6F 77 65 72 C3 00 CD 74 6F 20 70 6C 61 6E 20 73 74 72 61 74 65 67 79 2E	00:2 02:1 0E:1 1C:1 C3:2 CD:2 D1:1 D7:1 E3:5 FF:1	60	2	1	True	confirmed-record	[TOP]Lots of blimps [E3][1C]made\nin [E3][0E]factory too.\f[E3][FF][E3]nto [E3][00][YELLOW]Tower[/HIGHLIGHT]\nto plan strategy.		pending			
EN-088DAE	main-dialogue-4	0x088DAE	0x088DF3	69	D7 E3 04 C3 02 54 6F 77 65 72 20 C3 00 69 73 20 6F 6E 20 61 6E CD E3 EB 66 61 72 20 E3 1F 68 65 72 65 2E CD E3 7F 6F 66 20 E3 00 63 6C 69 66 66 73 CD 73 68 69 70 73 20 E3 0F 64 6F 63 6B 20 74 68 65 72 65 2E	00:2 02:1 04:1 0F:1 1F:1 7F:1 C3:2 CD:3 D7:1 E3:6 EB:1	49	3	0	True	confirmed-record	[TOP][E3][04][YELLOW]Tower [/HIGHLIGHT]is on an\n[E3][EB]far [E3][1F]here.\n[E3][7F]of [E3][00]cliffs\nships [E3][0F]dock there.		pending			
EN-088E26	main-dialogue-4	0x088E26	0x088E74	78	D7 44 6F 20 E3 01 E3 3B 44 72 2E 41 6B 69 68 61 62 61 72 61 3F CD E3 73 E3 1B 68 69 6D 2C 20 6D 61 79 62 65 20 6E 6F 74 2E CD C3 02 E3 04 42 6C 69 6D 70 20 64 65 73 69 67 6E 65 72 C3 00 20 69 73 CD E3 70 73 6F 6D 65 77 68 65 72 65 2E	00:1 01:1 02:1 04:1 1B:1 C3:2 CD:3 D7:1 E3:6	61	3	0	True	confirmed-record	[TOP]Do [E3][01][E3];Dr.Akihabara?\n[E3]s[E3][1B]him, maybe not.\n[YELLOW][E3][04]Blimp designer[/HIGHLIGHT] is\n[E3]psomewhere.		pending			
EN-088E75	main-dialogue-4	0x088E75	0x088E9A	37	D7 E3 CE 69 73 20 68 65 3F CD 48 6D 6D 6D 2E 2E 2E 20 E3 73 69 6E 73 69 64 65 CD E3 00 66 61 63 74 6F 72 79 2E	00:1 CD:2 CE:1 D7:1 E3:3	29	2	0	False	confirmed-record	[TOP][E3][CE]is he?\nHmmm... [E3]sinside\n[E3][00]factory.		pending			
EN-088FEB	main-dialogue-4	0x088FEB	0x0890B1	198	D7 E3 2E 44 72 2E 41 6B 69 68 61 62 61 72 61 3F CD E3 0B E3 44 73 6F 6E 3F CD E3 1A E3 3C 74 61 6B 65 6E 20 74 6F 20 74 68 65 CD C3 02 54 6F 77 65 72 C3 00 2E 20 54 72 79 20 E3 65 74 68 65 72 65 2E D1 E3 40 E3 1D E3 D3 6D 65 20 61 62 6F 75 74 CD E3 DD E3 36 E3 00 C3 02 54 6F 77 65 72 20 C3 00 69 73 CD E3 B1 61 63 63 65 73 73 69 62 6C 65 20 66 72 6F 6D CD E3 00 61 69 72 2E D1 49 20 E3 02 61 20 63 68 69 6C 64 2C 20 74 6F 6F 2E CD C3 02 43 61 72 6C 20 C3 00 69 73 20 E3 44 6E 61 6D 65 2E CD 53 6F 20 49 20 E3 3B 68 6F 77 20 E3 01 66 65 65 6C 2E CD 49 20 E3 12 64 6F 20 E3 23 49 20 63 61 6E 2E	00:5 01:1 02:4 0B:1 12:1 1A:1 1D:1 B1:1 C3:6 CD:9 D1:2 D3:1 D7:1 DD:1 E3:20	143	9	2	True	confirmed-record	[TOP][E3].Dr.Akihabara?\n[E3][0B][E3]Dson?\n[E3][1A][E3]<taken to the\n[YELLOW]Tower[/HIGHLIGHT]. Try [E3]ethere.\f[E3]@[E3][1D][E3][D3]me about\n[E3][DD][E3]6[E3][00][YELLOW]Tower [/HIGHLIGHT]is\n[E3][B1]accessible from\n[E3][00]air.\fI [E3][02]a child, too.\n[YELLOW]Carl [/HIGHLIGHT]is [E3]Dname.\nSo I [E3];how [E3][01]feel.\nI [E3][12]do [E3]#I can.		pending			
EN-0890B2	main-dialogue-4	0x0890B2	0x089172	192	D7 E3 2E C3 02 43 61 72 6C C3 00 3F 20 E3 09 E3 3B 68 69 6D 3F CD E3 2A E3 13 E3 1F 52 6F 63 6F 63 6F 2E CD 49 73 20 68 65 20 E3 71 72 69 67 68 74 3F CD 48 61 73 20 68 65 20 E3 3C 61 20 E3 5D 62 6F 79 3F D1 49 20 E3 12 77 72 69 74 65 20 61 20 C3 02 6C 65 74 74 65 72 C3 00 2E CD 57 6F 75 6C 64 20 E3 01 64 65 6C 69 76 65 72 20 69 74 3F CD 20 53 75 72 65 20 49 20 77 69 6C 6C 2E CD 20 49 20 E3 07 74 68 69 6E 6B 20 73 6F 2E CC D0 47 72 65 61 74 21 CD 49 20 E3 12 77 72 69 74 65 20 69 74 20 72 69 67 68 74 20 61 77 61 79 2C CD 70 6C 65 61 73 65 20 77 61 69 74 20 68 65 72 65 2E	00:2 01:1 02:2 07:1 09:1 12:2 13:1 1F:1 C3:4 CC:1 CD:8 D0:1 D1:1 D7:1 E3:13	152	8	1	True	confirmed-record	[TOP][E3].[YELLOW]Carl[/HIGHLIGHT]? [E3][09][E3];him?\n[E3]*[E3][13][E3][1F]Rococo.\nIs he [E3]qright?\nHas he [E3]<a [E3]]boy?\fI [E3][12]write a [YELLOW]letter[/HIGHLIGHT].\nWould [E3][01]deliver it?\n Sure I will.\n I [E3][07]think so.[CC][WIPE]Great!\nI [E3][12]write it right away,\nplease wait here.		pending			
EN-089173	main-dialogue-4	0x089173	0x0891A3	48	D7 2E 2E 2E E3 36 79 6F 75 72 CD E3 8B 69 73 20 66 75 6C 6C 2E CD 57 6F 75 6C 64 20 E3 01 E3 42 72 6F 6F 6D CD E3 0C E3 0E 6C 65 74 74 65 72 3F	01:1 0C:1 0E:1 8B:1 CD:3 D7:1 E3:6	34	3	0	False	confirmed-record	[TOP]...[E3]6your\n[E3][8B]is full.\nWould [E3][01][E3]Broom\n[E3][0C][E3][0E]letter?		pending			
EN-0891CD	main-dialogue-4	0x0891CD	0x089282	181	D7 49 20 67 61 76 65 20 75 70 20 62 65 66 6F 72 65 2C 20 62 75 74 CD E3 A7 49 20 E3 29 74 6F 20 E3 26 69 6E 20 CD 74 6F 75 63 68 20 E3 10 43 61 72 6C 2E 2E 2E D1 49 20 E3 12 77 72 69 74 65 20 61 20 C3 02 6C 65 74 74 65 72 C3 00 2E CD 57 6F 75 6C 64 20 E3 01 64 65 6C 69 76 65 72 20 69 74 3F CD 20 53 75 72 65 20 49 20 77 69 6C 6C 2E CD 20 49 20 E3 07 74 68 69 6E 6B 20 73 6F 2E CC D7 E3 2E E3 24 62 6C 69 6D 70 3F CD E3 0D E3 8D 69 6E 20 64 65 76 65 6C 6F 70 6D 65 6E 74 2E CD E3 45 6E 6F 20 CD C3 02 45 6E 67 69 6E 65 C3 00 20 E3 0C 69 74 2E	00:2 01:1 02:2 07:1 0C:1 0D:1 10:1 12:1 8D:1 A7:1 C3:4 CC:1 CD:8 D1:1 D7:2 E3:13	140	8	1	True	confirmed-record	[TOP]I gave up before, but\n[E3][A7]I [E3])to [E3]&in \ntouch [E3][10]Carl...\fI [E3][12]write a [YELLOW]letter[/HIGHLIGHT].\nWould [E3][01]deliver it?\n Sure I will.\n I [E3][07]think so.[CC][TOP][E3].[E3]$blimp?\n[E3][0D][E3][8D]in development.\n[E3]Eno \n[YELLOW]Engine[/HIGHLIGHT] [E3][0C]it.		pending			
EN-089283	main-dialogue-4	0x089283	0x0892B5	50	D7 E3 2A E3 1B 79 6F 75 21 CD 48 6F 77 60 73 20 E3 05 42 6C 69 6D 70 3F CD E3 09 E3 4E 68 75 72 72 79 20 75 70 CD E3 08 E3 4D E3 05 66 61 74 68 65 72	05:2 08:1 09:1 1B:1 CD:3 D7:1 E3:8	33	3	0	False	confirmed-record	[TOP][E3]*[E3][1B]you!\nHow`s [E3][05]Blimp?\n[E3][09][E3]Nhurry up\n[E3][08][E3]M[E3][05]father		pending			
EN-0892B6	main-dialogue-4	0x0892B6	0x0892DF	41	D7 49 20 68 6F 70 65 20 70 65 61 63 65 20 63 6F 6D 65 73 20 73 6F 6F 6E CD 73 6F 20 77 65 20 E3 14 67 6F 20 68 6F 6D 65 2E	14:1 CD:1 D7:1 E3:1	37	1	0	False	confirmed-record	[TOP]I hope peace comes soon\nso we [E3][14]go home.		pending			
EN-0892E0	main-dialogue-4	0x0892E0	0x0893AB	203	D7 55 68 6D 6D 6D 2E 2E 2E CD C9 3C C3 02 44 65 61 72 20 43 61 72 6C 2C CD 48 6F 77 20 E3 1C 79 6F 75 3F 20 49 60 6D CD 73 6F 72 72 79 20 E3 15 49 20 64 69 73 61 70 70 65 61 72 65 64 2E D1 49 20 E3 16 6B 69 64 6E 61 70 70 65 64 20 62 79 20 65 76 69 6C CD E3 E7 E3 08 66 6F 72 63 65 64 20 74 6F 20 77 6F 72 6B 2E CD 49 20 E3 0F E3 6D 77 6F 72 72 79 69 6E 67 CD E3 0A E3 01 E3 08 E3 05 6D 6F 74 68 65 72 2E D1 49 20 E3 07 E3 3B E3 43 49 20 63 61 6E CD E3 20 68 6F 6D 65 2E 20 E3 0B E3 00 6D 61 6E CD 6F 66 20 E3 00 E3 79 6E 6F 77 2E CD 20 20 20 20 20 20 20 20 20 20 20 20 20 20 20 E3 40 66 61 74 68 65 72 C3 00	00:3 01:1 02:1 05:1 07:1 08:2 0A:1 0B:1 0F:1 15:1 16:1 1C:1 C3:2 C9:1 CD:9 D1:2 D7:1 E3:20 E7:1	152	9	2	True	confirmed-record	[TOP]Uhmmm...\n[C9]<[YELLOW]Dear Carl,\nHow [E3][1C]you? I`m\nsorry [E3][15]I disappeared.\fI [E3][16]kidnapped by evil\n[E3][E7][E3][08]forced to work.\nI [E3][0F][E3]mworrying\n[E3][0A][E3][01][E3][08][E3][05]mother.\fI [E3][07][E3];[E3]CI can\n[E3] home. [E3][0B][E3][00]man\nof [E3][00][E3]ynow.\n               [E3]@father[/HIGHLIGHT]		pending			
EN-0893AC	main-dialogue-4	0x0893AC	0x0894E9	317	D7 E3 33 E3 30 E3 0E 6C 65 74 74 65 72 CD 74 6F 20 68 69 6D 2E 20 49 20 E3 3B 69 74 60 73 CD 61 20 E3 9C E3 54 E3 0C 79 6F 75 2C 20 74 6F 6F 2E CD 53 6F 72 72 79 20 74 6F 20 70 75 74 20 E3 01 6F 75 74 2E D1 20 C2 00 20 72 65 63 65 69 76 65 64 20 74 68 65 CD C3 02 20 6C 65 74 74 65 72 C3 00 21 CC D7 E3 2E 54 6F 20 6D 65 20 E3 1F 43 61 72 6C 3F CD DC 09 2E 2E 2E 2E 2E 2E 2E 2E 2E 2E 2E 2E 2E 2E 2E CD DC 00 E3 5B E3 2D E3 5A 74 6F 20 77 72 69 74 65 20 6F 6E CD E3 21 E3 2D 74 68 69 73 2E D1 DC 09 2E 2E 2E 2E 2E 2E 2E 2E 2E 2E 2E 2E 20 48 75 68 3F CD C9 1E DC 00 57 68 65 72 65 60 64 20 E3 0E E3 20 66 72 6F 6D 3F CD C9 1E E3 0D 61 20 62 6C 75 65 70 72 69 6E 74 2E 20 E3 31 69 74 60 73 CD E3 00 70 6C 61 6E 73 20 E3 0C 61 6E 20 65 6E 67 69 6E 65 21 D1 49 20 E3 8E 62 65 20 61 62 6C 65 20 74 6F CD E3 B9 74 68 65 73 65 21 CD C9 1E E3 73 49 20 E3 14 72 65 74 75 72 6E 20 74 68 65 CD 66 61 76 6F 72 20 E3 3A 64 61 79 2E 20 57 6F 72 6B 20 68 61 72 64 21	00:5 01:1 02:1 09:2 0C:2 0D:1 0E:2 14:1 1E:3 1F:1 8E:1 9C:1 B9:1 C2:1 C3:2 C9:3 CC:1 CD:13 D1:3 D7:2 DC:4 E3:26	240	13	3	True	confirmed-record	[TOP][E3]3[E3]0[E3][0E]letter\nto him. I [E3];it`s\na [E3][9C][E3]T[E3][0C]you, too.\nSorry to put [E3][01]out.\f [NAME] received the\n[YELLOW] letter[/HIGHLIGHT]![CC][TOP][E3].To me [E3][1F]Carl?\n[DC][09]...............\n[DC][00][E3][[E3]-[E3]Zto write on\n[E3]![E3]-this.\f[DC][09]............ Huh?\n[C9][1E][DC][00]Where`d [E3][0E][E3] from?\n[C9][1E][E3][0D]a blueprint. [E3]1it`s\n[E3][00]plans [E3][0C]an engine!\fI [E3][8E]be able to\n[E3][B9]these!\n[C9][1E][E3]sI [E3][14]return the\nfavor [E3]:day. Work hard!		pending			
EN-089562	main-dialogue-4	0x089562	0x089611	175	D7 41 74 20 6C 61 73 74 20 E3 00 42 6C 69 6D 70 20 69 73 20 64 6F 6E 65 21 CD 49 20 E3 12 E3 37 69 74 20 74 6F 20 79 6F 75 2E CD 55 73 65 20 69 74 20 74 6F 20 E3 6D E3 01 66 69 6E 64 CD E3 05 E3 1D 71 75 69 63 6B 6C 79 21 DE D7 20 C2 00 20 72 65 63 65 69 76 65 64 20 74 68 65 CD C3 02 20 42 6C 69 6D 70 C3 00 21 CC D7 54 6F 20 63 E3 71 E3 00 42 6C 69 6D 70 CD C3 02 65 71 75 69 70 20 69 74 CD E3 08 70 75 73 68 20 E2 00 40 20 42 75 74 74 6F 6E 2E CD C3 00 47 6F 20 61 68 65 61 64 2E 2E 2E 20 54 72 79 20 69 74 20 6F 75 74 2E	00:6 01:1 02:2 05:1 08:1 12:1 1D:1 C2:1 C3:4 CC:1 CD:7 D7:3 DE:1 E2:1 E3:10	134	7	0	True	confirmed-record	[TOP]At last [E3][00]Blimp is done!\nI [E3][12][E3]7it to you.\nUse it to [E3]m[E3][01]find\n[E3][05][E3][1D]quickly![DE][TOP] [NAME] received the\n[YELLOW] Blimp[/HIGHLIGHT]![CC][TOP]To c[E3]q[E3][00]Blimp\n[YELLOW]equip it\n[E3][08]push [E2][00]@ Button.\n[/HIGHLIGHT]Go ahead... Try it out.		pending			
EN-089612	main-dialogue-4	0x089612	0x089632	32	D7 42 75 74 2E 2E 2E CD C9 1E E3 09 E3 4E E3 EE 79 6F 75 72 CD E3 8B 61 20 6C 69 74 74 6C 65 2E	09:1 1E:1 8B:1 C9:1 CD:2 D7:1 E3:4 EE:1	20	2	0	False	confirmed-record	[TOP]But...\n[C9][1E][E3][09][E3]N[E3][EE]your\n[E3][8B]a little.		pending			
EN-08966E	main-dialogue-4	0x08966E	0x08967D	15	D7 E3 31 77 61 69 74 20 E3 01 74 75 72 6E 21	01:1 D7:1 E3:2	11	0	0	False	confirmed-record	[TOP][E3]1wait [E3][01]turn!		pending			
EN-08967E	main-dialogue-4	0x08967E	0x089690	18	D7 CD DC 09 2E 2E 2E 2E 2E 2E 2E 2E 2E 2E 2E 2E 2E 2E	09:1 CD:1 D7:1 DC:1	14	1	0	False	confirmed-record	[TOP]\n[DC][09]..............		pending			
EN-0896EE	main-dialogue-4	0x0896EE	0x089736	72	D7 53 6F 6D 65 E3 78 63 61 6C 6C 65 64 20 E3 01 68 65 72 65 CD E3 0C E3 00 65 78 65 63 75 74 69 6F 6E 3F CD 59 6F 75 60 64 20 62 65 74 74 65 72 20 E3 30 61 20 73 65 61 74 2C CD E3 1B E3 0A 74 6F 20 73 74 61 72 74 2E	00:1 01:1 0A:1 0C:1 1B:1 CD:3 D7:1 E3:7	56	3	0	False	confirmed-record	[TOP]Some[E3]xcalled [E3][01]here\n[E3][0C][E3][00]execution?\nYou`d better [E3]0a seat,\n[E3][1B][E3][0A]to start.		pending			
EN-089737	main-dialogue-4	0x089737	0x08978B	84	D7 54 6F 64 61 79 20 77 65 20 65 78 65 63 75 74 65 20 6F 75 72 CD 6F 72 69 67 69 6E 61 6C 20 6C 65 61 64 65 72 2C 20 E3 00 63 72 61 62 2E D1 45 76 65 72 79 62 6F 64 79 60 73 20 6C 6F 6F 6B 69 6E 67 CD E3 B8 74 6F 20 65 61 74 69 6E 67 20 63 72 61 62 2E	00:1 B8:1 CD:2 D1:1 D7:1 E3:2	76	2	1	False	confirmed-record	[TOP]Today we execute our\noriginal leader, [E3][00]crab.\fEverybody`s looking\n[E3][B8]to eating crab.		pending			
EN-08978C	main-dialogue-4	0x08978C	0x0897AC	32	D7 57 65 20 E3 07 E3 02 61 6E 79 74 68 69 6E 67 CD E3 0C 79 6F 75 21 20 47 6F 20 61 77 61 79 21	02:1 07:1 0C:1 CD:1 D7:1 E3:3	24	1	0	False	confirmed-record	[TOP]We [E3][07][E3][02]anything\n[E3][0C]you! Go away!		pending			
EN-089805	main-dialogue-4	0x089805	0x08982B	38	D7 57 6F 77 2C 20 E3 1B E3 3C 61 CD E3 A4 E3 54 73 69 6E 63 65 20 49 60 76 65 CD 65 61 74 65 6E 20 63 72 61 62 2E	1B:1 A4:1 CD:2 D7:1 E3:4	29	2	0	False	confirmed-record	[TOP]Wow, [E3][1B][E3]<a\n[E3][A4][E3]Tsince I`ve\neaten crab.		pending			
EN-08982C	main-dialogue-4	0x08982C	0x089854	40	D7 43 72 61 62 20 E3 08 68 6F 74 20 74 65 61 20 77 68 65 6E CD 69 74 20 73 6E 6F 77 73 2E 2E 2E 20 73 69 67 68 2E 2E 2E	08:1 CD:1 D7:1 E3:1	36	1	0	False	confirmed-record	[TOP]Crab [E3][08]hot tea when\nit snows... sigh...		pending			
EN-0898FC	main-dialogue-4	0x0898FC	0x08992A	46	D7 49 20 E3 3B E3 01 E3 29 74 6F CD 65 61 74 2C 20 E3 22 79 6F 75 60 6C 6C 20 E3 02 74 6F CD 67 6F 20 E3 3E 74 6F 20 E3 05 73 65 61 74 2E	01:1 02:1 05:1 CD:2 D7:1 E3:7	33	2	0	False	confirmed-record	[TOP]I [E3];[E3][01][E3])to\neat, [E3]"you`ll [E3][02]to\ngo [E3]>to [E3][05]seat.		pending			
EN-08992B	main-dialogue-4	0x08992B	0x089AEC	449	D7 E0 08 E3 09 E3 1C E3 00 48 61 63 6B 65 72 73 60 CD 67 72 65 61 74 65 73 74 20 73 6F 6C 64 69 65 72 73 21 D1 49 60 76 65 CD 67 61 74 68 65 72 65 64 20 E3 01 E3 71 74 6F 67 65 74 68 65 72 CD 74 6F 20 E3 4F E3 01 73 6F 6D 65 74 68 69 6E 67 2E D1 E3 24 66 6F 72 6D 65 72 20 6C 65 61 64 65 72 CD 64 69 76 75 6C 67 65 64 20 63 6F 6E 66 69 64 65 6E 74 69 61 6C CD 69 6E 66 6F 72 6D 61 74 69 6F 6E 20 61 6E 64 CD 62 65 74 72 61 79 65 64 20 75 73 2E DE D7 53 6F 20 77 65 60 6C 6C 20 62 6F 69 6C 20 68 69 6D 2E CD 41 6E 64 2C 20 61 66 74 65 72 20 E3 1B 6F 76 65 72 2C CD 77 65 60 6C 6C 20 E3 71 68 61 76 65 CD 61 20 E3 39 74 61 73 74 65 2E D1 C3 02 43 72 61 62 3A CD C3 00 E3 2A 70 6C 65 61 73 65 20 66 6F 72 E3 37 6D 65 21 CD 4D 79 20 E3 82 64 6F 65 73 6E 60 74 CD 74 61 73 74 65 20 E3 96 67 6F 6F 64 21 D1 DC 09 41 68 68 68 2E 2E 2E 2E 2E 2E 2E 2E 2E 2E 2E 2E CD DC 00 E3 09 E3 1C 6D 79 20 6D 61 73 74 65 72 CD 41 72 65 6E 60 74 20 79 6F 75 21 3F CD 53 61 76 65 20 6D 65 21 DE D7 E0 08 E3 31 79 6F 75 21 CD 2E 2E 2E 20 41 72 65 6E 60 74 20 E3 01 74 68 65 CD 66 75 67 69 74 69 76 65 20 69 6E 76 65 6E 74 6F 72 21 3F D1 E3 5B E3 2D 61 20 6D 6F 74 68 20 74 6F CD 61 20 66 6C 61 6D 65 21 20 45 76 65 72 79 6F 6E 65 21 21 CD 42 65 66 6F 72 65 20 77 65 20 65 61 74 20 77 65 60 6C 6C CD 64 6F 20 6F 75 72 20 65 78 65 72 63 69 73 65 73 21 20 E3 A5 68 69 6D 21	00:3 01:3 02:1 08:2 09:3 1B:1 1C:2 82:1 96:1 A5:1 C3:2 CD:20 D1:5 D7:3 DC:2 DE:2 E0:2 E3:22	373	20	5	True	confirmed-record	[TOP][SPEAKER:08][E3][09][E3][1C][E3][00]Hackers`\ngreatest soldiers!\fI`ve\ngathered [E3][01][E3]qtogether\nto [E3]O[E3][01]something.\f[E3]$former leader\ndivulged confidential\ninformation and\nbetrayed us.[DE][TOP]So we`ll boil him.\nAnd, after [E3][1B]over,\nwe`ll [E3]qhave\na [E3]9taste.\f[YELLOW]Crab:\n[/HIGHLIGHT][E3]*please for[E3]7me!\nMy [E3][82]doesn`t\ntaste [E3][96]good!\f[DC][09]Ahhh............\n[DC][00][E3][09][E3][1C]my master\nAren`t you!?\nSave me![DE][TOP][SPEAKER:08][E3]1you!\n... Aren`t [E3][01]the\nfugitive inventor!?\f[E3][[E3]-a moth to\na flame! Everyone!!\nBefore we eat we`ll\ndo our exercises! [E3][A5]him!		pending			
EN-089AED	main-dialogue-4	0x089AED	0x089B23	54	D7 E0 08 E3 09 E3 0F E3 26 61 77 61 79 CD E3 15 65 61 73 69 6C 79 21 20 53 6F 6C 64 69 65 72 73 21 CD 42 61 63 6B 20 69 6E 74 6F 20 66 6F 72 6D 61 74 69 6F 6E 21	08:1 09:1 0F:1 15:1 CD:2 D7:1 E0:1 E3:4	42	2	0	False	confirmed-record	[TOP][SPEAKER:08][E3][09][E3][0F][E3]&away\n[E3][15]easily! Soldiers!\nBack into formation!		pending			
EN-089B24	main-dialogue-4	0x089B24	0x089B52	46	D7 48 65 79 21 20 E3 17 E3 3D 74 6F 20 74 68 65 CD 70 72 69 73 6F 6E 65 72 73 21 20 47 6F 20 62 61 63 6B CD 74 6F 20 E3 05 73 65 61 74 21	05:1 17:1 CD:2 D7:1 E3:3	38	2	0	False	confirmed-record	[TOP]Hey! [E3][17][E3]=to the\nprisoners! Go back\nto [E3][05]seat!		pending			
EN-089BBA	main-dialogue-4	0x089BBA	0x089BE7	45	D7 4E 6F 20 E3 78 E3 14 E3 20 69 6E CD E3 A6 65 78 63 65 70 74 20 73 6F 6C 64 69 65 72 73 21 CD E3 A5 6F 75 74 21 20 E3 A5 6F 75 74 21	14:1 A5:2 A6:1 CD:2 D7:1 E3:6	32	2	0	False	confirmed-record	[TOP]No [E3]x[E3][14][E3] in\n[E3][A6]except soldiers!\n[E3][A5]out! [E3][A5]out!		pending			
EN-089CA8	main-dialogue-4	0x089CA8	0x089D5B	179	D7 E3 03 73 6F 72 72 79 2C 20 6D 61 73 74 65 72 2E CD 49 20 77 6F 72 72 79 20 E3 0A 79 6F 75 CD 73 6F 20 6D 75 63 68 2E 20 41 6E 64 20 49 60 76 65 CD E3 3C 61 20 62 75 72 64 65 6E 20 74 6F 20 79 6F 75 2E D1 49 20 E3 6A 49 60 64 20 67 69 76 65 CD E3 0E 74 6F 20 79 6F 75 2E 2E 2E 20 49 20 75 73 65 64 CD 74 6F 20 E3 B9 69 74 20 E3 43 49 20 E3 16 74 68 65 CD 6C 65 61 64 65 72 20 6F 66 20 E3 00 48 61 63 6B 65 72 73 2E DE D7 2E 2E 2E E3 36 79 6F 75 72 CD E3 8B 69 73 20 66 75 6C 6C 2E CD E3 B4 E3 02 74 6F CD E3 02 74 6F 20 E3 EE 69 74 2E	00:1 02:2 03:1 0A:1 0E:1 16:1 8B:1 B4:1 B9:1 CD:9 D1:1 D7:2 DE:1 E3:15 EE:1	140	9	1	False	confirmed-record	[TOP][E3][03]sorry, master.\nI worry [E3][0A]you\nso much. And I`ve\n[E3]<a burden to you.\fI [E3]jI`d give\n[E3][0E]to you... I used\nto [E3][B9]it [E3]CI [E3][16]the\nleader of [E3][00]Hackers.[DE][TOP]...[E3]6your\n[E3][8B]is full.\n[E3][B4][E3][02]to\n[E3][02]to [E3][EE]it.		pending			
EN-089D5C	main-dialogue-4	0x089D5C	0x089DFA	158	D7 20 C2 00 20 72 65 63 65 69 76 65 64 20 CD C3 02 20 4C 65 61 64 65 72 60 73 20 42 61 64 67 65 C3 00 21 CC D7 E3 A3 E3 00 C3 02 4C 65 61 64 65 72 73 60 20 52 6F 6F 6D C3 00 CD 69 73 20 61 63 63 65 73 73 69 62 6C 65 2E CD E3 09 E3 14 E3 26 69 6E 20 E3 10 74 68 69 73 2E D1 49 60 64 20 67 6F 20 E3 10 E3 01 69 66 20 49 CD 63 6F 75 6C 64 2C 20 E3 22 49 20 E3 2B 62 65 CD 61 20 62 75 72 64 65 6E 20 61 67 61 69 6E 2E CD C9 1E 4D 61 73 74 65 72 21 20 50 72 65 73 73 20 6F 6E 21	00:4 01:1 02:2 09:1 10:2 14:1 1E:1 A3:1 C2:1 C3:4 C9:1 CC:1 CD:6 D1:1 D7:2 E3:10	119	6	1	True	confirmed-record	[TOP] [NAME] received \n[YELLOW] Leader`s Badge[/HIGHLIGHT]![CC][TOP][E3][A3][E3][00][YELLOW]Leaders` Room[/HIGHLIGHT]\nis accessible.\n[E3][09][E3][14][E3]&in [E3][10]this.\fI`d go [E3][10][E3][01]if I\ncould, [E3]"I [E3]+be\na burden again.\n[C9][1E]Master! Press on!		pending			
EN-089E86	main-dialogue-4	0x089E86	0x089ED8	82	D7 41 68 65 61 64 20 E3 00 C3 02 6C 61 74 65 73 74 20 42 6C 69 6D 70 C3 00 CD 69 73 20 62 65 69 6E 67 20 64 65 76 65 6C 6F 70 65 64 2E CD 4F 6E 6C 79 20 C3 02 4C 65 61 64 65 72 73 20 C3 00 43 6C 61 73 73 20 4C 65 76 65 6C CD E3 14 E3 26 69 6E 2E	00:3 02:2 14:1 C3:4 CD:3 D7:1 E3:3	65	3	0	True	confirmed-record	[TOP]Ahead [E3][00][YELLOW]latest Blimp[/HIGHLIGHT]\nis being developed.\nOnly [YELLOW]Leaders [/HIGHLIGHT]Class Level\n[E3][14][E3]&in.		pending			
EN-089ED9	main-dialogue-4	0x089ED9	0x089F0C	51	D7 57 68 61 74 3F CD C9 14 E3 2A E3 13 61 20 6C 65 61 64 65 72 21 CD E3 03 E3 96 73 6F 72 72 79 2E CD 50 6C 65 61 73 65 2C 20 67 6F 20 6F 6E 20 69 6E 2E	03:1 13:1 14:1 96:1 C9:1 CD:3 D7:1 E3:4	38	3	0	False	confirmed-record	[TOP]What?\n[C9][14][E3]*[E3][13]a leader!\n[E3][03][E3][96]sorry.\nPlease, go on in.		pending			
EN-089F0D	main-dialogue-4	0x089F0D	0x089F37	42	D7 E3 04 4C 65 61 64 65 72 73 20 61 72 65 CD E3 96 79 6F 75 6E 67 2C 20 62 75 74 CD 49 20 61 64 6D 69 72 65 20 74 68 65 6D 2E	04:1 96:1 CD:2 D7:1 E3:2	35	2	0	False	confirmed-record	[TOP][E3][04]Leaders are\n[E3][96]young, but\nI admire them.		pending			
EN-08A0B7	main-dialogue-4	0x08A0B7	0x08A1B5	254	D7 E0 15 57 68 61 74 21 20 C9 1E C2 00 CD 70 69 63 6B 65 64 20 61 20 52 65 64 20 53 74 72 61 77 21 D1 E3 36 E3 13 73 75 70 70 6F 73 65 64 20 74 6F CD 67 75 69 64 65 20 43 6F 6F 6B 69 65 2E 2E 2E CD C9 1E E3 D0 E3 AC 6F 66 20 68 65 72 2E D1 57 65 20 E3 0F 62 6F 74 E3 F6 E3 01 77 69 74 68 CD 74 68 69 73 2E 20 E3 09 E3 4E 70 72 65 70 61 72 65 2E CD E3 04 74 6F 6F 6C 20 73 68 6F 70 20 69 73 20 69 6E 20 74 68 65 CD 72 65 73 69 64 65 6E 74 69 61 6C 20 61 72 65 61 2E D1 20 C2 00 20 72 65 63 65 69 76 65 64 20 C3 02 35 30 30 30 20 47 50 C3 00 21 D1 E3 04 C3 02 4C 61 62 20 57 61 72 65 68 6F 75 73 65 C3 00 CD E3 12 E3 02 74 6F 20 62 65 20 6F 70 65 6E 65 64 2E CD 46 65 65 6C 20 66 72 65 65 20 74 6F 20 74 61 6B 65 CD 77 68 61 74 65 76 65 72 20 E3 01 6E 65 65 64 2E	00:4 01:2 02:3 04:2 09:1 0F:1 12:1 13:1 15:1 1E:2 AC:1 C2:2 C3:4 C9:2 CD:9 D0:1 D1:4 D7:1 E0:1 E3:14 F6:1	196	9	4	True	confirmed-record	[TOP][SPEAKER:15]What! [C9][1E][NAME]\npicked a Red Straw!\f[E3]6[E3][13]supposed to\nguide Cookie...\n[C9][1E][E3][WIPE][E3][AC]of her.\fWe [E3][0F]bot[E3][F6][E3][01]with\nthis. [E3][09][E3]Nprepare.\n[E3][04]tool shop is in the\nresidential area.\f [NAME] received [YELLOW]5000 GP[/HIGHLIGHT]!\f[E3][04][YELLOW]Lab Warehouse[/HIGHLIGHT]\n[E3][12][E3][02]to be opened.\nFeel free to take\nwhatever [E3][01]need.		pending			
EN-08A1B6	main-dialogue-4	0x08A1B6	0x08A1DF	41	D7 E0 15 E3 33 E3 30 63 61 72 65 CD 6F 66 20 54 69 72 61 2E 20 49 60 6D CD 63 6F 75 6E 74 69 6E 67 20 6F 6E 20 79 6F 75 2E	15:1 CD:2 D7:1 E0:1 E3:2	34	2	0	False	confirmed-record	[TOP][SPEAKER:15][E3]3[E3]0care\nof Tira. I`m\ncounting on you.		pending			
EN-08A1E0	main-dialogue-4	0x08A1E0	0x08A252	114	D7 E0 15 54 69 72 61 20 E3 08 E3 00 54 65 74 72 6F 6E CD E3 02 66 61 6C 6C 65 6E 20 69 6E 74 6F 20 74 68 65 CD 68 61 6E 64 73 20 6F 66 20 E3 00 48 61 63 6B 65 72 73 2E D1 57 69 6C 6C 20 73 6F 6D 65 E3 78 76 6F 6C 75 6E 74 65 65 72 20 74 6F CD 67 6F 20 74 6F 20 E3 00 46 6F 72 74 72 65 73 73 20 61 6E 64 CD 72 65 73 63 75 65 20 54 69 72 61 3F	00:3 02:1 08:1 15:1 CD:4 D1:1 D7:1 E0:1 E3:6	95	4	1	False	confirmed-record	[TOP][SPEAKER:15]Tira [E3][08][E3][00]Tetron\n[E3][02]fallen into the\nhands of [E3][00]Hackers.\fWill some[E3]xvolunteer to\ngo to [E3][00]Fortress and\nrescue Tira?		pending			
EN-08A253	main-dialogue-4	0x08A253	0x08A2DF	140	D7 E3 24 69 73 20 73 68 61 6D 65 66 75 6C 21 20 54 68 65 72 65 60 73 CD 6E 6F 20 6F 74 E3 F6 77 61 79 2E 20 47 61 74 68 65 72 CD 61 72 6F 75 6E 64 2C 20 77 65 60 6C 6C 20 64 72 61 77 CD C3 02 53 74 72 61 77 73 C3 00 2E D1 C3 02 52 65 64 20 53 74 72 61 77 20 C3 00 2D 20 E3 F4 69 74 2E CD 57 68 6F 65 76 65 72 20 64 72 61 77 73 20 E3 78 77 69 6C 6C CD 6A 6F 69 6E 20 E3 00 72 65 73 63 75 65 20 74 65 61 6D 2E CD 4F 4B 3F	00:3 02:2 C3:4 CD:6 D1:1 D7:1 E3:5 F4:1 F6:1	116	6	1	True	confirmed-record	[TOP][E3]$is shameful! There`s\nno ot[E3][F6]way. Gather\naround, we`ll draw\n[YELLOW]Straws[/HIGHLIGHT].\f[YELLOW]Red Straw [/HIGHLIGHT]- [E3][F4]it.\nWhoever draws [E3]xwill\njoin [E3][00]rescue team.\nOK?		pending			
EN-08A2E0	main-dialogue-4	0x08A2E0	0x08A34D	109	D7 E0 15 C2 00 2C CD 70 6C 65 61 73 65 20 E3 30 6F 6E 65 2E D1 E3 45 E3 B1 74 77 6F 20 6C 65 66 74 2E 2E 2E CD 57 68 69 63 68 20 E3 78 64 6F 20 E3 01 77 61 6E 74 3F CD 20 52 69 67 68 74 20 6F 6E 65 2E CD 20 4C 65 66 74 20 6F 6E 65 2E CC D0 CD 20 C2 00 20 67 65 74 73 20 74 68 65 CD C3 02 20 52 65 64 20 53 74 72 61 77 C3 00 21	00:3 01:1 02:1 15:1 B1:1 C2:2 C3:2 CC:1 CD:6 D0:1 D1:1 D7:1 E0:1 E3:5	82	6	1	True	confirmed-record	[TOP][SPEAKER:15][NAME],\nplease [E3]0one.\f[E3]E[E3][B1]two left...\nWhich [E3]xdo [E3][01]want?\n Right one.\n Left one.[CC][WIPE]\n [NAME] gets the\n[YELLOW] Red Straw[/HIGHLIGHT]!		pending			
EN-08A34E	main-dialogue-4	0x08A34E	0x08A3C8	122	D7 E0 15 54 68 6F 73 65 20 6F 66 20 E3 01 E3 10 52 65 64 CD 53 74 72 61 77 73 2C 20 E3 26 74 6F 20 E3 00 C3 02 44 6F 63 6B C3 00 2E D1 E3 0D 75 70 20 74 6F 20 E3 01 77 68 65 74 68 65 72 CD 6F 72 20 E3 1E 43 68 6F 63 6F 20 69 73 20 74 61 6B 65 6E 20 6F 76 65 72 CD 62 79 20 E3 00 48 61 63 6B 65 72 73 2E CD C9 1E E3 03 63 6F 75 6E 74 69 6E 67 20 6F 6E 20 79 6F 75 2E	00:3 01:2 02:1 03:1 0D:1 10:1 15:1 1E:2 C3:2 C9:1 CD:4 D1:1 D7:1 E0:1 E3:9	91	4	1	True	confirmed-record	[TOP][SPEAKER:15]Those of [E3][01][E3][10]Red\nStraws, [E3]&to [E3][00][YELLOW]Dock[/HIGHLIGHT].\f[E3][0D]up to [E3][01]whether\nor [E3][1E]Choco is taken over\nby [E3][00]Hackers.\n[C9][1E][E3][03]counting on you.		pending			
EN-08A3EC	main-dialogue-4	0x08A3EC	0x08A41B	47	D7 E3 0B E3 96 62 72 61 76 65 2E CD E3 24 69 73 20 6D 79 20 70 6C 61 6E 65 74 2C 20 E3 22 49 CD E3 02 66 65 65 74 20 6F 66 20 63 6C 61 79 2E	02:1 0B:1 96:1 CD:2 D7:1 E3:5	36	2	0	False	confirmed-record	[TOP][E3][0B][E3][96]brave.\n[E3]$is my planet, [E3]"I\n[E3][02]feet of clay.		pending			
EN-08A574	main-dialogue-4	0x08A574	0x08A62B	183	D7 E0 15 50 72 69 6E 63 65 73 73 21 20 C2 00 21 CD E3 0B 73 61 66 65 21 CD E3 03 73 6F 20 67 6C 61 64 21 D1 E3 7C E3 01 73 6F 20 6D 75 63 68 2C CD C2 00 21 CD 43 68 6F 63 6F 20 69 73 20 67 72 61 74 65 66 75 6C CD 74 6F 20 79 6F 75 21 D1 E3 0D E3 1E 6A 75 73 74 CD 62 65 63 61 E3 B9 6F 66 20 54 69 72 61 2E CD E3 7F 6F 66 20 E3 05 C3 02 53 63 72 61 70 C3 00 CD 77 65 20 E3 6C E3 3A 69 6E 66 6F 72 6D 61 74 69 6F 6E 2E D1 49 20 E3 3B E3 13 74 69 72 65 64 2C 20 62 75 74 CD E3 00 43 68 69 65 66 20 E3 18 6E 65 77 73 2E CD E3 33 73 74 6F 70 20 62 79 2E	00:4 01:1 02:1 03:1 05:1 0B:1 0D:1 13:1 15:1 18:1 1E:1 7F:1 B9:1 C2:2 C3:2 CD:10 D1:3 D7:1 E0:1 E3:16	132	10	3	True	confirmed-record	[TOP][SPEAKER:15]Princess! [NAME]!\n[E3][0B]safe!\n[E3][03]so glad!\f[E3]|[E3][01]so much,\n[NAME]!\nChoco is grateful\nto you!\f[E3][0D][E3][1E]just\nbeca[E3][B9]of Tira.\n[E3][7F]of [E3][05][YELLOW]Scrap[/HIGHLIGHT]\nwe [E3]l[E3]:information.\fI [E3];[E3][13]tired, but\n[E3][00]Chief [E3][18]news.\n[E3]3stop by.		pending			
EN-08A876	main-dialogue-4	0x08A876	0x08A884	14	D7 CD C2 00 2C 20 CD C9 14 77 61 69 74 2E	00:1 14:1 C2:1 C9:1 CD:2 D7:1	7	2	0	False	confirmed-record	[TOP]\n[NAME], \n[C9][14]wait.		pending			
EN-08A885	main-dialogue-4	0x08A885	0x08A980	251	D7 E0 0E 55 68 6D 6D 6D 2E 2E 2E CD C9 0A 48 61 76 65 20 E3 01 73 65 65 6E 20 E3 00 72 6F 6F 6D CD C9 0A E3 D2 49 20 E3 16 61 72 72 65 73 74 65 64 2E 2E 2E D1 C3 02 E3 CE 49 20 E3 16 61 72 72 65 73 74 65 64 C3 00 CD C9 0A 69 73 20 61 20 63 6F 6D 70 75 74 65 72 2E CD C9 0A C3 02 41 20 53 70 65 63 69 61 6C 20 50 61 73 73 77 6F 72 64 C9 0A C3 00 CD 69 73 20 6E 65 65 64 65 64 20 74 6F 20 E3 26 69 6E 2E D1 49 20 E3 9D E3 23 47 61 74 65 61 75 CD 75 73 65 64 2E CD C9 0A C2 00 2C 20 74 6F 20 E3 6D 79 6F 75 CD E3 06 E3 4F E3 01 E3 23 69 74 20 69 73 2E D1 20 C2 00 20 6C 65 61 72 6E 73 20 E3 00 CD C3 02 20 53 70 65 63 69 61 6C 20 50 61 73 73 77 6F 72 64 C3 00 21 DE D7 E0 0E E3 33 C9 0A E3 30 63 61 72 65 2E CD C9 0A E3 52 E3 3E C9 0A 73 61 66 65 6C 79 2E	00:7 01:2 02:3 06:1 0A:9 0E:2 16:2 9D:1 C2:2 C3:6 C9:9 CD:10 CE:1 D1:3 D2:1 D7:2 DE:1 E0:2 E3:19	168	10	3	True	confirmed-record	[TOP][SPEAKER:0E]Uhmmm...\n[C9][0A]Have [E3][01]seen [E3][00]room\n[C9][0A][E3][WAIT]I [E3][16]arrested...\f[YELLOW][E3][CE]I [E3][16]arrested[/HIGHLIGHT]\n[C9][0A]is a computer.\n[C9][0A][YELLOW]A Special Password[C9][0A][/HIGHLIGHT]\nis needed to [E3]&in.\fI [E3][9D][E3]#Gateau\nused.\n[C9][0A][NAME], to [E3]myou\n[E3][06][E3]O[E3][01][E3]#it is.\f [NAME] learns [E3][00]\n[YELLOW] Special Password[/HIGHLIGHT]![DE][TOP][SPEAKER:0E][E3]3[C9][0A][E3]0care.\n[C9][0A][E3]R[E3]>[C9][0A]safely.		pending			
EN-08AABD	main-dialogue-4	0x08AABD	0x08AACE	17	D7 C2 00 3F CD 53 74 6F 70 20 6A 6F 6B 69 6E 67 2E	00:1 C2:1 CD:1 D7:1	13	1	0	False	confirmed-record	[TOP][NAME]?\nStop joking.		pending			
EN-08AACF	main-dialogue-4	0x08AACF	0x08AADB	12	D7 E3 64 74 6F 20 43 68 6F 63 6F 2E	D7:1 E3:1	10	0	0	False	confirmed-record	[TOP][E3]dto Choco.		pending			
EN-08AADC	main-dialogue-4	0x08AADC	0x08AB21	69	D7 54 69 72 61 3F 20 53 68 65 20 E3 6E 77 61 6C 6B 69 6E 67 CD C9 1E E3 10 47 61 74 65 61 75 2C 20 74 68 65 6E 20 74 68 65 79 CD E3 D6 69 6E 20 E3 00 73 70 61 63 65 73 68 69 70 2E 2E 2E CD C9 1E 41 6E 64 3F	00:1 10:1 1E:2 C9:2 CD:3 D6:1 D7:1 E3:4	54	3	0	False	confirmed-record	[TOP]Tira? She [E3]nwalking\n[C9][1E][E3][10]Gateau, then they\n[E3][D6]in [E3][00]spaceship...\n[C9][1E]And?		pending			
EN-08AB22	main-dialogue-4	0x08AB22	0x08AB89	103	D7 E3 6B E3 01 72 65 61 64 79 3F CD E3 06 67 75 69 64 65 20 79 6F 75 2E 2E 2E CD 20 59 65 61 68 2E CD 20 4E 6F 74 20 79 65 74 2E CC D7 49 20 E3 58 E3 00 73 74 6F 72 79 2E CD E3 0B E3 25 74 6F 20 74 68 65 CD 46 6F 72 74 72 65 73 73 20 61 67 61 69 6E 2E 20 54 65 6C 6C 20 6D 65 CD E3 43 E3 13 72 65 61 64 79 2E	00:1 01:1 06:1 0B:1 13:1 CC:1 CD:6 D7:2 E3:9	80	6	0	False	confirmed-record	[TOP][E3]k[E3][01]ready?\n[E3][06]guide you...\n Yeah.\n Not yet.[CC][TOP]I [E3]X[E3][00]story.\n[E3][0B][E3]%to the\nFortress again. Tell me\n[E3]C[E3][13]ready.		pending			
EN-08AB8A	main-dialogue-4	0x08AB8A	0x08ABB0	38	D7 E3 03 67 6C 61 64 20 E3 13 73 61 66 65 2E 2E 2E CD E3 D0 69 74 20 65 61 73 79 CD E3 0C 61 20 77 68 69 6C 65 2E	03:1 0C:1 13:1 CD:2 D0:1 D7:1 E3:4	27	2	0	False	confirmed-record	[TOP][E3][03]glad [E3][13]safe...\n[E3][WIPE]it easy\n[E3][0C]a while.		pending			
EN-08ABC0	main-dialogue-4	0x08ABC0	0x08ABE1	33	D7 D0 E3 0D E3 54 74 6F 20 67 6F 2E CD 49 20 68 6F 70 65 20 E3 13 76 69 63 74 6F 72 69 6F 75 73 2E	0D:1 13:1 CD:1 D0:1 D7:1 E3:3	25	1	0	False	confirmed-record	[TOP][WIPE][E3][0D][E3]Tto go.\nI hope [E3][13]victorious.		pending			
EN-08AC39	main-dialogue-4	0x08AC39	0x08AC71	56	D7 50 72 69 6E 63 65 73 73 20 54 69 72 61 20 69 73 20 77 61 69 74 69 6E 67 2E CD 47 6F 20 74 6F 20 E3 00 C3 02 48 51 C3 00 CD 62 65 68 69 6E 64 20 E3 0E 72 6F 6F 6D 2E	00:2 02:1 0E:1 C3:2 CD:2 D7:1 E3:2	45	2	0	True	confirmed-record	[TOP]Princess Tira is waiting.\nGo to [E3][00][YELLOW]HQ[/HIGHLIGHT]\nbehind [E3][0E]room.		pending			
EN-08AC72	main-dialogue-4	0x08AC72	0x08ACAB	57	D7 E3 24 69 73 20 48 65 61 64 71 75 61 72 74 65 72 73 2E CD 41 6E 74 69 2D E3 38 73 74 72 61 74 65 67 79 20 69 73 CD 72 65 66 69 6E 65 64 20 E3 70 E3 00 63 6C 6F 63 6B 2E	00:1 CD:2 D7:1 E3:4	49	2	0	False	confirmed-record	[TOP][E3]$is Headquarters.\nAnti-[E3]8strategy is\nrefined [E3]p[E3][00]clock.		pending			
EN-08ACAC	main-dialogue-4	0x08ACAC	0x08ACEB	63	D7 E3 24 69 73 20 E3 00 4C 61 62 2E CD 4F 75 72 20 73 63 69 65 6E 74 69 73 74 73 20 64 65 76 65 6C 6F 70 CD 77 65 61 70 6F 6E 73 20 74 6F 20 75 73 65 CD E3 BB E3 00 48 61 63 6B 65 72 73 2E	00:2 BB:1 CD:3 D7:1 E3:4	52	3	0	False	confirmed-record	[TOP][E3]$is [E3][00]Lab.\nOur scientists develop\nweapons to use\n[E3][BB][E3][00]Hackers.		pending			
EN-08ACEC	main-dialogue-4	0x08ACEC	0x08AD2D	65	D7 E3 24 69 73 20 E3 00 4D 65 65 74 69 6E 67 20 52 6F 6F 6D 2E CD 50 72 69 6E 63 65 73 73 20 54 69 72 61 20 69 73 20 69 6E 20 74 68 65 CD C3 02 48 51 C3 00 20 62 65 68 69 6E 64 20 68 65 72 65 2E	00:2 02:1 C3:2 CD:2 D7:1 E3:2	55	2	0	True	confirmed-record	[TOP][E3]$is [E3][00]Meeting Room.\nPrincess Tira is in the\n[YELLOW]HQ[/HIGHLIGHT] behind here.		pending			
EN-08AD2E	main-dialogue-4	0x08AD2E	0x08AD79	75	D7 E3 24 69 73 20 E3 00 6C 69 76 69 6E 67 20 73 70 61 63 65 2E CD E3 28 65 73 63 61 70 69 6E 67 20 61 6E 20 61 74 74 61 63 6B CD 62 79 20 E3 00 46 6F 72 74 72 65 73 73 2C 20 70 65 6F 70 6C 65 CD 6C 69 76 65 20 68 65 72 65 2E	00:2 CD:3 D7:1 E3:4	65	3	0	False	confirmed-record	[TOP][E3]$is [E3][00]living space.\n[E3](escaping an attack\nby [E3][00]Fortress, people\nlive here.		pending			
EN-08ADC4	main-dialogue-4	0x08ADC4	0x08ADEB	39	D7 C2 00 2E CD 50 72 69 6E 63 65 73 73 20 54 69 72 61 20 69 73 20 77 61 69 74 69 6E 67 2E CD E3 33 67 6F 20 69 6E 2E	00:1 C2:1 CD:2 D7:1 E3:1	33	2	0	False	confirmed-record	[TOP][NAME].\nPrincess Tira is waiting.\n[E3]3go in.		pending			
EN-08AE5A	main-dialogue-4	0x08AE5A	0x08AEBB	97	D7 49 20 E3 58 E3 0A E3 DD 48 6F 77 CD 64 6F 20 E3 01 E3 2D 6F 75 72 20 70 6C 61 6E 65 74 3F CD E3 24 69 73 20 E3 00 53 68 65 6C 74 65 72 2E D1 49 66 20 77 65 20 68 61 64 20 61 20 E3 CD 4C 61 62 CD 77 65 20 E3 94 E3 42 77 65 61 70 6F 6E 73 CD E3 08 E3 26 6F 75 72 20 72 65 76 65 6E 67 65 2E	00:1 01:1 08:1 0A:1 94:1 CD:5 D1:1 D7:1 DD:1 E3:12	72	5	1	False	confirmed-record	[TOP]I [E3]X[E3][0A][E3][DD]How\ndo [E3][01][E3]-our planet?\n[E3]$is [E3][00]Shelter.\fIf we had a [E3]\nLab\nwe [E3][94][E3]Bweapons\n[E3][08][E3]&our revenge.		pending			
EN-08AEBC	main-dialogue-4	0x08AEBC	0x08AEEE	50	D7 E3 ED E3 01 E3 5E 54 69 72 61 3F CD 53 E3 41 69 6E 20 E3 00 C3 02 48 51 C3 00 CD 62 65 68 69 6E 64 20 E3 00 4D 65 65 74 69 6E 67 20 52 6F 6F 6D 2E	00:3 01:1 02:1 C3:2 CD:2 D7:1 E3:6 ED:1	33	2	0	True	confirmed-record	[TOP][E3][ED][E3][01][E3]^Tira?\nS[E3]Ain [E3][00][YELLOW]HQ[/HIGHLIGHT]\nbehind [E3][00]Meeting Room.		pending			
EN-08AEEF	main-dialogue-4	0x08AEEF	0x08AF6C	125	D7 D3 8A AE D7 E3 6B 79 6F 75 3F CD E3 ED E3 01 62 72 69 6E 67 CD E3 00 E0 00 20 73 74 6F 6E 65 3F D1 49 20 E3 16 E3 BB 69 74 2E CD 41 66 74 65 72 20 61 6C 6C 2C 20 E3 1B 61 6E 20 6F 6C 64 CD 69 6E 76 65 6E 74 69 6F 6E 2E D1 57 65 20 E3 02 74 6F 20 E3 5E 54 69 72 61 2E CD 54 68 65 6E 20 77 65 20 E3 14 74 61 6C 6B 2E CD E3 06 E3 D8 74 68 65 CD 73 74 E3 78 6C 61 74 65 72 2E	00:2 01:1 02:1 06:1 14:1 16:1 1B:1 8A:1 AE:1 BB:1 CD:7 D1:2 D3:1 D7:2 D8:1 E0:1 E3:13 ED:1	86	7	2	False	confirmed-record	[TOP][D3][8A][AE][TOP][E3]kyou?\n[E3][ED][E3][01]bring\n[E3][00][SPEAKER:00] stone?\fI [E3][16][E3][BB]it.\nAfter all, [E3][1B]an old\ninvention.\fWe [E3][02]to [E3]^Tira.\nThen we [E3][14]talk.\n[E3][06][E3][BOTTOM]the\nst[E3]xlater.		pending			
EN-08AF6D	main-dialogue-4	0x08AF6D	0x08AF9D	48	D7 54 65 74 72 6F 6E 21 20 E3 0D 73 74 75 70 69 64 CD 74 6F 20 72 65 6C 79 20 6F 6E 20 E3 C8 61 6E CD 6F 6C 64 20 69 6E 76 65 6E 74 69 6F 6E 21	0D:1 C8:1 CD:2 D7:1 E3:2	41	2	0	False	confirmed-record	[TOP]Tetron! [E3][0D]stupid\nto rely on [E3][C8]an\nold invention!		pending			
EN-08AFDA	main-dialogue-4	0x08AFDA	0x08B04E	116	D7 E3 24 69 73 20 CD C3 02 47 61 74 65 61 75 C3 00 2E CD 41 6C 6C 20 68 65 20 E3 14 E3 9D 69 73 CD E3 44 6E 61 6D 65 2E D1 E3 36 E3 41 61 20 E3 55 65 6E 67 69 6E 65 65 72 2C CD 73 6F 20 E3 41 68 65 6C 70 69 6E 67 20 75 73 2E 20 57 65 CD E3 71 61 64 6D 69 74 20 E3 41 61 20 62 65 74 74 65 72 CD 65 6E 67 69 6E 65 65 72 20 E3 C9 77 65 20 61 72 65 2E	00:1 02:1 14:1 9D:1 C3:2 C9:1 CD:6 D1:1 D7:1 E3:11	90	6	1	True	confirmed-record	[TOP][E3]$is \n[YELLOW]Gateau[/HIGHLIGHT].\nAll he [E3][14][E3][9D]is\n[E3]Dname.\f[E3]6[E3]Aa [E3]Uengineer,\nso [E3]Ahelping us. We\n[E3]qadmit [E3]Aa better\nengineer [E3][C9]we are.		pending			
EN-08B04F	main-dialogue-4	0x08B04F	0x08B06E	31	D7 47 61 74 65 61 75 3F CD 48 65 20 E3 6E 73 6F 6D 65 77 68 65 72 65 CD E3 10 54 69 72 61 2E	10:1 CD:2 D7:1 E3:2	25	2	0	False	confirmed-record	[TOP]Gateau?\nHe [E3]nsomewhere\n[E3][10]Tira.		pending			
EN-08B06F	main-dialogue-4	0x08B06F	0x08B0A0	49	D7 57 65 20 E3 F0 74 68 69 6E 6B 20 77 65 60 64 CD E3 26 73 6F 20 6D 75 63 68 20 69 6E 66 6F 72 6D 61 74 69 6F 6E CD E3 1F 61 20 53 63 72 61 70 2E	1F:1 CD:2 D7:1 E3:3 F0:1	41	2	0	False	confirmed-record	[TOP]We [E3][F0]think we`d\n[E3]&so much information\n[E3][1F]a Scrap.		pending			
EN-08B0A1	main-dialogue-4	0x08B0A1	0x08B0B9	24	D7 E3 62 47 61 74 65 61 75 21 CD E3 1A 61 20 E3 9C 77 6F 72 6B 65 72 21	1A:1 9C:1 CD:1 D7:1 E3:3	17	1	0	False	confirmed-record	[TOP][E3]bGateau!\n[E3][1A]a [E3][9C]worker!		pending			
EN-08B195	main-dialogue-4	0x08B195	0x08B1FB	102	D7 E3 7C E3 01 E3 0C 74 68 69 73 2E CD E3 24 E0 1A 20 53 63 72 61 70 CD E3 8E E3 37 75 73 20 73 6F 6D 65 CD E3 B5 64 61 74 61 2E D1 E3 36 E3 00 E0 00 CD 72 65 73 65 61 72 63 68 20 63 6F 6D 65 73 20 66 69 72 73 74 2E 2E 2E CD 57 65 60 6C 6C 20 E3 56 61 20 6C 69 74 74 6C 65 CD E3 54 6F 6E 20 74 68 69 73 2E	00:2 01:1 0C:1 1A:1 8E:1 B5:1 CD:6 D1:1 D7:1 E0:2 E3:11	74	6	1	False	confirmed-record	[TOP][E3]|[E3][01][E3][0C]this.\n[E3]$[SPEAKER:1A] Scrap\n[E3][8E][E3]7us some\n[E3][B5]data.\f[E3]6[E3][00][SPEAKER:00]\nresearch comes first...\nWe`ll [E3]Va little\n[E3]Ton this.		pending			
EN-08B1FC	main-dialogue-4	0x08B1FC	0x08B230	52	D7 48 65 20 77 61 6E 74 65 64 20 E3 00 E0 00 2C CD 73 6F 20 49 20 6C 65 6E 74 20 69 74 20 74 6F 20 68 69 6D 2E CD E3 88 E3 BC 49 20 64 6F 20 74 68 61 74 3F	00:2 88:1 BC:1 CD:2 D7:1 E0:1 E3:3	41	2	0	False	confirmed-record	[TOP]He wanted [E3][00][SPEAKER:00],\nso I lent it to him.\n[E3][88][E3][BC]I do that?		pending			
EN-08B231	main-dialogue-4	0x08B231	0x08B450	543	D7 47 6F 6F 64 20 74 69 6D 69 6E 67 2E CD 4F 75 72 20 73 65 63 72 65 74 20 77 65 61 70 6F 6E CD 69 73 20 66 69 6E 69 73 68 65 64 2E D1 49 74 20 E3 12 73 74 6F 70 20 E3 00 72 65 61 63 74 6F 72 2E CD E3 8C 63 E3 71 E3 CC 74 68 69 6E 67 73 CD C3 02 4A 61 72 C3 00 73 2E 20 4F 4B 3F D1 49 6E 20 E3 00 66 69 6C 6D 20 6F 66 20 E3 00 45 6E 67 69 6E 65 CD 52 6F 6F 6D 20 E3 4B 77 65 72 65 CD C3 02 33 20 72 65 61 63 74 6F 72 73 20 E3 10 61 20 6A 61 72 CD 69 6E 20 66 72 6F 6E 74 20 6F 66 20 65 61 63 68 20 6F 6E 65 C3 00 2E D1 49 66 20 E3 00 C3 02 72 65 64 2C 20 79 65 6C 6C 6F 77 2C 20 62 6C 75 65 CD C3 00 6A 61 72 73 20 E3 1C 61 72 72 61 6E 67 65 64 20 69 6E 20 6F 72 64 65 72 CD E3 00 65 6E 67 69 6E 65 20 E3 12 73 74 6F 70 2E D1 2E 2E 2E 53 6F 2C 20 C2 00 2C CD 49 20 E3 56 74 68 69 73 2E CD C9 1E E3 48 E3 1C 6E 6F 20 6D 61 74 65 72 69 61 6C 73 CD E3 0C 61 20 73 68 69 70 20 6F 6E 20 43 68 6F 63 6F 2E D1 C2 00 2C 20 E3 01 68 61 76 65 CD 61 20 73 70 61 63 65 73 68 69 70 2C 20 E3 53 68 65 61 72 64 2E CD 41 6E 64 20 E3 B3 E3 3C 69 6E CD E3 00 46 6F 72 74 72 65 73 73 2E D1 E3 C7 E3 01 67 6F 20 E3 4B 61 6E 64 CD 73 65 74 20 75 70 20 E3 00 6A 61 72 73 3F CD 20 45 61 73 79 21 CD 20 4E 6F 20 77 61 79 21 21 CC D0 52 65 61 6C 6C 79 21 20 E3 06 E3 37 79 6F 75 CD E3 00 33 20 6A 61 72 73 2E DE D7 20 C2 00 20 74 6F 6F 6B 20 74 68 65 CD C3 02 20 52 65 64 20 4A 61 72 C3 00 21 D1 20 C2 00 20 74 6F 6F 6B 20 74 68 65 CD C3 02 20 42 6C 75 65 20 4A 61 72 C3 00 21 D1 20 C2 00 20 74 6F 6F 6B 20 E3 00 CD C3 02 20 59 65 6C 6C 6F 77 20 4A 61 72 C3 00 21 CC D7 48 65 79 21 20 C9 1E E3 ED E3 01 68 65 61 72 3F CD E3 1A 67 6F 6E 6E 61 20 67 6F 21	00:20 01:3 02:6 06:1 0C:1 10:1 12:2 1A:1 1C:2 1E:2 8C:1 B3:1 C2:5 C3:12 C7:1 C9:2 CC:3 CD:23 D0:1 D1:8 D7:3 DE:1 E3:33 ED:1	409	23	8	True	confirmed-record	[TOP]Good timing.\nOur secret weapon\nis finished.\fIt [E3][12]stop [E3][00]reactor.\n[E3][8C]c[E3]q[E3][CC]things\n[YELLOW]Jar[/HIGHLIGHT]s. OK?\fIn [E3][00]film of [E3][00]Engine\nRoom [E3]Kwere\n[YELLOW]3 reactors [E3][10]a jar\nin front of each one[/HIGHLIGHT].\fIf [E3][00][YELLOW]red, yellow, blue\n[/HIGHLIGHT]jars [E3][1C]arranged in order\n[E3][00]engine [E3][12]stop.\f...So, [NAME],\nI [E3]Vthis.\n[C9][1E][E3]H[E3][1C]no materials\n[E3][0C]a ship on Choco.\f[NAME], [E3][01]have\na spaceship, [E3]Sheard.\nAnd [E3][B3][E3]<in\n[E3][00]Fortress.\f[E3][C7][E3][01]go [E3]Kand\nset up [E3][00]jars?\n Easy!\n No way!![CC][WIPE]Really! [E3][06][E3]7you\n[E3][00]3 jars.[DE][TOP] [NAME] took the\n[YELLOW] Red Jar[/HIGHLIGHT]!\f [NAME] took the\n[YELLOW] Blue Jar[/HIGHLIGHT]!\f [NAME] took [E3][00]\n[YELLOW] Yellow Jar[/HIGHLIGHT]![CC][TOP]Hey! [C9][1E][E3][ED][E3][01]hear?\n[E3][1A]gonna go!		pending			
EN-08B4C2	main-dialogue-4	0x08B4C2	0x08B527	101	D7 E3 24 69 73 20 C2 00 2E CD C9 14 43 61 6E 20 49 20 E3 6D 79 6F 75 3F CD 20 E3 06 63 6F 6F 70 65 72 61 74 65 2E CD 20 E3 BA 74 68 61 6E 6B 73 21 CC D0 52 65 61 6C 6C 79 2E 2E 2E CD C9 1E 55 68 6D 6D 6D 2E 2E 2E C9 1E 20 49 66 20 E3 01 CD E3 7B E3 05 6D 69 6E 64 CD 4C 65 74 20 6D 65 20 6B 6E 6F 77 2E	00:1 01:1 05:1 06:1 14:1 1E:2 BA:1 C2:1 C9:3 CC:1 CD:6 D0:1 D7:1 E3:7	73	6	0	False	confirmed-record	[TOP][E3]$is [NAME].\n[C9][14]Can I [E3]myou?\n [E3][06]cooperate.\n [E3][BA]thanks![CC][WIPE]Really...\n[C9][1E]Uhmmm...[C9][1E] If [E3][01]\n[E3]{[E3][05]mind\nLet me know.		pending			
EN-08B528	main-dialogue-4	0x08B528	0x08B5F2	202	D7 C3 02 52 65 64 20 6A 61 72 20 74 6F 20 52 65 64 20 52 65 61 63 74 6F 72 2C CD 59 65 6C 6C 6F 77 20 74 6F 20 59 65 6C 6C 6F 77 20 52 65 61 63 74 6F 72 2C CD 42 6C 75 65 20 74 6F 20 42 6C 75 65 20 52 65 61 63 74 6F 72 2E CD C3 00 4C 69 6E 65 20 E3 AD 75 70 20 E3 2D 74 68 61 74 2E D1 C3 02 52 65 64 20 2D 20 59 65 6C 6C 6F 77 20 2D 20 42 6C 75 65 2E CD C3 00 53 65 74 20 E3 AD E3 15 77 61 79 2C 20 61 6E 64 CD E3 00 65 6E 67 69 6E 65 20 E3 12 73 68 75 74 20 64 6F 77 6E 2E D1 49 66 20 E3 01 E3 42 61 20 6D 69 73 74 61 6B 65 CD E3 01 E3 14 E3 30 E3 AD 62 61 63 6B CD E3 08 73 74 61 72 74 20 6F 76 65 72 2E	00:3 01:2 02:2 08:1 12:1 14:1 15:1 AD:3 C3:4 CD:7 D1:2 D7:1 E3:13	161	7	2	True	confirmed-record	[TOP][YELLOW]Red jar to Red Reactor,\nYellow to Yellow Reactor,\nBlue to Blue Reactor.\n[/HIGHLIGHT]Line [E3][AD]up [E3]-that.\f[YELLOW]Red - Yellow - Blue.\n[/HIGHLIGHT]Set [E3][AD][E3][15]way, and\n[E3][00]engine [E3][12]shut down.\fIf [E3][01][E3]Ba mistake\n[E3][01][E3][14][E3]0[E3][AD]back\n[E3][08]start over.		pending			
EN-08B647	main-dialogue-4	0x08B647	0x08B675	46	D7 52 65 61 6C 6C 79 21 3F CD 54 68 65 6E 20 77 65 20 64 6F 6E 60 74 CD E3 02 74 6F 20 67 6F 21 CD C2 00 2C 20 67 6F 20 E3 26 60 65 6D 21	00:1 02:1 C2:1 CD:3 D7:1 E3:2	37	3	0	False	confirmed-record	[TOP]Really!?\nThen we don`t\n[E3][02]to go!\n[NAME], go [E3]&`em!		pending			
EN-08B676	main-dialogue-4	0x08B676	0x08B69A	36	D7 49 20 E3 02 61 20 77 69 66 65 20 E3 08 63 68 69 6C 64 CD 61 74 20 68 6F 6D 65 2E 20 E3 7C 79 6F 75 21 21	02:1 08:1 CD:1 D7:1 E3:3	29	1	0	False	confirmed-record	[TOP]I [E3][02]a wife [E3][08]child\nat home. [E3]|you!!		pending			
EN-08B69B	main-dialogue-4	0x08B69B	0x08B6CA	47	D7 C2 00 2C 20 69 66 20 E3 01 68 61 64 CD 72 65 66 75 73 65 64 2C 20 77 65 60 64 20 E3 02 68 61 64 CD 74 6F 20 67 6F 2E 20 E3 7C 79 6F 75 21	00:1 01:1 02:1 C2:1 CD:2 D7:1 E3:3	37	2	0	False	confirmed-record	[TOP][NAME], if [E3][01]had\nrefused, we`d [E3][02]had\nto go. [E3]|you!		pending			
EN-08B6CB	main-dialogue-4	0x08B6CB	0x08B6D9	14	D7 E3 7C 79 6F 75 21 CD E3 7C 79 6F 75 21	CD:1 D7:1 E3:2	10	1	0	False	confirmed-record	[TOP][E3]|you!\n[E3]|you!		pending			
EN-08B6F9	main-dialogue-4	0x08B6F9	0x08B738	63	D7 E3 FA 6D 65 74 20 6D 65 20 62 65 66 6F 72 65 3F CD C9 3C 53 6F 72 72 79 2C 20 E3 53 E3 6F 6D 79 CD 6D 65 6D 6F 72 79 2E 20 49 20 63 61 6E 60 74 CD E3 9D 61 6E 79 74 68 69 6E 67 2E 2E 2E	9D:1 C9:1 CD:3 D7:1 E3:4 FA:1	52	3	0	False	confirmed-record	[TOP][E3][FA]met me before?\n[C9]<Sorry, [E3]S[E3]omy\nmemory. I can`t\n[E3][9D]anything...		pending			
EN-08B75E	main-dialogue-4	0x08B75E	0x08B78E	48	D7 E0 0E 54 68 65 79 60 72 65 20 E3 EC 74 68 65 CD 33 20 73 74 6F 6E 65 73 20 69 6E 74 6F 20 6F 6E 65 2E CD 49 6E 74 65 72 65 73 74 69 6E 67 2E	0E:1 CD:2 D7:1 E0:1 E3:1 EC:1	41	2	0	False	confirmed-record	[TOP][SPEAKER:0E]They`re [E3][EC]the\n3 stones into one.\nInteresting.		pending			
EN-08B7E2	main-dialogue-4	0x08B7E2	0x08B839	87	D7 E0 0E C2 00 2C 20 77 65 6C 63 6F 6D 65 2E 20 E3 52 69 6E 2E CD 49 20 E3 16 E3 AB 74 68 61 74 CD E3 01 E3 2B 63 6F 6D 65 2E D1 4D 79 20 43 6F 6E 73 75 6C 20 E3 12 E3 37 79 6F 75 CD E3 00 64 65 74 61 69 6C 73 2E 20 50 6C 65 61 73 65 CD 61 73 6B 20 68 69 6D 2E	00:2 01:1 0E:1 12:1 16:1 AB:1 C2:1 CD:4 D1:1 D7:1 E0:1 E3:8	64	4	1	False	confirmed-record	[TOP][SPEAKER:0E][NAME], welcome. [E3]Rin.\nI [E3][16][E3][AB]that\n[E3][01][E3]+come.\fMy Consul [E3][12][E3]7you\n[E3][00]details. Please\nask him.		pending			
EN-08B83A	main-dialogue-4	0x08B83A	0x08B867	45	D7 E0 0E 52 65 61 6C 6C 79 2C 20 C2 00 2C CD E3 13 73 74 72 61 6E 67 65 2E 20 E3 88 64 6F CD E3 01 E3 02 E3 C8 61 20 74 68 69 6E 67 3F	00:1 01:1 02:1 0E:1 13:1 88:1 C2:1 C8:1 CD:2 D7:1 E0:1 E3:5	28	2	0	False	confirmed-record	[TOP][SPEAKER:0E]Really, [NAME],\n[E3][13]strange. [E3][88]do\n[E3][01][E3][02][E3][C8]a thing?		pending			
EN-08B868	main-dialogue-4	0x08B868	0x08B89B	51	D7 E0 0E 43 6F 6E 73 75 6C 2C 20 C9 1E E3 03 67 6F 69 6E 67 CD 74 6F 20 E3 00 4C 61 62 2C 20 74 6F 6F CD E3 06 62 65 20 72 69 67 68 74 20 62 61 63 6B 2E	00:1 03:1 06:1 0E:1 1E:1 C9:1 CD:2 D7:1 E0:1 E3:3	38	2	0	False	confirmed-record	[TOP][SPEAKER:0E]Consul, [C9][1E][E3][03]going\nto [E3][00]Lab, too\n[E3][06]be right back.		pending			
EN-08B89C	main-dialogue-4	0x08B89C	0x08B8BB	31	D7 E0 15 50 72 69 6E 63 65 73 73 21 20 44 6F 6E 60 74 CD 62 6F 74 E3 F6 E3 10 74 68 61 74 21	10:1 15:1 CD:1 D7:1 E0:1 E3:2 F6:1	23	1	0	False	confirmed-record	[TOP][SPEAKER:15]Princess! Don`t\nbot[E3][F6][E3][10]that!		pending			
EN-08B951	main-dialogue-4	0x08B951	0x08B99A	73	D7 E0 15 57 65 6C 63 6F 6D 65 2E CD E3 24 69 73 20 43 68 6F 63 6F 60 73 20 4C 61 62 20 43 68 69 65 66 2E D1 E3 33 E3 37 E3 00 54 65 74 72 6F 6E CD 74 6F 20 68 69 6D 2E CD 48 65 60 6C 6C 20 E3 30 E3 AC 6F 66 20 69 74 2E	00:1 15:1 AC:1 CD:3 D1:1 D7:1 E0:1 E3:6	58	3	1	False	confirmed-record	[TOP][SPEAKER:15]Welcome.\n[E3]$is Choco`s Lab Chief.\f[E3]3[E3]7[E3][00]Tetron\nto him.\nHe`ll [E3]0[E3][AC]of it.		pending			
EN-08B99B	main-dialogue-4	0x08B99B	0x08B9EC	81	D7 E0 15 E3 04 E0 00 20 77 69 6C 6C CD 62 65 20 63 6F 6D 62 69 6E 65 64 2C 20 62 72 69 6E 67 69 6E 67 CD E3 3E E3 CB 66 6F 72 6D 65 72 20 70 6F 77 65 72 2E D1 C2 00 2C 20 CD E3 2B E3 01 E3 2D 74 6F CD E3 30 61 20 6C 6F 6F 6B 2C 20 74 6F 6F 3F	00:2 01:1 04:1 15:1 C2:1 CB:1 CD:4 D1:1 D7:1 E0:2 E3:7	59	4	1	False	confirmed-record	[TOP][SPEAKER:15][E3][04][SPEAKER:00] will\nbe combined, bringing\n[E3]>[E3][CB]former power.\f[NAME], \n[E3]+[E3][01][E3]-to\n[E3]0a look, too?		pending			
EN-08B9ED	main-dialogue-4	0x08B9ED	0x08BAF3	262	D7 E0 15 4F 68 2E 2E 2E 20 68 6F 77 20 65 6D 62 61 72 72 61 73 73 69 6E 67 2E 2E 2E CD C9 1E E3 28 E3 01 E3 26 6F 6C 64 20 E3 01 63 61 6E 60 74 CD 73 74 E3 08 75 70 20 E3 0C 6C 6F 6E 67 2E 2E 2E D1 E3 ED E3 01 E3 5E E3 00 4C 61 62 3F CD 49 20 68 6F 70 65 20 E3 DB E3 26 73 6F 6D 65 74 68 69 6E 67 CD E3 1F E3 00 54 65 74 72 6F 6E 2E 2E 2E D1 47 61 74 65 61 75 20 E3 1F E3 00 4C 61 62 3F CD C9 1E E3 1A 61 20 E3 9C 77 6F 72 6B 65 72 2E 20 49 CD 74 68 69 6E 6B 20 54 69 72 61 60 73 20 E3 82 6F 66 CD 69 6E 74 65 72 65 73 74 65 64 20 69 6E 20 68 69 6D 2E D1 49 20 E3 58 E3 0A 73 6F 6D 65 6F 6E 65 CD E3 10 E3 00 73 61 6D 65 20 6E 61 6D 65 20 77 68 6F CD 74 72 69 65 64 20 74 6F 20 73 74 65 61 6C 20 E3 00 54 65 74 72 6F 6E 2E CD C9 1E E3 73 E3 35 61 20 63 6F 69 6E 63 69 64 65 6E 63 65 2E	00:5 01:3 08:1 0A:1 0C:1 10:1 15:1 1A:1 1E:3 1F:2 82:1 9C:1 C9:3 CD:10 D1:3 D7:1 DB:1 E0:1 E3:26 ED:1	195	10	3	False	confirmed-record	[TOP][SPEAKER:15]Oh... how embarrassing...\n[C9][1E][E3]([E3][01][E3]&old [E3][01]can`t\nst[E3][08]up [E3][0C]long...\f[E3][ED][E3][01][E3]^[E3][00]Lab?\nI hope [E3][DB][E3]&something\n[E3][1F][E3][00]Tetron...\fGateau [E3][1F][E3][00]Lab?\n[C9][1E][E3][1A]a [E3][9C]worker. I\nthink Tira`s [E3][82]of\ninterested in him.\fI [E3]X[E3][0A]someone\n[E3][10][E3][00]same name who\ntried to steal [E3][00]Tetron.\n[C9][1E][E3]s[E3]5a coincidence.		pending			
EN-08BAF4	main-dialogue-4	0x08BAF4	0x08BB14	32	D7 E0 15 E3 A3 49 20 E3 14 E3 5E 61 CD 72 61 79 20 6F 66 20 68 6F 70 65 2E CD E3 7C 79 6F 75 2E	14:1 15:1 A3:1 CD:2 D7:1 E0:1 E3:4	21	2	0	False	confirmed-record	[TOP][SPEAKER:15][E3][A3]I [E3][14][E3]^a\nray of hope.\n[E3]|you.		pending			
EN-08BC68	main-dialogue-4	0x08BC68	0x08BE1F	439	D7 C2 00 2C 20 C9 1E E3 06 E3 30 E3 00 CD E0 00 20 69 66 20 CD E3 F4 4F 4B 20 E3 10 79 6F 75 2E D1 E3 04 E0 00 CD 73 68 6F 77 73 20 E3 00 66 6C 6F 77 20 6F 66 20 74 69 6D 65 2C CD E3 53 68 65 61 72 64 2E D1 E3 04 E0 00 20 77 69 6C 6C CD E3 85 E3 00 46 6F 72 74 72 65 73 73 60 73 20 77 65 61 6B CD 70 6F 69 6E 74 73 2C 20 73 6F 20 77 65 20 E3 14 64 65 76 65 6C 6F 70 CD 77 65 61 70 6F 6E 73 20 74 6F 20 64 65 66 65 61 74 20 69 74 2E D1 CD 20 C2 00 20 68 61 6E 64 65 64 20 6F 76 65 72 CD C3 02 20 E3 59 31 C3 00 21 D1 CD 20 C2 00 68 61 6E 64 65 64 20 6F 76 65 72 CD C3 02 20 E3 59 32 C3 00 21 D1 CD 20 C2 00 20 68 61 6E 64 65 64 20 6F 76 65 72 CD C3 02 20 E3 59 33 C3 00 21 D1 E3 09 68 61 76 65 CD C9 1E E3 21 75 6E 75 73 75 61 6C 2E CD C3 02 E3 76 41 20 C3 00 69 73 20 61 20 E0 1A 20 70 61 72 74 2E D1 E3 03 73 74 75 64 79 69 6E 67 20 72 6F 62 6F 74 73 2E CD 4C 65 74 20 6D 65 20 E3 5E 69 74 2E CD 20 46 6F 72 20 61 20 6D 6F 6D 65 6E 74 2E CD 20 2E 2E 2E 4E 6F 2E CC D0 52 65 61 6C 6C 79 3F 20 C9 1E E3 7C 79 6F 75 2E CD E3 03 E3 65 E3 0C 69 64 65 61 73 CD E3 0C 69 6E 76 65 6E 74 69 6F 6E 73 2E D1 20 C2 00 20 6C 6F 61 6E 65 64 20 E3 5A CD C3 02 20 E3 76 41 C3 00 2E D1 4C 65 74 20 6D 65 20 62 6F 72 72 6F 77 20 69 74 2E CD E3 03 E3 1F E3 00 4C 61 62 2E CD 49 60 64 20 E3 2D 74 6F 20 6F 62 73 65 72 76 65 20 69 74 2E	00:17 02:5 03:3 04:2 06:1 09:1 0C:2 10:1 14:1 1A:1 1E:3 1F:1 85:1 C2:5 C3:10 C9:3 CC:1 CD:23 D0:1 D1:9 D7:1 E0:4 E3:31 F4:1	311	23	9	True	confirmed-record	[TOP][NAME], [C9][1E][E3][06][E3]0[E3][00]\n[SPEAKER:00] if \n[E3][F4]OK [E3][10]you.\f[E3][04][SPEAKER:00]\nshows [E3][00]flow of time,\n[E3]Sheard.\f[E3][04][SPEAKER:00] will\n[E3][85][E3][00]Fortress`s weak\npoints, so we [E3][14]develop\nweapons to defeat it.\f\n [NAME] handed over\n[YELLOW] [E3]Y1[/HIGHLIGHT]!\f\n [NAME]handed over\n[YELLOW] [E3]Y2[/HIGHLIGHT]!\f\n [NAME] handed over\n[YELLOW] [E3]Y3[/HIGHLIGHT]!\f[E3][09]have\n[C9][1E][E3]!unusual.\n[YELLOW][E3]vA [/HIGHLIGHT]is a [SPEAKER:1A] part.\f[E3][03]studying robots.\nLet me [E3]^it.\n For a moment.\n ...No.[CC][WIPE]Really? [C9][1E][E3]|you.\n[E3][03][E3]e[E3][0C]ideas\n[E3][0C]inventions.\f [NAME] loaned [E3]Z\n[YELLOW] [E3]vA[/HIGHLIGHT].\fLet me borrow it.\n[E3][03][E3][1F][E3][00]Lab.\nI`d [E3]-to observe it.		pending			
EN-08BF65	main-dialogue-4	0x08BF65	0x08C061	252	D7 E0 19 E3 24 66 69 6C 6D 20 E3 16 73 68 6F 74 20 69 6E 20 74 68 65 CD 46 6F 72 74 72 65 73 73 60 73 20 C3 02 45 6E 67 69 6E 65 20 52 6F 6F 6D C3 00 2C 20 CD 69 74 73 20 6E 65 72 76 65 20 63 65 6E 74 65 72 2E D1 42 61 73 65 64 20 6F 6E 20 74 68 69 73 2C 20 77 65 20 73 74 61 72 74 65 64 CD 61 20 73 65 63 72 65 74 20 77 65 61 70 6F 6E 20 74 6F CD 64 65 73 74 72 6F 79 20 E3 00 45 6E 67 69 6E 65 20 52 6F 6F 6D 2E D1 E3 28 E3 1B 64 E3 78 77 65 20 E3 14 73 74 6F 70 CD E3 00 46 6F 72 74 72 65 73 73 2E CD 54 68 69 73 2C 20 C2 00 2C 20 69 73 20 61 6C 6C CD 74 68 61 6E 6B 73 20 74 6F 20 79 6F 75 2E D1 E3 03 E3 25 E3 3E 74 6F 20 E3 00 4C 61 62 CD 74 6F 20 77 6F 72 6B 20 6F 6E 20 E3 00 73 65 63 72 65 74 CD 77 65 61 70 6F 6E 2E 20 53 65 65 20 79 61 2E 2E 2E	00:6 02:1 03:1 14:1 16:1 19:1 1B:1 C2:1 C3:2 CD:9 D1:3 D7:1 E0:1 E3:13	210	9	3	True	confirmed-record	[TOP][SPEAKER:19][E3]$film [E3][16]shot in the\nFortress`s [YELLOW]Engine Room[/HIGHLIGHT], \nits nerve center.\fBased on this, we started\na secret weapon to\ndestroy [E3][00]Engine Room.\f[E3]([E3][1B]d[E3]xwe [E3][14]stop\n[E3][00]Fortress.\nThis, [NAME], is all\nthanks to you.\f[E3][03][E3]%[E3]>to [E3][00]Lab\nto work on [E3][00]secret\nweapon. See ya...		pending			
EN-08C0AB	main-dialogue-4	0x08C0AB	0x08C0FA	79	D7 49 20 68 65 61 72 20 E3 01 E3 20 66 72 6F 6D CD 61 20 70 72 69 6D 69 74 69 76 65 20 73 6F 63 69 65 74 79 20 77 68 65 72 65 CD 73 61 6D 75 72 61 69 20 E3 02 73 77 6F 72 64 73 CD 73 74 75 66 66 65 64 20 69 6E 20 E3 CB 62 65 6C 74 73 2E	01:1 02:1 CB:1 CD:3 D7:1 E3:4	68	3	0	False	confirmed-record	[TOP]I hear [E3][01][E3] from\na primitive society where\nsamurai [E3][02]swords\nstuffed in [E3][CB]belts.		pending			
EN-08C0FB	main-dialogue-4	0x08C0FB	0x08C14E	83	D7 43 68 6F 63 6F 20 68 61 64 20 61 20 62 65 61 75 74 69 66 75 6C CD 63 69 74 79 20 E3 10 62 6F 74 68 20 6D 61 63 68 69 6E 65 73 CD E3 08 4E 61 74 75 72 65 2E 20 E3 36 6E 6F 77 2E 2E 2E CD C9 1E 48 6F 77 20 E3 A4 E3 12 69 74 20 6C 61 73 74 2E 2E 2E	08:1 10:1 12:1 1E:1 A4:1 C9:1 CD:3 D7:1 E3:5	68	3	0	False	confirmed-record	[TOP]Choco had a beautiful\ncity [E3][10]both machines\n[E3][08]Nature. [E3]6now...\n[C9][1E]How [E3][A4][E3][12]it last...		pending			
EN-08C14F	main-dialogue-4	0x08C14F	0x08C182	51	D7 49 20 E3 07 E3 29 74 6F 20 E3 3D 74 6F CD E3 BE 68 69 63 6B 73 2E 20 CD 49 20 E3 07 E3 29 69 74 20 74 6F 20 72 75 62 CD 6F 66 66 20 6F 6E 20 6D 65 2E	07:2 BE:1 CD:3 D7:1 E3:6	38	3	0	False	confirmed-record	[TOP]I [E3][07][E3])to [E3]=to\n[E3][BE]hicks. \nI [E3][07][E3])it to rub\noff on me.		pending			
EN-08C183	main-dialogue-4	0x08C183	0x08C1DA	87	D7 45 76 65 72 79 6F 6E 65 60 73 20 E3 60 74 6F 20 62 65 CD 63 61 6C 6D 2C 20 E3 22 E3 03 73 63 61 72 65 64 2E 2E 2E CD C9 1E 49 66 20 E3 00 46 6F 72 74 72 65 73 73 20 61 74 74 61 63 6B 73 CD 61 67 61 69 6E 2C 20 77 68 61 74 60 6C 6C 20 77 65 20 64 6F 2E 2E 2E	00:1 03:1 1E:1 C9:1 CD:3 D7:1 E3:4	75	3	0	False	confirmed-record	[TOP]Everyone`s [E3]`to be\ncalm, [E3]"[E3][03]scared...\n[C9][1E]If [E3][00]Fortress attacks\nagain, what`ll we do...		pending			
EN-08C1DB	main-dialogue-4	0x08C1DB	0x08C221	70	D7 E3 04 E3 5D 70 61 72 74 20 61 62 6F 75 74 CD 63 6F 6D 69 6E 67 20 E3 A6 69 73 20 E3 15 49 CD E3 14 E3 5E 54 69 72 61 20 63 6C 6F 73 65 20 75 70 2E CD 53 E3 41 65 6C 65 67 61 6E 74 2C 20 E3 08 63 75 74 65 21	04:1 08:1 14:1 15:1 A6:1 CD:3 D7:1 E3:8	53	3	0	False	confirmed-record	[TOP][E3][04][E3]]part about\ncoming [E3][A6]is [E3][15]I\n[E3][14][E3]^Tira close up.\nS[E3]Aelegant, [E3][08]cute!		pending			
EN-08C222	main-dialogue-4	0x08C222	0x08C271	79	D7 49 20 E3 07 E3 3B E3 23 48 61 63 6B 65 72 73 CD 61 72 65 2C 20 E3 22 43 68 6F 63 6F 60 73 CD 73 63 69 65 6E 74 69 73 74 73 20 E3 12 E3 30 63 61 72 65 CD 6F 66 20 74 68 65 6D 2E D1 54 68 65 79 60 72 65 20 65 78 63 65 6C 6C 65 6E 74 21	07:1 12:1 CD:3 D1:1 D7:1 E3:6	66	3	1	False	confirmed-record	[TOP]I [E3][07][E3];[E3]#Hackers\nare, [E3]"Choco`s\nscientists [E3][12][E3]0care\nof them.\fThey`re excellent!		pending			
EN-08C32C	main-dialogue-4	0x08C32C	0x08C369	61	D7 4F 75 72 20 73 63 69 65 6E 74 69 73 74 73 20 E3 1C 70 72 6F 75 64 CD 6F 66 20 E3 0E 73 70 61 63 65 73 68 69 70 2E 20 49 74 CD E3 12 62 65 20 E3 9C 74 6F 20 64 65 73 74 72 6F 79 2E	0E:1 12:1 1C:1 9C:1 CD:2 D7:1 E3:4	50	2	0	False	confirmed-record	[TOP]Our scientists [E3][1C]proud\nof [E3][0E]spaceship. It\n[E3][12]be [E3][9C]to destroy.		pending			
EN-08C36A	main-dialogue-4	0x08C36A	0x08C3A9	63	D7 4E 6F 20 E3 78 E3 1F 43 68 6F 63 6F CD E3 18 65 76 65 72 20 E3 3C 69 6E 73 69 64 65 CD E3 00 46 6F 72 74 72 65 73 73 20 62 65 66 6F 72 65 2E 2E 2E CD E3 03 65 78 63 69 74 65 64 2E 2E 2E	00:1 03:1 18:1 1F:1 CD:3 D7:1 E3:6	49	3	0	False	confirmed-record	[TOP]No [E3]x[E3][1F]Choco\n[E3][18]ever [E3]<inside\n[E3][00]Fortress before...\n[E3][03]excited...		pending			
EN-08C400	main-dialogue-4	0x08C400	0x08C428	40	D7 49 20 E3 6F E3 00 64 72 61 77 CD 73 6F 20 49 20 E3 02 74 6F 20 67 6F 2E 2E 2E CD C9 1E 54 6F 6F 20 62 61 64 2E 2E 2E	00:1 02:1 1E:1 C9:1 CD:2 D7:1 E3:3	30	2	0	False	confirmed-record	[TOP]I [E3]o[E3][00]draw\nso I [E3][02]to go...\n[C9][1E]Too bad...		pending			
EN-08C429	main-dialogue-4	0x08C429	0x08C456	45	D7 49 73 20 54 69 72 61 20 73 61 66 65 3F CD 49 20 68 6F 70 65 20 6E 6F 74 68 69 6E 67 CD 68 61 70 70 65 6E 73 20 74 6F 20 68 65 72 2E	CD:2 D7:1	42	2	0	False	confirmed-record	[TOP]Is Tira safe?\nI hope nothing\nhappens to her.		pending			
EN-08C4A8	main-dialogue-4	0x08C4A8	0x08C4F7	79	D7 57 65 60 6C 6C 20 63 6C 6F 73 65 20 69 6E 20 6F 6E 20 74 68 65 CD 46 6F 72 74 72 65 73 73 20 69 6E 20 68 69 67 68 2D 73 70 65 65 64 CD 57 61 72 70 2E 20 E3 09 E3 0F E3 B9 74 68 65 CD 62 61 74 68 72 6F 6F 6D 20 69 6E 20 57 61 72 70 2E	09:1 0F:1 B9:1 CD:3 D7:1 E3:3	69	3	0	False	confirmed-record	[TOP]We`ll close in on the\nFortress in high-speed\nWarp. [E3][09][E3][0F][E3][B9]the\nbathroom in Warp.		pending			
EN-08C5A9	main-dialogue-4	0x08C5A9	0x08C5B4	11	D7 CD E3 19 E3 16 74 68 61 74 3F	16:1 19:1 CD:1 D7:1 E3:2	5	1	0	False	confirmed-record	[TOP]\n[E3][19][E3][16]that?		pending			
EN-08C5B5	main-dialogue-4	0x08C5B5	0x08C5FE	73	D7 E3 04 48 61 63 6B 65 72 73 CD E3 1C 61 74 74 61 63 6B 69 6E 67 21 D1 57 68 61 74 21 3F CD C9 1E 42 61 74 74 6C 65 20 73 74 61 74 69 6F 6E 73 21 CD 4C 61 75 6E 63 68 20 61 20 63 6F 75 6E 74 65 72 61 74 74 61 63 6B 21	04:1 1C:1 1E:1 C9:1 CD:3 D1:1 D7:1 E3:2	62	3	1	False	confirmed-record	[TOP][E3][04]Hackers\n[E3][1C]attacking!\fWhat!?\n[C9][1E]Battle stations!\nLaunch a counterattack!		pending			
EN-08C5FF	main-dialogue-4	0x08C5FF	0x08C62C	45	D7 43 61 70 74 61 69 6E 21 CD E3 04 42 61 74 74 65 72 79 60 73 20 E3 3C 68 69 74 21 CD 57 65 20 E3 0F 66 69 67 68 74 20 62 61 63 6B 21	04:1 0F:1 CD:2 D7:1 E3:3	37	2	0	False	confirmed-record	[TOP]Captain!\n[E3][04]Battery`s [E3]<hit!\nWe [E3][0F]fight back!		pending			
EN-08C62D	main-dialogue-4	0x08C62D	0x08C663	54	D7 43 61 70 74 61 69 6E 21 20 E3 04 45 6E 67 69 6E 65 20 52 6F 6F 6D 60 73 CD 75 6E 64 65 72 20 61 74 74 61 63 6B 21 CD 43 6F 6E 64 69 74 69 6F 6E 20 52 65 64 21	04:1 CD:2 D7:1 E3:1	49	2	0	False	confirmed-record	[TOP]Captain! [E3][04]Engine Room`s\nunder attack!\nCondition Red!		pending			
EN-08C664	main-dialogue-4	0x08C664	0x08C6C0	92	D7 43 61 70 74 61 69 6E 21 CD 41 6E 20 45 6E 65 72 67 79 20 52 65 66 6C 65 63 74 69 6F 6E CD 69 73 20 68 65 61 64 65 64 20 6F 75 72 20 77 61 79 21 CD E3 0D 68 75 67 65 21 D1 CD E3 2A 6E 6F 21 C9 1E 20 4E 6F 20 65 73 63 61 70 65 21 CD C9 1E E3 8F 64 E3 78 66 6F 72 21 21 21 21	0D:1 1E:2 8F:1 C9:2 CD:5 D1:1 D7:1 E3:4	75	5	1	False	confirmed-record	[TOP]Captain!\nAn Energy Reflection\nis headed our way!\n[E3][0D]huge!\f\n[E3]*no![C9][1E] No escape!\n[C9][1E][E3][8F]d[E3]xfor!!!!		pending			
EN-08C86C	main-dialogue-4	0x08C86C	0x08C974	264	D7 E0 03 48 6F 77 20 64 6F 20 E3 01 E3 2D E3 00 73 68 69 70 3F CD E3 0D E3 00 5B 4D 65 74 61 6C 20 49 72 6F 6E 5D 2C CD E3 08 E3 1B E3 71 6D 69 6E 65 21 D1 E3 0D 61 20 E3 A4 73 74 6F 72 79 2E 20 4D 79 CD 62 75 73 69 6E 65 73 73 20 66 61 69 6C 65 64 2C 20 E3 08 49 CD 70 75 74 20 69 74 20 75 70 20 61 73 20 63 6F 6C 6C 61 74 65 72 61 6C CD 6F 6E 20 61 20 6C 6F 61 6E 2E D1 54 68 65 6E 20 49 20 E3 16 E3 D3 69 66 20 49 20 73 70 69 65 64 CD 6F 6E 20 61 20 63 65 72 74 61 69 6E 20 6B 69 64 20 E3 1F 61 CD 63 65 72 74 61 69 6E 20 70 6C 61 6E 65 74 2C 20 74 68 65 79 CD E3 2B E3 37 69 74 20 62 61 63 6B 2E D1 53 6F 20 C9 28 49 20 77 61 74 63 68 65 64 20 79 6F 75 2E CD C9 1E E3 2E 43 6F 6D 6D 6F 6E 20 74 68 69 65 66 3F CD C9 1E E3 34 E3 2C E3 35 61 20 CD 73 69 64 65 20 62 75 73 69 6E 65 73 73 2E	00:2 01:1 03:1 08:2 0D:2 16:1 1B:1 1E:2 1F:1 A4:1 C9:3 CD:11 D1:3 D3:1 D7:1 E0:1 E3:20	210	11	3	False	confirmed-record	[TOP][SPEAKER:03]How do [E3][01][E3]-[E3][00]ship?\n[E3][0D][E3][00][Metal Iron],\n[E3][08][E3][1B][E3]qmine!\f[E3][0D]a [E3][A4]story. My\nbusiness failed, [E3][08]I\nput it up as collateral\non a loan.\fThen I [E3][16][E3][D3]if I spied\non a certain kid [E3][1F]a\ncertain planet, they\n[E3]+[E3]7it back.\fSo [C9](I watched you.\n[C9][1E][E3].Common thief?\n[C9][1E][E3]4[E3],[E3]5a \nside business.		pending			
EN-08C975	main-dialogue-4	0x08C975	0x08C9FC	135	D7 E0 03 E3 88 E3 63 E3 01 69 6E 20 61 20 70 6C 61 63 65 CD E3 2D 74 68 61 74 3F D1 C9 3C 2E 2E 2E C9 3C 57 68 61 74 21 3F CD 47 6F 69 6E 67 20 74 6F 20 E3 00 46 6F 72 74 72 65 73 73 21 3F D1 E3 09 E3 8E 73 61 76 65 20 68 65 72 2C 20 62 75 74 CD C9 1E 69 66 20 E3 01 E3 42 65 6E 65 6D 69 65 73 20 6F 66 CD 74 68 65 6D 2C 20 31 30 30 30 20 6C 69 76 65 73 20 77 6F 6E 60 74 CD 62 65 20 65 6E 6F 75 67 68 21	00:1 01:2 03:1 09:1 1E:1 88:1 8E:1 C9:3 CD:5 D1:2 D7:1 E0:1 E3:9	106	5	2	False	confirmed-record	[TOP][SPEAKER:03][E3][88][E3]c[E3][01]in a place\n[E3]-that?\f[C9]<...[C9]<What!?\nGoing to [E3][00]Fortress!?\f[E3][09][E3][8E]save her, but\n[C9][1E]if [E3][01][E3]Benemies of\nthem, 1000 lives won`t\nbe enough!		pending			
EN-08C9FD	main-dialogue-4	0x08C9FD	0x08CA80	131	D7 E0 03 57 68 6F 20 69 73 20 73 68 65 21 20 49 20 68 61 76 65 CD C9 1E 62 75 73 69 6E 65 73 73 20 61 74 20 E3 00 46 6F 72 74 72 65 73 73 2E CD E3 03 61 20 E3 CD 62 75 73 69 6E 65 73 73 6D 61 6E 21 D1 D3 46 CA D7 E0 03 57 69 74 68 20 57 61 72 70 20 77 65 60 6C 6C 20 E3 26 74 6F CD E3 00 46 6F 72 74 72 65 73 73 20 69 6E 20 E3 78 6A 75 6D 70 2E CD 53 69 74 20 64 6F 77 6E 20 74 68 65 72 65 2E	00:2 03:3 1E:1 C9:1 CA:1 CD:5 D1:1 D3:1 D7:2 E0:2 E3:6	106	5	1	False	confirmed-record	[TOP][SPEAKER:03]Who is she! I have\n[C9][1E]business at [E3][00]Fortress.\n[E3][03]a [E3]\nbusinessman!\f[D3]F[CA][TOP][SPEAKER:03]With Warp we`ll [E3]&to\n[E3][00]Fortress in [E3]xjump.\nSit down there.		pending			
EN-08CA81	main-dialogue-4	0x08CA81	0x08CB73	242	D7 E0 03 57 65 60 76 65 20 61 72 72 69 76 65 64 20 61 74 20 74 68 65 CD 72 69 67 68 74 20 6C 6F 63 61 74 69 6F 6E 2E 20 46 6F 6C 6C 6F 77 20 6D 65 21 D1 E0 04 57 61 69 74 21 CD E3 06 67 6F 20 E3 10 79 6F 75 21 21 DE D7 E0 03 E3 0B 6B 69 64 64 69 6E 67 21 21 D1 C9 1E 49 66 20 E3 01 E3 20 61 E3 A4 69 74 20 77 69 6C 6C CD E3 35 63 6F 6D 70 6C 69 63 61 74 65 20 74 68 69 6E 67 73 2E CD 53 74 61 79 20 68 65 72 65 21 D1 E0 04 45 78 63 E3 B9 6D 65 21 CD E3 19 64 6F 20 E3 01 6D 65 61 6E 20 62 79 20 74 68 61 74 3F 21 CD C9 1E 43 E3 71 6D 65 20 4D 69 6E 74 21 DE D7 E0 03 41 6E 79 77 61 79 2C 20 C9 1E 69 66 20 49 20 67 6F 20 69 6E CD E3 06 E3 3D 74 6F 20 74 68 65 6D 2E CD C9 1E 48 6F 6C 64 20 64 6F 77 6E 20 E3 00 66 6F 72 74 21	00:1 01:2 03:3 04:2 06:2 0B:1 10:1 19:1 1E:4 A4:1 B9:1 C9:4 CD:8 D1:3 D7:3 DE:2 E0:5 E3:14	184	8	3	False	confirmed-record	[TOP][SPEAKER:03]We`ve arrived at the\nright location. Follow me!\f[SPEAKER:04]Wait!\n[E3][06]go [E3][10]you!![DE][TOP][SPEAKER:03][E3][0B]kidding!!\f[C9][1E]If [E3][01][E3] a[E3][A4]it will\n[E3]5complicate things.\nStay here!\f[SPEAKER:04]Exc[E3][B9]me!\n[E3][19]do [E3][01]mean by that?!\n[C9][1E]C[E3]qme Mint![DE][TOP][SPEAKER:03]Anyway, [C9][1E]if I go in\n[E3][06][E3]=to them.\n[C9][1E]Hold down [E3][00]fort!		pending			
EN-08CB74	main-dialogue-4	0x08CB74	0x08CB8F	27	D7 E0 03 E3 04 6E 65 77 73 20 69 73 20 6F 75 74 21 CD C2 00 20 72 69 67 68 74 3F	00:1 03:1 04:1 C2:1 CD:1 D7:1 E0:1 E3:1	19	1	0	False	confirmed-record	[TOP][SPEAKER:03][E3][04]news is out!\n[NAME] right?		pending			
EN-08CD0E	main-dialogue-4	0x08CD0E	0x08CD5F	81	D7 E0 04 53 70 61 63 65 21 CD C9 1E 50 72 69 6E 63 65 73 73 21 CD C9 1E 46 6F 72 74 72 65 73 73 21 D1 4C 69 6B 65 20 73 63 69 65 6E 63 65 20 66 69 63 74 69 6F 6E 21 CD 49 20 E3 14 77 72 69 74 65 20 61 20 67 6F 6F 64 CD 61 72 74 69 63 6C 65 2E	04:1 14:1 1E:2 C9:2 CD:4 D1:1 D7:1 E0:1 E3:1	67	4	1	False	confirmed-record	[TOP][SPEAKER:04]Space!\n[C9][1E]Princess!\n[C9][1E]Fortress!\fLike science fiction!\nI [E3][14]write a good\narticle.		pending			
EN-08CD60	main-dialogue-4	0x08CD60	0x08CD99	57	D7 E0 04 48 65 72 65 20 49 20 67 6F 21 D1 52 65 73 63 75 69 6E 67 20 61 20 50 72 69 6E 63 65 73 73 2E CD E3 2C 68 6F 77 20 E3 01 E3 26 74 6F 20 62 65 CD 61 20 6D 61 6E 21	01:1 04:1 CD:2 D1:1 D7:1 E0:1 E3:3	47	2	1	False	confirmed-record	[TOP][SPEAKER:04]Here I go!\fRescuing a Princess.\n[E3],how [E3][01][E3]&to be\na man!		pending			
EN-08CDC7	main-dialogue-4	0x08CDC7	0x08CEBD	246	D7 E0 03 59 6F 75 2E 2E 2E 20 C9 3C 59 6F 75 2E 2E 2E C9 3C 54 6F 6D 62 6F 79 21 CD C9 1E 48 6F 77 20 E3 BC E3 01 67 65 74 CD 61 62 6F 61 72 64 20 6D 79 20 73 68 69 70 21 3F DE D7 E0 04 49 20 E3 3B 68 6F 77 20 74 6F 20 74 61 69 6C 20 70 65 6F 70 6C 65 2E CD C9 1E 49 20 E3 16 66 6F 6C 6C 6F 77 69 6E 67 20 61 20 6D 61 6E 2C CD E3 08 E3 2F E3 0E 73 68 69 70 2E DE D7 2E 2E 2E 42 79 20 E3 00 E3 FB 2E 2E 2E CD C9 14 49 20 E3 58 E3 23 E3 01 73 61 69 64 21 CD 41 20 46 6F 72 74 72 65 73 73 2E 20 41 20 50 72 69 6E 63 65 73 73 2E CD 53 6F 75 6E 64 73 20 69 6E 74 65 72 65 73 74 69 6E 67 21 D1 E0 03 E3 0D 6E 6F 74 21 20 47 65 74 74 69 6E 67 20 69 6E 76 6F 6C 76 65 64 CD 69 6E 20 E3 C8 61 20 6D 65 73 73 2E CD 4E 6F 20 74 68 61 6E 6B 73 21 21	00:1 01:2 03:2 04:1 08:1 0D:1 0E:1 14:1 16:1 1E:2 BC:1 C8:1 C9:5 CD:9 D1:1 D7:3 DE:2 E0:3 E3:14 FB:1	193	9	1	False	confirmed-record	[TOP][SPEAKER:03]You... [C9]<You...[C9]<Tomboy!\n[C9][1E]How [E3][BC][E3][01]get\naboard my ship!?[DE][TOP][SPEAKER:04]I [E3];how to tail people.\n[C9][1E]I [E3][16]following a man,\n[E3][08][E3]/[E3][0E]ship.[DE][TOP]...By [E3][00][E3][FB]...\n[C9][14]I [E3]X[E3]#[E3][01]said!\nA Fortress. A Princess.\nSounds interesting!\f[SPEAKER:03][E3][0D]not! Getting involved\nin [E3][C8]a mess.\nNo thanks!!		pending			
EN-08CEBE	main-dialogue-4	0x08CEBE	0x08CFBD	255	D7 E0 04 57 61 69 74 2C 20 C9 1E 79 6F 75 21 CD C9 1E E3 53 E3 3C 6C 69 73 74 65 6E 69 6E 67 2E CD E3 19 61 20 63 6F 77 61 72 64 21 DE D7 E3 24 E3 39 62 6F 79 20 69 73 20 67 6F 69 6E 67 CD 74 6F 20 E3 00 46 6F 72 74 72 65 73 73 2C 20 E3 08 79 6F 75 CD E3 0F 68 65 6C 70 3F 20 E3 6B E3 01 61 CD 6D 61 6E 20 6F 72 20 61 20 6D 6F 75 73 65 21 3F D1 E0 03 57 68 61 2E 2E 2E 20 C9 1E 57 68 61 74 21 3F CD C9 3C 2E 2E 2E C9 1E 49 66 20 E3 01 73 61 79 20 74 68 61 74 2C 20 49 60 6C 6C CD E3 02 74 6F 20 64 6F 20 73 6F 6D 65 74 68 69 6E 67 21 D1 49 20 73 65 65 2E 20 C9 1E 46 6F 72 74 72 65 73 73 20 6F 72 20 6E 6F 74 2C CD E3 06 67 6F 20 61 6E 79 77 68 65 72 65 21 CD C9 1E E3 36 E3 06 E3 35 67 6F 21 20 49 20 77 6F 6E 60 74 CD 62 65 20 72 65 73 70 6F 6E 73 69 62 6C 65 21	00:1 01:2 02:1 03:1 04:1 06:2 08:1 0F:1 19:1 1E:6 C9:7 CD:10 D1:2 D7:2 DE:1 E0:2 E3:16	198	10	2	False	confirmed-record	[TOP][SPEAKER:04]Wait, [C9][1E]you!\n[C9][1E][E3]S[E3]<listening.\n[E3][19]a coward![DE][TOP][E3]$[E3]9boy is going\nto [E3][00]Fortress, [E3][08]you\n[E3][0F]help? [E3]k[E3][01]a\nman or a mouse!?\f[SPEAKER:03]Wha... [C9][1E]What!?\n[C9]<...[C9][1E]If [E3][01]say that, I`ll\n[E3][02]to do something!\fI see. [C9][1E]Fortress or not,\n[E3][06]go anywhere!\n[C9][1E][E3]6[E3][06][E3]5go! I won`t\nbe responsible!		pending			
EN-08CFBE	main-dialogue-4	0x08CFBE	0x08CFD7	25	D7 2E 2E 2E 57 61 69 74 21 CD 41 20 6D 6F 75 73 65 3F 20 48 65 72 65 21 3F	CD:1 D7:1	23	1	0	False	confirmed-record	[TOP]...Wait!\nA mouse? Here!?		pending			
EN-08D051	main-dialogue-4	0x08D051	0x08D082	49	D7 2E 2E 2E 2E 2E 2E 48 65 79 21 21 CD C9 1E 57 61 6B 65 20 75 70 2C 20 49 20 73 61 69 64 2E CD 44 69 64 6E 60 74 20 E3 01 68 65 61 72 20 6D 65 21	01:1 1E:1 C9:1 CD:2 D7:1 E3:1	42	2	0	False	confirmed-record	[TOP]......Hey!!\n[C9][1E]Wake up, I said.\nDidn`t [E3][01]hear me!		pending			
EN-08D083	main-dialogue-4	0x08D083	0x08D15B	216	D7 E0 03 49 20 E3 02 74 6F 20 E3 30 E3 AC 6F 66 20 79 6F 75 CD C9 3C E3 71 E3 00 74 69 6D 65 21 CD E3 17 E3 01 E3 9D 6D 65 3F D1 E3 31 E3 1B 6D 65 2E CD 4B 6F 74 65 74 73 75 2E CD C9 1E E3 0D E3 3C 61 20 E3 A4 74 69 6D 65 2E D1 E3 09 73 75 72 70 72 69 73 65 64 20 6D 65 2E CD C9 1E 49 20 E3 16 E3 65 66 6F 72 CD 76 61 6C 75 61 62 6C 65 73 20 6F 6E 20 E3 00 64 6F 77 6E 65 64 CD 73 68 69 70 2C 20 E3 08 73 61 77 20 E3 01 74 68 65 72 65 2E D1 C9 1E E3 28 E3 01 63 61 6C 6D 20 64 6F 77 6E 2C 20 63 6F 6D 65 CD C9 1E 68 65 72 65 2E 20 E3 06 E3 4F E3 01 61 6C 6C CD 6D 79 20 73 74 6F 72 69 65 73 2E 20 E3 40 68 65 61 64 CD E3 12 62 65 20 66 75 6C 6C 21	00:2 01:4 02:1 03:1 06:1 08:1 09:1 0D:1 12:1 16:1 17:1 1B:1 1E:4 9D:1 A4:1 AC:1 C9:5 CD:10 D1:3 D7:1 E0:1 E3:26	147	10	3	False	confirmed-record	[TOP][SPEAKER:03]I [E3][02]to [E3]0[E3][AC]of you\n[C9]<[E3]q[E3][00]time!\n[E3][17][E3][01][E3][9D]me?\f[E3]1[E3][1B]me.\nKotetsu.\n[C9][1E][E3][0D][E3]<a [E3][A4]time.\f[E3][09]surprised me.\n[C9][1E]I [E3][16][E3]efor\nvaluables on [E3][00]downed\nship, [E3][08]saw [E3][01]there.\f[C9][1E][E3]([E3][01]calm down, come\n[C9][1E]here. [E3][06][E3]O[E3][01]all\nmy stories. [E3]@head\n[E3][12]be full!		pending			
EN-08DC17	main-dialogue-4	0x08DC17	0x08E52E	2327	D7 E1 E8 E1 D7 E1 D7 E1 79 DE 79 DE 79 DE 79 DE 79 DE 79 DE 79 DE F9 E1 F9 E1 F9 E1 F9 E1 79 DE 0A E2 0A E2 0A E2 0A E2 0A E2 0A E2 0A E2 0A E2 1B E2 79 DE 2C E2 2C E2 2C E2 2C E2 2C E2 2C E2 2C E2 2C E2 2C E2 2C E2 2C E2 60 E1 2D E1 3D E2 79 DE 79 DE 4E E2 79 DE 79 DE 79 DE 79 DE 79 DE 79 DE 79 DE 79 DE 79 DE 79 DE 79 DE 5F E2 5F E2 5F E2 5F E2 5F E2 5F E2 5F E2 5F E2 5F E2 5F E2 5F E2 5F E2 5F E2 5F E2 5F E2 5F E2 5F E2 70 E2 81 E2 92 E2 92 E2 92 E2 92 E2 92 E2 92 E2 92 E2 92 E2 92 E2 92 E2 92 E2 92 E2 92 E2 A3 E2 B4 E2 B4 E2 B4 E2 B4 E2 C5 E2 D6 E2 D6 E2 D6 E2 D6 E2 D6 E2 D6 E2 D6 E2 E7 E2 F9 E1 F8 E2 09 E3 1A E3 09 E3 09 E3 09 E3 09 E3 09 E3 09 E3 09 E3 2B E3 09 E3 09 E3 09 E3 09 E3 09 E3 09 E3 09 E3 09 E3 09 E3 09 E3 09 E3 3C E3 09 E3 09 E3 09 E3 09 E3 09 E3 09 E3 09 E3 09 E3 09 E3 09 E3 09 E3 4D E3 5E E3 09 E3 6F E3 09 E3 09 E3 09 E3 09 E3 09 E3 09 E3 80 E3 09 E3 91 E3 79 DE 79 DE 79 DE 79 DE 79 DE 79 DE 79 DE 79 DE 79 DE 79 DE 79 DE 79 DE 79 DE A6 DF 50 E0 50 E0 50 E0 50 E0 50 E0 50 E0 BD DE A2 E3 A2 E3 0D DF 2F DF EB DE EB DE EB DE FC DE FC DE 40 DF 79 DE 79 DE B3 E3 B3 E3 B3 E3 B3 E3 B7 DF C8 DF D9 DF D9 DF D9 DF D9 DF D9 DF D9 DF D9 DF D9 DF D9 DF D9 DF D9 DF D9 DF D9 DF 61 E0 C4 E3 C4 E3 D5 E3 79 DE 79 DE A2 E3 72 E0 79 DE 79 DE 79 DE E6 E3 E6 E3 CE DE D9 DF F7 E3 08 E4 08 E4 19 E4 19 E4 4D E3 2A E4 3B E4 40 DF 79 DE 79 DE 79 DE 79 DE 79 DE 79 DE 4C E4 4C E4 4C E4 5D E4 6E E4 7F E4 6E E4 7F E4 6E E4 6E E4 6E E4 90 E4 6E E4 6E E4 6E E4 6E E4 6E E4 6E E4 6E E4 6E E4 6E E4 A1 E4 6E E4 6E E4 6E E4 6E E4 B2 E4 90 E4 6E E4 6E E4 C3 E4 6E E4 6E E4 D4 E4 F9 E1 6E E4 6E E4 6E E4 79 DE 79 DE 79 DE 79 DE 79 DE 79 DE 79 DE 79 DE E5 E4 E5 E4 F6 E4 F6 E4 6E E4 6E E4 6E E4 6E E4 6E E4 6E E4 07 E5 07 E5 07 E5 6E E4 6E E4 6E E4 6E E4 6E E4 6E E4 79 DE 6E E4 79 DE 79 DE 79 DE 79 DE 79 DE 79 DE 79 DE 79 DE 20 20 20 46 72 6F 6D 20 53 74 61 72 74 20 20 20 CC 20 20 20 51 75 69 6E 74 65 6E 69 78 20 20 20 20 CC 20 20 20 20 54 68 65 20 50 61 73 74 20 20 20 20 CC 20 20 20 20 54 68 65 20 56 6F 69 64 20 20 20 20 CC 20 20 20 20 20 52 6F 63 6F 63 6F 20 20 20 20 20 CC 20 C2 00 60 73 20 48 6F 75 73 65 CC 20 20 20 20 20 52 20 26 20 44 20 20 20 20 20 20 CC 20 20 50 6F 70 73 60 73 20 48 6F 75 73 65 20 20 CC 20 43 6F 6B 65 72 60 73 20 48 6F 75 73 65 20 20 CC 20 53 74 65 6C 6C 61 60 73 20 48 6F 75 73 65 20 CC 20 20 20 20 20 50 6F 6C 69 63 65 20 20 20 20 20 CC 20 20 43 61 72 6C 60 73 20 48 6F 75 73 65 20 20 CC 20 20 20 54 6F 6F 6C 20 53 68 6F 70 20 20 20 20 CC 20 20 54 75 6E 6E 65 6C 20 4D 6F 75 74 68 20 20 CC 20 46 61 74 68 65 72 60 73 20 48 6F 75 73 65 20 CC 20 20 20 20 20 48 61 72 62 6F 72 20 20 20 20 20 CC 20 46 6C 61 76 6F 6E 60 73 20 48 6F 75 73 65 20 CC 20 20 46 69 73 68 65 72 6D 61 6E 60 73 20 20 20 CC 20 20 20 20 20 46 6F 72 65 73 74 20 20 20 20 20 CC 20 20 20 20 20 52 69 76 65 72 20 20 20 20 20 20 CC 20 20 20 43 61 76 65 20 4D 6F 75 74 68 20 20 20 CC 20 20 20 20 20 20 43 61 76 65 20 20 20 20 20 20 CC 20 20 20 20 42 61 73 65 20 45 6E 74 2E 20 20 20 CC 20 20 20 20 20 20 4D 69 6E 65 20 20 20 20 20 20 CC 20 20 20 52 61 69 6C 20 53 74 6F 70 20 20 20 20 CC 20 20 20 20 20 20 20 48 51 20 20 20 20 20 20 20 CC 20 20 20 4D 6F 6E 65 79 20 52 6F 6F 6D 20 20 20 CC 20 20 20 20 20 49 73 6C 61 6E 64 20 20 20 20 20 CC 20 46 2E 20 6F 66 20 49 6C 6C 75 73 69 6F 6E 20 CC 20 46 2E 20 6F 66 20 49 6C 6C 75 73 69 6F 6E 20 CC 20 20 20 4F 6C 64 20 48 6F 75 73 65 20 20 20 20 CC 20 20 48 6F 75 73 65 20 2D 20 44 6F 6F 72 20 20 CC 20 20 20 20 4C 69 62 72 61 72 79 20 20 20 20 20 CC 20 20 20 57 65 73 74 20 48 61 6C 6C 20 20 20 20 CC 20 20 20 4C 6F 77 65 72 20 52 6F 6F 6D 20 20 20 CC 20 20 43 6C 6F 63 6B 20 54 6F 77 65 72 20 20 20 CC 20 20 20 20 54 6F 77 65 72 20 45 6E 74 2E 20 20 CC 20 20 20 54 6F 6D 62 73 74 6F 6E 65 20 20 20 20 CC 20 20 43 68 69 63 6B 65 6E 20 46 61 72 6D 20 20 CC 20 20 20 20 20 20 50 69 65 72 20 20 20 20 20 20 CC 20 20 20 20 56 69 6C 6C 61 67 65 20 20 20 20 20 CC 20 45 6C 64 65 72 60 20 73 20 48 6F 75 73 65 20 CC 20 20 20 20 20 20 49 6E 6E 20 20 20 20 20 20 20 CC 20 20 53 68 61 6D 61 6E 20 48 6F 75 73 65 20 20 CC 20 20 20 20 56 6F 6C 63 61 6E 6F 20 20 20 20 20 CC 20 20 42 69 6F 20 4C 61 62 20 45 6E 74 2E 20 20 CC 20 20 20 20 42 69 6F 20 4C 61 62 20 20 20 20 20 CC 20 20 43 68 69 65 66 60 73 20 52 6F 6F 6D 20 20 CC 20 20 20 20 4B 69 74 63 68 65 6E 20 20 20 20 20 CC 20 20 20 4C 75 6E 63 68 72 6F 6F 6D 20 20 20 20 CC 20 20 20 20 20 52 20 26 20 44 20 20 20 20 20 20 CC 20 20 20 53 65 63 72 65 74 20 4C 61 62 20 20 20 CC 20 20 45 69 6E 73 74 20 48 6F 75 73 65 20 20 20 CC 20 20 20 20 20 54 6F 69 6C 65 74 20 20 20 20 20 CC 20 20 56 6F 6C 63 61 6E 6F 20 43 61 76 65 20 20 CC 20 20 20 20 20 49 6E 6C 65 74 20 20 20 20 20 20 CC 20 20 20 20 20 53 68 72 69 6E 65 20 20 20 20 20 CC 20 20 51 75 61 6B 65 20 44 65 76 69 63 65 20 20 CC 20 20 20 49 73 6C 65 20 53 68 6F 70 20 20 20 20 CC 20 20 20 20 20 54 75 6E 6E 65 6C 20 20 20 20 20 CC 20 20 20 52 65 63 65 70 74 69 6F 6E 20 20 20 20 CC 20 20 4D 61 79 6F 72 60 73 20 52 6F 6F 6D 20 20 CC 20 4D 61 79 6F 72 60 73 20 48 6F 75 73 65 20 20 CC 20 20 53 6E 6F 77 20 48 61 72 62 6F 72 20 20 20 CC 20 20 20 20 53 6E 6F 77 20 4D 74 2E 20 20 20 20 CC 20 20 20 20 42 61 73 65 20 45 6E 74 2E 20 20 20 CC 20 20 20 20 41 69 72 20 42 61 73 65 20 20 20 20 CC 20 20 44 65 73 69 67 6E 20 52 6F 6F 6D 20 20 20 CC 20 20 46 6F 72 74 72 65 73 73 20 45 6E 74 2E 20 CC 20 20 20 20 46 6F 72 74 72 65 73 73 20 20 20 20 CC 20 20 20 20 57 61 72 20 52 6F 6F 6D 20 20 20 20 CC 20 20 20 44 72 2E 47 60 73 20 4C 61 62 20 20 20 CC 20 20 20 57 61 74 65 72 77 6F 72 6B 73 20 20 20 CC 20 20 4D 65 65 74 69 6E 67 20 52 6F 6F 6D 20 20 CC 20 20 50 72 69 73 6F 6E 20 43 65 6C 6C 20 20 20 CC 20 20 20 20 20 20 20 48 51 20 20 20 20 20 20 20 CC 20 20 20 4C 61 73 65 72 20 52 6F 6F 6D 20 20 20 CC 20 20 20 20 43 6F 6D 70 75 74 65 72 20 20 20 20 CC 20 50 6F 6C 6F 6E 60 73 20 48 6F 75 73 65 20 20 CC 20 43 6F 75 6E 74 60 73 20 48 6F 75 73 65 20 20 CC 20 20 20 53 70 61 63 65 73 68 69 70 20 20 20 20 CC 20 20 20 43 6C 61 73 73 72 6F 6F 6D 20 20 20 20 CC 20 20 20 20 20 4B 69 72 61 72 61 20 20 20 20 20 CC 20 20 20 20 20 43 68 6F 63 6F 20 20 20 20 20 20 CC 20 20 20 20 53 68 65 6C 74 65 72 20 20 20 20 20 CC 20 20 20 43 68 6F 63 6F 20 4C 61 62 20 20 20 20 CC 20 20 20 20 43 68 6F 63 6F 20 48 51 20 20 20 20 CC 20 20 4C 69 76 69 6E 67 20 41 72 65 61 20 20 20 CC 20 20 20 4D 65 74 61 6C 20 49 72 6F 6E 20 20 20 CC 20 20 20 53 70 61 63 65 73 68 69 70 20 20 20 20 CC 20 20 20 20 46 6F 72 74 72 65 73 73 20 20 20 20 CC 20 20 52 65 6E 74 61 6C 20 52 6F 6F 6D 20 20 20 CC 20 20 52 65 73 74 20 53 74 61 74 69 6F 6E 20 20 CC 20 20 20 20 45 6C 65 76 61 74 6F 72 20 20 20 20 CC 20 20 20 20 20 50 72 69 73 6F 6E 20 20 20 20 20 CC 20 20 20 57 61 72 65 68 6F 75 73 65 20 20 20 20 CC 20 47 61 74 65 61 75 60 73 20 52 6F 6F 6D 20 20 CC 20 20 54 72 61 73 68 20 43 68 75 74 65 20 20 20 CC 20 20 45 6E 67 69 6E 65 20 52 6F 6F 6D 20 20 20 CC 20 20 20 46 6F 72 74 2E 20 52 6F 6F 6D 20 20 20 CC D7 2E 2E 2E 41 68 21 20 41 20 6D 6F 75 73 65 21 CD 57 61 69 74 21	00:1 07:3 08:2 09:38 0A:8 0D:1 19:2 1A:1 1B:1 50:5 79:1 7F:2 80:1 81:1 90:2 91:1 92:13 A1:1 A2:3 A3:1 A6:1 B2:1 B3:4 B4:4 B7:1 BD:1 C2:1 C3:1 C4:2 C5:1 C8:1 CC:100 CD:1 CE:1 D4:1 D5:1 D6:7 D7:4 D9:14 DE:72 DF:21 E0:8 E1:12 E2:69 E3:60 E4:60 E5:5 E6:2 E7:1 E8:1 EB:3 F6:2 F7:1 F8:1 F9:6 FC:2	1766	1	0	False	confirmed-record	[TOP][E1][E8][E1][TOP][E1][TOP][E1]y[DE]y[DE]y[DE]y[DE]y[DE]y[DE]y[DE][F9][E1][F9][E1][F9][E1][F9][E1]y[DE][0A][E2][0A][E2][0A][E2][0A][E2][0A][E2][0A][E2][0A][E2][0A][E2][1B][E2]y[DE],[E2],[E2],[E2],[E2],[E2],[E2],[E2],[E2],[E2],[E2],[E2]`[E1]-[E1]=[E2]y[DE]y[DE]N[E2]y[DE]y[DE]y[DE]y[DE]y[DE]y[DE]y[DE]y[DE]y[DE]y[DE]y[DE]_[E2]_[E2]_[E2]_[E2]_[E2]_[E2]_[E2]_[E2]_[E2]_[E2]_[E2]_[E2]_[E2]_[E2]_[E2]_[E2]_[E2]p[E2][81][E2][92][E2][92][E2][92][E2][92][E2][92][E2][92][E2][92][E2][92][E2][92][E2][92][E2][92][E2][92][E2][92][E2][A3][E2][B4][E2][B4][E2][B4][E2][B4][E2][C5][E2][D6][E2][D6][E2][D6][E2][D6][E2][D6][E2][D6][E2][D6][E2][E7][E2][F9][E1][F8][E2][09][E3][1A][E3][09][E3][09][E3][09][E3][09][E3][09][E3][09][E3][09][E3]+[E3][09][E3][09][E3][09][E3][09][E3][09][E3][09][E3][09][E3][09][E3][09][E3][09][E3][09][E3]<[E3][09][E3][09][E3][09][E3][09][E3][09][E3][09][E3][09][E3][09][E3][09][E3][09][E3][09][E3]M[E3]^[E3][09][E3]o[E3][09][E3][09][E3][09][E3][09][E3][09][E3][09][E3][80][E3][09][E3][91][E3]y[DE]y[DE]y[DE]y[DE]y[DE]y[DE]y[DE]y[DE]y[DE]y[DE]y[DE]y[DE]y[DE][A6][DF]P[SPEAKER:50][SPEAKER:50][SPEAKER:50][SPEAKER:50][SPEAKER:50][SPEAKER:BD][DE][A2][E3][A2][E3][0D][DF]/[DF][EB][DE][EB][DE][EB][DE][FC][DE][FC][DE]@[DF]y[DE]y[DE][B3][E3][B3][E3][B3][E3][B3][E3][B7][DF][C8][DF][TOP2][DF][TOP2][DF][TOP2][DF][TOP2][DF][TOP2][DF][TOP2][DF][TOP2][DF][TOP2][DF][TOP2][DF][TOP2][DF][TOP2][DF][TOP2][DF][TOP2][DF]a[SPEAKER:C4][E3][C4][E3][D5][E3]y[DE]y[DE][A2][E3]r[SPEAKER:79][DE]y[DE]y[DE][E6][E3][E6][E3][CE][DE][TOP2][DF][F7][E3][08][E4][08][E4][19][E4][19][E4]M[E3]*[E4];[E4]@[DF]y[DE]y[DE]y[DE]y[DE]y[DE]y[DE]L[E4]L[E4]L[E4]][E4]n[E4][7F][E4]n[E4][7F][E4]n[E4]n[E4]n[E4][90][E4]n[E4]n[E4]n[E4]n[E4]n[E4]n[E4]n[E4]n[E4]n[E4][A1][E4]n[E4]n[E4]n[E4]n[E4][B2][E4][90][E4]n[E4]n[E4][C3:E4]n[E4]n[E4][D4][E4][F9][E1]n[E4]n[E4]n[E4]y[DE]y[DE]y[DE]y[DE]y[DE]y[DE]y[DE]y[DE][E5][E4][E5][E4][F6][E4][F6][E4]n[E4]n[E4]n[E4]n[E4]n[E4]n[E4][07][E5][07][E5][07][E5]n[E4]n[E4]n[E4]n[E4]n[E4]n[E4]y[DE]n[E4]y[DE]y[DE]y[DE]y[DE]y[DE]y[DE]y[DE]y[DE]   From Start   [CC]   Quintenix    [CC]    The Past    [CC]    The Void    [CC]     Rococo     [CC] [NAME]`s House[CC]     R & D      [CC]  Pops`s House  [CC] Coker`s House  [CC] Stella`s House [CC]     Police     [CC]  Carl`s House  [CC]   Tool Shop    [CC]  Tunnel Mouth  [CC] Father`s House [CC]     Harbor     [CC] Flavon`s House [CC]  Fisherman`s   [CC]     Forest     [CC]     River      [CC]   Cave Mouth   [CC]      Cave      [CC]    Base Ent.   [CC]      Mine      [CC]   Rail Stop    [CC]       HQ       [CC]   Money Room   [CC]     Island     [CC] F. of Illusion [CC] F. of Illusion [CC]   Old House    [CC]  House - Door  [CC]    Library     [CC]   West Hall    [CC]   Lower Room   [CC]  Clock Tower   [CC]    Tower Ent.  [CC]   Tombstone    [CC]  Chicken Farm  [CC]      Pier      [CC]    Village     [CC] Elder` s House [CC]      Inn       [CC]  Shaman House  [CC]    Volcano     [CC]  Bio Lab Ent.  [CC]    Bio Lab     [CC]  Chief`s Room  [CC]    Kitchen     [CC]   Lunchroom    [CC]     R & D      [CC]   Secret Lab   [CC]  Einst House   [CC]     Toilet     [CC]  Volcano Cave  [CC]     Inlet      [CC]     Shrine     [CC]  Quake Device  [CC]   Isle Shop    [CC]     Tunnel     [CC]   Reception    [CC]  Mayor`s Room  [CC] Mayor`s House  [CC]  Snow Harbor   [CC]    Snow Mt.    [CC]    Base Ent.   [CC]    Air Base    [CC]  Design Room   [CC]  Fortress Ent. [CC]    Fortress    [CC]    War Room    [CC]   Dr.G`s Lab   [CC]   Waterworks   [CC]  Meeting Room  [CC]  Prison Cell   [CC]       HQ       [CC]   Laser Room   [CC]    Computer    [CC] Polon`s House  [CC] Count`s House  [CC]   Spaceship    [CC]   Classroom    [CC]     Kirara     [CC]     Choco      [CC]    Shelter     [CC]   Choco Lab    [CC]    Choco HQ    [CC]  Living Area   [CC]   Metal Iron   [CC]   Spaceship    [CC]    Fortress    [CC]  Rental Room   [CC]  Rest Station  [CC]    Elevator    [CC]     Prison     [CC]   Warehouse    [CC] Gateau`s Room  [CC]  Trash Chute   [CC]  Engine Room   [CC]   Fort. Room   [CC][TOP]...Ah! A mouse!\nWait!		pending			
EN-08E52F	main-dialogue-4	0x08E52F	0x08E53E	15	D7 4D 69 63 65 20 61 72 65 20 63 75 74 65 2E	D7:1	14	0	0	False	confirmed-record	[TOP]Mice are cute.		pending			
EN-08E53F	main-dialogue-4	0x08E53F	0x08E786	583	D7 20 C2 00 20 66 6F 75 6E 64 20 61 CD C3 02 20 53 6D 61 6C 6C 20 68 6F 6C 65 C3 00 21 D2 C8 CC D7 20 54 68 65 20 77 61 79 20 69 73 20 62 6C 6F 63 6B 65 64 20 62 79 CD 20 66 61 6C 6C 65 6E 20 72 6F 63 6B 73 2E 2E 2E D2 C8 CC D7 20 49 74 60 73 20 6C 6F 63 6B 65 64 2E 2E 2E D2 C8 CC 8B E2 20 BF 02 00 7F 48 AB C2 20 BF 0C 00 7F 0A 18 7F 00 00 7F A8 A5 10 0A 0A 0A 18 79 00 00 18 7F 00 00 7F A8 B9 00 00 30 61 85 0E A5 06 30 1A A5 0A 0A 0A B9 02 00 90 04 49 FF FF 1A 18 65 00 85 00 B9 04 00 18 65 02 85 02 B9 06 00 18 7F 00 00 7F A8 18 69 08 00 9F 04 00 7F A5 0A 0A B9 04 00 85 16 90 02 85 1A B9 06 00 85 1A 90 02 85 16 A5 0A 0A 0A B9 00 00 85 14 90 02 85 18 B9 02 00 85 18 90 02 85 14 E6 10 18 AB 6B 64 10 38 AB 6B A9 04 00 2C E2 0E D0 2F 0C E2 0E AC 2A 00 BF 2E 00 7F 99 04 00 BF 30 00 7F 99 06 00 A9 00 1C 99 02 00 A9 00 08 99 00 00 A9 00 00 99 08 00 98 18 69 08 00 A8 8C 2A 00 6B A9 02 00 2C E2 0E D0 2D 0C E2 0E AC 2A 00 A9 00 48 99 04 00 A9 7E 00 99 06 00 A9 00 30 99 02 00 A9 00 05 99 00 00 A9 00 00 99 08 00 98 18 69 08 00 A8 8C 2A 00 6B 8B E2 20 BF 02 00 7F 48 AB C2 20 BF 0C 00 7F 0A 18 7F 00 00 7F A8 A5 10 0A 0A 18 79 00 00 18 7F 00 00 7F A8 B9 00 00 30 5A 85 0E B9 02 00 18 7F 00 00 7F A8 9F 04 00 7F BF 2E 00 7F 8D 4A 00 BF 30 00 7F 8D 4C 00 DA AE 2A 00 B9 00 00 18 6D 4A 00 9D 04 00 AD 4C 00 9D 06 00 B9 00 00 4A 29 FF 00 18 69 00 00 9D 02 00 B9 02 00 9D 00 00 A9 00 00 9D 08 00 8A 18 69 08 00 AA 8E 2A 00 FA E6 10 18 AB 6B 64 10 38 AB 6B A5 30 24 32 D0 2D DA AE 5E 00 A5 34 9F 02 00 7F A5 36 9F 00 00 7F A5 0A 9F 04 00 7F A5 10 9F 06 00 7F 8A 18 69 08 00 AA 8E 5E 00 A9 FF FF 9F 00 00 7F FA 6B 08 8B E2 20 BF 08 0E 7F 48 AB C2 20 BF 30 0D 7F 29 FF 00 0A 18 7F F0 0D 7F A8 BF 48 0D 7F 0A 0A 0A 18 79 00 00 A8 B9 00 00 29 FF 00 F0 75 9F	00:113 02:18 04:10 05:1 06:7 08:11 0A:20 0C:4 0D:3 0E:7 10:7 14:2 16:2 18:23 1A:4 1C:1 7F:32 85:12 8A:2 8B:3 8C:2 8D:2 8E:2 90:5 98:2 99:10 9D:5 9F:8 A5:11 A8:10 A9:12 AA:2 AB:7 AC:2 AD:1 AE:2 B9:14 BF:11 C2:4 C3:2 C8:3 CC:3 CD:2 D0:3 D2:3 D7:3 DA:2 E2:7 E6:2 F0:2 FA:2 FF:7	148	2	0	True	confirmed-record	[TOP] [NAME] found a\n[YELLOW] Small hole[/HIGHLIGHT]![WAIT][C8][CC][TOP] The way is blocked by\n fallen rocks...[WAIT][C8][CC][TOP] It`s locked...[WAIT][C8][CC][8B][E2] [BF][02][00][7F]H[AB][C2] [BF][0C][00][7F][0A][18][7F][00][00][7F][A8][A5][10][0A][0A][0A][18]y[00][00][18][7F][00][00][7F][A8][B9][00][00]0a[85][0E][A5][06]0[1A][A5][0A][0A][0A][B9][02][00][90][04]I[FF][FF][1A][18]e[00][85][00][B9][04][00][18]e[02][85][02][B9][06][00][18][7F][00][00][7F][A8][18]i[08][00][9F][04][00][7F][A5][0A][0A][B9][04][00][85][16][90][02][85][1A][B9][06][00][85][1A][90][02][85][16][A5][0A][0A][0A][B9][00][00][85][14][90][02][85][18][B9][02][00][85][18][90][02][85][14][E6][10][18][AB]kd[10]8[AB]k[A9][04][00],[E2][0E][WIPE]/[0C][E2][0E][AC]*[00][BF].[00][7F][99][04][00][BF]0[00][7F][99][06][00][A9][00][1C][99][02][00][A9][00][08][99][00][00][A9][00][00][99][08][00][98][18]i[08][00][A8][8C]*[00]k[A9][02][00],[E2][0E][WIPE]-[0C][E2][0E][AC]*[00][A9][00]H[99][04][00][A9]~[00][99][06][00][A9][00]0[99][02][00][A9][00][05][99][00][00][A9][00][00][99][08][00][98][18]i[08][00][A8][8C]*[00]k[8B][E2] [BF][02][00][7F]H[AB][C2] [BF][0C][00][7F][0A][18][7F][00][00][7F][A8][A5][10][0A][0A][18]y[00][00][18][7F][00][00][7F][A8][B9][00][00]0Z[85][0E][B9][02][00][18][7F][00][00][7F][A8][9F][04][00][7F][BF].[00][7F][8D]J[00][BF]0[00][7F][8D]L[00][DA][AE]*[00][B9][00][00][18]mJ[00][9D][04][00][AD]L[00][9D][06][00][B9][00][00]J)[FF][00][18]i[00][00][9D][02][00][B9][02][00][9D][00][00][A9][00][00][9D][08][00][8A][18]i[08][00][AA][8E]*[00][FA][E6][10][18][AB]kd[10]8[AB]k[A5]0$2[WIPE]-[DA][AE]^[00][A5]4[9F][02][00][7F][A5]6[9F][00][00][7F][A5][0A][9F][04][00][7F][A5][10][9F][06][00][7F][8A][18]i[08][00][AA][8E]^[00][A9][FF][FF][9F][00][00][7F][FA]k[08][8B][E2] [BF][08][0E][7F]H[AB][C2] [BF]0[0D][7F])[FF][00][0A][18][7F][F0][0D][7F][A8][BF]H[0D][7F][0A][0A][0A][18]y[00][00][A8][B9][00][00])[FF][00][F0]u[9F]		pending			
EN-08EBA7	main-dialogue-4	0x08EBA7	0x08ECE4	317	D7 8D 27 05 A9 7E 8D 26 05 C2 20 A2 41 1E A0 E0 39 A9 1F 00 20 24 05 FA 28 6B 08 DA E2 20 A9 C3 8D 27 05 A9 7E 8D 26 05 C2 20 A2 DF 10 A0 E0 39 A9 1F 00 20 24 05 FA 28 6B 08 C2 20 AD 0E 06 89 00 01 F0 4F AD F6 06 8F 38 39 7E AD F8 06 8F 3A 39 7E AD FA 06 8F 3C 39 7E AD 0E 06 89 00 02 F0 32 AD FC 06 8F 58 39 7E AD FE 06 8F 5A 39 7E AD 00 07 8F 5C 39 7E AD 0E 06 89 00 04 F0 15 AD 02 07 8F 78 39 7E AD 04 07 8F 7A 39 7E AD 06 07 8F 3C 39 7E 28 6B 08 C2 20 A2 20 00 BF 00 06 7F 29 1F 00 85 00 BF 00 06 7F 29 E0 03 85 02 BF 00 06 7F 29 00 7C 85 04 BF 00 38 7E 29 1F 00 C5 00 F0 01 3A 85 00 BF 00 38 7E 29 E0 03 C5 02 F0 04 38 E9 20 00 85 02 BF 00 38 7E 29 00 7C C5 04 F0 04 38 E9 00 04 05 02 05 00 9F 00 38 7E E8 E8 E0 00 02 90 A8 20 39 EE 28 6B 08 C2 20 A2 20 00 BF 00 38 7E 29 1F 00 C9 1F 00 F0 01 1A 85 00 BF 00 38 7E 29 E0 03 C9 E0 03 F0 04 18 69 20 00 85 02 BF 00 38 7E 29 00 7C C9 00 7C F0 04 18 69 00 04 05 02 05 00 9F 00 38 7E E8 E8 E0 00 02 90	00:39 01:3 02:10 03:4 04:10 05:10 06:12 07:4 08:4 0E:3 10:1 15:1 18:2 1A:1 1E:1 1F:6 39:2 7F:3 85:7 89:3 8D:4 8F:9 90:2 9F:2 A0:2 A2:4 A8:1 A9:5 AD:12 BF:9 C2:5 C3:1 C5:3 C9:3 D7:1 DA:1 DF:1 E0:8 E2:1 E8:4 E9:2 EE:1 F0:9 F6:1 F8:1 FA:3 FC:1 FE:1	94	0	0	False	confirmed-record	[TOP][8D]'[05][A9]~[8D]&[05][C2] [A2]A[1E][A0][SPEAKER:39][A9][1F][00] $[05][FA](k[08][DA][E2] [A9][C3:8D]'[05][A9]~[8D]&[05][C2] [A2][DF][10][A0][SPEAKER:39][A9][1F][00] $[05][FA](k[08][C2] [AD][0E][06][89][00][01][F0]O[AD][F6][06][8F]89~[AD][F8][06][8F]:9~[AD][FA][06][8F]<9~[AD][0E][06][89][00][02][F0]2[AD][FC][06][8F]X9~[AD][FE][06][8F]Z9~[AD][00][07][8F]\9~[AD][0E][06][89][00][04][F0][15][AD][02][07][8F]x9~[AD][04][07][8F]z9~[AD][06][07][8F]<9~(k[08][C2] [A2] [00][BF][00][06][7F])[1F][00][85][00][BF][00][06][7F])[SPEAKER:03][85][02][BF][00][06][7F])[00]|[85][04][BF][00]8~)[1F][00][C5][00][F0][01]:[85][00][BF][00]8~)[SPEAKER:03][C5][02][F0][04]8[E9] [00][85][02][BF][00]8~)[00]|[C5][04][F0][04]8[E9][00][04][05][02][05][00][9F][00]8~[E8][E8][SPEAKER:00][02][90][A8] 9[EE](k[08][C2] [A2] [00][BF][00]8~)[1F][00][C9][1F][00][F0][01][1A][85][00][BF][00]8~)[SPEAKER:03][C9][SPEAKER:03][F0][04][18]i [00][85][02][BF][00]8~)[00]|[C9][00]|[F0][04][18]i[00][04][05][02][05][00][9F][00]8~[E8][E8][SPEAKER:00][02][90]		pending			
EN-09815E	main-dialogue-5	0x09815E	0x0982DD	383	D7 02 0A 91 01 64 30 02 50 50 02 03 20 07 08 80 C7 02 0B 92 81 9C 81 02 CC 02 10 02 1B FF B6 81 02 10 04 1C FF B6 81 02 10 17 0E 00 B6 81 02 10 17 1C FF 9C 81 02 10 02 05 FF 9C 81 80 D9 02 0A 92 81 64 30 02 50 50 04 06 20 06 09 64 30 02 50 50 02 00 20 0D 13 80 BF 02 0A 92 01 64 30 02 50 50 04 0B 20 06 09 64 30 02 50 50 02 03 20 0D 13 80 A5 02 0B 93 81 FD 81 02 CC 02 10 15 0D 00 0D 82 02 10 1D 1B 02 0D 82 02 10 04 03 00 FD 81 02 10 1D 05 02 FD 81 02 10 15 07 01 FD 81 80 D9 02 0A 93 81 64 30 02 50 50 04 06 20 13 11 80 C9 02 0A 93 01 64 30 02 50 50 04 0B 20 13 11 80 B9 00 00 49 00 00 02 75 88 80 02 0B 86 00 41 82 02 76 90 00 02 44 02 22 9E 82 02 63 36 82 02 80 01 02 97 80 F5 02 0A 00 80 02 1A 90 00 70 82 02 34 50 FF 02 17 08 19 00 02 80 00 02 97 02 D0 3C 00 02 0A 76 81 02 1D DE 82 02 18 90 00 04 01 16 39 02 CB 6B 02 17 16 3B 01 02 34 50 FF 02 80 01 02 97 02 D0 3C 00 02 1D 26 83 02 0A 86 80 02 54 08 01 3F 02 51 02 97 02 52 80 F3 02 33 50 FF 02 B2 6B 02 1D A3 82 6B D7 E3 31 68 65 79 2E CD E3 09 E3 0F 6C 65 61 76 65 20 E3 05 70 6F 73 74 2E CD 41 6E 79 77 61 79 2C 20 49 20 E3 0F 6C 65 74 20 79 6F 75 CD 67 6F 20 69 6E 20 74 68 65 72 65 21	00:17 01:9 02:66 03:3 04:7 05:3 06:4 07:2 08:3 09:3 0A:8 0B:5 0D:5 0E:1 0F:2 10:10 11:2 13:4 15:2 16:2 17:4 18:1 19:1 1A:1 1B:2 1C:2 1D:5 80:15 81:15 82:8 83:1 86:2 88:1 90:3 91:1 92:3 93:3 97:4 9C:3 9E:1 A3:1 A5:1 B2:1 B6:3 B9:1 BF:1 C7:1 C9:1 CB:1 CC:2 CD:3 D0:2 D7:2 D9:2 DE:1 E3:5 F3:1 F5:1 FD:4 FF:7	108	3	0	False	confirmed-record	[TOP][02][0A][91][01]d0[02]PP[02][03] [07][08][80][C7][02][0B][92][81][9C][81][02][CC][02][10][02][1B][FF][B6][81][02][10][04][1C][FF][B6][81][02][10][17][0E][00][B6][81][02][10][17][1C][FF][9C][81][02][10][02][05][FF][9C][81][80][TOP2][02][0A][92][81]d0[02]PP[04][06] [06][09]d0[02]PP[02][00] [0D][13][80][BF][02][0A][92][01]d0[02]PP[04][0B] [06][09]d0[02]PP[02][03] [0D][13][80][A5][02][0B][93][81][FD][81][02][CC][02][10][15][0D][00][0D][82][02][10][1D][1B][02][0D][82][02][10][04][03][00][FD][81][02][10][1D][05][02][FD][81][02][10][15][07][01][FD][81][80][TOP2][02][0A][93][81]d0[02]PP[04][06] [13][11][80][C9][02][0A][93][01]d0[02]PP[04][0B] [13][11][80][B9][00][00]I[00][00][02]u[88][80][02][0B][86][00]A[82][02]v[90][00][02]D[02]"[9E][82][02]c6[82][02][80][01][02][97][80][F5][02][0A][00][80][02][1A][90][00]p[82][02]4P[FF][02][17][08][19][00][02][80][00][02][97][02][WIPE]<[00][02][0A]v[81][02][1D][DE][82][02][18][90][00][04][01][16]9[02][CB]k[02][17][16];[01][02]4P[FF][02][80][01][02][97][02][WIPE]<[00][02][1D]&[83][02][0A][86][80][02]T[08][01]?[02]Q[02][97][02]R[80][F3][02]3P[FF][02][B2]k[02][1D][A3][82]k[TOP][E3]1hey.\n[E3][09][E3][0F]leave [E3][05]post.\nAnyway, I [E3][0F]let you\ngo in there!		pending			
EN-0982DE	main-dialogue-5	0x0982DE	0x098325	71	D7 E3 2A C9 1E E3 13 E3 00 6E 65 77 CD 73 61 63 72 69 66 69 63 65 20 67 75 79 3F 20 47 6F 6F 64 2E 20 E3 03 CD 73 68 6F 72 74 2D 68 61 6E 64 65 64 20 E3 70 68 65 72 65 2E CD E3 06 E3 85 E3 01 E3 00 73 68 6F 70 2E	00:2 01:1 03:1 06:1 13:1 1E:1 85:1 C9:1 CD:3 D7:1 E3:9	49	3	0	False	confirmed-record	[TOP][E3]*[C9][1E][E3][13][E3][00]new\nsacrifice guy? Good. [E3][03]\nshort-handed [E3]phere.\n[E3][06][E3][85][E3][01][E3][00]shop.		pending			
EN-098326	main-dialogue-5	0x098326	0x098375	79	D7 E3 24 69 73 20 E3 05 73 68 6F 70 2E 20 49 66 20 79 6F 75 CD 74 72 79 20 74 6F 20 72 75 6E 2C 20 79 6F 75 60 6C 6C 20 62 65 20 CD 74 68 72 6F 77 6E 20 69 6E 74 6F 20 E3 00 56 6F 6C 63 61 6E 6F 2E CD E3 5B 73 6F 20 E3 01 6B 6E 6F 77 2E	00:1 01:1 05:1 CD:3 D7:1 E3:5	67	3	0	False	confirmed-record	[TOP][E3]$is [E3][05]shop. If you\ntry to run, you`ll be \nthrown into [E3][00]Volcano.\n[E3][so [E3][01]know.		pending			
EN-0983AB	main-dialogue-5	0x0983AB	0x098402	87	D7 E3 ED E3 01 E3 26 61 6E 20 69 6E 76 69 74 61 74 69 6F 6E 2C CD 74 6F 6F 3F 20 E3 04 74 6F 75 72 60 73 20 63 68 61 6E 67 65 64 CD 61 20 6C 69 74 74 6C 65 2E 20 E3 24 69 73 20 74 68 65 CD 46 61 63 74 6F 72 79 20 45 78 70 65 72 69 65 6E 63 65 20 54 6F 75 72 21	01:1 04:1 CD:3 D7:1 E3:5 ED:1	75	3	0	False	confirmed-record	[TOP][E3][ED][E3][01][E3]&an invitation,\ntoo? [E3][04]tour`s changed\na little. [E3]$is the\nFactory Experience Tour!		pending			
EN-098403	main-dialogue-5	0x098403	0x098452	79	D7 49 20 77 6F 6E 64 65 72 20 E3 23 77 65 60 72 65 CD 6D 61 6B 69 6E 67 3F 20 41 6E 64 20 69 66 20 77 65 20 67 65 74 CD 62 6F 72 65 64 20 68 65 72 65 2C 20 64 6F 20 77 65 CD 67 6F 20 6F 6E 20 74 6F 20 E3 00 6E 65 78 74 20 74 6F 75 72 3F	00:1 CD:3 D7:1 E3:2	72	3	0	False	confirmed-record	[TOP]I wonder [E3]#we`re\nmaking? And if we get\nbored here, do we\ngo on to [E3][00]next tour?		pending			
EN-098453	main-dialogue-5	0x098453	0x098462	15	D7 41 20 6D 6F 75 73 65 3F 20 48 65 72 65 3F	D7:1	14	0	0	False	confirmed-record	[TOP]A mouse? Here?		pending			
EN-098482	main-dialogue-5	0x098482	0x0984D4	82	D7 E3 24 69 73 20 61 20 73 69 67 68 74 73 65 65 69 6E 67 CD 74 6F 75 72 21 3F 20 57 65 60 76 65 20 62 65 65 6E CD 63 68 65 61 74 65 64 21 20 E3 19 6E 65 78 74 21 3F 20 49 74 60 73 CD 70 69 74 63 68 20 62 6C 61 63 6B 20 69 6E 20 74 68 65 72 65 21	19:1 CD:3 D7:1 E3:2	75	3	0	False	confirmed-record	[TOP][E3]$is a sightseeing\ntour!? We`ve been\ncheated! [E3][19]next!? It`s\npitch black in there!		pending			
EN-0984F4	main-dialogue-5	0x0984F4	0x09852C	56	D7 4F 66 20 63 6F 75 72 73 65 20 E3 66 69 73 CD 63 65 72 74 61 69 6E 20 69 6E 20 6C 69 66 65 2E 20 49 20 6C 65 61 72 6E 65 64 CD 61 20 6C 6F 74 2E 20 48 61 20 68 61 2E	CD:2 D7:1 E3:1	52	2	0	False	confirmed-record	[TOP]Of course [E3]fis\ncertain in life. I learned\na lot. Ha ha.		pending			
EN-0985F3	main-dialogue-5	0x0985F3	0x09860C	25	D7 C3 02 CD 20 4C 6F 63 6B 65 64 20 E3 1F E3 00 69 6E 73 69 64 65 2E C3 00	00:2 02:1 1F:1 C3:2 CD:1 D7:1 E3:2	15	1	0	True	confirmed-record	[TOP][YELLOW]\n Locked [E3][1F][E3][00]inside.[/HIGHLIGHT]		pending			
EN-09860D	main-dialogue-5	0x09860D	0x098812	517	D7 20 4C 69 73 74 65 6E 69 6E 67 20 61 74 20 E3 00 64 6F 6F 72 2C CD 20 68 65 20 E3 58 76 6F 69 63 65 73 2E D1 C3 03 E3 0D 61 20 77 6F 72 74 68 6C 65 73 73 20 70 6C 61 6E 2E CD 4B 69 64 6E 61 70 70 69 6E 67 20 66 61 63 74 6F 72 79 20 77 6F 72 6B 65 72 73 CD E3 1F 52 6F 63 6F 63 6F 2E D1 C3 02 E3 45 61 20 6C 61 62 6F 72 20 73 68 6F 72 74 61 67 65 21 CD 4F 75 72 20 62 75 64 67 65 74 60 73 20 E3 3C 73 6C 61 73 68 65 64 21 CD E3 19 64 6F 20 E3 00 E3 46 74 68 69 6E 6B CD 6F 66 20 E3 00 69 6E 76 65 6E 74 69 6F 6E 21 3F D1 C3 03 49 20 6E 65 76 65 72 20 61 73 6B 65 64 20 E3 01 74 6F CD E3 E1 61 6E 79 74 68 69 6E 67 2E 20 59 6F 75 CD E3 14 E3 35 72 75 6E 20 74 68 69 73 CD 41 6E 64 72 6F 69 64 20 6C 61 62 6F 72 61 74 6F 72 79 2E D1 41 6E 64 20 77 68 79 20 E3 2B 69 74 20 74 61 6B 65 CD E3 C8 61 20 E3 A4 E3 54 E3 35 74 6F CD 74 68 72 65 61 74 65 6E 20 E3 00 45 6C 64 65 72 3F D1 C3 02 2E 2E 2E 48 65 79 21 CD 49 20 E3 02 6D 79 20 6F 77 6E 20 70 6C 61 6E 2E CD E3 17 77 6F 72 72 79 20 E3 0A 69 74 21 D1 C3 03 4F 4B 2E CD C9 1E 54 68 65 6E 20 E3 CA E3 5E 77 68 61 74 CD E3 01 E3 14 64 6F 2E CD C9 1E 44 72 2E 45 69 6E 73 74 2C 20 D1 E3 06 E3 30 E3 00 4D 61 79 6F 72 2E CD E3 2C E3 00 6B 65 79 20 74 6F CD 6D 79 20 77 68 6F 6C 65 20 70 6C 61 6E 2E D1 2E 2E 2E E3 22 64 6F 65 73 6E 60 74 20 69 74 20 73 65 65 6D CD E3 2D E3 15 67 75 79 20 E3 18 62 65 65 6E CD 6C 69 73 74 65 6E 69 6E 67 20 74 6F 20 65 76 65 72 79 74 68 69 6E 67 CD 77 65 20 73 61 79 3F D1 C3 02 57 68 61 74 21 3F CD C9 3C 48 65 79 2E 2E 2E CD E3 19 E3 1C E3 01 64 6F 69 6E 67 21 21 C3 00	00:7 01:3 02:4 03:3 06:1 0A:1 0D:1 14:2 15:1 17:1 18:1 19:2 1C:1 1E:2 1F:1 A4:1 C3:7 C8:1 C9:3 CA:1 CD:23 D1:9 D7:1 E1:1 E3:39	400	23	9	True	confirmed-record	[TOP] Listening at [E3][00]door,\n he [E3]Xvoices.\f[PINK][E3][0D]a worthless plan.\nKidnapping factory workers\n[E3][1F]Rococo.\f[YELLOW][E3]Ea labor shortage!\nOur budget`s [E3]<slashed!\n[E3][19]do [E3][00][E3]Fthink\nof [E3][00]invention!?\f[PINK]I never asked [E3][01]to\n[E3][E1]anything. You\n[E3][14][E3]5run this\nAndroid laboratory.\fAnd why [E3]+it take\n[E3][C8]a [E3][A4][E3]T[E3]5to\nthreaten [E3][00]Elder?\f[YELLOW]...Hey!\nI [E3][02]my own plan.\n[E3][17]worry [E3][0A]it!\f[PINK]OK.\n[C9][1E]Then [E3][CA][E3]^what\n[E3][01][E3][14]do.\n[C9][1E]Dr.Einst, \f[E3][06][E3]0[E3][00]Mayor.\n[E3],[E3][00]key to\nmy whole plan.\f...[E3]"doesn`t it seem\n[E3]-[E3][15]guy [E3][18]been\nlistening to everything\nwe say?\f[YELLOW]What!?\n[C9]<Hey...\n[E3][19][E3][1C][E3][01]doing!![/HIGHLIGHT]		pending			
EN-098813	main-dialogue-5	0x098813	0x098853	64	D7 49 64 69 6F 74 21 21 CD 31 30 30 20 79 65 61 72 73 20 6F 66 20 CD C3 02 74 6F 69 6C 65 74 20 63 6C 65 61 6E 69 6E 67 C3 00 20 E3 0C 79 6F 75 21 21 CD E3 A5 E3 4A 6F 66 20 68 65 72 65 21 21	00:1 02:1 0C:1 A5:1 C3:2 CD:3 D7:1 E3:3	51	3	0	True	confirmed-record	[TOP]Idiot!!\n100 years of \n[YELLOW]toilet cleaning[/HIGHLIGHT] [E3][0C]you!!\n[E3][A5][E3]Jof here!!		pending			
EN-0988D4	main-dialogue-5	0x0988D4	0x0988E5	17	D7 CD 53 71 75 65 61 6B 21 20 53 71 75 65 61 6B 21	CD:1 D7:1	15	1	0	False	confirmed-record	[TOP]\nSqueak! Squeak!		pending			
EN-0988E6	main-dialogue-5	0x0988E6	0x09891B	53	D7 4D 69 63 65 20 E3 14 E3 B9 E3 0E CD C3 02 4D 6F E3 B9 48 6F 6C 65 C3 00 20 74 6F 20 E3 20 61 6E 64 CD 67 6F 2E 20 48 61 6E 64 79 2E 20 53 71 75 65 61 6B 21	00:1 02:1 0E:1 14:1 B9:2 C3:2 CD:2 D7:1 E3:5	37	2	0	True	confirmed-record	[TOP]Mice [E3][14][E3][B9][E3][0E]\n[YELLOW]Mo[E3][B9]Hole[/HIGHLIGHT] to [E3] and\ngo. Handy. Squeak!		pending			
EN-098AED	main-dialogue-5	0x098AED	0x098B12	37	D7 E3 31 68 65 79 2E CD E3 03 E3 8D 63 6C 65 61 6E 69 6E 67 20 74 68 65 72 65 2E CD E3 09 E3 0F E3 20 69 6E 2E	03:1 09:1 0F:1 8D:1 CD:2 D7:1 E3:6	24	2	0	False	confirmed-record	[TOP][E3]1hey.\n[E3][03][E3][8D]cleaning there.\n[E3][09][E3][0F][E3] in.		pending			
EN-098B82	main-dialogue-5	0x098B82	0x098BB1	47	D7 E3 2E C9 1E C2 00 3F 21 CD E3 0D 6D 65 21 CD E3 17 E3 01 72 65 63 6F 67 6E 69 7A 65 20 6D 65 3F CD 57 61 69 74 20 E3 C3 74 68 65 72 65 2E	00:1 01:1 0D:1 17:1 1E:1 74:1 C2:1 C3:1 C9:1 CD:3 D7:1 E3:5	29	3	0	False	confirmed-record	[TOP][E3].[C9][1E][NAME]?!\n[E3][0D]me!\n[E3][17][E3][01]recognize me?\nWait [E3][C3:74]here.		pending			
EN-098BCE	main-dialogue-5	0x098BCE	0x098C5C	142	D7 8B 02 80 00 02 97 80 F3 02 86 04 03 01 02 98 02 80 00 02 97 02 1D 22 8C 02 0A 8F 80 02 33 50 FF 02 44 02 22 10 8C 02 63 F5 8B 02 80 00 02 97 80 F5 02 45 02 86 05 03 02 02 98 02 33 F0 FF 02 B2 6B 02 1D 5D 8C 02 34 F0 FF 02 0A 8B 80 02 CF 00 8C 89 6B D8 E3 0D 6D 65 2C 20 4B 6F 74 65 74 73 75 2E CD CD E3 04 69 6E 76 69 74 61 74 69 6F 6E 20 74 72 69 63 6B 65 64 CD 79 6F 75 2C 20 74 6F 6F 3F 20 E3 19 61 20 73 68 61 6D 65 2E	00:4 01:1 02:24 03:2 04:2 05:1 0A:2 0D:1 10:1 19:1 1D:2 80:7 86:2 89:1 8B:3 8C:4 8F:1 97:3 98:2 B2:1 CD:3 CF:1 D7:1 D8:1 E3:3 F0:2 F3:1 F5:2 FF:3	60	3	0	False	confirmed-record	[TOP][8B][02][80][00][02][97][80][F3][02][86][04][03][01][02][98][02][80][00][02][97][02][1D]"[8C][02][0A][8F][80][02]3P[FF][02]D[02]"[10][8C][02]c[F5][8B][02][80][00][02][97][80][F5][02]E[02][86][05][03][02][02][98][02]3[F0][FF][02][B2]k[02][1D]][8C][02]4[F0][FF][02][0A][8B][80][02][CF][00][8C][89]k[BOTTOM][E3][0D]me, Kotetsu.\n\n[E3][04]invitation tricked\nyou, too? [E3][19]a shame.		pending			
EN-098C5D	main-dialogue-5	0x098C5D	0x098CDB	126	D7 E3 19 E3 1C E3 01 64 6F 69 6E 67 20 68 65 72 65 3F CD 2E 2E 2E 42 65 20 71 75 69 65 74 21 20 E3 24 69 73 20 6F 6E 65 CD 6F 66 20 6D 79 20 E3 FC 6A 6F 62 73 2E D1 41 72 65 6E 60 74 20 E3 01 E3 00 E3 78 68 61 76 69 6E 67 CD 74 72 6F 75 62 6C 65 20 67 65 74 74 69 6E 67 20 6F 75 74 3F CD C9 14 E3 45 E3 21 49 20 77 61 6E 74 CD 74 6F 20 6C 6F 61 6E 20 E3 DD E3 52 E3 10 6D 65 21	00:1 01:2 10:1 14:1 19:1 1C:1 C9:1 CD:5 D1:1 D7:1 DD:1 E3:13 FC:1	96	5	1	False	confirmed-record	[TOP][E3][19][E3][1C][E3][01]doing here?\n...Be quiet! [E3]$is one\nof my [E3][FC]jobs.\fAren`t [E3][01][E3][00][E3]xhaving\ntrouble getting out?\n[C9][14][E3]E[E3]!I want\nto loan [E3][DD][E3]R[E3][10]me!		pending			
EN-098D4D	main-dialogue-5	0x098D4D	0x098DA6	89	D7 E0 03 49 66 20 E3 01 E3 29 74 6F 20 65 73 63 61 70 65 2C 20 67 6F CD E3 0E 77 61 79 2E 20 E3 24 69 73 20 74 68 65 CD 67 61 72 62 61 67 65 20 63 68 75 74 65 2E D1 49 74 20 63 6F 6D 65 73 20 E3 4A 69 6E CD E3 00 76 6F 6C 63 61 6E 6F 20 73 6F 6D 65 77 68 65 72 65 2E	00:1 01:1 03:1 0E:1 CD:3 D1:1 D7:1 E0:1 E3:6	73	3	1	False	confirmed-record	[TOP][SPEAKER:03]If [E3][01][E3])to escape, go\n[E3][0E]way. [E3]$is the\ngarbage chute.\fIt comes [E3]Jin\n[E3][00]volcano somewhere.		pending			
EN-098DA7	main-dialogue-5	0x098DA7	0x098DE8	65	D7 E0 03 E3 2E 49 74 20 73 6D 65 6C 6C 73 3F 20 41 6C 6C 20 79 6F 75 CD 64 6F 20 69 73 20 63 6F 6D 70 6C 61 69 6E 2E 20 E3 06 74 75 72 6E CD E3 01 E3 C3 74 6F 20 E3 00 73 6F 6C 64 69 65 72 73 2E	00:1 01:1 03:1 06:1 74:1 C3:1 CD:2 D7:1 E0:1 E3:5	50	2	0	False	confirmed-record	[TOP][SPEAKER:03][E3].It smells? All you\ndo is complain. [E3][06]turn\n[E3][01][E3][C3:74]o [E3][00]soldiers.		pending			
EN-098DE9	main-dialogue-5	0x098DE9	0x098E1A	49	D7 E0 03 4F 6F 68 2C 20 6E 6F 21 CD E3 2C E3 00 65 78 65 63 75 74 69 76 65 CD 74 6F 69 6C 65 74 2E 20 E3 04 65 78 69 74 20 69 73 20 68 65 72 65 21	00:1 03:1 04:1 CD:2 D7:1 E0:1 E3:3	39	2	0	False	confirmed-record	[TOP][SPEAKER:03]Ooh, no!\n[E3],[E3][00]executive\ntoilet. [E3][04]exit is here!		pending			
EN-098E1B	main-dialogue-5	0x098E1B	0x098E2B	16	D7 E0 03 E3 34 C2 00 21 CD E3 D0 63 61 72 65 2E	00:1 03:1 C2:1 CD:1 D0:1 D7:1 E0:1 E3:2	7	1	0	False	confirmed-record	[TOP][SPEAKER:03][E3]4[NAME]!\n[E3][WIPE]care.		pending			
EN-098EFD	main-dialogue-5	0x098EFD	0x098FB9	188	D7 E0 04 C2 00 21 CD 47 6F 6F 64 20 74 69 6D 69 6E 67 21 20 49 20 68 61 76 65 CD E3 21 74 6F 20 61 73 6B 20 79 6F 75 21 D1 44 72 2E 45 69 6E 73 74 20 E3 18 64 69 73 61 70 70 65 61 72 65 64 CD 69 6E 20 68 65 72 65 2E 20 43 61 6E 20 E3 01 E3 C6 66 6F 72 CD 68 69 6D 3F 20 49 20 E3 0F 6C 65 74 20 E3 5A 72 75 6E CD E3 70 6C 6F 6F 73 65 20 E3 2D 74 68 69 73 21 D1 E3 88 E3 0F 49 20 E3 C6 6D 79 73 65 6C 66 3F CD C9 14 E3 0D E3 00 6D 65 6E 60 73 20 72 6F 6F 6D 21 CD C3 03 57 6F 6D 65 6E C3 00 20 E3 0F 77 61 6E 64 65 72 20 61 72 6F 75 6E 64 CD 69 6E 20 68 65 72 65 21	00:3 01:1 03:1 04:1 0D:1 0F:3 14:1 18:1 88:1 C2:1 C3:2 C6:2 C9:1 CD:8 D1:2 D7:1 E0:1 E3:14	143	8	2	True	confirmed-record	[TOP][SPEAKER:04][NAME]!\nGood timing! I have\n[E3]!to ask you!\fDr.Einst [E3][18]disappeared\nin here. Can [E3][01][E3][C6]for\nhim? I [E3][0F]let [E3]Zrun\n[E3]ploose [E3]-this!\f[E3][88][E3][0F]I [E3][C6]myself?\n[C9][14][E3][0D][E3][00]men`s room!\n[PINK]Women[/HIGHLIGHT] [E3][0F]wander around\nin here!		pending			
EN-098FBA	main-dialogue-5	0x098FBA	0x098FEF	53	D7 E0 04 57 65 20 E3 07 E3 3B E3 23 74 68 61 74 CD 66 61 6B 65 20 E3 47 69 73 20 67 6F 69 6E 67 CD 74 6F 20 64 6F 21 20 51 75 69 63 6B 2C 20 E3 4D 68 69 6D 21	04:1 07:1 CD:2 D7:1 E0:1 E3:5	42	2	0	False	confirmed-record	[TOP][SPEAKER:04]We [E3][07][E3];[E3]#that\nfake [E3]Gis going\nto do! Quick, [E3]Mhim!		pending			
EN-098FF0	main-dialogue-5	0x098FF0	0x09907F	143	D7 E0 04 48 6F 77 20 E3 16 69 74 3F C9 1E 20 57 68 61 74 3F D1 C9 1E CD E3 1A E3 1E 74 68 65 72 65 3F 3F CD E3 ED E3 01 6C 6F 6F 6B 3F CD 50 6C 65 61 73 65 21 21 20 4C 6F 6F 6B 20 61 67 61 69 6E 21 21 D1 E3 1A 61 20 66 61 6B 65 2C 20 E3 41 E3 1E 61 CD E3 CD 69 6E 76 65 6E 74 6F 72 21 CD E3 53 72 65 70 6F 72 74 65 64 20 6F 6E CD 65 76 65 72 79 74 68 69 6E 67 20 E3 41 64 6F 6E 65 2E D1 E3 1A 75 70 20 74 6F 20 E3 21 6E 65 77 21	01:1 04:1 16:1 1A:3 1E:4 C9:2 CD:7 D1:3 D7:1 E0:1 E3:13 ED:1	105	7	3	False	confirmed-record	[TOP][SPEAKER:04]How [E3][16]it?[C9][1E] What?\f[C9][1E]\n[E3][1A][E3][1E]there??\n[E3][ED][E3][01]look?\nPlease!! Look again!!\f[E3][1A]a fake, [E3]A[E3][1E]a\n[E3]\ninventor!\n[E3]Sreported on\neverything [E3]Adone.\f[E3][1A]up to [E3]!new!		pending			
EN-099080	main-dialogue-5	0x099080	0x0990F0	112	D7 E0 04 E3 ED E3 01 E3 4D 68 69 6D 3F C9 14 20 57 68 61 74 3F CD 4E 6F 20 E3 78 74 68 65 72 65 3F 20 41 20 64 65 61 64 20 65 6E 64 3F CD C9 1E 2E 2E 2E 20 E3 2A 77 65 6C 6C 2E 20 C9 14 D1 E3 45 E3 8D 73 6F 6D 65 74 68 69 6E 67 CD 68 65 72 65 2C 20 E3 06 E3 D8 61 72 6F 75 6E 64 2E CD E3 34 C2 00 2C CD 62 65 20 63 61 72 65 66 75 6C 21	00:1 01:1 04:1 06:1 14:2 1E:1 8D:1 C2:1 C9:3 CD:5 D1:1 D7:1 D8:1 E0:1 E3:10 ED:1	80	5	1	False	confirmed-record	[TOP][SPEAKER:04][E3][ED][E3][01][E3]Mhim?[C9][14] What?\nNo [E3]xthere? A dead end?\n[C9][1E]... [E3]*well. [C9][14]\f[E3]E[E3][8D]something\nhere, [E3][06][E3][BOTTOM]around.\n[E3]4[NAME],\nbe careful!		pending			
EN-099140	main-dialogue-5	0x099140	0x0991BA	122	D7 E3 2E E3 04 44 69 72 65 63 74 6F 72 3F 20 4C 6F 6F 6B CD 69 6E 20 E3 00 C3 02 45 78 65 63 2E 54 6F 69 6C 65 74 C3 00 2C 20 CD 6D 61 79 62 65 20 E3 41 74 68 65 72 65 2E D1 E3 2E 4B 6F 74 65 74 73 75 3F CD E3 04 63 6C 65 61 6E 69 6E 67 20 70 65 72 73 6F 6E 20 69 73 20 61 74 CD 6C 75 6E 63 68 2C 20 74 72 79 20 74 68 65 CD C3 02 4C 75 6E 63 68 72 6F 6F 6D C3 00 2E	00:3 02:2 04:2 C3:4 CD:5 D1:1 D7:1 E3:6	98	5	1	True	confirmed-record	[TOP][E3].[E3][04]Director? Look\nin [E3][00][YELLOW]Exec.Toilet[/HIGHLIGHT], \nmaybe [E3]Athere.\f[E3].Kotetsu?\n[E3][04]cleaning person is at\nlunch, try the\n[YELLOW]Lunchroom[/HIGHLIGHT].		pending			
EN-0991BB	main-dialogue-5	0x0991BB	0x0991DB	32	D7 4C 6F 74 73 20 6F 66 20 6D 69 63 65 20 61 72 6F 75 6E 64 CD E3 A6 6C 61 74 65 6C 79 2E 2E 2E	A6:1 CD:1 D7:1 E3:1	28	1	0	False	confirmed-record	[TOP]Lots of mice around\n[E3][A6]lately...		pending			
EN-0991DC	main-dialogue-5	0x0991DC	0x0991FE	34	D7 E3 2C E3 00 67 61 72 62 61 67 65 20 63 68 75 74 65 2E CD E3 17 66 E3 71 69 6E 20 74 68 65 72 65 2E	00:1 17:1 CD:1 D7:1 E3:4	26	1	0	False	confirmed-record	[TOP][E3],[E3][00]garbage chute.\n[E3][17]f[E3]qin there.		pending			
EN-0992EE	main-dialogue-5	0x0992EE	0x099341	83	D7 E3 04 43 68 69 65 66 20 6D 61 64 65 20 61 CD C3 02 4D 6F E3 B9 4D 61 63 68 69 6E 65 C3 00 2E CD E3 09 62 65 20 63 61 72 65 66 75 6C 2E D1 41 6E 64 20 E3 15 C9 1E CD 63 6F 6E 76 65 72 73 61 74 69 6F 6E 20 69 73 20 C3 03 73 65 63 72 65 74 C3 00 2E	00:2 02:1 03:1 04:1 09:1 15:1 1E:1 B9:1 C3:4 C9:1 CD:3 D1:1 D7:1 E3:4	60	3	1	True	confirmed-record	[TOP][E3][04]Chief made a\n[YELLOW]Mo[E3][B9]Machine[/HIGHLIGHT].\n[E3][09]be careful.\fAnd [E3][15][C9][1E]\nconversation is [PINK]secret[/HIGHLIGHT].		pending			
EN-099342	main-dialogue-5	0x099342	0x099492	336	D7 49 20 E3 0F 62 65 6C 69 65 76 65 20 E3 0E 69 73 CD E3 49 49 73 6C 65 2E 20 49 20 E3 02 74 6F 20 77 6F 72 6B CD 69 6E 20 E3 0E 64 61 72 6B 20 4C 61 62 20 65 76 65 72 79 CD 64 61 79 2E 20 49 20 E3 0F 73 74 E3 08 69 74 21 D1 E3 36 E3 1B 62 65 74 74 65 72 20 E3 C9 48 51 2E CD C9 0A 41 6E 79 77 61 79 2C 20 E3 07 E3 01 74 68 69 6E 6B CD E3 00 6E 65 77 20 62 6F 73 73 20 69 73 20 61 77 66 75 6C 3F D1 48 65 20 68 6F 6C 64 73 20 61 20 67 72 75 64 67 65 20 61 67 61 69 6E 73 74 CD 52 6F 63 6F 63 6F 2C 20 73 6F 20 68 65 20 6B 69 64 6E 61 70 73 CD E3 00 76 69 6C 6C 61 67 65 72 73 20 E3 08 6D 61 6B 65 73 CD E3 AD 77 6F 72 6B 2E 20 C9 0A E3 0D 74 65 72 72 69 62 6C 65 2E D1 E3 36 69 66 20 E3 01 6F 70 70 6F 73 65 20 68 69 6D CD E3 01 E3 02 74 6F 20 64 6F CD C3 02 54 6F 69 6C 65 74 20 63 6C 65 61 6E 69 6E 67 C3 00 2E D1 49 66 20 E3 13 62 61 64 2C 20 79 6F 75 60 6C 6C CD 62 65 20 63 68 61 6E 67 65 64 20 69 6E 74 6F 20 61 CD C3 02 4D 6F 75 73 65 C3 00 21 D1 CD 47 6F 74 74 61 20 62 65 20 63 61 72 65 66 75 6C 2E	00:4 01:3 02:4 07:1 08:2 0A:2 0D:1 0E:2 0F:2 13:1 1B:1 AD:1 C3:4 C9:3 CD:13 D1:5 D7:1 E3:22	264	13	5	True	confirmed-record	[TOP]I [E3][0F]believe [E3][0E]is\n[E3]IIsle. I [E3][02]to work\nin [E3][0E]dark Lab every\nday. I [E3][0F]st[E3][08]it!\f[E3]6[E3][1B]better [E3][C9]HQ.\n[C9][0A]Anyway, [E3][07][E3][01]think\n[E3][00]new boss is awful?\fHe holds a grudge against\nRococo, so he kidnaps\n[E3][00]villagers [E3][08]makes\n[E3][AD]work. [C9][0A][E3][0D]terrible.\f[E3]6if [E3][01]oppose him\n[E3][01][E3][02]to do\n[YELLOW]Toilet cleaning[/HIGHLIGHT].\fIf [E3][13]bad, you`ll\nbe changed into a\n[YELLOW]Mouse[/HIGHLIGHT]!\f\nGotta be careful.		pending			
EN-099493	main-dialogue-5	0x099493	0x0994A4	17	D7 CD DC 07 2E 2E 2E 2E 2E 2E 2E 2E 2E 2E 2E DC 00	00:1 07:1 CD:1 D7:1 DC:2	11	1	0	False	confirmed-record	[TOP]\n[DC][07]...........[DC][00]		pending			
EN-0994A5	main-dialogue-5	0x0994A5	0x09953F	154	D7 48 65 79 21 20 C9 0A 48 65 79 21 20 C9 0A 48 65 79 21 D1 E3 ED E3 01 68 65 61 72 20 75 73 20 74 61 6C 6B 69 6E 67 3F CD 50 6C 61 6E 20 74 6F 20 E3 4F 61 6E 79 6F 6E 65 3F CD 20 E3 03 E3 1E 73 61 79 69 6E 67 2E CD 20 49 20 E3 67 E3 4F 61 6E 79 6F 6E 65 2E CC D0 50 6C 65 61 73 65 21 20 E3 2A 70 6C 65 61 73 65 21 21 CD 4B 65 65 70 20 69 74 20 74 6F 20 79 6F 75 72 73 65 6C 66 21 CD 57 65 60 6C 6C 20 62 65 20 74 75 72 6E 65 64 20 69 6E 74 6F 20 4D 69 63 65 21	01:1 03:1 0A:2 1E:1 C9:2 CC:1 CD:5 D0:1 D1:1 D7:1 E3:8 ED:1	129	5	1	False	confirmed-record	[TOP]Hey! [C9][0A]Hey! [C9][0A]Hey!\f[E3][ED][E3][01]hear us talking?\nPlan to [E3]Oanyone?\n [E3][03][E3][1E]saying.\n I [E3]g[E3]Oanyone.[CC][WIPE]Please! [E3]*please!!\nKeep it to yourself!\nWe`ll be turned into Mice!		pending			
EN-099611	main-dialogue-5	0x099611	0x099639	40	D7 50 6C 65 61 73 65 2C 20 CD E3 26 E3 4A 6F 66 20 E3 A6 66 61 73 74 2E CD E3 B4 62 65 20 73 75 73 70 65 63 74 65 64 21	A6:1 B4:1 CD:2 D7:1 E3:4	31	2	0	False	confirmed-record	[TOP]Please, \n[E3]&[E3]Jof [E3][A6]fast.\n[E3][B4]be suspected!		pending			
EN-099689	main-dialogue-5	0x099689	0x0996FF	118	D7 48 65 79 2E 20 42 65 20 71 75 69 65 74 2E 2E 2E DC 06 2E 2E 2E CD DC 00 C9 3C 41 72 65 6E 60 74 20 E3 01 C2 00 3F CD C9 1E E3 03 4B 6F 74 65 74 73 75 2E DE D7 E3 2E E3 19 61 6D 20 49 20 64 6F 69 6E 67 3F CD C9 1E 48 61 76 69 6E 67 20 6C 75 6E 63 68 2E 20 43 61 6E 60 74 20 66 69 67 68 74 CD 6F 6E 20 61 6E 20 65 6D 70 74 79 20 73 74 6F 6D 61 63 68 2E	00:2 01:1 03:1 06:1 19:1 1E:2 C2:1 C9:3 CD:4 D7:2 DC:2 DE:1 E3:4	93	4	0	False	confirmed-record	[TOP]Hey. Be quiet...[DC][06]...\n[DC][00][C9]<Aren`t [E3][01][NAME]?\n[C9][1E][E3][03]Kotetsu.[DE][TOP][E3].[E3][19]am I doing?\n[C9][1E]Having lunch. Can`t fight\non an empty stomach.		pending			
EN-099700	main-dialogue-5	0x099700	0x09981E	286	D7 E3 2E 4C 6F 6F 6B 69 6E 67 20 E3 0C 74 68 65 CD 43 68 69 65 66 3F CD C9 3C E3 0B 63 72 61 7A 79 2E 20 E3 45 73 6F 6D 65 CD E3 82 6F 66 20 74 72 69 63 6B 20 68 65 72 65 2E D1 E3 48 E3 1C 68 69 64 64 65 6E 20 64 6F 6F 72 73 CD E3 08 74 72 61 70 73 2E CD C3 02 43 68 61 6D 65 6C 65 6F 6E 20 47 6C 61 73 73 65 73 C3 00 20 77 69 6C 6C CD E3 6D E3 01 E3 5E 74 68 65 6D 2E D1 4F 66 20 63 6F 75 72 73 65 2C 20 49 20 E3 02 73 6F 6D 65 2E CD C9 28 57 68 61 74 3F C9 14 20 E3 09 E3 29 73 6F 6D 65 3F CD C9 14 41 20 E3 5D 6C 69 66 65 20 69 73 6E 60 74 CD 67 69 76 65 6E 20 74 6F 20 79 6F 75 2C CD E3 01 E3 02 74 6F 20 65 61 72 6E 20 69 74 2E 2E 2E D1 E3 36 E3 00 C3 02 52 20 26 20 44 C3 00 20 69 73 CD E3 77 74 68 65 6D 2E D1 D3 F5 97 D7 E0 03 C3 02 52 20 26 20 44 C3 00 20 69 73 20 B0 20 E3 1F CD 68 65 72 65 2E 20 E3 36 E3 1B 68 61 72 64 CD 74 6F 20 E3 26 69 6E 2E	00:4 01:2 02:5 03:1 08:1 09:1 0B:1 0C:1 14:2 1B:1 1C:1 1F:1 82:1 97:1 B0:1 C3:6 C9:4 CD:13 D1:4 D3:1 D7:2 E0:1 E3:24 F5:1	206	13	4	True	confirmed-record	[TOP][E3].Looking [E3][0C]the\nChief?\n[C9]<[E3][0B]crazy. [E3]Esome\n[E3][82]of trick here.\f[E3]H[E3][1C]hidden doors\n[E3][08]traps.\n[YELLOW]Chameleon Glasses[/HIGHLIGHT] will\n[E3]m[E3][01][E3]^them.\fOf course, I [E3][02]some.\n[C9](What?[C9][14] [E3][09][E3])some?\n[C9][14]A [E3]]life isn`t\ngiven to you,\n[E3][01][E3][02]to earn it...\f[E3]6[E3][00][YELLOW]R & D[/HIGHLIGHT] is\n[E3]wthem.\f[D3][F5][97][TOP][SPEAKER:03][YELLOW]R & D[/HIGHLIGHT] is [B0] [E3][1F]\nhere. [E3]6[E3][1B]hard\nto [E3]&in.		pending			
EN-09981F	main-dialogue-5	0x09981F	0x099866	71	D7 C3 02 4D 61 6D 61 60 73 20 48 6F 6D 65 6D 61 64 65 20 4D 65 61 74 6C 6F 61 66 C3 00 21 CD 57 69 74 68 20 E3 71 E3 00 74 72 69 6D 6D 69 6E 67 73 2E CD C9 1E 57 68 61 74 3F C9 14 20 E3 09 E3 07 E3 02 61 6E 79 3F	00:2 02:2 07:1 09:1 14:1 1E:1 C3:2 C9:2 CD:2 D7:1 E3:5	51	2	0	True	confirmed-record	[TOP][YELLOW]Mama`s Homemade Meatloaf[/HIGHLIGHT]!\nWith [E3]q[E3][00]trimmings.\n[C9][1E]What?[C9][14] [E3][09][E3][07][E3][02]any?		pending			
EN-09992D	main-dialogue-5	0x09992D	0x09996C	63	D7 45 E3 96 64 61 79 20 E3 00 73 61 6D 65 20 74 68 69 6E 67 2E CD E3 03 74 69 72 65 64 20 6F 66 20 69 74 2E 20 4D 61 6B 65 73 20 6D 65 CD 66 65 65 6C 20 E3 2D E3 1E 77 6F 72 6B 69 6E 67 2E	00:1 03:1 1E:1 96:1 CD:2 D7:1 E3:5	51	2	0	False	confirmed-record	[TOP]E[E3][96]day [E3][00]same thing.\n[E3][03]tired of it. Makes me\nfeel [E3]-[E3][1E]working.		pending			
EN-09996D	main-dialogue-5	0x09996D	0x09998A	29	D7 CD 41 6E 6F 74 E3 F6 6D 6F 75 73 65 21 CD 54 68 65 73 65 20 74 68 69 6E 67 73 21 21	CD:2 D7:1 E3:1 F6:1	24	2	0	False	confirmed-record	[TOP]\nAnot[E3][F6]mouse!\nThese things!!		pending			
EN-09998B	main-dialogue-5	0x09998B	0x0999C0	53	D7 57 68 61 74 3F 21 20 E3 24 E3 90 69 73 6E 60 74 CD 61 66 72 61 69 64 20 6F 66 20 68 75 6D 61 6E 73 21 CD E3 19 6E 65 72 76 65 21 20 E3 06 E3 26 79 6F 75 21	06:1 19:1 90:1 CD:2 D7:1 E3:5	42	2	0	False	confirmed-record	[TOP]What?! [E3]$[E3][90]isn`t\nafraid of humans!\n[E3][19]nerve! [E3][06][E3]&you!		pending			
EN-0999C1	main-dialogue-5	0x0999C1	0x0999F2	49	D7 54 68 69 73 2E 2E C9 14 E3 24 6D 6F 75 73 65 21 CD E3 0D 70 6F 73 73 65 73 73 65 64 21 21 CD 53 61 76 65 20 6D 65 2C 20 4D 6F 74 68 65 72 21 21	0D:1 14:1 C9:1 CD:2 D7:1 E3:2	41	2	0	False	confirmed-record	[TOP]This..[C9][14][E3]$mouse!\n[E3][0D]possessed!!\nSave me, Mother!!		pending			
EN-099A2D	main-dialogue-5	0x099A2D	0x099A44	23	D7 48 65 79 2E 20 4A 75 73 74 CD 77 61 69 74 20 E3 05 74 75 72 6E 2E	05:1 CD:1 D7:1 E3:1	19	1	0	False	confirmed-record	[TOP]Hey. Just\nwait [E3][05]turn.		pending			
EN-099A45	main-dialogue-5	0x099A45	0x099A97	82	D7 E3 45 6E 6F 20 C3 02 44 65 6C 69 E3 96 4D 61 6E 2C C3 00 CD 73 6F 20 E3 00 63 6F 6F 6B 20 69 73 CD 63 72 61 62 62 79 20 E3 10 65 76 65 72 79 6F 6E 65 2E 2E 2E CD C9 14 48 65 6C 70 20 69 73 20 73 68 6F 72 74 20 65 76 65 72 79 77 68 65 72 65 2E	00:2 02:1 10:1 14:1 96:1 C3:2 C9:1 CD:3 D7:1 E3:4	65	3	0	True	confirmed-record	[TOP][E3]Eno [YELLOW]Deli[E3][96]Man,[/HIGHLIGHT]\nso [E3][00]cook is\ncrabby [E3][10]everyone...\n[C9][14]Help is short everywhere.		pending			
EN-099A98	main-dialogue-5	0x099A98	0x099AE8	80	D7 41 6E 20 5B 41 20 6C 75 6E 63 68 5D 2C 20 E3 08 68 75 72 72 79 21 CD 49 20 E3 02 74 6F 20 67 6F 20 6F 6E 20 4D 6F 75 73 65 CD 68 75 6E 74 69 6E 67 20 64 75 74 79 2E 20 E3 48 61 72 65 CD E3 C5 6F 66 20 6D 69 63 65 20 6C 61 74 65 6C 79 2E	02:1 08:1 C5:1 CD:3 D7:1 E3:4	69	3	0	False	confirmed-record	[TOP]An [A lunch], [E3][08]hurry!\nI [E3][02]to go on Mouse\nhunting duty. [E3]Hare\n[E3][C5]of mice lately.		pending			
EN-099B0A	main-dialogue-5	0x099B0A	0x099B7E	116	D7 E3 03 E3 25 74 6F 20 64 6F 20 72 65 73 65 61 72 63 68 CD 6F 6E 20 72 65 62 75 69 6C 64 69 6E 67 20 68 75 6D 61 6E 73 2C CD E3 22 E3 00 6E 65 77 20 43 68 69 65 66 20 E3 18 62 65 65 6E CD 62 75 69 6C 64 69 6E 67 20 73 74 72 61 6E 67 65 20 6D 61 63 68 69 6E 65 73 2E D1 CD 2E 2E 2E 20 E3 2A E3 53 61 6C 72 65 61 64 79 CD E3 A8 E3 E6 6D 75 63 68 2E	00:1 03:1 18:1 A8:1 CD:5 D1:1 D7:1 E3:9 E6:1	95	5	1	False	confirmed-record	[TOP][E3][03][E3]%to do research\non rebuilding humans,\n[E3]"[E3][00]new Chief [E3][18]been\nbuilding strange machines.\f\n... [E3]*[E3]Salready\n[E3][A8][E3][E6]much.		pending			
EN-099BD3	main-dialogue-5	0x099BD3	0x099C2E	91	D7 9B E0 9B 02 1D 6E 9C 02 0A A5 80 6B 02 1D FB 9C 6B D7 42 65 20 71 75 69 65 74 21 CD E3 04 43 68 69 65 66 20 73 70 65 6E 74 20 6F 75 72 20 77 68 6F 6C 65 CD 62 75 64 E3 26 6F 6E 20 72 65 73 65 61 72 63 68 2C 20 49 CD E3 0F E3 42 61 20 64 65 63 65 6E 74 20 6D 65 61 6C 21	02:3 04:1 0A:1 0F:1 1D:2 80:1 9B:2 9C:2 A5:1 CD:3 D7:2 E0:1 E3:4 FB:1	66	3	0	False	confirmed-record	[TOP][9B][SPEAKER:9B][02][1D]n[9C][02][0A][A5][80]k[02][1D][FB][9C]k[TOP]Be quiet!\n[E3][04]Chief spent our whole\nbud[E3]&on research, I\n[E3][0F][E3]Ba decent meal!		pending			
EN-099C2F	main-dialogue-5	0x099C2F	0x099CFA	203	D7 47 6F 6F 64 20 74 69 6D 69 6E 67 21 CD 48 61 76 65 20 E3 01 E3 6C 61 20 6D 69 6E 75 74 65 3F CD 20 53 75 72 65 2C 20 E3 53 E3 6C 74 69 6D 65 2E CD 20 E3 BA E3 03 E3 E6 62 75 73 79 2E CC D0 47 6F 6F 64 21 20 E3 8F 73 68 6F 72 74 2D 68 61 6E 64 65 64 2C CD E3 1B 61 20 E3 CD 70 72 6F 62 6C 65 6D 2E CD C3 02 57 69 6C 6C 20 E3 01 E3 30 E3 3A 66 6F 6F 64 CD 74 6F 20 52 20 26 20 44 20 E3 0C 6D 65 3F D1 C3 00 53 61 79 20 E3 13 E3 1F 43 61 74 65 72 69 6E 67 2C CD E3 08 74 68 65 79 60 6C 6C 20 6C 65 74 20 E3 01 69 6E 2E CD E3 5B 64 6F 20 E3 0E E3 0C 6D 65 21 CD C9 14 4F 68 21 20 E3 03 73 6F 20 62 75 73 79 21	00:1 01:3 02:1 03:2 08:1 0C:2 0E:1 13:1 14:1 1B:1 1F:1 8F:1 BA:1 C3:2 C9:1 CC:1 CD:10 D0:1 D1:1 D7:1 E3:22 E6:1	146	10	1	True	confirmed-record	[TOP]Good timing!\nHave [E3][01][E3]la minute?\n Sure, [E3]S[E3]ltime.\n [E3][BA][E3][03][E3][E6]busy.[CC][WIPE]Good! [E3][8F]short-handed,\n[E3][1B]a [E3]\nproblem.\n[YELLOW]Will [E3][01][E3]0[E3]:food\nto R & D [E3][0C]me?\f[/HIGHLIGHT]Say [E3][13][E3][1F]Catering,\n[E3][08]they`ll let [E3][01]in.\n[E3][do [E3][0E][E3][0C]me!\n[C9][14]Oh! [E3][03]so busy!		pending			
EN-099D40	main-dialogue-5	0x099D40	0x099D6A	42	D7 C3 02 52 20 26 20 44 C3 00 20 69 73 20 B0 20 E3 1F 74 68 65 CD 4C 75 6E 63 68 72 6F 6F 6D 2E CD E3 17 E3 26 6C 6F 73 74 2E	00:1 02:1 17:1 1F:1 B0:1 C3:2 CD:2 D7:1 E3:3	29	2	0	True	confirmed-record	[TOP][YELLOW]R & D[/HIGHLIGHT] is [B0] [E3][1F]the\nLunchroom.\n[E3][17][E3]&lost.		pending			
EN-099D6B	main-dialogue-5	0x099D6B	0x099DED	130	D7 52 65 63 65 6E 74 6C 79 20 6E 6F 20 6F 6E 65 60 73 20 63 6F 6D 69 6E 67 CD 74 6F 20 65 61 74 2E 20 54 68 65 79 60 72 65 20 61 66 72 61 69 64 CD 6F 66 20 E3 00 66 65 72 6F 63 69 6F 75 73 20 6D 69 63 65 2E D1 49 20 E3 0F E3 6D 66 65 65 64 69 6E 67 CD E3 00 6D 69 63 65 2E 20 E3 A9 6E 65 76 65 72 CD 63 6F 6D 70 6C 61 69 6E 2C 20 E3 08 74 68 65 79 60 72 65 CD 73 6F 20 70 6F 6C 69 74 65 2E	00:2 08:1 0F:1 A9:1 CD:5 D1:1 D7:1 E3:6	112	5	1	False	confirmed-record	[TOP]Recently no one`s coming\nto eat. They`re afraid\nof [E3][00]ferocious mice.\fI [E3][0F][E3]mfeeding\n[E3][00]mice. [E3][A9]never\ncomplain, [E3][08]they`re\nso polite.		pending			
EN-099E4A	main-dialogue-5	0x099E4A	0x099E87	61	D7 57 68 6F 20 69 73 20 69 74 3F 20 4F 75 74 73 69 64 65 72 73 20 63 61 6E 60 74 CD E3 20 69 6E 21 20 E3 0B 68 6F 6C 64 69 6E 67 CD 75 70 20 E3 00 77 6F 72 6B 21 20 E3 A5 6F 75 74 21	00:1 0B:1 A5:1 CD:2 D7:1 E3:4	51	2	0	False	confirmed-record	[TOP]Who is it? Outsiders can`t\n[E3] in! [E3][0B]holding\nup [E3][00]work! [E3][A5]out!		pending			
EN-099E88	main-dialogue-5	0x099E88	0x099ECA	66	D7 57 68 6F 20 69 73 20 69 74 3F 20 43 61 74 65 72 69 6E 67 3F CD E3 2E E3 BA E3 1B 6E 6F 74 2E CD E3 A5 6F 75 74 21 20 4E 6F 20 6F 75 74 73 69 64 65 72 73 CD 61 6C 6C 6F 77 65 64 20 68 65 72 65 21	1B:1 A5:1 BA:1 CD:3 D7:1 E3:4	55	3	0	False	confirmed-record	[TOP]Who is it? Catering?\n[E3].[E3][BA][E3][1B]not.\n[E3][A5]out! No outsiders\nallowed here!		pending			
EN-099ECB	main-dialogue-5	0x099ECB	0x099EFE	51	D7 57 68 6F 20 69 73 20 69 74 3F 20 43 61 74 65 72 69 6E 67 3F CD E3 2A 67 6F 6F 64 2E 20 E3 03 68 75 6E 67 72 79 2E CD E3 52 69 6E 21 20 E3 52 69 6E 21	03:1 CD:2 D7:1 E3:4	43	2	0	False	confirmed-record	[TOP]Who is it? Catering?\n[E3]*good. [E3][03]hungry.\n[E3]Rin! [E3]Rin!		pending			
EN-099EFF	main-dialogue-5	0x099EFF	0x099F32	51	D7 57 68 6F 20 69 73 20 69 74 3F 20 43 61 74 65 72 69 6E 67 3F CD E3 2E E3 09 62 72 6F 75 67 68 74 20 61 CD 70 6C 61 74 74 65 72 3F 20 E3 52 69 6E 21 20	09:1 CD:2 D7:1 E3:3	44	2	0	False	confirmed-record	[TOP]Who is it? Catering?\n[E3].[E3][09]brought a\nplatter? [E3]Rin! 		pending			
EN-099F6F	main-dialogue-5	0x099F6F	0x09A013	164	D7 E3 04 6E 65 77 20 43 68 69 65 66 20 E3 18 75 73 CD 69 6E 76 65 6E 74 69 6E 67 20 6F 64 64 20 74 68 69 6E 67 73 2E CD E3 8F 41 20 C3 02 4D 61 6E 2D 74 6F 2D 4D 6F 75 73 65 CD 4D 61 63 68 69 6E 65 C3 00 20 69 73 20 E3 00 6C 61 74 65 73 74 2E D1 E3 03 63 68 65 63 6B 69 6E 67 20 E3 CC 70 61 72 74 73 CD E3 04 43 68 69 65 66 20 73 61 79 73 20 74 68 65 79 60 72 65 CD 61 6E 20 C3 02 4F 6C 64 20 49 6E 76 65 6E 74 69 6F 6E C3 00 2E 20 CD 49 20 77 6F 6E 64 65 72 20 69 66 20 E3 F4 74 72 75 65 2E	00:3 02:2 03:1 04:2 18:1 8F:1 C3:4 CC:1 CD:6 D1:1 D7:1 E3:8 F4:1	132	6	1	True	confirmed-record	[TOP][E3][04]new Chief [E3][18]us\ninventing odd things.\n[E3][8F]A [YELLOW]Man-to-Mouse\nMachine[/HIGHLIGHT] is [E3][00]latest.\f[E3][03]checking [E3][CC]parts\n[E3][04]Chief says they`re\nan [YELLOW]Old Invention[/HIGHLIGHT]. \nI wonder if [E3][F4]true.		pending			
EN-09A014	main-dialogue-5	0x09A014	0x09A043	47	D7 54 68 61 6E 6B 73 21 20 E3 8F E3 E6 62 75 73 79 CD 74 6F 20 E3 30 61 20 62 72 65 61 6B 2E CD 50 75 74 20 69 74 20 E3 C3 74 68 65 72 65 21	74:1 8F:1 C3:1 CD:2 D7:1 E3:4 E6:1	36	2	0	False	confirmed-record	[TOP]Thanks! [E3][8F][E3][E6]busy\nto [E3]0a break.\nPut it [E3][C3:74]here!		pending			
EN-09A06F	main-dialogue-5	0x09A06F	0x09A0CB	92	D7 41 20 68 61 6E 64 79 2D 73 69 7A 65 20 CD C3 02 4D 61 6E 2D 74 6F 2D 4D 6F E3 B9 4C 61 73 65 72 C3 00 20 69 73 CD 6D 79 20 61 73 73 69 67 6E 6D 65 6E 74 2E 2E 2E CD E3 19 61 20 73 74 75 70 69 64 20 69 64 65 61 2E D1 CD E3 06 66 69 6E 69 73 68 20 69 74 20 6C 61 74 65 72 2E	00:1 02:1 06:1 19:1 B9:1 C3:2 CD:4 D1:1 D7:1 E3:3	76	4	1	True	confirmed-record	[TOP]A handy-size \n[YELLOW]Man-to-Mo[E3][B9]Laser[/HIGHLIGHT] is\nmy assignment...\n[E3][19]a stupid idea.\f\n[E3][06]finish it later.		pending			
EN-09A0CC	main-dialogue-5	0x09A0CC	0x09A12D	97	D7 49 20 68 61 76 65 6E 60 74 20 68 61 64 20 61 20 62 61 74 68 20 69 6E CD 31 30 20 64 61 79 73 2C 20 E3 08 6D 79 20 73 6F 63 6B 73 2E 2E 2E 21 21 CD C9 1E 49 20 E3 29 74 6F 20 73 6C 65 65 70 20 69 6E 20 6D 79 20 6F 77 6E CD 62 65 64 20 6F 6E 63 65 20 69 6E 20 61 20 77 68 69 6C 65 2E 2E 2E	08:1 1E:1 C9:1 CD:3 D7:1 E3:2	88	3	0	False	confirmed-record	[TOP]I haven`t had a bath in\n10 days, [E3][08]my socks...!!\n[C9][1E]I [E3])to sleep in my own\nbed once in a while...		pending			
EN-09A19E	main-dialogue-5	0x09A19E	0x09A1DD	63	D7 20 C2 00 20 66 69 6E 64 73 20 61 20 62 6F 6F 6B 2E CD 20 E3 04 C3 02 43 68 61 6D 65 6C 65 6F 6E 20 47 6C 61 73 73 65 73 C3 00 CD 20 E3 1C 64 65 73 63 72 69 62 65 64 20 74 68 65 72 65 2E	00:2 02:1 04:1 1C:1 C2:1 C3:2 CD:2 D7:1 E3:2	50	2	0	True	confirmed-record	[TOP] [NAME] finds a book.\n [E3][04][YELLOW]Chameleon Glasses[/HIGHLIGHT]\n [E3][1C]described there.		pending			
EN-09A293	main-dialogue-5	0x09A293	0x09A2BA	39	D7 E3 31 68 65 79 21 CD E3 09 E3 0F 62 65 20 69 6E 20 68 65 72 65 21 CD 47 6F 20 E3 3E 74 6F 20 E3 05 70 6F 73 74 21	05:1 09:1 0F:1 CD:2 D7:1 E3:5	28	2	0	False	confirmed-record	[TOP][E3]1hey!\n[E3][09][E3][0F]be in here!\nGo [E3]>to [E3][05]post!		pending			
EN-09A444	main-dialogue-5	0x09A444	0x09A46F	43	D7 20 2E 2E 2E 2E 2E 2E 2E 2E 2E 20 CD C9 1E 20 53 6F 6D 65 74 68 69 6E 67 20 73 75 73 70 69 63 69 6F 75 73 CD 20 68 65 72 65 2E	1E:1 C9:1 CD:2 D7:1	38	2	0	False	confirmed-record	[TOP] ......... \n[C9][1E] Something suspicious\n here.		pending			
EN-09A51C	main-dialogue-5	0x09A51C	0x09A54E	50	D7 E0 05 48 61 20 68 61 20 68 61 21 20 E3 24 69 73 20 77 68 61 74 CD 68 61 70 70 65 6E 73 20 74 6F 20 E3 E7 77 68 6F CD 6F 70 70 6F 73 65 20 6D 65 21	05:1 CD:2 D7:1 E0:1 E3:2 E7:1	42	2	0	False	confirmed-record	[TOP][SPEAKER:05]Ha ha ha! [E3]$is what\nhappens to [E3][E7]who\noppose me!		pending			
EN-09A54F	main-dialogue-5	0x09A54F	0x09A584	53	D7 E0 05 46 69 6C 74 68 79 20 6D 6F 75 73 65 21 CD E3 A5 6F 75 74 21 20 55 73 65 20 E3 00 6D 6F 75 73 65 CD 68 6F 6C 65 20 69 6E 20 E3 00 63 6F 72 6E 65 72 21	00:2 05:1 A5:1 CD:2 D7:1 E0:1 E3:3	42	2	0	False	confirmed-record	[TOP][SPEAKER:05]Filthy mouse!\n[E3][A5]out! Use [E3][00]mouse\nhole in [E3][00]corner!		pending			
EN-09A585	main-dialogue-5	0x09A585	0x09A5B7	50	D7 E0 05 E3 31 79 6F 75 21 20 E3 09 E3 0F 63 6F 6D 65 CD 69 6E 74 6F 20 E3 00 73 61 63 72 65 64 20 4C 61 62 CD E3 69 70 65 72 6D 69 73 73 69 6F 6E 21	00:1 05:1 09:1 0F:1 CD:2 D7:1 E0:1 E3:5	37	2	0	False	confirmed-record	[TOP][SPEAKER:05][E3]1you! [E3][09][E3][0F]come\ninto [E3][00]sacred Lab\n[E3]ipermission!		pending			
EN-09A5B8	main-dialogue-5	0x09A5B8	0x09A5E1	41	D7 E0 05 E3 24 69 73 20 E3 23 68 61 70 70 65 6E 73 20 74 6F CD 69 6D 70 75 64 65 6E 74 20 67 75 79 73 20 E3 2D 79 6F 75 21	05:1 CD:1 D7:1 E0:1 E3:3	34	1	0	False	confirmed-record	[TOP][SPEAKER:05][E3]$is [E3]#happens to\nimpudent guys [E3]-you!		pending			
EN-09A63C	main-dialogue-5	0x09A63C	0x09A831	501	D7 CD C3 02 20 45 69 6E 73 74 20 44 69 61 72 79 D1 20 58 20 E3 A1 58 20 44 61 79 CD 20 53 63 6F 75 74 65 64 20 E3 00 48 61 63 6B 65 72 73 2E CD 20 E3 24 69 73 20 6E 6F 20 66 61 63 74 6F 72 79 21 CD 20 4D 6F 72 65 20 E3 2D 61 20 63 72 75 65 6C 20 6A 6F 6B 65 21 D1 20 58 20 E3 A1 58 20 44 61 79 CD 20 E3 03 69 6D 70 72 65 73 73 65 64 21 CD 20 49 20 E3 2F 61 6E 20 61 77 66 75 6C 20 74 68 69 6E 67 CD 20 69 6E 20 E3 00 56 6F 6C 63 61 6E 6F 21 D1 20 53 6F 6D 65 20 E3 82 6F 66 20 CD C3 03 20 45 72 75 70 74 69 6F 6E 20 4D 61 63 68 69 6E 65 C3 02 21 CD 20 57 65 20 E3 02 74 6F 20 E3 B9 69 74 2E CD 20 49 20 74 6F 6F 6B 20 69 74 20 74 6F 20 E3 00 4C 61 62 2E D1 20 58 20 E3 A1 58 20 44 61 79 CD 20 E3 04 6D 61 63 68 69 6E 65 20 E3 16 65 66 66 65 63 74 69 76 65 CD 20 69 6E 20 63 6F 6E 74 72 6F 6C 6C 69 6E 67 20 74 68 65 CD 20 76 69 6C 6C 61 67 65 72 73 2E 20 E3 8C E3 B9 69 74 2E D1 20 58 20 E3 A1 58 20 44 61 79 CD 20 E3 04 E3 38 73 6F 6C 64 69 65 72 73 CD 20 E3 67 77 6F 72 6B 2E 2E 2E 20 53 6F 20 77 65 60 6C 6C CD 20 E3 B9 E3 00 E3 9B 70 65 6F 70 6C 65 2E D1 20 49 20 73 65 6E 74 20 E3 4A 69 6E 76 69 74 61 74 69 6F 6E 73 2C CD 20 E3 08 E3 00 69 64 69 6F 74 73 20 63 61 6D 65 21 CD 20 E3 24 69 73 20 6D 79 20 72 65 76 65 6E 67 65 CD 20 E3 0C E3 77 61 20 66 6F 6F 6C 20 6F 66 20 6D 65 21 D1 20 49 66 20 E3 00 6D 61 63 68 69 6E 65 20 77 6F 72 72 69 65 73 CD 20 79 6F 75 2C 20 E3 D8 E3 00 56 6F 6C 63 61 6E 6F 2E CD 20 E3 73 49 20 E3 14 66 69 6E 64 CD 20 61 6E 20 69 6E 76 65 6E 74 69 6F 6E 2E 2E 2E C3 00	00:8 02:3 03:2 04:2 08:1 0C:1 14:1 16:1 82:1 8C:1 9B:1 A1:4 B9:3 C3:4 CD:22 D1:7 D7:1 D8:1 E3:35	402	22	7	True	confirmed-record	[TOP]\n[YELLOW] Einst Diary\f X [E3][A1]X Day\n Scouted [E3][00]Hackers.\n [E3]$is no factory!\n More [E3]-a cruel joke!\f X [E3][A1]X Day\n [E3][03]impressed!\n I [E3]/an awful thing\n in [E3][00]Volcano!\f Some [E3][82]of \n[PINK] Eruption Machine[YELLOW]!\n We [E3][02]to [E3][B9]it.\n I took it to [E3][00]Lab.\f X [E3][A1]X Day\n [E3][04]machine [E3][16]effective\n in controlling the\n villagers. [E3][8C][E3][B9]it.\f X [E3][A1]X Day\n [E3][04][E3]8soldiers\n [E3]gwork... So we`ll\n [E3][B9][E3][00][E3][9B]people.\f I sent [E3]Jinvitations,\n [E3][08][E3][00]idiots came!\n [E3]$is my revenge\n [E3][0C][E3]wa fool of me!\f If [E3][00]machine worries\n you, [E3][BOTTOM][E3][00]Volcano.\n [E3]sI [E3][14]find\n an invention...[/HIGHLIGHT]		pending			
EN-09A832	main-dialogue-5	0x09A832	0x09A84E	28	D7 20 2E 2E 2E C9 28 E3 0D 69 6E 20 72 65 64 2C CD 20 E3 9C 74 6F 20 72 65 61 64 2E	0D:1 9C:1 C9:1 CD:1 D7:1 E3:2	21	1	0	False	confirmed-record	[TOP] ...[C9]([E3][0D]in red,\n [E3][9C]to read.		pending			
EN-09A90E	main-dialogue-5	0x09A90E	0x09A94B	61	D7 E0 03 41 68 2C 20 E3 B3 63 6F 6D 65 2E 20 57 65 60 6C 6C CD E3 B9 E3 0E 4D 61 63 68 69 6E 65 20 74 6F 20 6D 61 6B 65 CD E3 01 68 75 6D 61 6E 20 61 67 61 69 6E 2E 20 C9 14 4F 4B 3F	01:1 03:1 0E:1 14:1 B3:1 B9:1 C9:1 CD:2 D7:1 E0:1 E3:4	46	2	0	False	confirmed-record	[TOP][SPEAKER:03]Ah, [E3][B3]come. We`ll\n[E3][B9][E3][0E]Machine to make\n[E3][01]human again. [C9][14]OK?		pending			
EN-09A94C	main-dialogue-5	0x09A94C	0x09A96B	31	D7 E0 03 E3 31 E3 39 6D 6F 75 73 65 2E CD E3 17 62 65 20 73 68 79 2E CD E3 52 68 65 72 65 2E	03:1 17:1 CD:2 D7:1 E0:1 E3:4	21	2	0	False	confirmed-record	[TOP][SPEAKER:03][E3]1[E3]9mouse.\n[E3][17]be shy.\n[E3]Rhere.		pending			
EN-09A96C	main-dialogue-5	0x09A96C	0x09A982	22	D7 20 C2 00 CD 20 62 65 E3 7E 68 75 6D 61 6E 20 61 67 61 69 6E 21	00:1 C2:1 CD:1 D7:1 E3:1	17	1	0	False	confirmed-record	[TOP] [NAME]\n be[E3]~human again!		pending			
EN-09A983	main-dialogue-5	0x09A983	0x09AAB0	301	D7 E0 03 DC 09 2E 2E 2E 48 6D 6D 6D 2E 2E 2E 20 E3 6B 79 6F 75 CD DC 00 C2 00 3F CD E3 09 E3 C6 61 20 E3 39 67 72 65 65 6E 2E D1 E3 88 E3 BC E3 01 E3 20 62 61 63 6B 3F CD C9 1E 57 68 61 74 3F C9 1E CD 54 6F 20 73 74 6F 70 20 E3 00 65 61 72 74 68 71 75 61 6B 65 3F D1 49 64 69 6F 74 2E 20 E3 04 C3 02 51 75 61 6B 65 20 4D 61 63 68 69 6E 65 C3 00 CD E3 14 62 65 20 73 74 6F 70 70 65 64 2E D1 E3 04 44 69 72 65 63 74 6F 72 20 E3 08 74 68 65 CD C3 02 48 65 61 64 20 53 6F 6C 64 69 65 72 C3 00 20 E3 3B 68 6F 77 2E D1 C3 02 48 65 61 64 20 73 6F 6C 64 69 65 72 73 20 E3 1C 74 75 72 6E 65 64 CD 74 6F 20 6D 69 63 65 C3 00 2E 2E 2E CD E3 17 E3 4F 61 6E 79 6F 6E 65 2E D1 E3 03 E3 25 6E 6F 77 2E 20 49 66 20 74 68 61 74 CD 74 6F 6D 62 6F 79 20 63 6F 6D 65 73 20 62 61 63 6B 2C 20 64 6F 6E 60 74 CD 6C 65 74 20 E3 F6 62 75 67 20 79 6F 75 2E D1 CD E3 34 E3 07 6D 61 6B 65 CD 61 20 6D 65 73 73 20 6F 66 20 69 74 21	00:6 01:1 02:3 03:2 04:2 07:1 08:1 09:2 14:1 17:1 1C:1 1E:2 88:1 BC:1 C2:1 C3:6 C6:1 C9:2 CD:12 D1:6 D7:1 DC:2 E0:1 E3:22 F6:1	221	12	6	True	confirmed-record	[TOP][SPEAKER:03][DC][09]...Hmmm... [E3]kyou\n[DC][00][NAME]?\n[E3][09][E3][C6]a [E3]9green.\f[E3][88][E3][BC][E3][01][E3] back?\n[C9][1E]What?[C9][1E]\nTo stop [E3][00]earthquake?\fIdiot. [E3][04][YELLOW]Quake Machine[/HIGHLIGHT]\n[E3][14]be stopped.\f[E3][04]Director [E3][08]the\n[YELLOW]Head Soldier[/HIGHLIGHT] [E3];how.\f[YELLOW]Head soldiers [E3][1C]turned\nto mice[/HIGHLIGHT]...\n[E3][17][E3]Oanyone.\f[E3][03][E3]%now. If that\ntomboy comes back, don`t\nlet [E3][F6]bug you.\f\n[E3]4[E3][07]make\na mess of it!		pending			
EN-09ABA7	main-dialogue-5	0x09ABA7	0x09ABC6	31	D7 E0 04 DC 01 57 61 69 74 21 21 20 53 68 65 61 21 CD E3 17 E3 20 E3 C3 68 65 72 65 21 DC 00	00:1 01:1 04:1 17:1 68:1 C3:1 CD:1 D7:1 DC:2 E0:1 E3:3	17	1	0	False	confirmed-record	[TOP][SPEAKER:04][DC][01]Wait!! Shea!\n[E3][17][E3] [E3][C3:68]ere![DC][00]		pending			
EN-09ABC7	main-dialogue-5	0x09ABC7	0x09ABFF	56	D7 E0 04 DC 09 2E 2E 2E 2E 2E 2E 2E 2E 2E 2E 2E CD DC 01 57 61 68 2D 61 2D 61 2D 61 2D 68 21 CD 41 20 20 6D 20 2D 20 6F 20 2D 20 75 20 2D 20 73 20 2D 20 65 21 21 DC 00	00:1 01:1 04:1 09:1 CD:2 D7:1 DC:3 E0:1	45	2	0	False	confirmed-record	[TOP][SPEAKER:04][DC][09]...........\n[DC][01]Wah-a-a-a-h!\nA  m - o - u - s - e!![DC][00]		pending			
EN-09AC00	main-dialogue-5	0x09AC00	0x09AC20	32	D7 E0 04 4E 6F 2E 2E 2E C9 28 6F 68 2C 20 6E 6F 2E 2E 2E CD 49 20 E3 0F 73 74 E3 08 69 74 21 21	04:1 08:1 0F:1 C9:1 CD:1 D7:1 E0:1 E3:2	23	1	0	False	confirmed-record	[TOP][SPEAKER:04]No...[C9](oh, no...\nI [E3][0F]st[E3][08]it!!		pending			
EN-09AD47	main-dialogue-5	0x09AD47	0x09AD83	60	D7 E0 03 E3 D0 E3 AC 6F 66 20 E3 F6 E3 0C 6D 65 2E CD 54 68 65 6E 20 E3 06 74 65 61 63 68 20 E3 01 68 6F 77 CD 74 6F 20 74 75 72 6E 20 E3 3E 69 6E 74 6F 20 61 20 68 75 6D 61 6E 2E	01:1 03:1 06:1 0C:1 AC:1 CD:2 D0:1 D7:1 E0:1 E3:7 F6:1	42	2	0	False	confirmed-record	[TOP][SPEAKER:03][E3][WIPE][E3][AC]of [E3][F6][E3][0C]me.\nThen [E3][06]teach [E3][01]how\nto turn [E3]>into a human.		pending			
EN-09AD84	main-dialogue-5	0x09AD84	0x09AEDA	342	D7 E0 03 48 65 68 20 68 65 68 2E 20 47 6F 6F 64 20 6A 6F 62 2E CD 53 E3 41 61 20 72 65 61 6C CD 74 6F 6D 62 6F 79 2C 20 69 73 6E 60 74 20 73 68 65 2E D1 E3 8C 64 6F 20 E3 3A 62 75 73 69 6E 65 73 73 2E CD C9 14 49 20 68 65 61 72 20 E3 15 48 51 20 73 65 6E 64 73 CD C3 02 52 65 73 65 61 72 63 68 20 46 75 6E 64 73 C3 00 20 74 6F 20 E3 0E 6C 61 62 2E D1 E3 36 6F 75 74 73 69 64 65 CD C3 02 33 20 67 75 61 72 64 73 C3 00 20 E3 1C 73 74 61 74 69 6F 6E 65 64 2E CD E3 0B 61 20 6D 6F 75 73 65 2C 20 E3 01 63 61 6E CD 67 6F 20 70 6C 61 63 65 73 20 E3 15 49 20 63 61 6E 60 74 2E D1 54 68 65 72 65 21 CD C3 02 49 20 E3 29 E3 01 74 6F 20 E3 26 E3 15 CD 6D 6F 6E 65 79 20 E3 08 E3 37 69 74 20 74 6F 20 6D 65 2E C3 00 D1 54 68 65 6E 20 E3 06 E3 6D E3 01 72 65 74 75 72 6E CD 74 6F 20 68 75 6D 61 6E 20 66 6F 72 6D 2E D1 E3 06 77 61 69 74 20 68 65 72 65 2E 20 46 72 6F 6D 20 74 68 61 74 CD E3 90 68 6F 6C 65 20 49 20 62 65 74 20 79 6F 75 CD E3 14 67 6F 20 E3 71 6F 76 65 72 2E CD 49 20 62 65 67 20 79 6F 75 2C 20 E3 39 6D 6F 75 73 65 21 21	00:3 01:3 02:3 03:1 06:2 08:1 0B:1 0E:1 14:2 15:3 1C:1 8C:1 90:1 C3:6 C9:1 CD:13 D1:5 D7:1 E0:1 E3:24	268	13	5	True	confirmed-record	[TOP][SPEAKER:03]Heh heh. Good job.\nS[E3]Aa real\ntomboy, isn`t she.\f[E3][8C]do [E3]:business.\n[C9][14]I hear [E3][15]HQ sends\n[YELLOW]Research Funds[/HIGHLIGHT] to [E3][0E]lab.\f[E3]6outside\n[YELLOW]3 guards[/HIGHLIGHT] [E3][1C]stationed.\n[E3][0B]a mouse, [E3][01]can\ngo places [E3][15]I can`t.\fThere!\n[YELLOW]I [E3])[E3][01]to [E3]&[E3][15]\nmoney [E3][08][E3]7it to me.[/HIGHLIGHT]\fThen [E3][06][E3]m[E3][01]return\nto human form.\f[E3][06]wait here. From that\n[E3][90]hole I bet you\n[E3][14]go [E3]qover.\nI beg you, [E3]9mouse!!		pending			
EN-09AEDB	main-dialogue-5	0x09AEDB	0x09AF6A	143	D7 E0 03 E3 ED E3 01 E3 4D E3 00 74 72 65 61 73 75 72 65 3F CD C9 0A 57 68 61 74 3F 21 20 4E 6F 74 68 69 6E 67 3F 20 E3 09 77 61 6E 74 CD 74 6F 20 62 65 20 68 75 6D 61 6E 20 61 67 61 69 6E 2C 20 72 69 67 68 74 3F D1 E3 04 72 6F 6F 6D 20 E3 18 C3 02 33 20 47 75 61 72 64 73 C3 00 CD 69 6E 20 66 72 6F 6E 74 20 6F 66 20 69 74 2E CD E3 2C E3 23 74 6F 20 E3 C6 66 6F 72 2E CD E3 03 63 6F 75 6E 74 69 6E 67 20 6F 6E 20 79 6F 75 21 21	00:2 01:1 02:1 03:2 04:1 09:1 0A:1 18:1 C3:2 C6:1 C9:1 CD:5 D1:1 D7:1 E0:1 E3:11 ED:1	109	5	1	True	confirmed-record	[TOP][SPEAKER:03][E3][ED][E3][01][E3]M[E3][00]treasure?\n[C9][0A]What?! Nothing? [E3][09]want\nto be human again, right?\f[E3][04]room [E3][18][YELLOW]3 Guards[/HIGHLIGHT]\nin front of it.\n[E3],[E3]#to [E3][C6]for.\n[E3][03]counting on you!!		pending			
EN-09AF6B	main-dialogue-5	0x09AF6B	0x09B008	157	D7 E0 03 E3 09 E3 BC 69 74 2C 20 6C 69 74 74 6C 65 CD 6D 6F 75 73 65 21 21 20 48 E3 08 6F 76 65 72 CD E3 15 6C 6F 6F 74 21 DE D7 20 4B 6F 74 65 74 73 75 20 E3 18 74 61 6B 65 6E 20 CD C3 02 20 35 30 30 30 20 47 50 C3 00 21 D1 52 65 6D 65 6D 62 65 72 20 E3 05 70 72 6F 6D 69 73 65 2E CD 52 65 6D 65 6D 62 65 72 20 E3 00 C3 02 53 65 63 72 65 74 20 4C 61 62 C3 00 3F CD E3 0D E3 D2 E3 01 62 65 E3 7E 61 CD 6D 6F 75 73 65 2E 20 57 61 69 74 20 E3 0C 6D 65 20 74 68 65 72 65 2E	00:3 01:1 02:2 03:1 05:1 08:1 09:1 0C:1 0D:1 15:1 18:1 BC:1 C3:4 CD:6 D1:1 D2:1 D7:2 DE:1 E0:1 E3:12	114	6	1	True	confirmed-record	[TOP][SPEAKER:03][E3][09][E3][BC]it, little\nmouse!! H[E3][08]over\n[E3][15]loot![DE][TOP] Kotetsu [E3][18]taken \n[YELLOW] 5000 GP[/HIGHLIGHT]!\fRemember [E3][05]promise.\nRemember [E3][00][YELLOW]Secret Lab[/HIGHLIGHT]?\n[E3][0D][E3][WAIT][E3][01]be[E3]~a\nmouse. Wait [E3][0C]me there.		pending			
EN-09B009	main-dialogue-5	0x09B009	0x09B09E	149	D7 48 75 68 3F CD C9 28 2E 2E 2E E3 24 69 73 CD E3 71 E3 4B 77 61 73 3F CD 2E 2E 2E 54 6F 6F 20 62 61 64 D1 4B 6F 74 65 74 73 75 20 E3 18 74 61 6B 65 6E 20 CD C3 02 E3 71 E3 00 6D 6F 6E 65 79 21 D1 C3 00 D3 B6 AF D7 57 61 69 74 21 20 E3 19 68 61 70 70 65 6E 65 64 CD 74 6F 20 E3 00 6D 6F 6E 65 79 3F 20 57 69 74 68 6F 75 74 CD E3 15 6D 6F 6E 65 79 20 49 20 E3 0F 6D 61 6B 65 CD E3 01 68 75 6D 61 6E 20 61 67 61 69 6E 2E 20 54 6F 6F 20 62 61 64 2E	00:3 01:1 02:1 0F:1 15:1 18:1 19:1 AF:1 B6:1 C3:2 C9:1 CD:7 D1:2 D3:1 D7:2 E3:11	112	7	2	True	confirmed-record	[TOP]Huh?\n[C9](...[E3]$is\n[E3]q[E3]Kwas?\n...Too bad\fKotetsu [E3][18]taken \n[YELLOW][E3]q[E3][00]money!\f[/HIGHLIGHT][D3][B6][AF][TOP]Wait! [E3][19]happened\nto [E3][00]money? Without\n[E3][15]money I [E3][0F]make\n[E3][01]human again. Too bad.		pending			
EN-09B09F	main-dialogue-5	0x09B09F	0x09B0F5	86	D7 41 20 73 74 72 61 6E 67 65 20 6D 61 63 68 69 6E 65 2E 2E 2E CD 45 76 65 6E 20 69 66 20 49 20 70 75 73 68 20 E3 00 73 77 69 74 63 68 CD 69 74 20 64 6F 65 73 6E 60 74 20 E3 42 61 20 73 6F 75 6E 64 2E CD 50 72 6F 62 61 62 6C 79 20 62 72 6F 6B 65 6E 2E 2E 2E	00:1 CD:3 D7:1 E3:2	79	3	0	False	confirmed-record	[TOP]A strange machine...\nEven if I push [E3][00]switch\nit doesn`t [E3]Ba sound.\nProbably broken...		pending			
EN-09B0F6	main-dialogue-5	0x09B0F6	0x09B11F	41	D7 E0 03 2E 2E 2E 2E 2E 2E 2E 2E 2E 2E 2E CD E3 19 E3 1C E3 01 64 6F 69 6E 67 CD 69 6E 20 61 20 E3 93 E3 2D 74 68 69 73 3F	01:1 03:1 19:1 1C:1 93:1 CD:2 D7:1 E0:1 E3:5	27	2	0	False	confirmed-record	[TOP][SPEAKER:03]...........\n[E3][19][E3][1C][E3][01]doing\nin a [E3][93][E3]-this?		pending			
EN-09B120	main-dialogue-5	0x09B120	0x09B1F5	213	D7 E0 04 48 6D 6D 6D 2E 2E 2E C9 1E E3 19 E3 BC E3 01 73 61 79 3F CD E3 19 E3 0A 79 6F 75 3F CD E3 09 E3 07 62 65 E3 A4 68 65 72 65 3F D1 E0 03 E3 19 61 20 73 70 69 74 65 66 75 6C 20 77 6F 6D 61 6E 21 CD 41 6E 64 20 E3 15 6D 6F 75 73 65 2E 20 E3 6B E3 01 61 CD 76 69 63 74 69 6D 20 6F 66 20 E3 00 43 68 69 65 66 3F D1 E0 04 E3 0B 67 65 74 74 69 6E 67 20 73 74 72 61 6E 67 65 72 2D CD E3 B6 74 6F 20 6D 69 63 65 21 CD E3 19 E3 1C 79 6F 75 3F D1 E0 03 2E 2E 2E E3 19 61 20 62 6F 74 68 65 72 21 D1 E3 31 4D 6F 75 73 65 21 20 49 66 20 79 6F 75 CD E3 72 68 75 6D 61 6E 20 74 61 6C 6B 2C CD 63 68 61 73 65 20 E3 0E 67 69 72 6C 20 61 77 61 79 21	00:1 01:2 03:2 04:2 07:1 09:1 0A:1 0B:1 0E:1 15:1 19:5 1C:1 1E:1 A4:1 B6:1 BC:1 C9:1 CD:8 D1:4 D7:1 E0:4 E3:21	151	8	4	False	confirmed-record	[TOP][SPEAKER:04]Hmmm...[C9][1E][E3][19][E3][BC][E3][01]say?\n[E3][19][E3][0A]you?\n[E3][09][E3][07]be[E3][A4]here?\f[SPEAKER:03][E3][19]a spiteful woman!\nAnd [E3][15]mouse. [E3]k[E3][01]a\nvictim of [E3][00]Chief?\f[SPEAKER:04][E3][0B]getting stranger-\n[E3][B6]to mice!\n[E3][19][E3][1C]you?\f[SPEAKER:03]...[E3][19]a bother!\f[E3]1Mouse! If you\n[E3]rhuman talk,\nchase [E3][0E]girl away!		pending			
EN-09B1F6	main-dialogue-5	0x09B1F6	0x09B229	51	D7 E0 03 4C 69 74 74 6C 65 20 6D 6F 75 73 65 2C 20 E3 50 49 CD E3 4F E3 01 68 6F 77 20 74 6F 20 62 65 63 6F 6D 65 CD 68 75 6D 61 6E 20 61 67 61 69 6E 3F	01:1 03:1 CD:2 D7:1 E0:1 E3:3	42	2	0	False	confirmed-record	[TOP][SPEAKER:03]Little mouse, [E3]PI\n[E3]O[E3][01]how to become\nhuman again?		pending			
EN-09B355	main-dialogue-5	0x09B355	0x09B3AE	89	D7 41 6E 6F 74 E3 F6 6E 65 77 63 6F 6D 65 72 2E 20 53 71 75 65 61 6B 21 CD 4C 6F 74 73 20 6F 66 20 73 74 72 61 6E 67 65 72 73 20 61 72 6F 75 6E 64 CD E3 A6 6C 61 74 65 6C 79 2E 20 E3 24 69 73 20 6F 75 72 CD 74 75 72 66 2C 20 E3 26 6F 75 74 21 20 53 71 75 65 61 6B 21	A6:1 CD:3 D7:1 E3:4 F6:1	79	3	0	False	confirmed-record	[TOP]Anot[E3][F6]newcomer. Squeak!\nLots of strangers around\n[E3][A6]lately. [E3]$is our\nturf, [E3]&out! Squeak!		pending			
EN-09B3AF	main-dialogue-5	0x09B3AF	0x09B4F4	325	D7 E3 BA 6E 6F 2C 20 31 30 30 30 20 74 69 6D 65 73 20 4E 4F 21 CD C9 14 2E 2E 2E 20 E3 2E E3 09 77 65 72 65 CD 68 75 6D 61 6E 2C 20 E3 08 E3 29 74 6F 20 72 65 74 75 72 6E CD 74 6F 20 68 75 6D 61 6E 20 66 6F 72 6D 3F 20 53 71 75 65 61 6B 21 3F D1 56 65 72 79 20 73 74 72 61 6E 67 65 2E 20 E3 0B 61 CD E3 90 74 6F 6F 2C 20 77 68 79 20 E3 2B 79 6F 75 CD E3 29 74 6F 20 62 65 20 61 20 68 75 6D 61 6E 3F 20 53 71 75 65 61 6B 21 D1 49 20 E3 12 74 65 73 74 20 E3 01 6F 75 74 21 CD 53 71 75 65 61 6B 21 D1 49 6E 20 E3 00 C3 02 4C 75 6E 63 68 72 6F 6F 6D D1 C3 00 C3 02 4D 6F E3 B9 43 6C 65 61 6E 69 6E 67 CD C3 00 69 73 20 75 6E 64 65 72 20 77 61 79 21 CD 4D 69 63 65 20 E3 0F E3 26 69 6E 20 74 6F CD E3 26 66 6F 6F 64 21 20 53 71 75 65 61 6B 21 D1 47 6F 20 E3 4B E3 08 64 6F 20 73 6F 6D 65 74 68 69 6E 67 CD 74 6F 20 E3 26 E3 3A 66 6F 6F 64 2E 20 53 71 75 65 61 6B 21 CD 49 20 E3 01 66 61 69 6C 2C 20 49 20 77 6F 6E 60 74 CD 6C 65 74 20 E3 01 70 61 73 73 2E 20 53 71 75 65 61 6B 21	00:3 01:3 02:2 08:2 09:1 0B:1 0F:1 12:1 14:1 90:1 B9:1 BA:1 C3:4 C9:1 CD:12 D1:5 D7:1 E3:22	262	12	5	True	confirmed-record	[TOP][E3][BA]no, 1000 times NO!\n[C9][14]... [E3].[E3][09]were\nhuman, [E3][08][E3])to return\nto human form? Squeak!?\fVery strange. [E3][0B]a\n[E3][90]too, why [E3]+you\n[E3])to be a human? Squeak!\fI [E3][12]test [E3][01]out!\nSqueak!\fIn [E3][00][YELLOW]Lunchroom\f[/HIGHLIGHT][YELLOW]Mo[E3][B9]Cleaning\n[/HIGHLIGHT]is under way!\nMice [E3][0F][E3]&in to\n[E3]&food! Squeak!\fGo [E3]K[E3][08]do something\nto [E3]&[E3]:food. Squeak!\nI [E3][01]fail, I won`t\nlet [E3][01]pass. Squeak!		pending			
EN-09B4F5	main-dialogue-5	0x09B4F5	0x09B53F	74	D7 E3 09 68 61 76 65 6E 60 74 20 6F 75 74 77 69 74 20 74 68 65 CD 4C 75 6E 63 68 72 6F 6F 6D 20 67 75 79 73 3F 20 53 71 75 65 61 6B 21 3F CD E3 09 61 72 65 6E 60 74 20 E3 3F 61 CD 68 75 6D 61 6E 21 20 53 71 75 65 61 6B 21	09:2 CD:3 D7:1 E3:3	65	3	0	False	confirmed-record	[TOP][E3][09]haven`t outwit the\nLunchroom guys? Squeak!?\n[E3][09]aren`t [E3]?a\nhuman! Squeak!		pending			
EN-09B540	main-dialogue-5	0x09B540	0x09B581	65	D7 E3 2E E3 09 E3 BC 69 74 3F 20 59 6F 75 CD 74 72 69 63 6B 65 64 20 E3 00 4C 75 6E 63 68 72 6F 6F 6D CD 67 75 79 73 3F 20 41 6D 61 7A 69 6E 67 21 CD E3 8C 65 61 74 21 20 53 71 75 65 61 6B 21 21	00:1 09:1 8C:1 BC:1 CD:3 D7:1 E3:5	52	3	0	False	confirmed-record	[TOP][E3].[E3][09][E3][BC]it? You\ntricked [E3][00]Lunchroom\nguys? Amazing!\n[E3][8C]eat! Squeak!!		pending			
EN-09B5AF	main-dialogue-5	0x09B5AF	0x09B648	153	D7 48 65 20 74 75 72 6E 65 64 20 E3 01 69 6E 74 6F 20 61 CD E3 90 74 6F 6F 3F 20 53 6F 6D 65 64 61 79 CD E3 0E 66 61 63 74 6F 72 79 20 E3 12 62 65 CD 66 75 6C 6C 20 6F 66 20 6D 69 63 65 21 20 53 71 75 65 61 6B 21 D1 E3 04 6D 61 6E 61 67 65 72 20 6F 66 20 74 68 65 CD C3 02 45 61 72 74 68 71 75 61 6B 65 20 44 65 76 69 63 65 C3 00 20 E3 4E 62 65 20 CD 61 20 6D 6F 75 73 65 2C 20 74 6F 6F 2E CD 57 68 65 72 65 60 64 20 68 65 20 67 6F 3F 20 53 71 75 65 61 6B 21	00:1 01:1 02:1 04:1 0E:1 12:1 90:1 C3:2 CD:6 D1:1 D7:1 E3:6	130	6	1	True	confirmed-record	[TOP]He turned [E3][01]into a\n[E3][90]too? Someday\n[E3][0E]factory [E3][12]be\nfull of mice! Squeak!\f[E3][04]manager of the\n[YELLOW]Earthquake Device[/HIGHLIGHT] [E3]Nbe \na mouse, too.\nWhere`d he go? Squeak!		pending			
EN-09B649	main-dialogue-5	0x09B649	0x09B69E	85	D7 41 20 77 6F 6D 61 6E 20 E3 16 72 75 6D 6D 61 67 69 6E 67 CD E3 70 69 6E 20 E3 15 72 6F 6F 6D 2E 20 57 68 65 6E CD 49 20 70 65 65 6B 65 64 20 69 6E 2C 20 73 68 65 20 73 63 72 65 61 6D 65 64 CD E3 08 73 63 61 72 65 64 20 6D 65 21 20 53 71 75 65 61 6B 21	08:1 15:1 16:1 CD:3 D7:1 E3:4	74	3	0	False	confirmed-record	[TOP]A woman [E3][16]rummaging\n[E3]pin [E3][15]room. When\nI peeked in, she screamed\n[E3][08]scared me! Squeak!		pending			
EN-09B6FA	main-dialogue-5	0x09B6FA	0x09B750	86	D7 49 20 E3 35 E3 7E 69 6E 20 74 6F 20 E3 26 61 CD 62 69 74 65 20 74 6F 20 65 61 74 2C 20 74 68 65 6E 20 74 68 61 74 CD 68 75 6D 61 6E 20 E3 7E 69 6E 21 20 53 71 75 65 61 6B 21 CD 47 69 76 65 20 6D 65 20 73 6F 6D 65 74 68 69 6E 67 21 20 53 71 75 65 61 6B 21	CD:3 D7:1 E3:4	78	3	0	False	confirmed-record	[TOP]I [E3]5[E3]~in to [E3]&a\nbite to eat, then that\nhuman [E3]~in! Squeak!\nGive me something! Squeak!		pending			
EN-09B751	main-dialogue-5	0x09B751	0x09B794	67	D7 E3 A3 77 65 20 E3 14 E3 30 6F 75 72 CD E3 54 E3 08 65 61 74 2E 20 53 71 75 65 61 6B 21 CD E3 04 66 6F 6F 64 20 E3 A6 69 73 CD 65 73 70 65 63 69 61 6C 6C 79 20 67 6F 6F 64 2E 20 53 71 75 65 61 6B 21	04:1 08:1 14:1 A3:1 A6:1 CD:3 D7:1 E3:7	51	3	0	False	confirmed-record	[TOP][E3][A3]we [E3][14][E3]0our\n[E3]T[E3][08]eat. Squeak!\n[E3][04]food [E3][A6]is\nespecially good. Squeak!		pending			
EN-09B7F8	main-dialogue-5	0x09B7F8	0x09B842	74	D7 49 20 E3 16 61 20 73 6F 6C 64 69 65 72 2C 20 74 6F 6F 21 CD 53 71 75 65 61 6B 21 20 49 20 63 75 72 73 65 20 74 68 65 CD 43 68 69 65 66 20 E3 0C 64 6F 69 6E 67 20 74 68 69 73 CD 74 6F 20 6D 65 2E 20 53 71 75 65 61 6B 21	0C:1 16:1 CD:3 D7:1 E3:2	66	3	0	False	confirmed-record	[TOP]I [E3][16]a soldier, too!\nSqueak! I curse the\nChief [E3][0C]doing this\nto me. Squeak!		pending			
EN-09B843	main-dialogue-5	0x09B843	0x09B91F	220	D7 49 20 61 63 63 69 64 65 6E 74 61 6C 6C 79 20 70 75 73 68 65 64 20 74 68 65 CD 73 65 6C 66 2D 64 65 73 74 72 75 63 74 20 62 75 74 74 6F 6E 20 6F 6E CD E3 00 45 61 72 74 68 71 75 61 6B 65 20 44 65 76 69 63 65 2C CD E3 08 E3 A7 E3 03 61 20 6D 6F 75 73 65 21 D1 54 75 72 6E 20 E3 00 73 77 69 74 63 68 CD C3 02 72 69 67 68 74 20 33 20 74 69 6D 65 73 2C CD E3 D6 74 77 69 63 65 C3 00 20 61 6E 64 CD 69 74 20 73 65 6C 66 2D 64 65 73 74 72 75 63 74 73 2E 20 53 71 75 65 61 6B 21 D1 E3 36 49 20 E3 07 77 6F 72 72 79 20 61 62 6F 75 74 CD E3 15 6E 6F 77 2E 20 E3 03 63 6F 6D 66 6F 72 74 61 62 6C 65 CD 62 65 69 6E 67 20 61 20 6D 6F 75 73 65 21 20 53 71 75 65 61 6B 21	00:3 02:1 03:2 07:1 08:1 15:1 A7:1 C3:2 CD:8 D1:2 D6:1 D7:1 E3:10	186	8	2	True	confirmed-record	[TOP]I accidentally pushed the\nself-destruct button on\n[E3][00]Earthquake Device,\n[E3][08][E3][A7][E3][03]a mouse!\fTurn [E3][00]switch\n[YELLOW]right 3 times,\n[E3][D6]twice[/HIGHLIGHT] and\nit self-destructs. Squeak!\f[E3]6I [E3][07]worry about\n[E3][15]now. [E3][03]comfortable\nbeing a mouse! Squeak!		pending			
EN-09B9BA	main-dialogue-5	0x09B9BA	0x09B9F5	59	D7 E3 24 77 61 79 21 20 CD C9 14 E3 04 54 6F 69 6C 65 74 3F CD C3 02 E3 04 54 6F 69 6C 65 74 C3 00 20 69 73 20 64 6F 77 6E 20 74 68 65 72 65 21 CD E3 17 E3 26 6C 6F 73 74 21 21	00:1 02:1 04:2 14:1 17:1 C3:2 C9:1 CD:3 D7:1 E3:5	41	3	0	True	confirmed-record	[TOP][E3]$way! \n[C9][14][E3][04]Toilet?\n[YELLOW][E3][04]Toilet[/HIGHLIGHT] is down there!\n[E3][17][E3]&lost!!		pending			
EN-09B9F6	main-dialogue-5	0x09B9F6	0x09BA2B	53	D7 E3 CE E3 1C E3 01 67 6F 69 6E 67 3F 21 CD 41 20 C9 1E C3 02 53 74 61 6D 70 C3 00 20 6F 6E 20 E3 05 68 61 6E 64 3F CD 4F 4B 2C 20 E3 01 E3 14 70 61 73 73 2E	00:1 01:2 02:1 05:1 14:1 1C:1 1E:1 C3:2 C9:1 CD:2 CE:1 D7:1 E3:6	32	2	0	True	confirmed-record	[TOP][E3][CE][E3][1C][E3][01]going?!\nA [C9][1E][YELLOW]Stamp[/HIGHLIGHT] on [E3][05]hand?\nOK, [E3][01][E3][14]pass.		pending			
EN-09BA2C	main-dialogue-5	0x09BA2C	0x09BA64	56	D7 E3 28 E3 13 66 69 6E 69 73 68 65 64 2C 20 67 6F CD E3 3E 74 6F 20 E3 05 70 6F 73 74 2E 20 57 65 60 72 65 CD 73 68 6F 72 74 68 61 6E 64 65 64 20 E3 70 68 65 72 65 21	05:1 13:1 CD:2 D7:1 E3:5	46	2	0	False	confirmed-record	[TOP][E3]([E3][13]finished, go\n[E3]>to [E3][05]post. We`re\nshorthanded [E3]phere!		pending			
EN-09BA65	main-dialogue-5	0x09BA65	0x09BAB2	77	D7 E3 04 43 68 69 65 66 20 E3 16 62 65 69 6E 67 2C CD 63 68 61 73 65 64 2C 20 E3 08 72 61 6E 20 69 6E 74 6F 20 74 68 65 CD C3 02 54 6F 69 6C 65 74 C3 00 20 74 6F 20 E3 26 61 77 61 79 2E CD DC 09 2E 2E 2E 20 C9 1E DC 00 41 6E 64 3F	00:2 02:1 04:1 08:1 09:1 16:1 1E:1 C3:2 C9:1 CD:3 D7:1 DC:2 E3:4	56	3	0	True	confirmed-record	[TOP][E3][04]Chief [E3][16]being,\nchased, [E3][08]ran into the\n[YELLOW]Toilet[/HIGHLIGHT] to [E3]&away.\n[DC][09]... [C9][1E][DC][00]And?		pending			
EN-09BAD1	main-dialogue-5	0x09BAD1	0x09BAE4	19	D7 20 47 75 61 72 64 20 69 73 20 74 68 65 72 65 2E 2E 2E	D7:1	18	0	0	False	confirmed-record	[TOP] Guard is there...		pending			
EN-09BB13	main-dialogue-5	0x09BB13	0x09BB58	69	D7 49 6E 20 E3 A6 E3 00 4C 61 62 60 73 CD C3 02 52 20 26 20 44 20 4D 6F 6E 65 79 20 C3 00 69 73 20 6B 65 70 74 2E CD 57 65 20 E3 DA 61 20 63 6C 6F 73 65 20 65 79 65 20 6F 6E 20 69 74 2E CD C9 1E 48 65 79 21	00:2 02:1 1E:1 A6:1 C3:2 C9:1 CD:3 D7:1 DA:1 E3:3	53	3	0	True	confirmed-record	[TOP]In [E3][A6][E3][00]Lab`s\n[YELLOW]R & D Money [/HIGHLIGHT]is kept.\nWe [E3][DA]a close eye on it.\n[C9][1E]Hey!		pending			
EN-09BB59	main-dialogue-5	0x09BB59	0x09BB9C	67	D7 E3 53 E3 3C 6F 72 64 65 72 65 64 20 6E 6F 74 CD 74 6F 20 6C 65 74 20 61 6E 79 E3 78 69 6E 2C 20 61 6E 64 CD E3 15 69 6E 63 6C 75 64 65 73 20 79 6F 75 2E CD E3 A3 E3 26 E3 4A 6F 66 20 68 65 72 65 21	15:1 A3:1 CD:3 D7:1 E3:7	54	3	0	False	confirmed-record	[TOP][E3]S[E3]<ordered not\nto let any[E3]xin, and\n[E3][15]includes you.\n[E3][A3][E3]&[E3]Jof here!		pending			
EN-09BBAE	main-dialogue-5	0x09BBAE	0x09BBEF	65	D7 C3 02 20 E3 24 69 73 20 57 6F 72 6B 20 42 75 69 6C 64 2D 75 70 CD 20 4D 6F 6E 74 68 20 69 6E 20 E3 00 E3 38 4C 61 62 2E CD 20 57 6F 72 6B 20 68 61 72 64 2C 20 65 76 65 72 79 6F 6E 65 21 C3 00	00:2 02:1 C3:2 CD:2 D7:1 E3:3	54	2	0	True	confirmed-record	[TOP][YELLOW] [E3]$is Work Build-up\n Month in [E3][00][E3]8Lab.\n Work hard, everyone![/HIGHLIGHT]		pending			
EN-09BCE5	main-dialogue-5	0x09BCE5	0x09BD2B	70	D7 C3 03 20 43 68 69 65 66 20 45 78 65 63 2E 54 6F 69 6C 65 74 CD CD C3 02 20 50 65 6E 61 6C 74 79 20 E3 0C 75 73 65 2C 20 CD 20 31 30 20 79 65 61 72 73 20 74 6F 69 6C 65 74 20 63 6C 65 61 6E 69 6E 67 21 C3 00	00:1 02:1 03:1 0C:1 C3:3 CD:3 D7:1 E3:1	58	3	0	True	confirmed-record	[TOP][PINK] Chief Exec.Toilet\n\n[YELLOW] Penalty [E3][0C]use, \n 10 years toilet cleaning![/HIGHLIGHT]		pending			
EN-09BD2C	main-dialogue-5	0x09BD2C	0x09BD79	77	D7 C3 02 20 20 20 E3 38 50 75 62 6C 69 63 20 54 6F 69 6C 65 74 CD C3 03 20 43 68 69 65 66 20 45 78 65 63 2E 54 6F 69 6C 65 74 CD C3 02 20 44 6F 20 E3 1E 75 73 65 21 CD C9 1E 20 E3 17 66 6F 72 E3 26 74 6F 20 66 6C 75 73 68 21 C3 00	00:1 02:2 03:1 17:1 1E:2 C3:4 C9:1 CD:3 D7:1 E3:4	57	3	0	True	confirmed-record	[TOP][YELLOW]   [E3]8Public Toilet\n[PINK] Chief Exec.Toilet\n[YELLOW] Do [E3][1E]use!\n[C9][1E] [E3][17]for[E3]&to flush![/HIGHLIGHT]		pending			
EN-09BD7A	main-dialogue-5	0x09BD7A	0x09BDB7	61	D7 20 4C 65 66 74 20 C3 02 52 20 26 20 44 CD C3 00 20 4E 6F 20 55 6E 61 75 74 68 6F 72 69 7A 65 64 20 50 65 72 73 6F 6E 6E 65 6C 2E CD CD 20 51 75 69 65 74 2C 20 70 6C 65 61 73 65 21	00:1 02:1 C3:2 CD:3 D7:1	53	3	0	True	confirmed-record	[TOP] Left [YELLOW]R & D\n[/HIGHLIGHT] No Unauthorized Personnel.\n\n Quiet, please!		pending			
EN-09BDB8	main-dialogue-5	0x09BDB8	0x09BDE5	45	D7 C3 02 20 E3 38 4C 75 6E 63 68 72 6F 6F 6D CD CD 20 E3 24 57 65 65 6B 20 2D 20 CD C3 03 20 47 69 62 6C 65 74 20 53 74 65 77 2E C3 00	00:1 02:1 03:1 C3:3 CD:3 D7:1 E3:2	33	3	0	True	confirmed-record	[TOP][YELLOW] [E3]8Lunchroom\n\n [E3]$Week - \n[PINK] Giblet Stew.[/HIGHLIGHT]		pending			
EN-09BDE6	main-dialogue-5	0x09BDE6	0x09BE3C	86	D7 C3 03 20 20 20 45 61 72 74 68 71 75 61 6B 65 20 44 65 76 69 63 65 20 52 6F 6F 6D CD C3 02 20 41 75 74 68 6F 72 69 7A 65 64 20 50 65 72 73 6F 6E 6E 65 6C CD 20 4F 6E 6C 79 21 21 CD 20 20 20 20 20 20 20 20 20 20 20 20 20 20 20 44 72 2E 45 69 6E 73 74 C3 00	00:1 02:1 03:1 C3:3 CD:3 D7:1	76	3	0	True	confirmed-record	[TOP][PINK]   Earthquake Device Room\n[YELLOW] Authorized Personnel\n Only!!\n               Dr.Einst[/HIGHLIGHT]		pending			
EN-09BE3D	main-dialogue-5	0x09BE3D	0x09BE71	52	D7 20 B2 20 52 20 26 20 44 CD 20 B1 20 4C 75 6E 63 68 72 6F 6F 6D CD 20 42 65 20 63 61 72 65 66 75 6C 20 E3 1E 74 6F 20 6C 6F 73 65 CD 20 E3 05 77 61 79 2E	05:1 1E:1 B1:1 B2:1 CD:3 D7:1 E3:2	42	3	0	False	confirmed-record	[TOP] [B2] R & D\n [B1] Lunchroom\n Be careful [E3][1E]to lose\n [E3][05]way.		pending			
EN-09BE94	main-dialogue-5	0x09BE94	0x09BEE8	84	D7 C3 02 20 53 75 70 65 72 20 52 65 66 72 65 73 68 69 6E 67 20 4F 72 64 65 72 65 64 CD 20 62 79 20 43 6F 6D 6D 2E 20 42 6C 61 63 6B 6D 6F 72 65 CD C3 03 20 48 61 63 6B 65 72 60 73 20 53 6F 64 61 CD C3 02 20 E3 12 E3 42 E3 01 73 74 72 6F 6E 67 21 C3 00	00:1 01:1 02:2 03:1 12:1 C3:4 CD:3 D7:1 E3:3	67	3	0	True	confirmed-record	[TOP][YELLOW] Super Refreshing Ordered\n by Comm. Blackmore\n[PINK] Hacker`s Soda\n[YELLOW] [E3][12][E3]B[E3][01]strong![/HIGHLIGHT]		pending			
EN-09BEE9	main-dialogue-5	0x09BEE9	0x09BF3A	81	D7 C3 02 20 46 75 6C 6C 20 53 74 72 65 6E 67 74 68 21 CD C3 03 20 44 72 69 6E 6B 20 45 69 6E 73 74 60 73 CD 20 44 79 6E 61 6D 69 74 65 20 44 72 69 6E 6B C3 02 20 2D 20 CD 20 49 6D 70 72 6F 76 65 20 E3 05 69 6E 76 65 6E 74 69 6F 6E 73 21 C3 00	00:1 02:2 03:1 05:1 C3:4 CD:3 D7:1 E3:1	67	3	0	True	confirmed-record	[TOP][YELLOW] Full Strength!\n[PINK] Drink Einst`s\n Dynamite Drink[YELLOW] - \n Improve [E3][05]inventions![/HIGHLIGHT]		pending			
EN-09BF8F	main-dialogue-5	0x09BF8F	0x09BFC5	54	D7 2E 2E 2E 20 E3 19 69 73 CD E3 0E 70 6C 61 63 65 2E 2E 2E D1 41 20 73 70 61 63 65 73 68 69 70 3F CD C9 1E 54 65 74 72 6F 6E 3F CD C9 1E 2E 2E 2E C9 1E C2 00 3F	00:1 0E:1 19:1 1E:3 C2:1 C9:3 CD:3 D1:1 D7:1 E3:2	37	3	1	False	confirmed-record	[TOP]... [E3][19]is\n[E3][0E]place...\fA spaceship?\n[C9][1E]Tetron?\n[C9][1E]...[C9][1E][NAME]?		pending			
EN-09C187	main-dialogue-5	0x09C187	0x09C1B3	44	D7 E0 12 2E 2E 2E 49 20 E3 07 75 6E 64 65 72 73 74 61 6E 64 2E 2E 2E CD C9 28 57 65 6C 6C 2E 2E 2E CD 57 68 6F 20 E3 1C 79 6F 75 3F	07:1 12:1 1C:1 C9:1 CD:2 D7:1 E0:1 E3:2	34	2	0	False	confirmed-record	[TOP][SPEAKER:12]...I [E3][07]understand...\n[C9](Well...\nWho [E3][1C]you?		pending			
EN-09C1B4	main-dialogue-5	0x09C1B4	0x09C1FC	72	D7 E0 12 E3 04 E0 1A 20 69 73 20 C3 02 4E 61 70 6F 6C 65 6F 6E C3 00 2E D1 E3 1A 76 61 6C 75 61 62 6C 65 20 74 6F 20 75 73 2E CD 48 69 73 20 62 61 72 6B 20 69 73 20 77 6F 72 73 65 CD C9 1E E3 C9 E3 44 62 69 74 65 2E	00:1 02:1 04:1 12:1 1A:2 1E:1 C3:2 C9:2 CD:2 D1:1 D7:1 E0:2 E3:4	51	2	1	True	confirmed-record	[TOP][SPEAKER:12][E3][04][SPEAKER:1A] is [YELLOW]Napoleon[/HIGHLIGHT].\f[E3][1A]valuable to us.\nHis bark is worse\n[C9][1E][E3][C9][E3]Dbite.		pending			
EN-09C1FD	main-dialogue-5	0x09C1FD	0x09C249	76	D7 E0 12 53 6F 72 72 79 20 77 65 20 E3 6C E3 01 63 61 75 67 68 74 CD 75 70 20 69 6E 20 74 68 69 73 2E D1 E3 36 E3 01 E3 C6 72 65 6C 69 61 62 6C 65 CD E3 1F E3 00 66 69 72 73 74 2E CD C9 1E 49 20 77 6F 6E 64 65 72 20 77 68 79 2E	00:1 01:2 12:1 1E:1 1F:1 C6:1 C9:1 CD:3 D1:1 D7:1 E0:1 E3:7	55	3	1	False	confirmed-record	[TOP][SPEAKER:12]Sorry we [E3]l[E3][01]caught\nup in this.\f[E3]6[E3][01][E3][C6]reliable\n[E3][1F][E3][00]first.\n[C9][1E]I wonder why.		pending			
EN-09C24A	main-dialogue-5	0x09C24A	0x09C326	220	D7 E0 12 52 61 73 6B 20 2E 2E 2E C9 1E 20 69 73 6E 60 74 20 69 74 3F CD C9 1E 49 20 E3 58 E3 1F 4E 61 70 6F 6C 65 6F 6E 2E CD 52 61 73 6B 20 69 73 20 69 6E 6A 75 72 65 64 3F D1 E3 03 77 6F 72 72 69 65 64 2E 2E 2E C9 1E E3 36 49 CD E3 0F 6C 65 61 76 65 20 68 65 72 65 2E 2E 2E D1 57 68 61 74 3F C9 1E 20 4E 61 70 6F 6C 65 6F 6E 20 E3 08 47 61 74 65 61 75 3F CD C9 1E 53 6F 6D 65 E3 78 73 74 6F 6C 65 20 73 6F 6D 65 74 68 69 6E 67 CD E3 FC E3 1F 52 61 73 6B 2E D1 48 65 20 E3 6E 74 6F 20 74 68 65 CD C3 02 43 61 76 65 C3 00 20 74 6F 20 6C 6F 6F 6B 2E CD 49 66 20 61 6E 79 62 6F 64 79 20 67 65 74 73 20 74 68 65 69 72 CD 68 61 6E 64 73 20 6F 6E 20 69 74 2E 2E 2E	00:1 02:1 03:1 08:1 0F:1 12:1 1E:5 1F:2 C3:2 C9:5 CD:8 D1:3 D7:1 E0:1 E3:10 FC:1	176	8	3	True	confirmed-record	[TOP][SPEAKER:12]Rask ...[C9][1E] isn`t it?\n[C9][1E]I [E3]X[E3][1F]Napoleon.\nRask is injured?\f[E3][03]worried...[C9][1E][E3]6I\n[E3][0F]leave here...\fWhat?[C9][1E] Napoleon [E3][08]Gateau?\n[C9][1E]Some[E3]xstole something\n[E3][FC][E3][1F]Rask.\fHe [E3]nto the\n[YELLOW]Cave[/HIGHLIGHT] to look.\nIf anybody gets their\nhands on it...		pending			
EN-09C327	main-dialogue-5	0x09C327	0x09C39C	117	D7 E0 12 57 65 20 E3 7E E3 1F CD 61 6E 6F 74 E3 F6 70 6C 61 6E 65 74 2E 2E 2E CD C9 1E 43 61 6E 20 E3 01 62 65 6C 69 65 76 65 20 74 68 61 74 3F D1 52 61 73 6B 2C 20 47 61 74 65 61 75 20 E3 08 49 20 61 6C 6C CD E3 BC E3 00 73 61 6D 65 20 6A 6F 62 2E CD 49 6E 20 73 70 69 74 65 20 6F 66 20 74 68 61 74 2E 2E 2E CD C9 1E E3 88 E3 BC 52 61 73 6B 2E 2E 2E	00:1 01:1 08:1 12:1 1E:2 1F:1 88:1 BC:2 C9:2 CD:5 D1:1 D7:1 E0:1 E3:9 F6:1	87	5	1	False	confirmed-record	[TOP][SPEAKER:12]We [E3]~[E3][1F]\nanot[E3][F6]planet...\n[C9][1E]Can [E3][01]believe that?\fRask, Gateau [E3][08]I all\n[E3][BC][E3][00]same job.\nIn spite of that...\n[C9][1E][E3][88][E3][BC]Rask...		pending			
EN-09C474	main-dialogue-5	0x09C474	0x09C485	17	D7 E0 12 57 61 69 74 20 61 20 73 65 63 6F 6E 64 21	12:1 D7:1 E0:1	14	0	0	False	confirmed-record	[TOP][SPEAKER:12]Wait a second!		pending			
EN-09C486	main-dialogue-5	0x09C486	0x09C4C1	59	D7 48 61 76 65 6E 60 74 20 E3 01 73 65 65 6E CD E3 05 64 6F 75 62 6C 65 3F CD C9 28 2E 2E 2E 57 68 61 74 3F C9 1E 20 49 6E 20 E3 00 74 6F 77 6E 3F CD C9 1E 52 65 61 6C 6C 79 3F	00:1 01:1 05:1 1E:2 C9:3 CD:3 D7:1 E3:3	44	3	0	False	confirmed-record	[TOP]Haven`t [E3][01]seen\n[E3][05]double?\n[C9](...What?[C9][1E] In [E3][00]town?\n[C9][1E]Really?		pending			
EN-09C554	main-dialogue-5	0x09C554	0x09C57B	39	D7 E0 12 2E 2E 2E 2E 2E 2E 2E 2E 2E 2E 2E 2E 2E 2E 2E CD C9 1E 2E 2E 2E 2E 2E 2E 2E 2E 2E 2E 20 49 20 73 65 65 2E DE	12:1 1E:1 C9:1 CD:1 D7:1 DE:1 E0:1	32	1	0	False	confirmed-record	[TOP][SPEAKER:12]...............\n[C9][1E].......... I see.[DE]		pending			
EN-09C57C	main-dialogue-5	0x09C57C	0x09C5C2	70	D7 49 20 E3 29 E3 01 74 6F 20 72 65 74 75 72 6E CD E3 D2 52 61 73 6B 20 E3 08 74 68 65 CD E3 D4 61 72 65 2E D1 C9 1E 49 20 E3 67 61 62 E3 B9 79 6F 75 72 CD 74 72 75 73 74 2E 2E 2E 20 C9 1E 50 6C 65 61 73 65 2E	01:1 08:1 1E:2 B9:1 C9:2 CD:3 D1:1 D2:1 D4:1 D7:1 E3:7	49	3	1	False	confirmed-record	[TOP]I [E3])[E3][01]to return\n[E3][WAIT]Rask [E3][08]the\n[E3][D4]are.\f[C9][1E]I [E3]gab[E3][B9]your\ntrust... [C9][1E]Please.		pending			
EN-09C5C3	main-dialogue-5	0x09C5C3	0x09C5F8	53	D7 2E 2E 2E 49 20 E3 16 73 75 72 70 72 69 73 65 64 21 CD E3 09 E3 14 E3 7B 74 6F CD E3 15 73 68 61 70 65 3F 20 E3 8C 73 65 65 CD E3 23 E3 01 E3 3F 61 72 65 2E	01:1 09:1 14:1 15:1 16:1 8C:1 CD:3 D7:1 E3:9	34	3	0	False	confirmed-record	[TOP]...I [E3][16]surprised!\n[E3][09][E3][14][E3]{to\n[E3][15]shape? [E3][8C]see\n[E3]#[E3][01][E3]?are.		pending			
EN-09C6EC	main-dialogue-5	0x09C6EC	0x09C712	38	D7 E0 0D 2E 2E 2E 2E 2E 2E 2E 2E 2E 2E 2E 2E CD C9 28 E3 6B E3 01 E3 60 74 6F CD 64 65 63 65 69 76 65 20 6D 65 3F	01:1 0D:1 C9:1 CD:2 D7:1 E0:1 E3:3	28	2	0	False	confirmed-record	[TOP][SPEAKER:0D]............\n[C9]([E3]k[E3][01][E3]`to\ndeceive me?		pending			
EN-09C713	main-dialogue-5	0x09C713	0x09C847	308	D7 E0 0D 52 61 73 6B 3F C9 1E 20 57 68 61 74 65 76 65 72 21 CD C9 14 E3 19 E3 1C E3 01 74 68 69 6E 6B 69 6E 67 CD 6F 66 2C 20 66 6F 6F 6C 3F D1 57 68 61 74 3F C9 14 20 E3 24 E0 00 60 73 CD 64 65 66 65 63 74 69 76 65 3F CD C9 1E 48 61 20 68 61 2E 20 C9 14 E3 62 6F 6C 64 CD 74 72 69 63 6B 20 E3 67 66 6F 6F 6C 20 6D 65 21 D1 E3 09 E3 63 61 6C 77 61 79 73 20 E3 2D 74 68 61 74 2C CD C9 14 52 61 73 6B 2E CD C9 1E 41 6C 77 61 79 73 20 61 68 65 61 64 20 6F 66 20 6D 65 CD E3 10 E3 15 73 6D 69 6C 69 6E 67 20 66 61 63 65 2E 2E 2E D1 E3 24 E0 00 CD E3 16 E3 05 69 6E 76 65 6E 74 69 6F 6E 2C 20 74 6F 6F 2E CD C9 14 E3 36 E3 01 72 65 66 E3 B9 74 6F CD E3 B9 69 74 20 E3 0E 77 61 79 2E 2E 2E D1 53 6F 20 E3 06 E3 B9 69 74 2E CD C9 14 57 69 74 68 20 E3 0E 50 72 69 73 6D 20 E3 06 73 65 65 CD E3 00 70 61 73 74 2C 20 C9 0A 66 75 74 75 72 65 2C 20 C9 0A 61 6E 64 CD 63 6F 6E 74 72 6F 6C 20 E3 00 66 6C 6F 77 20 6F 66 20 74 69 6D 65 21	00:4 01:2 05:1 06:2 09:1 0A:2 0D:1 0E:2 10:1 14:6 15:1 16:1 19:1 1C:1 1E:3 B9:3 C9:11 CD:14 D1:4 D7:1 E0:3 E3:25	218	14	4	False	confirmed-record	[TOP][SPEAKER:0D]Rask?[C9][1E] Whatever!\n[C9][14][E3][19][E3][1C][E3][01]thinking\nof, fool?\fWhat?[C9][14] [E3]$[SPEAKER:00]`s\ndefective?\n[C9][1E]Ha ha. [C9][14][E3]bold\ntrick [E3]gfool me!\f[E3][09][E3]calways [E3]-that,\n[C9][14]Rask.\n[C9][1E]Always ahead of me\n[E3][10][E3][15]smiling face...\f[E3]$[SPEAKER:00]\n[E3][16][E3][05]invention, too.\n[C9][14][E3]6[E3][01]ref[E3][B9]to\n[E3][B9]it [E3][0E]way...\fSo [E3][06][E3][B9]it.\n[C9][14]With [E3][0E]Prism [E3][06]see\n[E3][00]past, [C9][0A]future, [C9][0A]and\ncontrol [E3][00]flow of time!		pending			
EN-09C961	main-dialogue-5	0x09C961	0x09C979	24	D7 2E 2E 2E 57 68 61 74 3F 21 CD E3 51 68 61 70 70 65 6E 69 6E 67 3F 21	CD:1 D7:1 E3:1	21	1	0	False	confirmed-record	[TOP]...What?!\n[E3]Qhappening?!		pending			
EN-09C97A	main-dialogue-5	0x09C97A	0x09C995	27	D7 CD DC 06 2E 2E 2E 20 C9 1E 4E 6F 20 77 61 79 2E 2E 2E 20 C9 3C 59 6F 75 3F 21	06:1 1E:1 C9:2 CD:1 D7:1 DC:1	20	1	0	False	confirmed-record	[TOP]\n[DC][06]... [C9][1E]No way... [C9]<You?!		pending			
EN-09C996	main-dialogue-5	0x09C996	0x09C9AB	21	D7 44 6F 20 E3 01 74 68 69 6E 6B 20 49 CD E3 0F 74 65 6C 6C 3F	01:1 0F:1 CD:1 D7:1 E3:2	15	1	0	False	confirmed-record	[TOP]Do [E3][01]think I\n[E3][0F]tell?		pending			
EN-09CAC0	main-dialogue-5	0x09CAC0	0x09CB11	81	D7 E0 0C 52 61 73 6B 20 62 75 69 6C 74 20 6D 65 2C CD C9 1E 73 6F 20 49 20 6B 6E 6F 77 CD E3 5A 77 65 6C 6C 2E D1 E3 0B E3 1E 52 61 73 6B CD 2E 2E 2E 42 75 74 CD C9 28 E3 05 70 65 72 73 6F 6E 61 6C 69 74 79 20 69 73 CD E3 2D 68 69 73 2E 2E 2E	05:1 0B:1 0C:1 1E:2 C9:2 CD:5 D1:1 D7:1 E0:1 E3:5	61	5	1	False	confirmed-record	[TOP][SPEAKER:0C]Rask built me,\n[C9][1E]so I know\n[E3]Zwell.\f[E3][0B][E3][1E]Rask\n...But\n[C9]([E3][05]personality is\n[E3]-his...		pending			
EN-09CB12	main-dialogue-5	0x09CB12	0x09CBB0	158	D7 E0 0C E3 0B 77 72 6F 6E 67 2C 20 43 6F 6F 6B 69 65 2E D1 C9 1E E3 24 69 73 6E 60 74 20 52 61 73 6B 2E 20 E3 04 67 65 6E 65 73 CD E3 1C 73 69 6D 69 6C 61 72 2C 20 E3 22 E3 1B 61 CD E3 F5 70 65 72 73 6F 6E 2E DE D7 E0 12 2E 2E 2E 2E 2E 2E C9 3C 57 68 61 74 21 3F 20 E3 36 E3 00 70 65 6F 70 6C 65 CD C9 1E 6F 66 20 E3 0E 70 6C 61 6E 65 74 20 E3 0F 66 69 6E 64 CD E3 0E 73 68 69 70 2E D1 E3 04 63 75 6C 74 75 72 65 20 6C 65 76 65 6C 20 69 73 CD 64 69 66 66 65 72 65 6E 74 21	00:1 04:2 0B:1 0C:1 0E:2 0F:1 12:1 1B:1 1C:1 1E:2 C9:3 CD:5 D1:2 D7:2 DE:1 E0:2 E3:13 F5:1	116	5	2	False	confirmed-record	[TOP][SPEAKER:0C][E3][0B]wrong, Cookie.\f[C9][1E][E3]$isn`t Rask. [E3][04]genes\n[E3][1C]similar, [E3]"[E3][1B]a\n[E3][F5]person.[DE][TOP][SPEAKER:12]......[C9]<What!? [E3]6[E3][00]people\n[C9][1E]of [E3][0E]planet [E3][0F]find\n[E3][0E]ship.\f[E3][04]culture level is\ndifferent!		pending			
EN-09CBF8	main-dialogue-5	0x09CBF8	0x09CCA8	176	D7 E0 0C 49 20 E3 0F 73 74 E3 08 66 6F 6C 6C 6F 77 69 6E 67 CD 68 75 6D 61 6E 73 20 E3 2D 79 6F 75 2C CD E3 22 49 20 E3 4E 66 6F 6C 6C 6F 77 20 6F 72 64 65 72 73 2E D1 49 20 E3 07 E3 29 74 6F 20 62 65 20 66 6F 75 6E 64 CD 6F 75 74 2C 20 73 6F 20 49 CD C3 02 68 69 64 65 20 6D 79 20 66 6F 72 6D C3 00 2E CD E3 06 66 6F 6C 6C 6F 77 20 79 6F 75 2E D1 E3 03 77 61 72 6E 69 6E 67 20 79 6F 75 2E 2E 2E CD E3 D0 6D 65 20 74 6F 20 52 61 73 6B CD 72 69 67 68 74 20 61 77 61 79 2E 2E 2E CD C9 1E 52 65 6D 65 6D 62 65 72 20 74 68 61 74 2E	00:1 02:1 03:1 06:1 07:1 08:1 0C:1 0F:1 1E:1 C3:2 C9:1 CD:8 D0:1 D1:2 D7:1 E0:1 E3:10	141	8	2	True	confirmed-record	[TOP][SPEAKER:0C]I [E3][0F]st[E3][08]following\nhumans [E3]-you,\n[E3]"I [E3]Nfollow orders.\fI [E3][07][E3])to be found\nout, so I\n[YELLOW]hide my form[/HIGHLIGHT].\n[E3][06]follow you.\f[E3][03]warning you...\n[E3][WIPE]me to Rask\nright away...\n[C9][1E]Remember that.		pending			
EN-09CF1F	main-dialogue-5	0x09CF1F	0x09CFBC	157	D7 E0 14 41 68 21 20 E3 04 6D 61 67 69 63 69 61 6E 21 CD 57 65 6C 63 6F 6D 65 CD 50 6C 65 61 73 65 2C 20 C9 1E E3 20 69 6E 2E D1 2E 2E 2E 20 49 20 E3 50 73 61 79 2C CD E3 22 E3 0E E3 79 69 73 6E 60 74 CD 66 69 6E 69 73 68 65 64 20 79 65 74 2E D1 49 67 6F 72 60 73 20 77 6F 72 6B 69 6E 67 20 6F 6E 20 69 74 CD 62 79 20 68 69 6D 73 65 6C 66 2E D1 48 65 79 21 20 48 65 79 21 20 CD C9 1E 44 6F 20 E3 01 E3 3B 6F 66 20 61 6E 79 CD E3 5D E3 6D 61 72 6F 75 6E 64 3F 20 2E 2E 2E	01:1 04:1 0E:1 14:1 1E:2 C9:2 CD:7 D1:3 D7:1 E0:1 E3:10	127	7	3	False	confirmed-record	[TOP][SPEAKER:14]Ah! [E3][04]magician!\nWelcome\nPlease, [C9][1E][E3] in.\f... I [E3]Psay,\n[E3]"[E3][0E][E3]yisn`t\nfinished yet.\fIgor`s working on it\nby himself.\fHey! Hey! \n[C9][1E]Do [E3][01][E3];of any\n[E3]][E3]maround? ...		pending			
EN-09CFBD	main-dialogue-5	0x09CFBD	0x09CFF0	51	D7 E0 14 E3 31 6D 61 67 69 63 69 61 6E 2E 20 49 66 20 79 6F 75 CD E3 3B 61 6E 79 E3 78 64 65 70 65 6E 64 61 62 6C 65 CD E3 DC E3 AD 61 72 6F 75 6E 64 2E	14:1 AD:1 CD:2 D7:1 DC:1 E0:1 E3:5	39	2	0	False	confirmed-record	[TOP][SPEAKER:14][E3]1magician. If you\n[E3];any[E3]xdependable\n[E3][DC][E3][AD]around.		pending			
EN-09CFF1	main-dialogue-5	0x09CFF1	0x09D012	33	D7 E0 14 E3 7C 79 6F 75 2E CD E3 A3 49 67 6F 72 20 63 61 6E CD E3 02 61 20 E3 39 62 72 65 61 6B 2E	02:1 14:1 A3:1 CD:2 D7:1 E0:1 E3:4	22	2	0	False	confirmed-record	[TOP][SPEAKER:14][E3]|you.\n[E3][A3]Igor can\n[E3][02]a [E3]9break.		pending			
EN-09D013	main-dialogue-5	0x09D013	0x09D060	77	D7 E0 14 E3 31 6B 69 64 21 CD E3 62 4D 61 67 69 63 20 44 6F 6C 6C CD E3 14 E3 3F 77 6F 72 6B 21 D1 E3 24 70 61 72 74 20 6F 66 20 E3 00 68 6F 75 73 65 CD E3 12 62 65 20 66 69 6E 69 73 68 65 64 20 73 6F 6F 6E 2E CD E3 7C 79 6F 75 2E	00:1 12:1 14:2 CD:4 D1:1 D7:1 E0:1 E3:8	58	4	1	False	confirmed-record	[TOP][SPEAKER:14][E3]1kid!\n[E3]bMagic Doll\n[E3][14][E3]?work!\f[E3]$part of [E3][00]house\n[E3][12]be finished soon.\n[E3]|you.		pending			
EN-09D061	main-dialogue-5	0x09D061	0x09D133	210	D7 E0 14 2E 2E 2E 48 65 79 2C CD E3 01 E3 02 61 20 73 74 72 61 6E 67 65 20 74 68 69 6E 67 CD E3 10 79 6F 75 2E D1 48 75 68 3F 20 E3 24 64 6F 6C 6C 20 63 61 6E CD E3 6D 68 75 6D 61 6E 73 3F CD C9 1E 43 61 6E 20 69 74 20 65 76 65 6E CD 62 75 69 6C 64 20 61 20 68 6F 75 73 65 3F D1 4B 69 64 21 20 57 6F 75 6C 64 20 E3 01 6C 6F 61 6E 20 6D 65 CD E3 0E 74 68 69 6E 67 3F CD 20 53 75 72 65 2E CD 20 49 20 E3 07 74 68 69 6E 6B 20 73 6F 2E CC D0 E3 0B 63 6F 6C 64 2D 68 65 61 72 74 65 64 21 CD C9 1E 49 66 20 E3 01 E3 7B E3 05 6D 69 6E 64 CD E3 DC 6D 65 20 E3 05 64 6F 6C 6C 20 61 67 61 69 6E 2E CD E3 06 72 65 77 61 72 64 20 79 6F 75 2E	01:3 02:1 05:2 06:1 07:1 0B:1 0E:1 10:1 14:1 1E:2 C9:2 CC:1 CD:11 D0:1 D1:2 D7:1 DC:1 E0:1 E3:15	161	11	2	False	confirmed-record	[TOP][SPEAKER:14]...Hey,\n[E3][01][E3][02]a strange thing\n[E3][10]you.\fHuh? [E3]$doll can\n[E3]mhumans?\n[C9][1E]Can it even\nbuild a house?\fKid! Would [E3][01]loan me\n[E3][0E]thing?\n Sure.\n I [E3][07]think so.[CC][WIPE][E3][0B]cold-hearted!\n[C9][1E]If [E3][01][E3]{[E3][05]mind\n[E3][DC]me [E3][05]doll again.\n[E3][06]reward you.		pending			
EN-09D1C0	main-dialogue-5	0x09D1C0	0x09D1D7	23	D7 E3 2A E3 23 61 20 CD 66 72 69 65 6E 64 6C 79 20 4D 6F 75 73 65 2E	CD:1 D7:1 E3:2	19	1	0	False	confirmed-record	[TOP][E3]*[E3]#a \nfriendly Mouse.		pending			
EN-09D223	main-dialogue-5	0x09D223	0x09D259	54	D7 E0 13 E3 03 61 20 4A 61 63 6B 2D 6F 66 2D 61 6C 6C 2D 74 72 61 64 65 73 2E CD 49 20 64 6F 20 E3 C5 6F 66 20 74 68 69 6E 67 73 CD E3 0C E3 00 43 6F 75 6E 74 2E	00:1 03:1 0C:1 13:1 C5:1 CD:2 D7:1 E0:1 E3:4	41	2	0	False	confirmed-record	[TOP][SPEAKER:13][E3][03]a Jack-of-all-trades.\nI do [E3][C5]of things\n[E3][0C][E3][00]Count.		pending			
EN-09D25A	main-dialogue-5	0x09D25A	0x09D2C9	111	D7 E0 13 57 65 6C 6C 2C C9 1E 20 E3 01 6D 61 64 65 20 6D 65 CD E3 0E 74 72 69 63 6B 20 64 6F 6C 6C 20 74 6F 20 E3 6D 6D 65 CD 69 6E 20 6D 79 20 77 6F 72 6B 3F D1 E3 7C 79 6F 75 2C 20 74 68 61 6E 6B 20 79 6F 75 2E 2E 2E CD C9 1E 49 66 20 E3 F4 77 68 61 74 CD E3 01 74 68 69 6E 6B 2C 20 E3 03 67 72 61 74 65 66 75 6C CD E3 0C 69 74 2E	01:2 03:1 0C:1 0E:1 13:1 1E:2 C9:2 CD:5 D1:1 D7:1 E0:1 E3:8 F4:1	84	5	1	False	confirmed-record	[TOP][SPEAKER:13]Well,[C9][1E] [E3][01]made me\n[E3][0E]trick doll to [E3]mme\nin my work?\f[E3]|you, thank you...\n[C9][1E]If [E3][F4]what\n[E3][01]think, [E3][03]grateful\n[E3][0C]it.		pending			
EN-09D2CA	main-dialogue-5	0x09D2CA	0x09D34D	131	D7 E0 13 52 65 61 6C 6C 79 2E 2E 2E CD C9 1E E3 A2 74 6F 20 69 74 20 E3 53 6D 61 64 65 CD 70 72 6F 67 72 65 73 73 20 69 6E 20 6D 79 20 77 6F 72 6B 2E 2E 2E D1 41 6D 61 7A 69 6E 67 20 69 74 20 77 6F 72 6B 73 20 73 6F 20 68 61 72 64 CD E3 69 67 65 74 74 69 6E 67 20 74 69 72 65 64 2E CD C9 1E 4D 79 20 E3 97 61 6C 73 6F 20 65 6E 6A 6F 79 73 CD 77 61 74 63 68 69 6E 67 20 69 74 20 77 6F 72 6B 2E	13:1 1E:2 97:1 A2:1 C9:2 CD:5 D1:1 D7:1 E0:1 E3:4	112	5	1	False	confirmed-record	[TOP][SPEAKER:13]Really...\n[C9][1E][E3][A2]to it [E3]Smade\nprogress in my work...\fAmazing it works so hard\n[E3]igetting tired.\n[C9][1E]My [E3][97]also enjoys\nwatching it work.		pending			
EN-09D34E	main-dialogue-5	0x09D34E	0x09D35C	14	D7 48 75 68 3F 2E 2E 2E 4D 6F 75 73 65 3F	D7:1	13	0	0	False	confirmed-record	[TOP]Huh?...Mouse?		pending			
EN-09D53A	main-dialogue-5	0x09D53A	0x09D662	296	D7 02 D3 01 01 20 01 02 CB 6B 02 34 50 FF 02 80 00 02 97 02 44 02 46 01 01 02 46 FF 01 02 D0 1E 00 02 1D D3 D6 02 33 50 FF 02 CB 02 80 01 02 97 02 3A 00 0B 72 D5 80 F1 02 80 00 02 97 02 1D F5 D6 80 95 02 0A 00 80 02 34 50 FF 02 84 14 0A 02 98 02 80 00 02 97 02 1D 18 D7 02 0A 01 80 02 54 18 01 01 02 51 02 97 02 52 80 F3 02 B2 6B D8 C3 03 57 6F 6D 61 6E 3A CD C3 00 57 68 61 74 2C 20 C9 1E 49 20 E3 0F 70 61 73 73 3F CD E3 36 73 6F 6D 65 6F 6E 65 60 73 20 73 69 63 6B 2E 2E 2E CD C9 1E 49 66 20 49 20 E3 07 68 75 72 72 79 20 68 6F 6D 65 2E 2E 2E D1 E0 08 46 6F 72 E3 26 E3 0A 68 69 6D 21 CD 48 6F 77 20 E3 0A 6D 65 3F D1 48 75 68 3F 20 E3 2C E3 1E 61 CD 6E 69 63 65 20 74 68 69 6E 67 20 74 6F 20 73 61 79 21 D1 C3 03 57 6F 6D 61 6E 3A CD C3 00 55 68 6D 6D 6D 2E 2E 2E 20 4F 68 20 6D 79 2E 2E 2E CD 2E 2E 2E 2E 2E 2E 2E 55 68 6D 6D 6D 2E 2E 2E CD C9 1E DC 01 59 6F 75 2E 2E 2E 2E 21 DC 00	00:9 01:11 02:31 03:2 07:1 08:1 0A:5 0B:1 0F:1 14:1 18:2 1D:3 1E:5 80:9 84:1 95:1 97:5 98:1 B2:1 C3:4 C9:3 CB:2 CD:8 D0:1 D1:3 D3:2 D5:1 D6:2 D7:2 D8:1 DC:2 E0:1 E3:8 F1:1 F3:1 F5:1 FF:4	158	8	3	True	confirmed-record	[TOP][02][D3][01][01] [01][02][CB]k[02]4P[FF][02][80][00][02][97][02]D[02]F[01][01][02]F[FF][01][02][WIPE][1E][00][02][1D][D3][D6][02]3P[FF][02][CB][02][80][01][02][97][02]:[00][0B]r[D5][80][F1][02][80][00][02][97][02][1D][F5][D6][80][95][02][0A][00][80][02]4P[FF][02][84][14][0A][02][98][02][80][00][02][97][02][1D][18][TOP][02][0A][01][80][02]T[18][01][01][02]Q[02][97][02]R[80][F3][02][B2]k[BOTTOM][PINK]Woman:\n[/HIGHLIGHT]What, [C9][1E]I [E3][0F]pass?\n[E3]6someone`s sick...\n[C9][1E]If I [E3][07]hurry home...\f[SPEAKER:08]For[E3]&[E3][0A]him!\nHow [E3][0A]me?\fHuh? [E3],[E3][1E]a\nnice thing to say!\f[PINK]Woman:\n[/HIGHLIGHT]Uhmmm... Oh my...\n.......Uhmmm...\n[C9][1E][DC][01]You....![DC][00]		pending			
EN-09D73A	main-dialogue-5	0x09D73A	0x09D756	28	D7 48 6D 6D 6D 21 20 57 68 61 74 2C 20 E3 39 6D 6F 75 73 65 21 CD E3 A5 6F 75 74 21	A5:1 CD:1 D7:1 E3:2	23	1	0	False	confirmed-record	[TOP]Hmmm! What, [E3]9mouse!\n[E3][A5]out!		pending			
EN-09D767	main-dialogue-5	0x09D767	0x09D89F	312	D7 02 80 00 02 97 80 F1 02 34 50 FF 02 D0 78 00 02 54 08 01 1C 02 51 02 97 02 52 80 F3 02 80 00 02 97 02 1D B2 D7 02 D0 1E 00 02 0A FF 80 02 18 3A 01 04 01 07 1B A9 02 00 8D 08 06 A9 70 00 8D 0A 06 A9 70 00 8D 0C 06 02 CB 6B D7 C3 03 57 6F 6D 61 6E 3A CD C3 00 E3 6B E3 01 62 65 74 74 65 72 20 6E 6F 77 3F CD E3 09 E3 63 73 6F 20 73 69 63 6B 2E CD E3 09 E3 67 E3 56 74 68 69 73 2E 2E 2E D1 55 68 6D 6D 6D 2E 2E 2E 20 C9 1E E3 03 73 6F 72 72 79 2E CD C9 1E E3 09 E3 63 61 73 6C 65 65 70 2C 20 61 6E 64 CD E3 F0 6B 6E 6F 77 2E CD C9 1E E3 03 C3 03 50 6F 6C 6F 6E C3 00 2E D1 E3 09 66 65 6C 6C 20 62 79 20 E3 00 72 69 76 65 72 2E CD 49 20 E3 2F 79 6F 75 2C 20 61 6E 64 CD 74 6F 6F 6B 20 E3 01 74 6F 20 6D 79 20 68 6F 75 73 65 2E CD C9 1E E3 09 E3 63 62 61 64 6C 79 20 69 6E 6A 75 72 65 64 2E 2E 2E D1 E3 8C 67 6F 20 74 6F 20 6D 79 20 68 6F 75 73 65 2E CD E3 09 E3 50 74 72 79 20 74 6F CD E3 30 69 74 20 65 61 73 79 2E 2E 2E C9 3C 4F 4B 3F	00:10 01:5 02:16 03:4 04:1 06:3 07:1 08:2 09:6 0A:2 0C:1 18:1 1B:1 1C:1 1D:1 1E:5 80:5 8C:1 8D:3 97:3 A9:3 B2:1 C3:4 C9:5 CB:1 CD:11 D0:2 D1:3 D7:3 E3:22 F0:1 F1:1 F3:1 FF:2	180	11	3	True	confirmed-record	[TOP][02][80][00][02][97][80][F1][02]4P[FF][02][WIPE]x[00][02]T[08][01][1C][02]Q[02][97][02]R[80][F3][02][80][00][02][97][02][1D][B2][TOP][02][WIPE][1E][00][02][0A][FF][80][02][18]:[01][04][01][07][1B][A9][02][00][8D][08][06][A9]p[00][8D][0A][06][A9]p[00][8D][0C][06][02][CB]k[TOP][PINK]Woman:\n[/HIGHLIGHT][E3]k[E3][01]better now?\n[E3][09][E3]cso sick.\n[E3][09][E3]g[E3]Vthis...\fUhmmm... [C9][1E][E3][03]sorry.\n[C9][1E][E3][09][E3]casleep, and\n[E3][F0]know.\n[C9][1E][E3][03][PINK]Polon[/HIGHLIGHT].\f[E3][09]fell by [E3][00]river.\nI [E3]/you, and\ntook [E3][01]to my house.\n[C9][1E][E3][09][E3]cbadly injured...\f[E3][8C]go to my house.\n[E3][09][E3]Ptry to\n[E3]0it easy...[C9]<OK?		pending			
EN-09DAC5	main-dialogue-5	0x09DAC5	0x09DAF5	48	D7 E3 19 64 6F 20 E3 01 77 61 6E 74 3F CD E3 03 69 6E 20 E3 00 6D 69 64 64 6C 65 20 6F 66 CD 73 6F 6D 65 74 68 69 6E 67 2C 20 E3 26 6F 75 74 21	00:1 01:1 03:1 19:1 CD:2 D7:1 E3:5	36	2	0	False	confirmed-record	[TOP][E3][19]do [E3][01]want?\n[E3][03]in [E3][00]middle of\nsomething, [E3]&out!		pending			
EN-09DBD1	main-dialogue-5	0x09DBD1	0x09DDE2	529	D7 C3 03 41 20 63 75 74 65 20 E3 39 4D 6F 75 73 65 2E CD C9 14 E3 36 49 20 E3 14 74 65 6C 6C 2C 20 65 76 65 6E 20 77 68 65 6E CD E3 01 E3 C6 E3 2D 74 68 61 74 2E DE D7 C3 03 E3 FA E3 20 61 67 61 69 6E 3F CD C9 1E 45 76 65 6E 20 74 68 6F 75 67 68 20 49 20 68 75 72 74 CD 79 6F 75 2C 20 E3 01 E3 F3 66 61 73 74 2E D1 E3 09 68 61 76 65 6E 60 74 20 66 6F 72 E3 9A 6D 65 3F CD 53 75 63 68 20 61 20 73 61 64 20 74 68 69 6E 67 20 74 6F 20 73 61 79 2E CD C9 28 52 69 67 68 74 2C 20 C9 1E E3 0D 6D 65 2E 20 CD C9 1E E3 04 48 61 63 6B 65 72 60 73 20 6C 65 61 64 65 72 2C 20 C3 02 52 6F 73 65 C3 03 2E D1 41 66 74 65 72 20 E3 00 65 78 70 6C 6F 73 69 6F 6E CD E3 4B E3 16 61 20 CD C3 02 31 30 30 20 79 65 61 72 20 C3 03 54 69 6D 65 20 53 6C 69 70 2E 2E 2E CD C9 3C 49 20 73 75 66 66 65 72 65 64 20 61 66 74 65 72 20 74 68 61 74 2E 2E 2E D1 49 20 73 74 61 72 74 65 64 20 61 20 74 68 65 66 74 20 72 69 6E 67 2C CD E3 08 63 6F 6C 6C 65 63 74 65 64 20 6D 6F 6E 65 79 20 66 6F 72 CD 72 65 73 65 61 72 63 68 20 6F 6E 20 68 6F 77 CD 74 6F 20 72 65 74 75 72 6E 20 74 6F 20 6F 75 72 20 70 6C 61 6E 65 74 2E D1 41 6C 6C 20 62 65 63 61 E3 B9 6F 66 CD 79 6F 75 2E 2E 2E CD C9 1E 45 65 68 2C 20 C9 1E 79 6F 75 CD 77 72 65 63 6B 65 64 20 6D 79 20 70 6C 61 6E 2E 20 C9 14 47 72 72 72 21 21 D1 49 20 E3 16 73 6F 20 68 61 70 70 79 20 74 6F 20 6D 65 65 74 CD E3 01 69 6E 20 E3 0E 77 6F 72 6C 64 2E CD 41 6E 64 20 74 6F 20 E3 26 E0 00 C3 03 CD E3 3E 61 67 61 69 6E 2E D1 E3 24 E0 00 C3 03 CD 69 73 20 6D 69 6E 65 20 6E 6F 77 2E CD C9 1E E3 A3 E3 06 6E 65 76 65 72 CD 62 6F 74 E3 F6 E3 01 61 67 61 69 6E 2E 2E 2E C3 00	00:4 01:4 02:2 03:6 04:1 06:1 08:1 09:1 0D:1 0E:1 14:3 16:2 1E:6 9A:1 A3:1 B9:1 C3:9 C6:1 C9:10 CD:22 D1:6 D7:2 DE:1 E0:2 E3:29 F3:1 F6:1 FA:1	408	22	6	True	confirmed-record	[TOP][PINK]A cute [E3]9Mouse.\n[C9][14][E3]6I [E3][14]tell, even when\n[E3][01][E3][C6][E3]-that.[DE][TOP][PINK][E3][FA][E3] again?\n[C9][1E]Even though I hurt\nyou, [E3][01][E3][F3]fast.\f[E3][09]haven`t for[E3][9A]me?\nSuch a sad thing to say.\n[C9](Right, [C9][1E][E3][0D]me. \n[C9][1E][E3][04]Hacker`s leader, [YELLOW]Rose[PINK].\fAfter [E3][00]explosion\n[E3]K[E3][16]a \n[YELLOW]100 year [PINK]Time Slip...\n[C9]<I suffered after that...\fI started a theft ring,\n[E3][08]collected money for\nresearch on how\nto return to our planet.\fAll beca[E3][B9]of\nyou...\n[C9][1E]Eeh, [C9][1E]you\nwrecked my plan. [C9][14]Grrr!!\fI [E3][16]so happy to meet\n[E3][01]in [E3][0E]world.\nAnd to [E3]&[SPEAKER:00][PINK]\n[E3]>again.\f[E3]$[SPEAKER:00][PINK]\nis mine now.\n[C9][1E][E3][A3][E3][06]never\nbot[E3][F6][E3][01]again...[/HIGHLIGHT]		pending			
EN-09DDE3	main-dialogue-5	0x09DDE3	0x09DE52	111	D7 E0 0B C3 03 48 61 20 68 61 20 68 61 2E 2E 2E CD 53 75 6E 73 68 69 6E 65 20 64 6F 65 73 6E 60 74 20 72 65 61 63 68 CD E3 00 64 61 72 6B 20 70 6C 61 63 65 73 2E 2E 2E D1 47 6F 6F 64 62 79 65 2C 20 6B 69 64 2E CD 49 20 E3 67 E3 5E E3 01 61 67 61 69 6E 2E CD 48 61 20 68 61 20 68 61 2E CD E3 09 64 65 73 65 72 76 65 20 69 74 21 C3 00	00:2 01:1 03:1 09:1 0B:1 C3:2 CD:5 D1:1 D7:1 E0:1 E3:5	90	5	1	True	confirmed-record	[TOP][SPEAKER:0B][PINK]Ha ha ha...\nSunshine doesn`t reach\n[E3][00]dark places...\fGoodbye, kid.\nI [E3]g[E3]^[E3][01]again.\nHa ha ha.\n[E3][09]deserve it![/HIGHLIGHT]		pending			
EN-09DE53	main-dialogue-5	0x09DE53	0x09DE8B	56	D7 20 C2 00 20 6E 6F 74 69 63 65 64 20 74 68 61 74 CD 20 68 65 20 68 61 64 20 64 72 6F 70 70 65 64 CD C3 02 20 E3 3A 6F 66 20 E3 44 49 6E 76 65 6E 74 6F 72 79 21 C3 00	00:2 02:1 C2:1 C3:2 CD:2 D7:1 E3:2	45	2	0	True	confirmed-record	[TOP] [NAME] noticed that\n he had dropped\n[YELLOW] [E3]:of [E3]DInventory![/HIGHLIGHT]		pending			
EN-09DF55	main-dialogue-5	0x09DF55	0x09E050	251	D7 E0 08 E3 03 73 74 75 6E 6E 65 64 21 20 41 20 74 6F 75 67 68 20 E0 1A 2E CD 49 20 68 75 72 74 20 E3 01 73 6F 20 6D 75 63 68 CD E3 22 E3 13 E3 8D 6D 6F 76 69 6E 67 3F D1 E0 0C 2E 2E 2E 4F 66 20 63 6F 75 72 73 65 2E D1 49 20 E3 16 6D 61 64 65 20 62 79 20 52 61 73 6B CD E3 08 47 61 74 65 61 75 2C 20 E0 1A 2E 2E 2E CD C9 1E E3 03 E3 9C 74 6F 20 64 65 73 74 72 6F 79 2E D1 E0 08 E3 24 C3 02 47 61 74 65 61 75 C3 00 CD 61 73 6B 65 64 20 6D 65 20 74 6F 20 6B 69 6C 6C 20 79 6F 75 2C CD E3 22 E3 06 E3 6D 79 6F 75 2E D1 E0 0C 47 61 74 65 61 75 21 3F CD C9 28 2E 2E 2E 20 46 69 72 73 74 2E 2E 2E D1 E0 08 49 20 E3 02 74 6F 20 66 69 6E 69 73 68 20 E3 01 6F 66 66 CD E3 F2 49 20 67 6F 2C 20 6F 72 20 52 6F 73 65 CD E3 12 E3 26 68 79 73 74 65 72 69 63 61 6C 2E	00:1 01:2 02:2 03:2 06:1 08:4 0C:2 12:1 13:1 16:1 1A:2 1E:1 8D:1 9C:1 C3:2 C9:2 CD:9 D1:5 D7:1 E0:7 E3:18 F2:1	184	9	5	True	confirmed-record	[TOP][SPEAKER:08][E3][03]stunned! A tough [SPEAKER:1A].\nI hurt [E3][01]so much\n[E3]"[E3][13][E3][8D]moving?\f[SPEAKER:0C]...Of course.\fI [E3][16]made by Rask\n[E3][08]Gateau, [SPEAKER:1A]...\n[C9][1E][E3][03][E3][9C]to destroy.\f[SPEAKER:08][E3]$[YELLOW]Gateau[/HIGHLIGHT]\nasked me to kill you,\n[E3]"[E3][06][E3]myou.\f[SPEAKER:0C]Gateau!?\n[C9](... First...\f[SPEAKER:08]I [E3][02]to finish [E3][01]off\n[E3][F2]I go, or Rose\n[E3][12][E3]&hysterical.		pending			
EN-09E051	main-dialogue-5	0x09E051	0x09E09A	73	D7 E0 08 E3 2E 57 68 6F 21 3F CD C9 28 E3 2A 45 61 76 65 73 64 72 6F 70 70 65 72 21 CD 49 20 E3 9D E3 23 E3 01 64 69 64 21 D1 49 20 E3 12 77 69 6E 20 E3 0E 74 69 6D 65 2E CD 50 72 65 70 E3 1C 79 6F 75 72 73 65 6C 66 21	01:1 08:1 0E:1 12:1 1C:1 9D:1 C9:1 CD:3 D1:1 D7:1 E0:1 E3:8	52	3	1	False	confirmed-record	[TOP][SPEAKER:08][E3].Who!?\n[C9]([E3]*Eavesdropper!\nI [E3][9D][E3]#[E3][01]did!\fI [E3][12]win [E3][0E]time.\nPrep[E3][1C]yourself!		pending			
EN-09E09B	main-dialogue-5	0x09E09B	0x09E0D8	61	D7 E0 08 E3 2E 57 68 6F 21 3F CD C9 1E E3 24 6D 6F 75 73 65 2E 2E 2E D1 E3 03 E3 1E 69 6E 20 61 20 67 6F 6F 64 CD 6D 6F 6F 64 21 20 E3 06 66 69 6E 69 73 68 CD E3 01 66 69 72 73 74 21	01:1 03:1 06:1 08:1 1E:2 C9:1 CD:3 D1:1 D7:1 E0:1 E3:6	42	3	1	False	confirmed-record	[TOP][SPEAKER:08][E3].Who!?\n[C9][1E][E3]$mouse...\f[E3][03][E3][1E]in a good\nmood! [E3][06]finish\n[E3][01]first!		pending			
EN-09E0D9	main-dialogue-5	0x09E0D9	0x09E10A	49	D7 E0 08 DC 04 49 2E 2E 2E 20 49 20 E3 35 77 61 6E 74 65 64 20 74 6F 20 77 61 6C 6B CD 68 E3 08 69 6E 20 68 E3 08 E3 10 61 20 67 69 72 6C 21 DC 00	00:1 04:1 08:3 10:1 CD:1 D7:1 DC:2 E0:1 E3:4	34	1	0	False	confirmed-record	[TOP][SPEAKER:08][DC][04]I... I [E3]5wanted to walk\nh[E3][08]in h[E3][08][E3][10]a girl![DC][00]		pending			
EN-09E1C1	main-dialogue-5	0x09E1C1	0x09E338	375	D7 E1 02 0E 7F 26 1A 28 1C FD E1 02 63 B2 E1 02 80 01 02 97 80 DB 02 34 50 FF 02 45 02 54 04 01 15 02 51 02 97 02 52 80 F3 02 53 07 01 04 02 51 02 97 02 52 80 F3 02 0A 55 83 80 24 02 34 50 FF 02 45 02 54 04 01 1D 02 51 02 97 02 52 80 F3 02 53 07 01 24 02 51 02 97 02 52 80 F3 02 0A 57 83 02 45 02 05 03 00 02 86 05 01 02 02 98 A9 10 00 85 30 02 6D 02 86 01 10 01 02 98 02 06 02 86 05 01 02 02 98 02 80 01 02 97 02 4D 00 FF FB 02 33 50 FF 02 0A 0B 00 02 22 B9 E2 02 44 02 CB 02 63 5D E2 02 80 00 02 97 80 F3 02 6C 32 02 2B 13 01 97 E1 02 62 02 00 C3 E2 02 0B 1C 81 88 E2 02 1D C8 E2 02 0A 1C 81 6B 02 1D 39 E3 02 1C 02 02 93 E2 6B A3 E2 99 E2 A3 E2 02 5B 77 A8 E2 02 1D A7 E3 6B 02 1D 7D E4 6B 02 1D DB E3 02 57 77 02 0A 01 80 6B 02 1D 5F E5 6B 02 1D 56 E5 02 CF 97 E1 89 6B 02 1D 95 E5 6B D7 E0 0C 49 20 E3 16 73 75 72 70 72 69 73 65 64 21 CD C9 1E 49 20 E3 F0 E3 3B E3 E7 66 72 6F 6D CD E3 A6 E3 94 E3 42 52 6F 62 6F 74 73 2E D1 49 20 E3 7E E3 A6 E3 10 47 61 74 65 61 75 2C 20 CD E3 22 77 65 20 E3 6C 73 65 70 61 72 61 74 65 64 2E CD C9 1E 49 20 E3 0F 62 65 6C 69 65 76 65 20 77 68 61 74 CD E3 23 68 65 20 64 69 64 2E 2E 2E	00:6 01:12 02:70 03:1 04:3 05:3 06:1 07:2 0A:5 0B:2 0C:1 0E:1 0F:1 10:3 13:1 15:1 16:1 1A:1 1C:4 1D:9 1E:2 7F:1 80:11 81:2 83:2 85:1 86:3 88:1 89:1 93:1 94:1 95:1 97:9 98:3 99:1 A3:2 A6:2 A7:1 A8:1 A9:1 B2:1 B9:1 C3:1 C8:1 C9:2 CB:1 CD:5 CF:1 D1:1 D7:2 DB:2 E0:1 E1:5 E2:10 E3:17 E4:1 E5:3 E7:1 F0:1 F3:5 FB:1 FD:1 FF:4	132	5	1	False	confirmed-record	[TOP][E1][02][0E][7F]&[1A]([1C][FD][E1][02]c[B2][E1][02][80][01][02][97][80][DB][02]4P[FF][02]E[02]T[04][01][15][02]Q[02][97][02]R[80][F3][02]S[07][01][04][02]Q[02][97][02]R[80][F3][02][0A]U[83][80]$[02]4P[FF][02]E[02]T[04][01][1D][02]Q[02][97][02]R[80][F3][02]S[07][01]$[02]Q[02][97][02]R[80][F3][02][0A]W[83][02]E[02][05][03][00][02][86][05][01][02][02][98][A9][10][00][85]0[02]m[02][86][01][10][01][02][98][02][06][02][86][05][01][02][02][98][02][80][01][02][97][02]M[00][FF][FB][02]3P[FF][02][0A][0B][00][02]"[B9][E2][02]D[02][CB][02]c][E2][02][80][00][02][97][80][F3][02]l2[02]+[13][01][97][E1][02]b[02][00][C3:E2][02][0B][1C][81][88][E2][02][1D][C8][E2][02][0A][1C][81]k[02][1D]9[E3][02][1C][02][02][93][E2]k[A3][E2][99][E2][A3][E2][02][w[A8][E2][02][1D][A7][E3]k[02][1D]}[E4]k[02][1D][DB][E3][02]Ww[02][0A][01][80]k[02][1D]_[E5]k[02][1D]V[E5][02][CF][97][E1][89]k[02][1D][95][E5]k[TOP][SPEAKER:0C]I [E3][16]surprised!\n[C9][1E]I [E3][F0][E3];[E3][E7]from\n[E3][A6][E3][94][E3]BRobots.\fI [E3]~[E3][A6][E3][10]Gateau, \n[E3]"we [E3]lseparated.\n[C9][1E]I [E3][0F]believe what\n[E3]#he did...		pending			
EN-09E339	main-dialogue-5	0x09E339	0x09E3DA	161	D7 E0 0C E3 17 77 6F 72 72 79 20 E3 0A 6D 65 2E CD 49 66 20 E3 01 E3 07 72 65 63 6F 76 65 72 2C 20 61 6E 64 CD E3 0F 6D 6F 76 65 2C 20 E3 13 6A 75 6E 6B 2E D1 4D 79 20 E3 97 62 65 74 72 61 79 65 64 20 6D 65 2C CD E3 08 49 20 E3 6F 6D 79 20 65 6E 65 72 67 79 2E CD 20 E3 06 66 69 78 20 79 6F 75 2E CD 20 E3 2C E3 E6 62 61 64 2E CC D0 E0 0C 59 6F 75 3F 3F 20 E3 09 63 61 6E 60 74 21 CD 57 69 74 68 E3 4A C3 02 53 70 E3 1C 70 61 72 74 73 CD C3 00 49 20 E3 0F 62 65 20 66 69 78 65 64 21	00:1 01:1 02:1 06:1 07:1 08:1 09:1 0A:1 0C:2 0F:2 13:1 17:1 1C:1 97:1 C3:2 CC:1 CD:7 D0:1 D1:1 D7:1 E0:2 E3:16 E6:1	113	7	1	True	confirmed-record	[TOP][SPEAKER:0C][E3][17]worry [E3][0A]me.\nIf [E3][01][E3][07]recover, and\n[E3][0F]move, [E3][13]junk.\fMy [E3][97]betrayed me,\n[E3][08]I [E3]omy energy.\n [E3][06]fix you.\n [E3],[E3][E6]bad.[CC][WIPE][SPEAKER:0C]You?? [E3][09]can`t!\nWith[E3]J[YELLOW]Sp[E3][1C]parts\n[/HIGHLIGHT]I [E3][0F]be fixed!		pending			
EN-09E4B0	main-dialogue-5	0x09E4B0	0x09E555	165	D7 E0 0C 2E 2E 2E E3 0D 77 6F 72 6B 69 6E 67 20 77 65 6C 6C 2E D1 C2 00 2C CD 74 68 61 6E 6B 20 E3 01 E3 0C 79 6F 75 72 CD 68 65 6C 70 2E D1 E3 09 E3 07 E3 02 61 6E 79 CD 6C 69 67 68 74 73 20 69 6E 20 E3 0E 64 61 72 6B 20 70 6C 61 63 65 3F CD 57 68 61 74 3F C9 1E 20 E3 09 64 72 6F 70 70 65 64 20 69 74 3F 3F D1 E3 19 E3 BC E3 01 64 72 6F 70 3F CD 49 20 E3 12 77 61 6C 6B 20 E3 10 79 6F 75 2E CD 49 66 20 49 20 E3 14 6C 69 67 68 74 20 E3 00 77 61 79 CD 69 74 60 6C 6C 20 62 65 20 65 61 73 79 2E	00:2 01:2 02:1 07:1 09:2 0C:2 0D:1 0E:1 10:1 12:1 14:1 19:1 1E:1 BC:1 C2:1 C9:1 CD:7 D1:3 D7:1 E0:1 E3:15	118	7	3	False	confirmed-record	[TOP][SPEAKER:0C]...[E3][0D]working well.\f[NAME],\nthank [E3][01][E3][0C]your\nhelp.\f[E3][09][E3][07][E3][02]any\nlights in [E3][0E]dark place?\nWhat?[C9][1E] [E3][09]dropped it??\f[E3][19][E3][BC][E3][01]drop?\nI [E3][12]walk [E3][10]you.\nIf I [E3][14]light [E3][00]way\nit`ll be easy.		pending			
EN-09E556	main-dialogue-5	0x09E556	0x09E55E	8	D7 E0 0C E3 8C 67 6F 21	0C:1 8C:1 D7:1 E0:1 E3:1	3	0	0	False	confirmed-record	[TOP][SPEAKER:0C][E3][8C]go!		pending			
EN-09E55F	main-dialogue-5	0x09E55F	0x09E594	53	D7 E0 0C E3 88 E3 1C E3 01 77 6F 72 72 69 65 64 3F CD 49 20 6D 61 79 20 E3 C6 E3 2D 74 68 69 73 2C 20 62 75 74 CD E3 03 4F 4B 2E 20 46 6F 6C 6C 6F 77 20 6D 65	01:1 03:1 0C:1 1C:1 88:1 C6:1 CD:2 D7:1 E0:1 E3:6	37	2	0	False	confirmed-record	[TOP][SPEAKER:0C][E3][88][E3][1C][E3][01]worried?\nI may [E3][C6][E3]-this, but\n[E3][03]OK. Follow me		pending			
EN-09E595	main-dialogue-5	0x09E595	0x09E5B0	27	D7 C2 00 20 72 69 67 68 74 3F CD E3 0B 73 6F 20 65 61 73 79 2D 67 6F 69 6E 67 2E	00:1 0B:1 C2:1 CD:1 D7:1 E3:1	21	1	0	False	confirmed-record	[TOP][NAME] right?\n[E3][0B]so easy-going.		pending			
EN-09E641	main-dialogue-5	0x09E641	0x09E66E	45	D7 E0 0C 49 73 20 E3 15 79 6F 75 72 73 3F CD E3 48 6D 61 79 20 62 65 20 6D 6F 72 65 2E CD 4C 6F 6F 6B 20 63 61 72 65 66 75 6C 6C 79 2E	0C:1 15:1 CD:2 D7:1 E0:1 E3:2	37	2	0	False	confirmed-record	[TOP][SPEAKER:0C]Is [E3][15]yours?\n[E3]Hmay be more.\nLook carefully.		pending			
EN-09E66F	main-dialogue-5	0x09E66F	0x09E697	40	D7 E0 0C 48 65 79 21 20 41 20 74 72 65 61 E3 AB 62 6F 78 21 CD 53 68 6F 75 6C 64 6E 60 74 20 E3 01 E3 26 74 68 61 74 3F	01:1 0C:1 AB:1 CD:1 D7:1 E0:1 E3:3	31	1	0	False	confirmed-record	[TOP][SPEAKER:0C]Hey! A trea[E3][AB]box!\nShouldn`t [E3][01][E3]&that?		pending			
EN-09E698	main-dialogue-5	0x09E698	0x09E6C4	44	D7 E0 0C 49 20 E3 14 62 72 65 61 6B 20 E3 0E 77 61 6C 6C 2E CD E3 8C E3 26 73 74 61 72 74 65 64 21 CD 53 74 61 79 20 62 61 63 6B 21	0C:1 0E:1 14:1 8C:1 CD:2 D7:1 E0:1 E3:4	32	2	0	False	confirmed-record	[TOP][SPEAKER:0C]I [E3][14]break [E3][0E]wall.\n[E3][8C][E3]&started!\nStay back!		pending			
EN-09E78B	main-dialogue-5	0x09E78B	0x09E7AD	34	D7 E0 0C 54 68 69 73 2E 2E 2E 2E 2E 2E CD C9 1E 52 61 73 6B 60 73 20 73 70 61 63 65 73 68 69 70 21 3F	0C:1 1E:1 C9:1 CD:1 D7:1 E0:1	28	1	0	False	confirmed-record	[TOP][SPEAKER:0C]This......\n[C9][1E]Rask`s spaceship!?		pending			
EN-09E7AE	main-dialogue-5	0x09E7AE	0x09E842	148	D7 E0 0C E3 0D 62 72 6F 6B 65 6E 20 75 70 2C 20 69 74 20 6C 6F 6F 6B 73 CD E3 2D 70 61 72 74 73 20 E3 1C 6D 69 73 73 69 6E 67 2E 2E 2E CD C9 1E E3 36 77 68 6F 2E 2E 2E 3F C9 1E 20 E3 19 66 6F 72 2E 2E 2E 3F D1 E3 53 E3 6C 61 20 62 61 64 20 66 65 65 6C 69 6E 67 2E 2E 2E CD 53 6F 72 72 79 2C 20 E3 06 67 6F 20 66 69 72 73 74 2E CD C9 1E 49 66 20 77 65 20 68 61 64 20 6C 69 67 68 74 73 2E 2E 2E CD C9 1E 53 6F 72 72 79 2C 20 E3 30 63 61 72 65 21	06:1 0C:1 0D:1 19:1 1C:1 1E:4 C9:4 CD:5 D1:1 D7:1 E0:1 E3:9	118	5	1	False	confirmed-record	[TOP][SPEAKER:0C][E3][0D]broken up, it looks\n[E3]-parts [E3][1C]missing...\n[C9][1E][E3]6who...?[C9][1E] [E3][19]for...?\f[E3]S[E3]la bad feeling...\nSorry, [E3][06]go first.\n[C9][1E]If we had lights...\n[C9][1E]Sorry, [E3]0care!		pending			
EN-09E975	main-dialogue-5	0x09E975	0x09EA0C	151	D7 E0 0B 52 65 61 6C 6C 79 3F 20 49 66 20 49 20 E3 37 E3 01 E3 00 CD E0 00 2E CD 49 20 E3 14 72 65 74 75 72 6E 20 74 6F 20 6D 79 20 74 69 6D 65 2E D1 E0 0D E3 09 E3 07 E3 3B 61 6E 79 74 68 69 6E 67 2E CD E0 00 20 69 73 20 E3 2D 61 20 C3 02 50 72 69 73 6D CD E3 15 73 68 6F 77 73 20 74 69 6D 65 2E C3 00 D1 41 73 20 61 6E 20 65 78 70 65 72 69 6D 65 6E 74 20 49 60 6C 6C CD E3 85 E3 01 E3 05 70 61 73 74 CD 74 68 72 6F 75 67 68 20 E3 0E 70 72 69 73 6D 2E	00:4 01:2 02:1 05:1 07:1 09:1 0B:1 0D:1 0E:1 14:1 15:1 85:1 C3:2 CD:6 D1:2 D7:1 E0:4 E3:13	107	6	2	True	confirmed-record	[TOP][SPEAKER:0B]Really? If I [E3]7[E3][01][E3][00]\n[SPEAKER:00].\nI [E3][14]return to my time.\f[SPEAKER:0D][E3][09][E3][07][E3];anything.\n[SPEAKER:00] is [E3]-a [YELLOW]Prism\n[E3][15]shows time.[/HIGHLIGHT]\fAs an experiment I`ll\n[E3][85][E3][01][E3][05]past\nthrough [E3][0E]prism.		pending			
EN-09EA0D	main-dialogue-5	0x09EA0D	0x09EAC0	179	D7 E0 0B 2E 2E 2E C9 1E 49 20 E3 16 73 75 72 70 72 69 73 65 64 2E CD C9 1E 49 74 20 68 61 64 20 6E 65 76 65 72 CD 72 65 73 70 6F 6E 64 65 64 20 62 65 66 6F 72 65 2E 2E 2E D1 E0 0D E3 5C E3 A0 E3 07 6B 6E 6F 77 CD 69 74 73 20 70 6F 77 65 72 20 E3 0F 64 6F 20 69 74 2E D1 C9 1E 57 65 6C 6C 2C CD C9 1E E3 23 E3 1C E3 01 E3 25 74 6F 20 64 6F 3F D1 E0 0B 57 65 6C 6C 2C C9 1E 20 E3 01 66 69 6E 69 73 68 65 64 20 CD C3 02 E3 15 6D 61 63 68 69 6E 65 C3 00 2C 20 73 6F 20 49 20 74 68 69 6E 6B CD C9 1E 49 20 E3 14 74 72 75 73 74 20 79 6F 75 2E	00:1 01:2 02:1 07:1 0B:2 0D:1 0F:1 14:1 15:1 16:1 1C:1 1E:6 A0:1 C3:2 C9:6 CD:6 D1:3 D7:1 E0:3 E3:12	126	6	3	True	confirmed-record	[TOP][SPEAKER:0B]...[C9][1E]I [E3][16]surprised.\n[C9][1E]It had never\nresponded before...\f[SPEAKER:0D][E3]\[E3][A0][E3][07]know\nits power [E3][0F]do it.\f[C9][1E]Well,\n[C9][1E][E3]#[E3][1C][E3][01][E3]%to do?\f[SPEAKER:0B]Well,[C9][1E] [E3][01]finished \n[YELLOW][E3][15]machine[/HIGHLIGHT], so I think\n[C9][1E]I [E3][14]trust you.		pending			
EN-09EAC1	main-dialogue-5	0x09EAC1	0x09EAF6	53	D7 E0 0B DC 01 57 68 6F 20 69 73 20 74 68 61 74 3F CD C9 1E 49 20 E3 A8 6E 6F 20 E3 78 E3 14 E3 26 69 6E 2E 2E 2E CD C9 1E DC 00 59 6F 75 21 20 C9 14 C2 00 21	00:2 01:1 0B:1 14:2 1E:2 A8:1 C2:1 C9:3 CD:2 D7:1 DC:2 E0:1 E3:4	30	2	0	False	confirmed-record	[TOP][SPEAKER:0B][DC][01]Who is that?\n[C9][1E]I [E3][A8]no [E3]x[E3][14][E3]&in...\n[C9][1E][DC][00]You! [C9][14][NAME]!		pending			
EN-09EAF7	main-dialogue-5	0x09EAF7	0x09EB32	59	D7 E0 0B DC 01 57 68 6F 20 69 73 20 74 68 61 74 3F CD C9 1E 49 20 E3 A8 6E 6F 20 E3 78 E3 14 E3 26 69 6E 2E 2E 2E CD C9 1E DC 00 59 6F 75 21 C9 14 C2 00 20 72 69 67 68 74 21 3F	00:2 01:1 0B:1 14:2 1E:2 A8:1 C2:1 C9:3 CD:2 D7:1 DC:2 E0:1 E3:4	36	2	0	False	confirmed-record	[TOP][SPEAKER:0B][DC][01]Who is that?\n[C9][1E]I [E3][A8]no [E3]x[E3][14][E3]&in...\n[C9][1E][DC][00]You![C9][14][NAME] right!?		pending			
EN-09EB33	main-dialogue-5	0x09EB33	0x09EB89	86	D7 E0 0B E3 0B 73 74 75 62 62 6F 72 6E 2C 20 E3 22 E3 0E CD 69 73 20 E3 00 65 6E 64 2E 20 E3 24 E3 54 49 CD E3 02 61 20 E3 E8 6D 61 63 68 69 6E 65 2E D1 E3 09 E3 3B 77 68 61 74 CD 68 61 70 70 65 6E 73 20 77 68 65 6E CD 73 68 65 20 67 65 74 73 20 6D 61 64 21	00:1 02:1 09:1 0B:2 0E:1 CD:4 D1:1 D7:1 E0:1 E3:10 E8:1	62	4	1	False	confirmed-record	[TOP][SPEAKER:0B][E3][0B]stubborn, [E3]"[E3][0E]\nis [E3][00]end. [E3]$[E3]TI\n[E3][02]a [E3][E8]machine.\f[E3][09][E3];what\nhappens when\nshe gets mad!		pending			
EN-09EB8A	main-dialogue-5	0x09EB8A	0x09EBDF	85	D7 49 20 E3 F0 65 78 70 65 63 74 2E 2E 2E CD C9 28 52 69 67 68 74 2E 2E 2E 20 C9 1E E3 FF E3 A8 69 74 CD E3 16 47 61 74 65 61 75 60 73 20 66 61 75 6C 74 21 D1 49 20 E3 0F 66 6F 72 E3 37 74 68 61 74 21 CD 47 69 76 65 20 62 61 63 6B 20 6D 79 20 E0 00 21 21	00:1 0F:1 16:1 1E:1 A8:1 C9:2 CD:3 D1:1 D7:1 E0:1 E3:6 F0:1 FF:1	64	3	1	False	confirmed-record	[TOP]I [E3][F0]expect...\n[C9](Right... [C9][1E][E3][FF][E3][A8]it\n[E3][16]Gateau`s fault!\fI [E3][0F]for[E3]7that!\nGive back my [SPEAKER:00]!!		pending			
EN-09EBE0	main-dialogue-5	0x09EBE0	0x09EBF0	16	D7 E0 0B 4B 79 61 61 61 61 61 61 61 61 68 21 21	0B:1 D7:1 E0:1	13	0	0	False	confirmed-record	[TOP][SPEAKER:0B]Kyaaaaaaaah!!		pending			
EN-09EBF1	main-dialogue-5	0x09EBF1	0x09EC26	53	D7 E0 0B 45 76 65 6E 20 69 66 20 E3 01 72 75 6E 20 E3 1F 74 68 69 73 CD 69 74 20 69 73 20 E3 00 65 6E 64 2E 20 E3 19 61 72 65 CD E3 01 E3 25 74 6F 20 64 6F 3F	00:1 01:2 0B:1 19:1 1F:1 CD:2 D7:1 E0:1 E3:6	37	2	0	False	confirmed-record	[TOP][SPEAKER:0B]Even if [E3][01]run [E3][1F]this\nit is [E3][00]end. [E3][19]are\n[E3][01][E3]%to do?		pending			
EN-09EC27	main-dialogue-5	0x09EC27	0x09EC43	28	D7 E0 0B E3 24 69 73 20 E3 00 65 6E 64 2E CD E3 A5 72 65 61 64 79 2C 20 6B 69 64 21	00:1 0B:1 A5:1 CD:1 D7:1 E0:1 E3:3	19	1	0	False	confirmed-record	[TOP][SPEAKER:0B][E3]$is [E3][00]end.\n[E3][A5]ready, kid!		pending			
EN-09ECA5	main-dialogue-5	0x09ECA5	0x09ED1A	117	D7 E0 0D E3 24 67 75 79 20 E0 00 20 69 73 CD 63 6F 6C 6C 65 63 74 69 6E 67 20 69 6E 20 E3 00 66 75 74 75 72 65 2E 2E 2E D1 49 66 20 49 20 65 6C 69 6D 69 6E 61 74 65 20 79 6F 75 2C 20 CD E3 01 E3 0F 62 6F 74 E3 F6 6D 65 CD 69 6E 20 E3 00 66 75 74 75 72 65 2E D1 E0 0C 47 61 2E 2E 2E 20 47 61 74 65 61 75 21 CD 50 6C 65 61 73 65 2C 20 77 61 69 74 21 21	00:3 01:1 0C:1 0D:1 0F:1 CD:4 D1:2 D7:1 E0:3 E3:6 F6:1	93	4	2	False	confirmed-record	[TOP][SPEAKER:0D][E3]$guy [SPEAKER:00] is\ncollecting in [E3][00]future...\fIf I eliminate you, \n[E3][01][E3][0F]bot[E3][F6]me\nin [E3][00]future.\f[SPEAKER:0C]Ga... Gateau!\nPlease, wait!!		pending			
EN-09ED6F	main-dialogue-5	0x09ED6F	0x09EECA	347	D7 E0 0C E3 19 E3 1C E3 01 74 68 69 6E 6B 69 6E 67 21 3F CD E0 00 20 E3 16 6F 6E 65 CD 6F 66 20 52 61 73 6B 60 73 20 69 6E 76 65 6E 74 69 6F 6E 73 2E 2E 2E D1 49 2E 2E 2E 20 49 20 6B 6E 6F 77 2E D1 C9 1E 52 61 73 6B 20 64 65 65 70 6C 79 20 72 65 67 72 65 74 73 CD 68 61 76 69 6E 67 20 6D 61 64 65 20 74 68 69 73 2E 2E 2E CD C9 14 E3 09 E3 5F E3 3B 61 62 6F 75 74 CD E3 00 70 61 73 73 61 67 65 20 6F 66 20 74 69 6D 65 2E D1 53 6F 20 68 65 20 E3 D6 43 68 6F 63 6F 2C 20 6C 6F 6F 6B 69 6E 67 CD E3 0C 61 20 E3 93 E3 D2 68 65 CD E3 94 62 75 72 79 20 69 74 2E 2E 2E D1 E0 0D 48 6D 6D 6D 2E 2E 2E CD C9 1E 41 66 74 65 72 20 E3 71 E3 13 E3 B1 61 CD E0 1A 2C 20 4E 61 70 6F 6C 65 6F 6E 2E D1 E3 09 E3 12 6E 65 76 65 72 20 62 65 20 61 62 6C 65 20 74 6F CD E3 72 70 65 6F 70 6C 65 60 73 20 6D 69 6E 64 73 2E DE D7 52 6F 73 65 3F 20 41 66 74 65 72 20 49 20 66 69 6E 69 73 68 20 74 68 69 73 CD 67 75 79 20 6F 66 66 20 E3 01 E3 14 63 6F 6E 74 69 6E 75 65 CD 74 65 73 74 69 6E 67 20 E3 00 6D 61 63 68 69 6E 65 2E CD C9 1E 49 20 E3 12 E3 30 E3 00 E0 00 2E	00:5 01:2 09:2 0C:2 0D:1 12:2 13:1 14:2 16:1 19:1 1A:1 1C:1 1E:3 93:1 94:1 B1:1 C9:4 CD:13 D1:5 D2:1 D6:1 D7:2 DE:1 E0:5 E3:25	263	13	5	False	confirmed-record	[TOP][SPEAKER:0C][E3][19][E3][1C][E3][01]thinking!?\n[SPEAKER:00] [E3][16]one\nof Rask`s inventions...\fI... I know.\f[C9][1E]Rask deeply regrets\nhaving made this...\n[C9][14][E3][09][E3]_[E3];about\n[E3][00]passage of time.\fSo he [E3][D6]Choco, looking\n[E3][0C]a [E3][93][E3][WAIT]he\n[E3][94]bury it...\f[SPEAKER:0D]Hmmm...\n[C9][1E]After [E3]q[E3][13][E3][B1]a\n[SPEAKER:1A], Napoleon.\f[E3][09][E3][12]never be able to\n[E3]rpeople`s minds.[DE][TOP]Rose? After I finish this\nguy off [E3][01][E3][14]continue\ntesting [E3][00]machine.\n[C9][1E]I [E3][12][E3]0[E3][00][SPEAKER:00].		pending			
EN-09EECB	main-dialogue-5	0x09EECB	0x09EED8	13	D7 E0 0C 2E 2E 2E 47 61 74 65 61 75 21	0C:1 D7:1 E0:1	10	0	0	False	confirmed-record	[TOP][SPEAKER:0C]...Gateau!		pending			
EN-0A8130	main-dialogue-6	0x0A8130	0x0A8159	41	D7 DC 06 2E 2E 2E 2E 2E 2E 2E 2E 2E 2E 2E 2E 20 20 CD 4F 6F 6F 2E 2E 2E C9 1E DC 01 20 4F 6F 6F 77 61 61 61 61 61 61 68 21	01:1 06:1 1E:1 C9:1 CD:1 D7:1 DC:2	33	1	0	False	confirmed-record	[TOP][DC][06]............  \nOoo...[C9][1E][DC][01] Ooowaaaaaah!		pending			
EN-0A815A	main-dialogue-6	0x0A815A	0x0A8195	59	D7 E3 31 E3 1C E3 01 C3 02 50 6F 6C 6F 6E 60 73 20 CD 66 72 65 65 6C 6F 61 64 65 72 C3 00 3F CD E3 CE E3 BC E3 01 E3 20 66 72 6F 6D 3F CD 57 61 73 20 69 74 20 6D 61 67 69 63 3F	00:1 01:2 02:1 1C:1 BC:1 C3:2 CD:3 CE:1 D7:1 E3:7	39	3	0	True	confirmed-record	[TOP][E3]1[E3][1C][E3][01][YELLOW]Polon`s \nfreeloader[/HIGHLIGHT]?\n[E3][CE][E3][BC][E3][01][E3] from?\nWas it magic?		pending			
EN-0A8196	main-dialogue-6	0x0A8196	0x0A8209	115	D7 41 68 21 20 4D 61 67 69 63 20 62 6F 79 21 CD C9 1E 42 79 20 E3 00 77 61 79 2C 20 E3 4B E3 16 61 20 CD C3 02 57 6F 6D 61 6E C3 00 20 61 73 6B 69 6E 67 20 E3 0C 79 6F 75 2E D1 E3 2E C9 1E E3 04 77 6F 6D 61 6E 3F CD C9 1E 53 68 65 20 E3 6E 69 6E 74 6F CD E3 00 C3 02 54 6F 6F 6C 20 53 68 6F 70 2E D1 C3 00 C9 1E E3 09 E3 26 61 72 6F 75 6E 64 21	00:4 02:2 04:1 09:1 0C:1 16:1 1E:4 C3:4 C9:4 CD:4 D1:2 D7:1 E3:10	76	4	2	True	confirmed-record	[TOP]Ah! Magic boy!\n[C9][1E]By [E3][00]way, [E3]K[E3][16]a \n[YELLOW]Woman[/HIGHLIGHT] asking [E3][0C]you.\f[E3].[C9][1E][E3][04]woman?\n[C9][1E]She [E3]ninto\n[E3][00][YELLOW]Tool Shop.\f[/HIGHLIGHT][C9][1E][E3][09][E3]&around!		pending			
EN-0A820A	main-dialogue-6	0x0A820A	0x0A8241	55	D7 50 6F 6C 6F 6E 20 69 73 20 61 20 E3 96 62 65 61 75 74 69 66 75 6C CD E3 7D 6C 61 64 79 2E CD C9 14 42 65 20 63 61 72 65 66 75 6C 20 6F 6E 20 E3 00 72 6F 61 64 2E	00:1 14:1 96:1 C9:1 CD:2 D7:1 E3:3	45	2	0	False	confirmed-record	[TOP]Polon is a [E3][96]beautiful\n[E3]}lady.\n[C9][14]Be careful on [E3][00]road.		pending			
EN-0A8242	main-dialogue-6	0x0A8242	0x0A827F	61	D7 E3 A9 E3 50 62 75 69 6C 64 20 61 CD 63 6F 6F 6C 20 62 75 69 6C 64 69 6E 67 2C 20 6C 69 6B 65 CD E3 00 45 6E 69 78 20 62 75 69 6C 64 69 6E 67 CD 69 6E 20 4B 75 72 6F 6B 61 77 61 2E	00:1 A9:1 CD:3 D7:1 E3:3	52	3	0	False	confirmed-record	[TOP][E3][A9][E3]Pbuild a\ncool building, like\n[E3][00]Enix building\nin Kurokawa.		pending			
EN-0A8280	main-dialogue-6	0x0A8280	0x0A82A9	41	D7 49 20 E3 0F E3 30 61 20 70 69 63 74 75 72 65 20 69 66 CD E3 01 E3 C6 73 6F 20 74 65 6E 73 65 2E CD E3 17 74 61 6C 6B 21	01:1 0F:1 17:1 C6:1 CD:2 D7:1 E3:5	29	2	0	False	confirmed-record	[TOP]I [E3][0F][E3]0a picture if\n[E3][01][E3][C6]so tense.\n[E3][17]talk!		pending			
EN-0A8370	main-dialogue-6	0x0A8370	0x0A83B5	69	D7 E3 04 6F 74 E3 F6 64 61 79 20 49 CD 66 6F 6C 6C 6F 77 65 64 20 61 20 E3 74 6D 61 6E 2C CD E3 22 68 65 20 64 69 73 61 70 70 65 61 72 65 64 20 6F 6E 20 74 68 65 CD E3 FB 74 6F 20 E3 00 43 61 76 65 2E 2E 2E	00:1 04:1 CD:3 D7:1 E3:6 F6:1 FB:1	55	3	0	False	confirmed-record	[TOP][E3][04]ot[E3][F6]day I\nfollowed a [E3]tman,\n[E3]"he disappeared on the\n[E3][FB]to [E3][00]Cave...		pending			
EN-0A83B6	main-dialogue-6	0x0A83B6	0x0A83E6	48	D7 49 20 E3 07 E3 29 61 20 4D 61 79 6F 72 60 73 CD E3 9E E3 A9 73 68 6F 75 6C 64 CD 62 75 69 6C 64 20 61 20 67 61 6D 65 20 63 65 6E 74 65 72 21	07:1 9E:1 A9:1 CD:2 D7:1 E3:4	38	2	0	False	confirmed-record	[TOP]I [E3][07][E3])a Mayor`s\n[E3][9E][E3][A9]should\nbuild a game center!		pending			
EN-0A8493	main-dialogue-6	0x0A8493	0x0A84D9	70	D7 57 61 61 61 68 21 20 57 61 61 61 68 21 CD C3 02 41 20 73 74 72 61 6E 67 65 20 E3 65 67 75 79 C3 00 CD 74 6F 6F 6B 20 6D 79 20 63 61 6E 64 79 20 61 6E 64 CD 6D 79 20 70 6F 63 6B 65 74 20 63 68 61 6E 67 65 21	00:1 02:1 C3:2 CD:3 D7:1 E3:1	61	3	0	True	confirmed-record	[TOP]Waaah! Waaah!\n[YELLOW]A strange [E3]eguy[/HIGHLIGHT]\ntook my candy and\nmy pocket change!		pending			
EN-0A84DA	main-dialogue-6	0x0A84DA	0x0A84F8	30	D7 49 20 64 6F 6E 61 74 65 64 20 E3 3A 6F 66 CD 6D 79 20 6D 6F 6E 65 79 2C 20 74 6F 6F 2E	CD:1 D7:1 E3:1	27	1	0	False	confirmed-record	[TOP]I donated [E3]:of\nmy money, too.		pending			
EN-0A85BB	main-dialogue-6	0x0A85BB	0x0A8688	205	D7 85 02 5B 52 C7 85 02 1D 89 86 6B 02 1D E7 86 02 1C 02 02 E6 85 6B 02 1D 5C 87 6B 02 1D 8A 87 6B 02 1D 53 88 6B 02 1D A4 88 6B EC 85 F1 85 EC 85 02 1D C5 87 6B 02 1D DE 87 02 57 52 02 0A 07 80 02 0A 5F 83 02 CF 16 85 8A 6B D7 49 20 73 61 77 20 61 20 68 75 67 65 20 6C 69 67 68 74 CD C9 14 66 E3 71 64 6F 77 6E 20 62 79 20 E3 00 72 69 76 65 72 21 21 D1 49 20 77 61 6E 74 65 64 20 74 6F 20 67 6F 20 E3 5E 69 74 2C 20 62 75 74 CD 4D 61 6D 61 20 E3 A8 E3 1B 64 61 6E 67 65 72 6F 75 73 2E CD E3 36 E3 00 62 6F 79 73 20 E3 6C 74 6F 20 67 6F 21 21 CD C9 14 E3 A9 E3 26 74 6F 20 64 6F 20 65 76 65 72 79 74 68 69 6E 67 21	00:2 02:16 07:1 0A:2 14:2 16:1 1B:1 1C:1 1D:8 80:1 83:1 85:7 86:2 87:4 88:2 89:1 8A:2 A4:1 A8:1 A9:1 C5:1 C7:1 C9:2 CD:4 CF:1 D1:1 D7:2 DE:1 E3:10 E6:1 E7:1 EC:2 F1:1	120	4	1	False	confirmed-record	[TOP][85][02][R[C7][85][02][1D][89][86]k[02][1D][E7][86][02][1C][02][02][E6][85]k[02][1D]\[87]k[02][1D][8A][87]k[02][1D]S[88]k[02][1D][A4][88]k[EC][85][F1][85][EC][85][02][1D][C5][87]k[02][1D][DE][87][02]WR[02][0A][07][80][02][0A]_[83][02][CF][16][85][8A]k[TOP]I saw a huge light\n[C9][14]f[E3]qdown by [E3][00]river!!\fI wanted to go [E3]^it, but\nMama [E3][A8][E3][1B]dangerous.\n[E3]6[E3][00]boys [E3]lto go!!\n[C9][14][E3][A9][E3]&to do everything!		pending			
EN-0A8689	main-dialogue-6	0x0A8689	0x0A86E6	93	D7 49 20 73 70 72 65 61 64 C9 0A CD C3 02 46 6C 6F 77 65 72 20 73 65 65 64 73 C3 00 CD E3 70 E3 00 74 6F 77 6E 2E CD 49 20 E3 29 66 6C 6F 77 65 72 73 20 65 76 65 72 79 77 68 65 72 65 21 D1 E3 36 49 20 77 6F 6E 64 65 72 20 77 68 65 72 65 CD 6D 79 20 73 65 65 64 73 20 61 72 65 3F	00:2 02:1 0A:1 C3:2 C9:1 CD:4 D1:1 D7:1 E3:4	76	4	1	True	confirmed-record	[TOP]I spread[C9][0A]\n[YELLOW]Flower seeds[/HIGHLIGHT]\n[E3]p[E3][00]town.\nI [E3])flowers everywhere!\f[E3]6I wonder where\nmy seeds are?		pending			
EN-0A86E7	main-dialogue-6	0x0A86E7	0x0A8789	162	D7 2E 2E 2E C9 14 E3 6B 74 68 6F 73 65 CD C3 02 46 6C 6F 77 65 72 20 73 65 65 64 73 C3 00 3F CD 49 20 E3 29 74 6F 20 70 6C 61 6E 74 20 E3 C5 6F 66 CD 66 6C 6F 77 65 72 73 20 E3 70 74 6F 77 6E 21 D1 53 61 79 2C 20 CD C9 14 E3 94 49 20 E3 02 74 68 6F 73 65 3F CD 20 53 75 72 65 2C 20 E3 30 74 68 65 6D 2E CD 20 4E 6F 74 20 61 20 63 68 61 6E 63 65 2E CC D7 E3 28 E3 12 E3 00 66 6C 6F 77 65 72 73 CD 62 6C 6F 6F 6D 3F 20 57 6F 6E 60 74 20 E3 00 74 6F 77 6E CD 62 65 20 E3 E9 74 68 65 6E 3F	00:3 02:2 12:1 14:2 94:1 C3:2 C5:1 C9:2 CC:1 CD:8 D1:1 D7:2 E3:12 E9:1	123	8	1	True	confirmed-record	[TOP]...[C9][14][E3]kthose\n[YELLOW]Flower seeds[/HIGHLIGHT]?\nI [E3])to plant [E3][C5]of\nflowers [E3]ptown!\fSay, \n[C9][14][E3][94]I [E3][02]those?\n Sure, [E3]0them.\n Not a chance.[CC][TOP][E3]([E3][12][E3][00]flowers\nbloom? Won`t [E3][00]town\nbe [E3][E9]then?		pending			
EN-0A878A	main-dialogue-6	0x0A878A	0x0A87C4	58	D7 49 20 70 6C 61 6E 74 65 64 20 74 68 6F 73 65 20 73 65 65 64 73 CD E3 71 E3 C3 74 6F 77 6E 2E CD E3 28 E3 12 E3 DB 62 6C 6F 6F 6D 3F CD 49 20 6C 6F 76 65 20 74 68 65 6D 21	12:1 74:1 C3:1 CD:3 D7:1 DB:1 E3:5	45	3	0	False	confirmed-record	[TOP]I planted those seeds\n[E3]q[E3][C3:74]own.\n[E3]([E3][12][E3][DB]bloom?\nI love them!		pending			
EN-0A8826	main-dialogue-6	0x0A8826	0x0A8852	44	D7 57 61 69 74 21 C9 1E 20 E3 CE E3 1C 79 6F 75 CD E3 75 6D 79 20 64 6F 67 21 CD C9 1E 54 75 72 62 6F 21 21 CD E3 52 68 65 72 65 21	1C:1 1E:2 C9:2 CD:3 CE:1 D7:1 E3:4	30	3	0	False	confirmed-record	[TOP]Wait![C9][1E] [E3][CE][E3][1C]you\n[E3]umy dog!\n[C9][1E]Turbo!!\n[E3]Rhere!		pending			
EN-0A8853	main-dialogue-6	0x0A8853	0x0A88A3	80	D7 45 76 65 6E 20 69 66 20 E3 00 E3 27 68 6F 75 73 65 CD 69 73 20 62 65 61 75 74 69 66 75 6C 2C 20 69 66 20 74 68 65 CD 70 65 72 73 6F 6E 20 69 6E 73 69 64 65 20 69 73 20 6E 6F 74 CD E3 55 69 74 20 6D 65 61 6E 73 20 6E 6F 74 68 69 6E 67 2E	00:1 CD:3 D7:1 E3:3	72	3	0	False	confirmed-record	[TOP]Even if [E3][00][E3]'house\nis beautiful, if the\nperson inside is not\n[E3]Uit means nothing.		pending			
EN-0A88A4	main-dialogue-6	0x0A88A4	0x0A88A9	5	D7 CF 01 A4 85	01:1 85:1 A4:1 CF:1 D7:1	0	0	0	False	confirmed-record	[TOP][CF][01][A4][85]		pending			
EN-0A8995	main-dialogue-6	0x0A8995	0x0A899F	10	D7 CD 42 6F 77 20 77 6F 77 21	CD:1 D7:1	8	1	0	False	confirmed-record	[TOP]\nBow wow!		pending			
EN-0A89A0	main-dialogue-6	0x0A89A0	0x0A89E0	64	D7 4D 79 20 E3 97 69 73 20 75 73 75 61 6C 6C 79 20 61 CD 73 74 72 6F 6E 67 2D 77 69 6C 6C 65 64 20 74 6F 6D 62 6F 79 2C 20 62 75 74 CD 73 6F 6D 65 74 69 6D 65 73 20 E3 92 67 65 6E 74 6C 65 2E	92:1 97:1 CD:2 D7:1 E3:2	57	2	0	False	confirmed-record	[TOP]My [E3][97]is usually a\nstrong-willed tomboy, but\nsometimes [E3][92]gentle.		pending			
EN-0A89E1	main-dialogue-6	0x0A89E1	0x0A89EB	10	D7 CD 42 6F 77 20 77 6F 77 21	CD:1 D7:1	8	1	0	False	confirmed-record	[TOP]\nBow wow!		pending			
EN-0A8A03	main-dialogue-6	0x0A8A03	0x0A8A37	52	D7 20 E3 53 67 E3 78 74 6F 20 67 65 74 CD 20 6D 65 64 69 63 69 6E 65 2E 20 42 65 20 72 69 67 68 74 20 62 61 63 6B 2E CD CD C3 03 CE 24 50 6F 6C 6F 6E C3 00	00:1 03:1 C3:2 CD:3 CE:1 D7:1 E3:2	41	3	0	True	confirmed-record	[TOP] [E3]Sg[E3]xto get\n medicine. Be right back.\n\n[PINK][CE]$Polon[/HIGHLIGHT]		pending			
EN-0A8A99	main-dialogue-6	0x0A8A99	0x0A8AB8	31	D7 C3 02 20 54 6F 6F 6C 20 53 68 6F 70 2E CD C3 00 20 4F 70 65 6E 69 6E 67 20 73 6F 6F 6E 21	00:1 02:1 C3:2 CD:1 D7:1	25	1	0	True	confirmed-record	[TOP][YELLOW] Tool Shop.\n[/HIGHLIGHT] Opening soon!		pending			
EN-0A8AB9	main-dialogue-6	0x0A8AB9	0x0A8AD7	30	D7 C3 02 20 54 6F 6F 6C 20 53 68 6F 70 2E CD C3 00 20 4F 70 65 6E 20 74 6F 64 61 79 21 21	00:1 02:1 C3:2 CD:1 D7:1	24	1	0	True	confirmed-record	[TOP][YELLOW] Tool Shop.\n[/HIGHLIGHT] Open today!!		pending			
EN-0A8AD8	main-dialogue-6	0x0A8AD8	0x0A8B2F	87	D7 C3 02 20 E3 27 48 6F E3 B9 46 75 6E 64 20 44 72 69 76 65 21 CD C3 00 20 E3 40 6C 6F 79 61 6C 74 79 20 77 69 6C 6C CD 20 62 75 69 6C 64 20 61 20 6E 65 77 20 74 6F 77 6E 2E CD C9 1E 20 20 20 20 20 20 20 20 42 75 69 6C 64 69 6E 67 20 43 6F 6D 6D 69 74 74 65 65	00:1 02:1 1E:1 B9:1 C3:2 C9:1 CD:3 D7:1 E3:3	73	3	0	True	confirmed-record	[TOP][YELLOW] [E3]'Ho[E3][B9]Fund Drive!\n[/HIGHLIGHT] [E3]@loyalty will\n build a new town.\n[C9][1E]        Building Committee		pending			
EN-0A8B30	main-dialogue-6	0x0A8B30	0x0A8B79	73	D7 C3 02 20 E3 27 48 6F E3 B9 46 75 6E 64 20 44 72 69 76 65 21 CD C3 00 CD 20 44 65 74 61 69 6C 73 20 61 74 20 42 75 69 6C 64 69 6E 67 20 53 69 74 65 CD 20 54 6F 20 42 75 69 6C 64 69 6E 67 20 43 6F 6D 6D 69 74 74 65 65	00:1 02:1 B9:1 C3:2 CD:3 D7:1 E3:2	62	3	0	True	confirmed-record	[TOP][YELLOW] [E3]'Ho[E3][B9]Fund Drive!\n[/HIGHLIGHT]\n Details at Building Site\n To Building Committee		pending			
EN-0A8B7A	main-dialogue-6	0x0A8B7A	0x0A8BC9	79	D7 20 E3 27 48 6F E3 B9 69 73 20 66 69 6E 69 73 68 65 64 2E CD 20 46 75 6E 64 20 64 72 69 76 65 20 6F 76 65 72 2E CD 20 E3 A2 E3 0C E3 05 68 65 6C 70 2E C9 1E 20 20 20 20 20 20 20 20 42 75 69 6C 64 69 6E 67 20 43 6F 6D 6D 69 74 74 65 65	05:1 0C:1 1E:1 A2:1 B9:1 C9:1 CD:2 D7:1 E3:5	65	2	0	False	confirmed-record	[TOP] [E3]'Ho[E3][B9]is finished.\n Fund drive over.\n [E3][A2][E3][0C][E3][05]help.[C9][1E]        Building Committee		pending			
EN-0A8BCA	main-dialogue-6	0x0A8BCA	0x0A8C3D	115	D7 C3 02 20 E3 27 42 75 69 6C 64 69 6E 67 20 46 75 6E 64 CD 20 47 6F 61 6C 20 41 63 68 69 65 76 65 64 21 D1 C3 00 D3 8F 8B D7 20 41 6E 20 75 6E 6B 6E 6F 77 6E 20 C3 02 74 68 65 66 74 20 72 69 6E 67 C3 00 CD 20 E3 18 E3 3C 61 63 74 69 76 65 20 68 65 72 65 2E CD C9 1E 20 4C 6F 63 6B 20 E3 05 64 6F 6F 72 73 CD 20 E3 43 E3 01 67 6F 20 6F 75 74 2E	00:2 01:1 02:2 05:1 18:1 1E:1 8B:1 8F:1 C3:4 C9:1 CD:4 D1:1 D3:1 D7:2 E3:6	86	4	1	True	confirmed-record	[TOP][YELLOW] [E3]'Building Fund\n Goal Achieved!\f[/HIGHLIGHT][D3][8F][8B][TOP] An unknown [YELLOW]theft ring[/HIGHLIGHT]\n [E3][18][E3]<active here.\n[C9][1E] Lock [E3][05]doors\n [E3]C[E3][01]go out.		pending			
EN-0A8D76	main-dialogue-6	0x0A8D76	0x0A8EA4	302	D7 49 66 20 77 65 20 62 75 69 6C 64 20 61 20 E3 79 66 6F 72 CD E3 00 4D 61 79 6F 72 2C 20 E3 00 74 6F 77 6E 20 77 69 6C 6C CD E3 3F 6D 6F 76 65 20 66 6F 72 77 61 72 64 2E D1 57 6F 75 6C 64 20 E3 01 E3 2D 74 6F 20 64 6F 6E 61 74 65 CD 74 6F 20 62 75 69 6C 64 20 61 20 6E 65 77 20 74 6F 77 6E 3F CD 20 53 75 72 65 2C 20 67 6C 61 64 6C 79 2E CD 20 4E 6F 74 20 6D 65 21 CC D0 C2 00 20 E3 18 67 69 76 65 6E CD C6 04 86 0B 47 50 20 73 6F 20 66 61 72 2E CD E3 04 6D 69 6E 69 6D 75 6D 20 69 73 20 31 30 20 47 50 2E CD 48 6F 77 20 6D 75 63 68 20 E3 12 E3 01 67 69 76 65 3F D1 C3 02 20 31 30 20 47 50 C3 00 CD C3 02 20 31 30 30 20 47 50 C3 00 CD 20 4D 61 78 69 6D 75 6D C3 02 20 31 30 30 30 20 47 50 C3 00 CD 20 54 6F 6F 20 6D 75 63 68 3F CC D0 2E 2E 2E 49 20 73 65 65 2E CD 57 65 60 6C 6C 20 61 63 63 65 70 74 20 6D 6F 6E 65 79 20 75 6E 74 69 6C CD E3 00 E3 27 68 6F 75 73 65 CD 69 73 20 66 69 6E 69 73 68 65 64 2E	00:7 01:2 02:3 04:2 0B:1 12:1 18:1 86:1 C2:1 C3:6 C6:1 CC:2 CD:14 D0:2 D1:2 D7:1 E3:12	243	14	2	True	confirmed-record	[TOP]If we build a [E3]yfor\n[E3][00]Mayor, [E3][00]town will\n[E3]?move forward.\fWould [E3][01][E3]-to donate\nto build a new town?\n Sure, gladly.\n Not me![CC][WIPE][NAME] [E3][18]given\n[C6][04][86][0B]GP so far.\n[E3][04]minimum is 10 GP.\nHow much [E3][12][E3][01]give?\f[YELLOW] 10 GP[/HIGHLIGHT]\n[YELLOW] 100 GP[/HIGHLIGHT]\n Maximum[YELLOW] 1000 GP[/HIGHLIGHT]\n Too much?[CC][WIPE]...I see.\nWe`ll accept money until\n[E3][00][E3]'house\nis finished.		pending			
EN-0A8F31	main-dialogue-6	0x0A8F31	0x0A8F7A	73	D7 4D 6F 6E 65 79 3F 20 57 65 60 76 65 CD 63 6F 6C 6C 65 63 74 65 64 20 61 20 6C 6F 74 2C 20 62 75 74 CD 77 65 60 76 65 20 72 65 61 63 68 65 64 20 6F 75 72 20 67 6F 61 6C 2E CD E3 A2 E3 0C E3 05 73 75 70 70 6F 72 74 2E	05:1 0C:1 A2:1 CD:3 D7:1 E3:3	63	3	0	False	confirmed-record	[TOP]Money? We`ve\ncollected a lot, but\nwe`ve reached our goal.\n[E3][A2][E3][0C][E3][05]support.		pending			
EN-0A8F7B	main-dialogue-6	0x0A8F7B	0x0A8FC0	69	D7 E3 45 E3 25 74 6F 20 62 65 20 61 CD 72 69 62 62 6F 6E 2D 63 75 74 74 69 6E 67 20 63 65 72 65 6D 6F 6E 79 2E CD 57 61 69 74 20 6F 6E 20 E3 00 6F 74 E3 F6 73 69 64 65 CD 6F 66 20 E3 00 62 72 69 64 67 65 2E	00:2 CD:3 D7:1 E3:5 F6:1	57	3	0	False	confirmed-record	[TOP][E3]E[E3]%to be a\nribbon-cutting ceremony.\nWait on [E3][00]ot[E3][F6]side\nof [E3][00]bridge.		pending			
EN-0A8FC1	main-dialogue-6	0x0A8FC1	0x0A8FEF	46	D7 4F 4B 2C 20 E3 71 66 69 6E 69 73 68 65 64 2E CD E3 24 69 73 20 E3 00 62 65 67 69 6E 6E 69 6E 67 CD 6F 66 20 61 20 E3 CD 74 6F 77 6E 21	00:1 CD:3 D7:1 E3:4	37	3	0	False	confirmed-record	[TOP]OK, [E3]qfinished.\n[E3]$is [E3][00]beginning\nof a [E3]\ntown!		pending			
EN-0A926E	main-dialogue-6	0x0A926E	0x0A92B7	73	D7 E3 0B 61 72 65 6E 60 74 20 E3 1F E3 00 CD C3 02 74 68 65 66 74 20 72 69 6E 67 C3 00 2C 20 E3 1C 79 6F 75 3F CD C9 1E E3 BA 61 20 74 68 69 65 66 20 77 6F 75 6C 64 6E 60 74 20 6C 6F 6F 6B CD 73 6F 20 67 6F 6F 66 79 2E	00:2 02:1 0B:1 1C:1 1E:1 1F:1 BA:1 C3:2 C9:1 CD:3 D7:1 E3:5	53	3	0	True	confirmed-record	[TOP][E3][0B]aren`t [E3][1F][E3][00]\n[YELLOW]theft ring[/HIGHLIGHT], [E3][1C]you?\n[C9][1E][E3][BA]a thief wouldn`t look\nso goofy.		pending			
EN-0A92B8	main-dialogue-6	0x0A92B8	0x0A92F0	56	D7 E3 A3 E3 00 61 72 65 61 20 E3 12 62 65 CD 67 72 61 64 75 61 6C 6C 79 20 64 65 76 65 6C 6F 70 65 64 2E 20 49 60 6D CD E3 65 E3 B8 74 6F CD E3 00 66 75 74 75 72 65 2E	00:2 12:1 A3:1 B8:1 CD:3 D7:1 E3:6	41	3	0	False	confirmed-record	[TOP][E3][A3][E3][00]area [E3][12]be\ngradually developed. I`m\n[E3]e[E3][B8]to\n[E3][00]future.		pending			
EN-0A9454	main-dialogue-6	0x0A9454	0x0A9496	66	D7 57 61 69 74 2C 20 6B 69 64 2E 20 E3 24 69 73 20 74 68 65 CD C3 02 E3 27 4C 6F 74 C3 00 2E CD 54 68 65 79 60 72 65 20 62 75 69 6C 64 69 6E 67 20 74 68 65 72 65 2C CD E3 01 E3 0F 67 6F 20 69 6E 2E	00:1 01:1 02:1 0F:1 C3:2 CD:3 D7:1 E3:4	52	3	0	True	confirmed-record	[TOP]Wait, kid. [E3]$is the\n[YELLOW][E3]'Lot[/HIGHLIGHT].\nThey`re building there,\n[E3][01][E3][0F]go in.		pending			
EN-0A9497	main-dialogue-6	0x0A9497	0x0A94DF	72	D7 E3 19 64 6F 20 E3 01 74 68 69 6E 6B 3F 20 49 74 60 73 CD 61 6C 6D 6F 73 74 20 66 69 6E 69 73 68 65 64 2E 20 57 65 20 77 61 6E 74 CD 65 76 65 72 79 E3 78 74 6F 20 6C 6F 76 65 CD E3 0E E3 79 66 6F 72 65 76 65 72 2E	01:1 0E:1 19:1 CD:3 D7:1 E3:5	60	3	0	False	confirmed-record	[TOP][E3][19]do [E3][01]think? It`s\nalmost finished. We want\nevery[E3]xto love\n[E3][0E][E3]yforever.		pending			
EN-0A94E0	main-dialogue-6	0x0A94E0	0x0A952C	76	D7 44 75 65 20 74 6F 20 6C 61 63 6B 20 6F 66 20 64 6F 6E 61 74 69 6F 6E 73 2C CD 62 75 69 6C 64 69 6E 67 20 E3 12 E3 1E 62 65 67 69 6E CD 61 73 20 73 6F 6F 6E 20 61 73 20 65 78 70 65 63 74 65 64 2E 2E 2E CD E3 33 68 65 6C 70 2E	12:1 1E:1 CD:3 D7:1 E3:3	67	3	0	False	confirmed-record	[TOP]Due to lack of donations,\nbuilding [E3][12][E3][1E]begin\nas soon as expected...\n[E3]3help.		pending			
EN-0A952D	main-dialogue-6	0x0A952D	0x0A9583	86	D7 46 69 6E 61 6C 6C 79 20 E3 00 63 6F 6E 73 74 72 75 63 74 69 6F 6E CD 69 73 20 66 69 6E 69 73 68 65 64 2E 20 E3 36 69 74 20 77 61 73 6E 60 74 CD E3 35 6D 65 2C 20 65 76 65 72 79 62 6F 64 79 20 68 65 6C 70 65 64 CD 69 6E 20 E3 00 62 75 69 6C 64 69 6E 67 2E	00:2 CD:3 D7:1 E3:4	76	3	0	False	confirmed-record	[TOP]Finally [E3][00]construction\nis finished. [E3]6it wasn`t\n[E3]5me, everybody helped\nin [E3][00]building.		pending			
EN-0A9584	main-dialogue-6	0x0A9584	0x0A95A6	34	D7 E3 03 E3 75 E3 00 70 69 63 74 75 72 65 2E CD 46 69 6E 64 20 61 20 E3 93 74 6F 20 73 74 61 6E 64 2E	00:1 03:1 93:1 CD:1 D7:1 E3:4	25	1	0	False	confirmed-record	[TOP][E3][03][E3]u[E3][00]picture.\nFind a [E3][93]to stand.		pending			
EN-0A95A7	main-dialogue-6	0x0A95A7	0x0A95ED	70	D7 E3 03 E3 25 74 6F 20 E3 30 74 68 65 CD 70 69 63 74 75 72 65 20 6E 6F 77 2C 20 E3 07 6D 6F 76 65 2E CD D3 FB 95 D7 4F 4B 2C 20 E3 1B 64 6F 6E 65 2E CD C9 0A 54 68 61 6E 6B 73 2C 20 65 76 65 72 79 6F 6E 65 2E	03:1 07:1 0A:1 1B:1 95:1 C9:1 CD:3 D3:1 D7:2 E3:5 FB:1	52	3	0	False	confirmed-record	[TOP][E3][03][E3]%to [E3]0the\npicture now, [E3][07]move.\n[D3][FB][95][TOP]OK, [E3][1B]done.\n[C9][0A]Thanks, everyone.		pending			
EN-0A95EE	main-dialogue-6	0x0A95EE	0x0A9617	41	D7 4F 4B 2C 20 E3 78 6D 6F 72 65 2E CD C9 0A 4F 4B 2C 20 72 65 61 64 79 3F CD 43 68 65 2D 65 2D 65 2D 65 2D C9 1E 73 65 21	0A:1 1E:1 C9:2 CD:2 D7:1 E3:1	33	2	0	False	confirmed-record	[TOP]OK, [E3]xmore.\n[C9][0A]OK, ready?\nChe-e-e-e-[C9][1E]se!		pending			
EN-0A9618	main-dialogue-6	0x0A9618	0x0A965A	66	D7 42 75 69 6C 64 69 6E 67 20 E3 00 E3 27 68 6F 75 73 65 CD E3 16 68 61 72 64 2C 20 E3 22 E3 A7 74 68 61 74 CD E3 1B 64 E3 78 E3 01 66 6F 72 E3 26 68 6F 77 CD 74 6F 75 67 68 20 69 74 20 77 61 73 2E	00:1 01:1 16:1 1B:1 A7:1 CD:3 D7:1 E3:9	48	3	0	False	confirmed-record	[TOP]Building [E3][00][E3]'house\n[E3][16]hard, [E3]"[E3][A7]that\n[E3][1B]d[E3]x[E3][01]for[E3]&how\ntough it was.		pending			
EN-0A969F	main-dialogue-6	0x0A969F	0x0A9723	132	D7 2E 2E 2E 59 6F 75 2E 2E CD C9 1E E3 0B E3 00 66 72 65 65 6C 6F 61 64 65 72 CD 61 74 20 50 6F 6C 6F 6E 60 73 20 68 6F 75 73 65 2E CD 57 68 6F 20 E3 1C 79 6F 75 2C 20 61 6E 79 77 61 79 3F 21 D1 49 66 20 E3 01 62 6F 74 E3 F6 50 6F 6C 6F 6E CD 79 6F 75 60 6C 6C 20 62 65 20 73 6F 72 72 79 21 CD E3 09 77 69 6C 6C 21 20 53 6F 6D 65 74 68 69 6E 67 CD E3 12 68 61 70 70 65 6E 20 74 6F 20 79 6F 75 21	00:1 01:1 09:1 0B:1 12:1 1C:1 1E:1 C9:1 CD:6 D1:1 D7:1 E3:7 F6:1	108	6	1	False	confirmed-record	[TOP]...You..\n[C9][1E][E3][0B][E3][00]freeloader\nat Polon`s house.\nWho [E3][1C]you, anyway?!\fIf [E3][01]bot[E3][F6]Polon\nyou`ll be sorry!\n[E3][09]will! Something\n[E3][12]happen to you!		pending			
EN-0A9724	main-dialogue-6	0x0A9724	0x0A9754	48	D7 49 2E 2E 2E 20 49 20 E3 35 E3 6A 49 60 64 CD E3 DC E3 3A 66 6C 6F 77 65 72 73 20 CD E3 0C 50 6F 6C 6F 6E 21 CD C9 14 E3 09 E3 26 6F 75 74 21	09:1 0C:1 14:1 C9:1 CD:3 D7:1 DC:1 E3:7	32	3	0	False	confirmed-record	[TOP]I... I [E3]5[E3]jI`d\n[E3][DC][E3]:flowers \n[E3][0C]Polon!\n[C9][14][E3][09][E3]&out!		pending			
EN-0A9755	main-dialogue-6	0x0A9755	0x0A9782	45	D7 45 76 65 6E 20 61 20 E3 90 69 73 CD 62 65 61 75 74 69 66 75 6C 20 69 66 20 E3 1B 69 6E CD 50 6F 6C 6F 6E 60 73 20 68 6F 75 73 65 21	1B:1 90:1 CD:2 D7:1 E3:2	38	2	0	False	confirmed-record	[TOP]Even a [E3][90]is\nbeautiful if [E3][1B]in\nPolon`s house!		pending			
EN-0A97E3	main-dialogue-6	0x0A97E3	0x0A98B9	214	D7 DC 01 4F 68 2C C9 1E 20 E3 13 E3 00 6F 6E 65 CD E3 A0 E3 95 50 6F 6C 6F 6E 21 CD E3 6B E3 01 4F 4B 20 6E 6F 77 3F D1 50 6F 6C 6F 6E 20 E3 2F 79 6F 75 CD 64 6F 77 6E 20 62 79 20 E3 00 72 69 76 65 72 2C CD 74 6F 6F 6B 20 E3 01 74 6F 20 E3 F6 68 6F 75 73 65 CD E3 08 74 6F 6F 6B 20 E3 AC 6F 66 20 79 6F 75 2E DE DC 00 D7 DC 01 41 6E 64 20 73 68 65 20 E3 6E 74 6F 20 E3 26 79 6F 75 CD 6D 65 64 69 63 69 6E 65 20 E3 1F E3 00 CD C3 02 43 61 76 65 C3 00 2E D1 E3 2C E3 D2 E3 00 CD C3 02 74 68 65 66 74 20 72 69 6E 67 C3 00 20 69 73 2C 20 49 20 68 65 61 72 2E CD E3 28 E3 13 62 65 74 74 65 72 20 79 6F 75 CD E3 14 67 6F 20 74 68 65 72 65 21 DC 00	00:8 01:4 02:2 08:1 13:2 14:1 1E:1 1F:1 95:1 A0:1 AC:1 C3:4 C9:1 CD:10 D1:2 D2:1 D7:2 DC:4 DE:1 E3:22 F6:1	143	10	2	True	confirmed-record	[TOP][DC][01]Oh,[C9][1E] [E3][13][E3][00]one\n[E3][A0][E3][95]Polon!\n[E3]k[E3][01]OK now?\fPolon [E3]/you\ndown by [E3][00]river,\ntook [E3][01]to [E3][F6]house\n[E3][08]took [E3][AC]of you.[DE][DC][00][TOP][DC][01]And she [E3]nto [E3]&you\nmedicine [E3][1F][E3][00]\n[YELLOW]Cave[/HIGHLIGHT].\f[E3],[E3][WAIT][E3][00]\n[YELLOW]theft ring[/HIGHLIGHT] is, I hear.\n[E3]([E3][13]better you\n[E3][14]go there![DC][00]		pending			
EN-0A98BA	main-dialogue-6	0x0A98BA	0x0A9903	73	D7 50 6F 6C 6F 6E 20 E3 D3 6D 65 20 E3 0A 79 6F 75 2E CD 54 68 72 65 65 20 E3 E7 69 6E 20 E3 00 77 6F 72 6C 64 CD E3 A0 E3 C6 E3 35 61 6C 69 6B 65 2E CD C9 1E 4D 65 64 69 63 69 6E 65 21 20 4D 65 64 69 63 69 6E 65 21 21	00:1 0A:1 1E:1 A0:1 C6:1 C9:1 CD:3 D3:1 D7:1 E3:7 E7:1	54	3	0	False	confirmed-record	[TOP]Polon [E3][D3]me [E3][0A]you.\nThree [E3][E7]in [E3][00]world\n[E3][A0][E3][C6][E3]5alike.\n[C9][1E]Medicine! Medicine!!		pending			
EN-0A9904	main-dialogue-6	0x0A9904	0x0A994C	72	D7 DC 01 E3 09 73 74 61 72 74 6C 65 64 20 6D 65 21 CD C9 1E 49 66 20 E3 01 E3 02 73 6F 20 6D 75 63 68 CD 73 74 72 65 6E 67 74 68 20 E3 71 6F 66 20 E3 00 73 75 64 64 65 6E CD E3 01 E3 4E 62 65 20 66 69 6E 65 2E DC 00	00:2 01:3 02:1 09:1 1E:1 C9:1 CD:3 D7:1 DC:2 E3:7	50	3	0	False	confirmed-record	[TOP][DC][01][E3][09]startled me!\n[C9][1E]If [E3][01][E3][02]so much\nstrength [E3]qof [E3][00]sudden\n[E3][01][E3]Nbe fine.[DC][00]		pending			
EN-0A994D	main-dialogue-6	0x0A994D	0x0A9971	36	D7 4F 68 2C CD 61 20 66 72 69 65 6E 64 6C 79 20 E3 39 6D 6F 75 73 65 2E CD E3 6B E3 01 68 75 6E 67 72 79 3F	01:1 CD:2 D7:1 E3:3	29	2	0	False	confirmed-record	[TOP]Oh,\na friendly [E3]9mouse.\n[E3]k[E3][01]hungry?		pending			
EN-0A99AE	main-dialogue-6	0x0A99AE	0x0A9A08	90	D7 E0 10 4D 79 20 61 75 6E 74 20 69 73 20 E3 5D 61 74 20 6D 61 6B 69 6E 67 CD 6D 65 64 69 63 69 6E 65 2E CD 49 20 E3 0F 64 6F 20 69 74 2E 2E 2E D1 E3 09 74 77 6F 20 61 72 65 CD E3 F5 70 65 6F 70 6C 65 2E 2E 2E CD C9 1E 49 20 E3 8D E3 0F 62 65 6C 69 65 76 65 20 69 74 2E	09:1 0F:2 10:1 1E:1 8D:1 C9:1 CD:4 D1:1 D7:1 E0:1 E3:6 F5:1	69	4	1	False	confirmed-record	[TOP][SPEAKER:10]My aunt is [E3]]at making\nmedicine.\nI [E3][0F]do it...\f[E3][09]two are\n[E3][F5]people...\n[C9][1E]I [E3][8D][E3][0F]believe it.		pending			
EN-0A9A09	main-dialogue-6	0x0A9A09	0x0A9A26	29	D7 E0 10 DC 01 57 61 61 61 68 21 CD C9 1E DC 00 48 65 79 21 20 E3 17 73 E3 AC 6D 65 21	00:1 01:1 10:1 17:1 1E:1 AC:1 C9:1 CD:1 D7:1 DC:2 E0:1 E3:2	15	1	0	False	confirmed-record	[TOP][SPEAKER:10][DC][01]Waaah!\n[C9][1E][DC][00]Hey! [E3][17]s[E3][AC]me!		pending			
EN-0A9A4F	main-dialogue-6	0x0A9A4F	0x0A9A7A	43	D7 E3 31 E3 0F E3 01 73 65 65 3F CD 4D 79 20 6D 6F 74 68 65 72 60 73 20 E3 3F 75 70 73 65 74 2C CD E3 01 E3 50 6C 65 61 76 65 2E	01:2 0F:1 CD:2 D7:1 E3:6	31	2	0	False	confirmed-record	[TOP][E3]1[E3][0F][E3][01]see?\nMy mother`s [E3]?upset,\n[E3][01][E3]Pleave.		pending			
EN-0A9A7B	main-dialogue-6	0x0A9A7B	0x0A9AAC	49	D7 4C 69 74 74 6C 65 20 6D 6F 75 73 65 2C CD E3 13 6C 75 63 6B 79 20 E3 15 79 6F 75 CD E3 14 72 75 6E 20 61 77 61 79 2E CD C9 1E 53 68 6F 6F 74 21	13:1 14:1 15:1 1E:1 C9:1 CD:3 D7:1 E3:3	37	3	0	False	confirmed-record	[TOP]Little mouse,\n[E3][13]lucky [E3][15]you\n[E3][14]run away.\n[C9][1E]Shoot!		pending			
EN-0A9AF8	main-dialogue-6	0x0A9AF8	0x0A9B53	91	D7 E3 6B E3 01 43 61 72 6C 60 73 20 66 72 69 65 6E 64 3F CD 53 6F 72 72 79 2C 20 E3 22 E3 41 73 74 75 64 79 69 6E 67 CD E3 35 6E 6F 77 2E D1 E3 1A E3 1E 62 65 68 61 76 69 6E 67 20 76 65 72 79 CD 77 65 6C 6C 2C 20 73 6F 20 E3 03 6D 61 6B 69 6E 67 CD E3 5A 73 74 75 64 79 2E	01:1 03:1 1A:1 1E:1 CD:4 D1:1 D7:1 E3:9	72	4	1	False	confirmed-record	[TOP][E3]k[E3][01]Carl`s friend?\nSorry, [E3]"[E3]Astudying\n[E3]5now.\f[E3][1A][E3][1E]behaving very\nwell, so [E3][03]making\n[E3]Zstudy.		pending			
EN-0A9B54	main-dialogue-6	0x0A9B54	0x0A9B5E	10	D7 CD 41 20 6D 6F 75 73 65 21	CD:1 D7:1	8	1	0	False	confirmed-record	[TOP]\nA mouse!		pending			
EN-0A9BDD	main-dialogue-6	0x0A9BDD	0x0A9C5C	127	D7 E0 10 52 61 73 6B 60 73 20 66 72 69 65 6E 64 20 69 73 20 76 69 73 69 74 69 6E 67 2E CD 48 65 20 61 73 6B 65 64 20 6D 65 20 74 6F CD 6C 65 61 76 65 20 E3 AD 61 6C 6F 6E 65 2E 2E 2E DE D7 52 61 73 6B 20 E3 18 61 20 E3 93 74 6F CD 67 6F 20 68 6F 6D 65 20 74 6F 2E 2E 2E CD C9 1E E3 2C 6E 6F 72 6D 61 6C 2C 20 E3 22 49 CD 73 6F 6D 65 68 6F 77 20 66 65 65 6C 20 6C 6F 6E 65 6C 79 2E	10:1 18:1 1E:1 93:1 AD:1 C9:1 CD:5 D7:2 DE:1 E0:1 E3:5	107	5	0	False	confirmed-record	[TOP][SPEAKER:10]Rask`s friend is visiting.\nHe asked me to\nleave [E3][AD]alone...[DE][TOP]Rask [E3][18]a [E3][93]to\ngo home to...\n[C9][1E][E3],normal, [E3]"I\nsomehow feel lonely.		pending			
EN-0A9C5D	main-dialogue-6	0x0A9C5D	0x0A9C8E	49	D7 E0 10 E3 5B E3 30 69 74 20 65 61 73 79 2E CD C9 14 E3 D0 61 20 6E 61 70 2C 20 E3 06 6D 61 6B 65 CD E3 3A 63 68 69 63 6B 65 6E 20 73 6F 75 70 2E	06:1 10:1 14:1 C9:1 CD:2 D0:1 D7:1 E0:1 E3:5	35	2	0	False	confirmed-record	[TOP][SPEAKER:10][E3][[E3]0it easy.\n[C9][14][E3][WIPE]a nap, [E3][06]make\n[E3]:chicken soup.		pending			
EN-0A9C8F	main-dialogue-6	0x0A9C8F	0x0A9CC7	56	D7 C9 1E E0 10 57 61 68 2D 61 2D 61 2D 61 2D 61 2D 61 68 21 21 C8 CC D7 E3 2A E3 39 6D 6F 75 73 65 2C CD 77 68 79 20 61 6D 20 49 20 73 6F 20 6C 6F 6E 65 6C 79 2E 2E 2E	10:1 1E:1 C8:1 C9:1 CC:1 CD:1 D7:2 E0:1 E3:2	45	1	0	False	confirmed-record	[TOP][C9][1E][SPEAKER:10]Wah-a-a-a-a-ah!![C8][CC][TOP][E3]*[E3]9mouse,\nwhy am I so lonely...		pending			
EN-0A9D90	main-dialogue-6	0x0A9D90	0x0A9E0A	122	D7 E0 10 2E 2E 2E C9 1E E3 51 74 68 69 73 3F CD 48 65 20 E3 91 E3 35 6C 69 6B 65 CD 79 6F 75 2E 2E 2E C9 1E 20 54 77 6F 20 6F 66 20 79 6F 75 3F 21 D1 C9 1E C3 02 4D 61 6E 20 69 6E 20 62 65 64 3A CD C3 00 DC 06 2E 2E 2E 55 68 68 6E 2E 2E 2E 55 68 68 6E 2E 2E 2E CD C9 1E 53 74 6F 70 2E 2E 2E 20 49 20 E3 02 74 6F CD 63 E3 C3 69 74 20 75 70 2E 2E 2E 2E 2E 2E 2E DC 00	00:2 02:2 06:1 10:1 1E:4 69:1 91:1 C3:3 C9:4 CD:5 D1:1 D7:1 DC:2 E0:1 E3:5	88	5	1	True	confirmed-record	[TOP][SPEAKER:10]...[C9][1E][E3]Qthis?\nHe [E3][91][E3]5like\nyou...[C9][1E] Two of you?!\f[C9][1E][YELLOW]Man in bed:\n[/HIGHLIGHT][DC][06]...Uhhn...Uhhn...\n[C9][1E]Stop... I [E3][02]to\nc[E3][C3:69]t up.......[DC][00]		pending			
EN-0A9E0B	main-dialogue-6	0x0A9E0B	0x0A9E52	71	D7 E0 10 2E 2E 2E C9 1E DC 01 54 65 72 72 69 62 6C 65 21 20 E3 19 61 20 66 65 76 65 72 21 CD DC 00 E3 06 E3 26 6D 65 64 69 63 69 6E 65 20 66 72 6F 6D CD 6D 79 20 6E 65 69 67 68 62 6F 72 60 73 20 68 6F 75 73 65 21	00:1 01:1 06:1 10:1 19:1 1E:1 C9:1 CD:2 D7:1 DC:2 E0:1 E3:3	55	2	0	False	confirmed-record	[TOP][SPEAKER:10]...[C9][1E][DC][01]Terrible! [E3][19]a fever!\n[DC][00][E3][06][E3]&medicine from\nmy neighbor`s house!		pending			
EN-0A9E53	main-dialogue-6	0x0A9E53	0x0A9EA3	80	D7 E0 10 53 6F 72 72 79 20 E3 03 73 6F 20 6C 61 74 65 2E 20 49 CD 6D 61 64 65 20 E3 3A 6D 65 64 69 2E 2E 2E CD 2E 2E 2E 2E 2E 2E 2E 2E 2E 2E 2E 2E 2E 2E D1 CD DC 01 41 2D 61 2D 61 2D 61 2D 61 2D 61 2D 61 2D 61 2D 61 2D 61 68 68 68 21 DC 00	00:1 01:1 03:1 10:1 CD:3 D1:1 D7:1 DC:2 E0:1 E3:2	66	3	1	False	confirmed-record	[TOP][SPEAKER:10]Sorry [E3][03]so late. I\nmade [E3]:medi...\n..............\f\n[DC][01]A-a-a-a-a-a-a-a-a-ahhh![DC][00]		pending			
EN-0A9EA4	main-dialogue-6	0x0A9EA4	0x0A9EBC	24	D7 E0 10 41 68 2E 2E 2E CD C9 1E 57 61 69 74 21 21 20 57 61 69 74 21 21	10:1 1E:1 C9:1 CD:1 D7:1 E0:1	18	1	0	False	confirmed-record	[TOP][SPEAKER:10]Ah...\n[C9][1E]Wait!! Wait!!		pending			
EN-0A9EBD	main-dialogue-6	0x0A9EBD	0x0A9ECE	17	D7 48 65 6C 6C 6F 2C CD 4D 72 2E 4D 6F 75 73 65 2E	CD:1 D7:1	15	1	0	False	confirmed-record	[TOP]Hello,\nMr.Mouse.		pending			
EN-0A9FB5	main-dialogue-6	0x0A9FB5	0x0A9FEF	58	D7 E0 0C E3 1A 69 6E 6A 75 72 65 64 20 E3 08 66 65 76 65 72 69 73 68 21 CD C9 1E E3 40 6D 65 64 69 63 69 6E 65 20 E3 67 68 65 6C 70 2E CD E3 06 E3 30 E3 AC 6F 66 20 69 74 2E	06:1 08:1 0C:1 1A:1 1E:1 AC:1 C9:1 CD:2 D7:1 E0:1 E3:7	40	2	0	False	confirmed-record	[TOP][SPEAKER:0C][E3][1A]injured [E3][08]feverish!\n[C9][1E][E3]@medicine [E3]ghelp.\n[E3][06][E3]0[E3][AC]of it.		pending			
EN-0A9FF0	main-dialogue-6	0x0A9FF0	0x0AA043	83	D7 E0 0C E3 34 CD 6F 6E 20 43 68 6F 63 6F 20 52 6F 62 6F 74 73 20 61 72 65 CD 63 6F 6D 6D 6F 6E 2E 2E 2E D1 2E 2E 2E C9 1E E3 36 E3 01 77 65 72 65 6E 60 74 20 61 66 72 61 69 64 CD 6F 66 20 6D 65 20 61 74 20 61 6C 6C 2E CD C9 1E 57 68 79 2E 2E 2E 3F	01:1 0C:1 1E:2 C9:2 CD:4 D1:1 D7:1 E0:1 E3:3	67	4	1	False	confirmed-record	[TOP][SPEAKER:0C][E3]4\non Choco Robots are\ncommon...\f...[C9][1E][E3]6[E3][01]weren`t afraid\nof me at all.\n[C9][1E]Why...?		pending			
EN-0AA044	main-dialogue-6	0x0AA044	0x0AA056	18	D7 E0 0C 2E 2E 2E 52 61 2E 2E C9 1E 52 61 73 6B 21 21	0C:1 1E:1 C9:1 D7:1 E0:1	13	0	0	False	confirmed-record	[TOP][SPEAKER:0C]...Ra..[C9][1E]Rask!!		pending			
EN-0AA057	main-dialogue-6	0x0AA057	0x0AA071	26	D7 45 76 65 6E 20 69 6E 20 E3 15 66 6F 72 6D CD 49 20 E3 8D E3 3B 79 6F 75 2E	15:1 8D:1 CD:1 D7:1 E3:3	19	1	0	False	confirmed-record	[TOP]Even in [E3][15]form\nI [E3][8D][E3];you.		pending			
EN-0AA15D	main-dialogue-6	0x0AA15D	0x0AA19B	62	D7 2E 2E 2E 2E 2E 2E 2E 2E 2E 2E 2E CD C9 1E 2E 2E 2E 48 6D 6D 6D 2C 20 6E 6F 20 67 6F 6F 64 2E CD 49 20 E3 0F E3 37 79 6F 75 CD 74 68 69 73 2E 2E 2E 2E 2E 2E C9 1E 48 6D 6D 6D 2E 2E 2E	0F:1 1E:2 C9:2 CD:3 D7:1 E3:2	51	3	0	False	confirmed-record	[TOP]...........\n[C9][1E]...Hmmm, no good.\nI [E3][0F][E3]7you\nthis......[C9][1E]Hmmm...		pending			
EN-0AA19C	main-dialogue-6	0x0AA19C	0x0AA261	197	D7 E0 11 48 75 68 21 3F CD C9 1E E3 04 73 61 6D 65 20 66 61 63 65 20 61 73 20 6D 65 3F CD C9 28 2E 2E 2E 57 69 6C 6C C9 1E 20 79 6F 75 2E 2E 2E D1 44 6F 20 6D 65 20 61 20 66 61 76 6F 72 21 CD E3 62 E0 1A 2C CD 70 6C 65 61 73 65 20 73 74 6F 70 20 68 69 6D 2E D1 E3 24 C3 02 47 61 74 65 61 75 C3 00 2C 20 E3 00 CD E0 00 20 2D 20 CD 68 65 20 E3 4E 6E 65 76 65 72 20 6B 6E 6F 77 2E 2E 2E D1 4C 69 73 74 65 6E 2C 20 E3 13 E3 00 E3 B1 6F 6E 65 CD 49 20 E3 14 61 73 6B 2E CD C9 1E 49 66 20 68 65 20 67 65 74 73 20 E3 00 E0 00 2C CD 6E 6F 20 74 65 6C 6C 69 6E 67 20 E3 23 68 65 60 6C 6C 20 64 6F 2E	00:6 02:1 04:1 11:1 13:1 14:1 1A:1 1E:3 B1:1 C3:2 C9:4 CD:9 D1:3 D7:1 E0:4 E3:11	147	9	3	True	confirmed-record	[TOP][SPEAKER:11]Huh!?\n[C9][1E][E3][04]same face as me?\n[C9](...Will[C9][1E] you...\fDo me a favor!\n[E3]b[SPEAKER:1A],\nplease stop him.\f[E3]$[YELLOW]Gateau[/HIGHLIGHT], [E3][00]\n[SPEAKER:00] - \nhe [E3]Nnever know...\fListen, [E3][13][E3][00][E3][B1]one\nI [E3][14]ask.\n[C9][1E]If he gets [E3][00][SPEAKER:00],\nno telling [E3]#he`ll do.		pending			
EN-0AA262	main-dialogue-6	0x0AA262	0x0AA2D7	117	D7 E0 11 49 20 73 61 77 20 61 20 77 6F 6D 61 6E 20 E3 08 73 74 72 61 6E 67 65 CD E3 E7 61 74 20 E3 00 63 61 76 65 2E CD C3 02 C2 00 21 C3 00 2E 2E 2E 49 20 68 65 61 72 64 2E D1 54 68 65 6E 20 E3 DB 61 74 74 61 63 6B 65 64 2E CD E3 A9 E3 6A 49 20 E3 16 79 6F 75 2E CD C9 1E 2E 2E 2E E3 36 E3 15 77 6F 6D 61 6E C9 1E 20 E3 08 74 68 65 CD E0 00 2E 2E 2E	00:4 02:1 08:2 11:1 15:1 16:1 1E:2 A9:1 C2:1 C3:2 C9:2 CD:5 D1:1 D7:1 DB:1 E0:2 E3:10 E7:1	78	5	1	True	confirmed-record	[TOP][SPEAKER:11]I saw a woman [E3][08]strange\n[E3][E7]at [E3][00]cave.\n[YELLOW][NAME]![/HIGHLIGHT]...I heard.\fThen [E3][DB]attacked.\n[E3][A9][E3]jI [E3][16]you.\n[C9][1E]...[E3]6[E3][15]woman[C9][1E] [E3][08]the\n[SPEAKER:00]...		pending			
EN-0AA2D8	main-dialogue-6	0x0AA2D8	0x0AA316	62	D7 E0 11 49 20 77 6F 72 72 79 20 E3 0A 68 65 72 2C 20 62 75 74 CD 47 61 74 65 61 75 20 69 73 20 E3 C1 64 61 6E 67 65 72 6F 75 73 2E CD 50 6C 65 61 73 65 2C 20 73 74 6F 70 20 68 69 6D 21	0A:1 11:1 C1:1 CD:2 D7:1 E0:1 E3:2	53	2	0	False	confirmed-record	[TOP][SPEAKER:11]I worry [E3][0A]her, but\nGateau is [E3][C1]dangerous.\nPlease, stop him!		pending			
EN-0AA317	main-dialogue-6	0x0AA317	0x0AA3BD	166	D7 E0 11 57 65 20 E3 81 61 67 61 69 6E 2E CD C9 1E 49 20 6B 6E 6F 77 2C 20 E3 00 E0 00 CD E3 16 73 74 6F 6C 65 6E 20 62 79 20 47 61 74 65 61 75 2E D1 49 20 E3 02 61 20 66 61 76 6F 72 20 74 6F 20 61 73 6B 2E CD 46 6F 6C 6C 6F 77 20 43 6F 6F 6B 69 65 2C CD E3 08 73 74 6F 70 20 47 61 74 65 61 75 2E D1 E3 0B E3 00 E3 B1 E3 78 77 68 6F CD E3 14 73 74 6F 70 20 47 61 74 65 61 75 2E 2E 2E CD 49 66 20 E3 01 64 6F 6E 60 74 2C 20 73 6F 6D 65 74 68 69 6E 67 CD 61 77 66 75 6C 20 E3 12 68 61 70 70 65 6E 2E	00:3 01:1 02:1 08:1 0B:1 11:1 12:1 14:1 16:1 1E:1 81:1 B1:1 C9:1 CD:7 D1:2 D7:1 E0:2 E3:12	127	7	2	False	confirmed-record	[TOP][SPEAKER:11]We [E3][81]again.\n[C9][1E]I know, [E3][00][SPEAKER:00]\n[E3][16]stolen by Gateau.\fI [E3][02]a favor to ask.\nFollow Cookie,\n[E3][08]stop Gateau.\f[E3][0B][E3][00][E3][B1][E3]xwho\n[E3][14]stop Gateau...\nIf [E3][01]don`t, something\nawful [E3][12]happen.		pending			
EN-0AA3BE	main-dialogue-6	0x0AA3BE	0x0AA3E9	43	D7 57 65 60 76 65 20 E3 B1 E3 35 6D 65 74 2C CD E3 22 49 20 66 65 65 6C 20 61 73 20 69 66 20 49 20 CD E3 3B E3 01 77 65 6C 6C 2E	01:1 B1:1 CD:2 D7:1 E3:5	33	2	0	False	confirmed-record	[TOP]We`ve [E3][B1][E3]5met,\n[E3]"I feel as if I \n[E3];[E3][01]well.		pending			
EN-0AA3EA	main-dialogue-6	0x0AA3EA	0x0AA5ED	515	D7 E0 11 DC 06 2E 2E 2E 2E 55 68 68 6E 2E 2E 2E 20 DE DC 00 D7 E0 11 2E 2E 2E 4E 61 2E 2E 2E C9 32 4E 61 70 6F 6C 65 6F 6E 3F D1 E0 0C E3 0B 61 77 61 6B 65 21 CD C9 1E 59 65 73 2C 20 E3 1B 6D 65 2C CD 4E 61 70 6F 6C 65 6F 6E 21 D1 E3 19 E3 02 E3 01 E3 3C 64 6F 69 6E 67 3F CD E3 51 68 61 70 70 65 6E 65 64 3F CD E3 33 E3 4F 6D 65 2E DE E0 11 E3 04 73 68 69 70 2E 2E 2E C9 1E 20 E3 6E 6F 75 74 CD C9 1E 6F 66 20 63 6F 6E 74 72 6F 6C 20 C9 1E E3 08 CD 66 65 6C 6C 20 69 6E 74 6F 20 61 20 63 61 76 65 2E 2E 2E CD E3 19 E3 0A E3 05 73 68 69 70 3F D1 49 20 E3 D6 61 20 62 6C 75 65 70 72 69 6E 74 20 6F 66 CD E3 00 6E 65 77 20 65 6E 67 69 6E 65 20 69 6E 20 74 68 65 72 65 2E CD C9 1E 2E 2E 2E 4F 4B 2E 2E 2E C9 14 20 54 68 65 6E 2E 2E 2E 20 CD C9 14 41 2E 2E 2E 20 C9 1E C3 03 57 6F 6D 61 6E C3 00 20 63 61 6D 65 2E 2E 2E DE D7 41 68 21 C9 1E 20 53 68 65 20 73 74 6F 6C 65 CD C9 1E E3 00 E0 00 21 CD 57 65 20 67 6F 74 74 61 20 67 6F 21 21 D1 E0 0C 49 20 73 65 65 21 20 E3 36 79 6F 75 CD C9 1E E3 02 74 6F 20 E3 30 69 74 CD 65 61 73 79 20 6E 6F 77 2E 2E 2E D1 E3 06 67 65 74 CD E3 00 E0 00 CD E3 3E E3 0C 79 6F 75 2E D1 E3 06 67 6F 20 E3 4F 43 6F 6F 6B 69 65 20 61 6E 64 CD 47 61 74 65 61 75 20 72 69 67 68 74 20 61 77 61 79 2E CD E3 06 62 65 20 62 61 63 6B 21 DE D7 E0 11 DC 01 2E 2E 2E 47 61 74 65 61 75 2E 2E 2E 3F CD C9 28 47 61 74 65 61 75 20 69 73 20 68 65 72 65 3F D1 57 61 69 74 2C 20 4E 61 70 6F 6C 65 6F 6E 21 CD C9 1E E3 17 E3 4F 47 61 74 65 61 75 21 CD 4E 61 70 6F 6C 65 6F 6E 21 20 E3 17 67 6F 21 CD C9 28 DC 06 E3 2A 6E 6F 2E 2E 2E DC 00	00:8 01:2 02:2 03:1 04:1 05:1 06:5 08:1 0A:1 0B:1 0C:3 11:4 14:2 17:2 19:2 1B:1 1E:10 C3:2 C9:15 CD:22 D1:7 D6:1 D7:4 DC:5 DE:4 E0:8 E3:32	368	22	7	True	confirmed-record	[TOP][SPEAKER:11][DC][06]....Uhhn... [DE][DC][00][TOP][SPEAKER:11]...Na...[C9]2Napoleon?\f[SPEAKER:0C][E3][0B]awake!\n[C9][1E]Yes, [E3][1B]me,\nNapoleon!\f[E3][19][E3][02][E3][01][E3]<doing?\n[E3]Qhappened?\n[E3]3[E3]Ome.[DE][SPEAKER:11][E3][04]ship...[C9][1E] [E3]nout\n[C9][1E]of control [C9][1E][E3][08]\nfell into a cave...\n[E3][19][E3][0A][E3][05]ship?\fI [E3][D6]a blueprint of\n[E3][00]new engine in there.\n[C9][1E]...OK...[C9][14] Then... \n[C9][14]A... [C9][1E][PINK]Woman[/HIGHLIGHT] came...[DE][TOP]Ah![C9][1E] She stole\n[C9][1E][E3][00][SPEAKER:00]!\nWe gotta go!!\f[SPEAKER:0C]I see! [E3]6you\n[C9][1E][E3][02]to [E3]0it\neasy now...\f[E3][06]get\n[E3][00][SPEAKER:00]\n[E3]>[E3][0C]you.\f[E3][06]go [E3]OCookie and\nGateau right away.\n[E3][06]be back![DE][TOP][SPEAKER:11][DC][01]...Gateau...?\n[C9](Gateau is here?\fWait, Napoleon!\n[C9][1E][E3][17][E3]OGateau!\nNapoleon! [E3][17]go!\n[C9]([DC][06][E3]*no...[DC][00]		pending			
EN-0AA5EE	main-dialogue-6	0x0AA5EE	0x0AA5FA	12	D7 E3 2A 68 6F 77 20 63 75 74 65 2E	D7:1 E3:1	10	0	0	False	confirmed-record	[TOP][E3]*how cute.		pending			
EN-0AA648	main-dialogue-6	0x0AA648	0x0AA6A6	94	D7 DC 01 E3 51 77 72 6F 6E 67 3F 20 E3 ED 74 68 61 74 CD C9 1E 67 6F 6F 64 2D 66 6F 72 2D 6E 6F 74 68 69 6E 67 CD 68 75 72 74 20 79 6F 75 21 3F DE DC 00 D7 CD DC 07 2E 2E 2E 2E 2E 2E 2E 2E 2E 2E 2E CD DC 01 C9 28 41 20 6D 6F 2D 6F 2D 6F 2D 6E 73 74 65 2D 65 2D 65 2D 72 21 21 DC 00	00:2 01:2 07:1 1E:1 C9:2 CD:4 D7:2 DC:5 DE:1 E3:2 ED:1	71	4	0	False	confirmed-record	[TOP][DC][01][E3]Qwrong? [E3][ED]that\n[C9][1E]good-for-nothing\nhurt you!?[DE][DC][00][TOP]\n[DC][07]...........\n[DC][01][C9](A mo-o-o-nste-e-e-r!![DC][00]		pending			
EN-0AA704	main-dialogue-6	0x0AA704	0x0AA869	357	D7 E0 12 57 61 69 74 21 CD 4E 6F 74 20 E3 25 E3 3E 74 6F 20 43 68 6F 63 6F 3F CD 45 78 70 6C 61 69 6E 2C 20 52 61 73 6B 2E D1 E0 11 E3 03 E3 1E E3 25 62 61 63 6B 2E CD 49 20 E3 02 E3 21 49 20 68 61 76 65 CD 74 6F 20 64 6F 20 6F 6E 20 E3 0E 70 6C 61 6E 65 74 2E D1 E0 12 E3 0B 61 20 43 68 6F 63 6F 20 73 63 69 65 6E 74 69 73 74 2E CD C9 14 E3 04 E0 00 20 68 61 73 CD 73 68 6F 77 6E 20 79 6F 75 2C 20 72 69 67 68 74 3F D1 43 68 6F 63 6F 20 E3 12 62 65 20 69 6E 76 61 64 65 64 CD 69 6E 20 E3 00 66 75 74 75 72 65 2E 2E 2E CD C9 28 48 6F 77 20 E3 14 E3 01 E3 4F E3 00 4B 69 6E 67 CD 74 6F 20 70 72 65 70 E3 1C E3 0C 69 74 20 6E 6F 77 21 3F DE D7 E0 12 E3 0D 43 6F 6F 6B 69 65 2E CD C9 28 2E 2E 2E 20 57 68 61 74 3F CD C9 3C 4F 4B 2E C9 1E 20 E3 03 63 6F 6D 69 6E 67 2E DE D7 E0 12 E3 62 E3 16 4E 61 70 6F 6C 65 6F 6E 2E CD C9 1E 53 6F 6D 65 74 68 69 6E 67 60 73 20 68 61 70 70 65 6E 65 64 2C 20 49 20 CD E3 4E 72 65 74 75 72 6E 20 74 6F 20 E3 00 73 68 69 70 2E D1 4F 4B 3F C9 1E 20 E3 03 67 6F 69 6E 67 2E 20 E3 09 E3 4E CD E3 7B E3 05 6D 69 6E 64 20 62 79 20 74 68 65 6E 21	00:4 01:1 02:1 03:3 04:1 05:1 09:1 0B:1 0C:1 0D:1 0E:1 11:1 12:5 14:2 16:1 1C:1 1E:4 C9:7 CD:14 D1:4 D7:3 DE:2 E0:6 E3:29	262	14	4	False	confirmed-record	[TOP][SPEAKER:12]Wait!\nNot [E3]%[E3]>to Choco?\nExplain, Rask.\f[SPEAKER:11][E3][03][E3][1E][E3]%back.\nI [E3][02][E3]!I have\nto do on [E3][0E]planet.\f[SPEAKER:12][E3][0B]a Choco scientist.\n[C9][14][E3][04][SPEAKER:00] has\nshown you, right?\fChoco [E3][12]be invaded\nin [E3][00]future...\n[C9](How [E3][14][E3][01][E3]O[E3][00]King\nto prep[E3][1C][E3][0C]it now!?[DE][TOP][SPEAKER:12][E3][0D]Cookie.\n[C9](... What?\n[C9]<OK.[C9][1E] [E3][03]coming.[DE][TOP][SPEAKER:12][E3]b[E3][16]Napoleon.\n[C9][1E]Something`s happened, I \n[E3]Nreturn to [E3][00]ship.\fOK?[C9][1E] [E3][03]going. [E3][09][E3]N\n[E3]{[E3][05]mind by then!		pending			
EN-0AA97D	main-dialogue-6	0x0AA97D	0x0AA9F8	123	D7 E3 09 E3 7E E3 A6 6C 6F 6F 6B 69 6E 67 CD E3 0C 6D 79 20 74 72 65 61 73 75 72 65 2C 20 74 6F 6F 3F CD 48 61 20 68 61 20 68 61 2E D1 E3 19 64 6F 20 E3 01 74 68 69 6E 6B 3F 20 54 68 65 73 65 CD E3 1C 6D 79 20 66 61 6D 69 6C 79 20 68 65 69 72 6C 6F 6F 6D 73 2E CD 49 20 E3 07 E3 2D 74 6F 20 E3 DC 74 68 65 6D CD 6F 75 74 2C 20 E3 22 65 76 65 72 79 E3 78 61 73 6B 73 2E	01:1 07:1 09:1 0C:1 19:1 1C:1 A6:1 CD:5 D1:1 D7:1 DC:1 E3:12	96	5	1	False	confirmed-record	[TOP][E3][09][E3]~[E3][A6]looking\n[E3][0C]my treasure, too?\nHa ha ha.\f[E3][19]do [E3][01]think? These\n[E3][1C]my family heirlooms.\nI [E3][07][E3]-to [E3][DC]them\nout, [E3]"every[E3]xasks.		pending			
EN-0AA9F9	main-dialogue-6	0x0AA9F9	0x0AAA4F	86	D7 E0 18 E3 17 62 65 20 73 69 6C 6C 79 21 CD 57 68 6F 20 E3 94 62 65 20 68 65 72 65 CD 62 65 73 69 64 65 73 20 79 6F 75 21 3F D1 C3 03 57 6F 6D 61 6E 3A CD C3 00 49 20 E3 07 6B 6E 6F 77 21 CD 52 65 61 6C 6C 79 21 CD E3 33 62 65 6C 69 65 76 65 20 6D 65 21 21	00:1 03:1 07:1 17:1 18:1 94:1 C3:2 CD:5 D1:1 D7:1 E0:1 E3:4	66	5	1	True	confirmed-record	[TOP][SPEAKER:18][E3][17]be silly!\nWho [E3][94]be here\nbesides you!?\f[PINK]Woman:\n[/HIGHLIGHT]I [E3][07]know!\nReally!\n[E3]3believe me!!		pending			
EN-0AAA50	main-dialogue-6	0x0AAA50	0x0AAA8B	59	D7 E0 18 41 6E 79 77 61 79 21 C9 1E 20 E3 A5 6F 75 74 21 CD 4E 65 76 65 72 20 E3 85 E3 05 66 61 63 65 20 69 6E CD E3 0E 6E 65 69 67 68 62 6F 72 68 6F 6F 64 20 61 67 61 69 6E 21	05:1 0E:1 18:1 1E:1 85:1 A5:1 C9:1 CD:2 D7:1 E0:1 E3:4	44	2	0	False	confirmed-record	[TOP][SPEAKER:18]Anyway![C9][1E] [E3][A5]out!\nNever [E3][85][E3][05]face in\n[E3][0E]neighborhood again!		pending			
EN-0AAA8C	main-dialogue-6	0x0AAA8C	0x0AAAD7	75	D7 E0 18 53 68 65 20 73 74 6F 6C 65 20 6D 79 20 6A 65 77 65 6C 72 79 21 D1 49 20 E3 6E 6F 75 74 2C 20 E3 08 E3 43 49 CD E3 7E E3 3E E3 00 4A 65 77 65 6C 72 79 20 77 61 73 CD 67 E3 78 E3 08 73 68 65 20 E3 16 74 68 65 72 65 21	00:1 08:2 16:1 18:1 CD:2 D1:1 D7:1 E0:1 E3:9	56	2	1	False	confirmed-record	[TOP][SPEAKER:18]She stole my jewelry!\fI [E3]nout, [E3][08][E3]CI\n[E3]~[E3]>[E3][00]Jewelry was\ng[E3]x[E3][08]she [E3][16]there!		pending			
EN-0AAAD8	main-dialogue-6	0x0AAAD8	0x0AAB0E	54	D7 E0 18 57 68 6F 20 E3 94 69 74 20 E3 02 62 65 65 6E CD 69 66 20 69 74 20 77 61 73 6E 60 74 20 68 65 72 3F CD 4E 6F 20 E3 78 65 6C 73 65 20 E3 16 68 65 72 65 21	02:1 16:1 18:1 94:1 CD:2 D7:1 E0:1 E3:4	42	2	0	False	confirmed-record	[TOP][SPEAKER:18]Who [E3][94]it [E3][02]been\nif it wasn`t her?\nNo [E3]xelse [E3][16]here!		pending			
EN-0AAB0F	main-dialogue-6	0x0AAB0F	0x0AAB7E	111	D7 E0 18 2E 2E 2E C9 1E 59 65 61 68 21 CD 54 68 6F 73 65 20 E3 1C 6D 79 20 4A 65 77 65 6C 73 21 CD E3 CE E3 63 74 68 65 79 3F 21 D1 E3 2E C9 14 E3 04 E3 90 E3 BC 69 74 3F 21 CD C9 14 49 20 77 6F 6E 64 65 72 2E 2E 2E CD 49 20 77 72 6F 6E 67 65 64 20 43 6F 6B 65 72 2E CD 49 20 E3 4E 61 70 6F 6C 6F 67 69 7A 65 20 74 6F 20 68 65 72 21	04:1 14:2 18:1 1C:1 1E:1 90:1 BC:1 C9:3 CD:5 CE:1 D1:1 D7:1 E0:1 E3:8	83	5	1	False	confirmed-record	[TOP][SPEAKER:18]...[C9][1E]Yeah!\nThose [E3][1C]my Jewels!\n[E3][CE][E3]cthey?!\f[E3].[C9][14][E3][04][E3][90][E3][BC]it?!\n[C9][14]I wonder...\nI wronged Coker.\nI [E3]Napologize to her!		pending			
EN-0AAB7F	main-dialogue-6	0x0AAB7F	0x0AABEA	107	D7 E0 18 E3 A2 E3 0C E3 23 E3 01 64 69 64 2E CD 49 20 61 6C 6D 6F 73 74 20 E3 BC 73 6F 6D 65 74 68 69 6E 67 CD E3 3F 66 6F 6F 6C 69 73 68 2E D1 49 20 64 6F 75 62 74 65 64 20 E3 01 62 65 63 61 75 73 65 CD 49 20 E3 F0 E3 3B E3 00 74 72 75 74 68 2E 2E 2E CD E3 03 E3 3F 61 73 68 61 6D 65 64 CD E3 33 66 6F 72 E3 37 6D 65 2E	00:1 01:2 03:1 0C:1 18:1 A2:1 BC:1 CD:5 D1:1 D7:1 E0:1 E3:14 F0:1	76	5	1	False	confirmed-record	[TOP][SPEAKER:18][E3][A2][E3][0C][E3]#[E3][01]did.\nI almost [E3][BC]something\n[E3]?foolish.\fI doubted [E3][01]because\nI [E3][F0][E3];[E3][00]truth...\n[E3][03][E3]?ashamed\n[E3]3for[E3]7me.		pending			
EN-0AABEB	main-dialogue-6	0x0AABEB	0x0AAC1A	47	D7 E0 18 DC 01 48 6D 6D 6D 21 CD C9 1E DC 00 E3 FA E3 20 6C 6F 6F 6B 69 6E 67 CD E3 0C 6D 79 20 6A 65 77 65 6C 72 79 20 61 67 61 69 6E 21 3F	00:1 01:1 0C:1 18:1 1E:1 C9:1 CD:2 D7:1 DC:2 E0:1 E3:3 FA:1	31	2	0	False	confirmed-record	[TOP][SPEAKER:18][DC][01]Hmmm!\n[C9][1E][DC][00][E3][FA][E3] looking\n[E3][0C]my jewelry again!?		pending			
EN-0AACB5	main-dialogue-6	0x0AACB5	0x0AAD49	148	D7 C3 03 57 6F 6D 61 6E 3A CD C3 00 49 20 E3 07 E3 3B 61 6E 79 74 68 69 6E 67 2E CD C9 1E 49 20 77 61 6E 74 65 64 20 74 6F 20 E3 5E 74 68 65 6D 2C 20 62 75 74 CD 50 6F 70 73 20 77 61 73 6E 60 74 20 68 65 72 65 2E 2E 2E D1 49 20 E3 35 77 61 6E 74 65 64 20 74 6F 20 77 61 69 74 20 68 65 72 65 CD E3 0C 61 20 77 68 69 6C 65 2E 20 C9 1E E3 2C 61 6C 6C 2E CD 41 73 20 E3 0C E3 00 6A 65 77 65 6C 73 2E 2E 2E CD C9 1E 49 20 63 6F 75 6C 64 6E 60 74 21	00:2 03:1 07:1 0C:2 1E:3 C3:2 C9:3 CD:6 D1:1 D7:1 E3:8	118	6	1	True	confirmed-record	[TOP][PINK]Woman:\n[/HIGHLIGHT]I [E3][07][E3];anything.\n[C9][1E]I wanted to [E3]^them, but\nPops wasn`t here...\fI [E3]5wanted to wait here\n[E3][0C]a while. [C9][1E][E3],all.\nAs [E3][0C][E3][00]jewels...\n[C9][1E]I couldn`t!		pending			
EN-0AAD4A	main-dialogue-6	0x0AAD4A	0x0AAD5D	19	D7 E3 2A 6D 6F 75 73 65 21 CD E3 19 E3 50 49 20 64 6F 3F	19:1 CD:1 D7:1 E3:3	13	1	0	False	confirmed-record	[TOP][E3]*mouse!\n[E3][19][E3]PI do?		pending			
EN-0AADBD	main-dialogue-6	0x0AADBD	0x0AAE0B	78	D7 46 61 74 E3 F6 74 68 69 6E 6B 73 20 6A 65 77 65 6C 73 20 61 72 65 CD E3 C1 E3 FC E3 C9 6D 65 2E 2E 2E CD C9 1E E3 1A 61 6C 77 61 79 73 20 61 64 6D 69 72 69 6E 67 20 74 68 65 6D 2E CD 49 20 77 69 73 68 20 E3 DB E3 63 67 6F 6E 65 21	1A:1 1E:1 C1:1 C9:2 CD:3 D7:1 DB:1 E3:7 F6:1 FC:1	59	3	0	False	confirmed-record	[TOP]Fat[E3][F6]thinks jewels are\n[E3][C1][E3][FC][E3][C9]me...\n[C9][1E][E3][1A]always admiring them.\nI wish [E3][DB][E3]cgone!		pending			
EN-0AAE0C	main-dialogue-6	0x0AAE0C	0x0AAE3A	46	D7 49 20 E3 16 67 6C 61 64 20 74 68 65 79 CD E3 63 67 6F 6E 65 2C 20 E3 22 49 20 66 65 6C 74 CD 73 6F 72 72 79 20 E3 0C 68 65 72 2E 2E 2E	0C:1 16:1 CD:2 D7:1 E3:4	37	2	0	False	confirmed-record	[TOP]I [E3][16]glad they\n[E3]cgone, [E3]"I felt\nsorry [E3][0C]her...		pending			
EN-0AAE3B	main-dialogue-6	0x0AAE3B	0x0AAECF	148	D7 E3 09 64 6F 75 62 74 20 6D 65 3F 20 49 20 77 6F 75 6C 64 6E 60 74 CD 73 74 65 61 6C 20 6D 79 20 E3 AF 74 68 69 6E 67 73 21 CD C9 1E 49 20 E3 F0 E3 2D E3 00 4A 65 77 65 6C 73 2C CD E3 22 69 66 20 68 65 20 E3 2F 74 68 65 6D 2E 2E 2E D1 2E 2E 2E 20 42 75 74 CD E3 35 E3 F2 73 68 65 20 63 61 6D 65 CD 49 20 E3 58 61 20 6E 6F 69 73 65 20 66 72 6F 6D CD 62 65 6C 6F 77 2E D1 4C 69 6B 65 20 C3 02 74 69 6E 79 20 66 6F 6F 74 73 74 65 70 73 C3 00 2E	00:2 02:1 09:1 1E:1 AF:1 C3:2 C9:1 CD:6 D1:2 D7:1 E3:10 F0:1 F2:1	118	6	2	True	confirmed-record	[TOP][E3][09]doubt me? I wouldn`t\nsteal my [E3][AF]things!\n[C9][1E]I [E3][F0][E3]-[E3][00]Jewels,\n[E3]"if he [E3]/them...\f... But\n[E3]5[E3][F2]she came\nI [E3]Xa noise from\nbelow.\fLike [YELLOW]tiny footsteps[/HIGHLIGHT].		pending			
EN-0AAED0	main-dialogue-6	0x0AAED0	0x0AAF58	136	D7 E3 7C 79 6F 75 2E CD C9 14 4D 79 20 E3 1D E3 A8 68 65 60 64 20 6E 65 76 65 72 CD 66 6F 72 E3 37 68 65 72 2E 20 E3 03 77 6F 72 72 69 65 64 CD E3 0A E3 23 E3 12 68 61 70 70 65 6E 2E D1 49 20 E3 29 74 6F 20 62 65 20 66 72 69 65 6E 64 73 20 77 69 74 68 CD E3 00 62 6F 79 20 61 74 20 E3 F6 68 6F 75 73 65 2E CD E3 A3 77 65 60 6C 6C 20 62 65 E3 20 66 72 69 65 6E 64 73 2E CD E3 03 E3 65 E3 B8 74 6F 20 69 74 2E	00:1 03:2 0A:1 12:1 14:1 1D:1 A3:1 A8:1 B8:1 C9:1 CD:6 D1:1 D7:1 E3:16 F6:1	100	6	1	False	confirmed-record	[TOP][E3]|you.\n[C9][14]My [E3][1D][E3][A8]he`d never\nfor[E3]7her. [E3][03]worried\n[E3][0A][E3]#[E3][12]happen.\fI [E3])to be friends with\n[E3][00]boy at [E3][F6]house.\n[E3][A3]we`ll be[E3] friends.\n[E3][03][E3]e[E3][B8]to it.		pending			
EN-0AAF59	main-dialogue-6	0x0AAF59	0x0AAFAF	86	D7 4D 79 20 E3 1D 68 61 73 6E 60 74 20 6D 65 6E 74 69 6F 6E 65 64 CD E3 00 6A 65 77 65 6C 73 20 73 69 6E 63 65 2E CD 49 20 E3 14 62 65 E3 20 66 72 69 65 6E 64 73 20 77 69 74 68 CD E3 00 62 6F 79 2E D1 E3 A2 74 6F 20 79 6F 75 21 C9 1E 20 54 68 61 6E 6B 73 21	00:2 14:1 1D:1 1E:1 A2:1 C9:1 CD:3 D1:1 D7:1 E3:6	68	3	1	False	confirmed-record	[TOP]My [E3][1D]hasn`t mentioned\n[E3][00]jewels since.\nI [E3][14]be[E3] friends with\n[E3][00]boy.\f[E3][A2]to you![C9][1E] Thanks!		pending			
EN-0AAFB0	main-dialogue-6	0x0AAFB0	0x0AAFC0	16	D7 E3 2A 6E 6F 21 20 41 20 6D 6F 75 73 65 21 21	D7:1 E3:1	14	0	0	False	confirmed-record	[TOP][E3]*no! A mouse!!		pending			
EN-0AB02D	main-dialogue-6	0x0AB02D	0x0AB0A8	123	D7 E3 0B 61 20 6E 65 77 63 6F 6D 65 72 2E CD C9 14 E3 09 E3 4E E3 02 6A 75 73 74 CD E3 C0 69 6E 74 6F 20 74 6F 77 6E 2E CD 4D 65 2C 20 74 6F 6F 2E D1 4D 6F 76 69 6E 67 20 74 6F 20 61 20 6E 65 77 20 74 6F 77 6E CD 69 73 20 E3 2D 73 6C 65 65 70 69 6E 67 20 6F 6E 20 61 CD 6E 65 77 20 6D 61 74 74 72 65 73 73 2E CD C9 1E 4B 69 6E 64 20 6F 66 20 65 78 63 69 74 69 6E 67 2E	02:1 09:1 0B:1 14:1 1E:1 C0:1 C9:2 CD:6 D1:1 D7:1 E3:6	101	6	1	False	confirmed-record	[TOP][E3][0B]a newcomer.\n[C9][14][E3][09][E3]N[E3][02]just\n[E3][C0]into town.\nMe, too.\fMoving to a new town\nis [E3]-sleeping on a\nnew mattress.\n[C9][1E]Kind of exciting.		pending			
EN-0AB0A9	main-dialogue-6	0x0AB0A9	0x0AB0D1	40	D7 49 74 20 E3 4E 62 65 20 66 61 74 65 2C CD 75 73 20 6D 6F 76 69 6E 67 20 74 6F CD E3 00 73 61 6D 65 20 74 6F 77 6E 2E	00:1 CD:2 D7:1 E3:2	34	2	0	False	confirmed-record	[TOP]It [E3]Nbe fate,\nus moving to\n[E3][00]same town.		pending			
EN-0AB0D2	main-dialogue-6	0x0AB0D2	0x0AB11A	72	D7 E3 19 E3 50 49 20 64 6F 3F 20 49 74 20 73 65 65 6D 73 CD 6E 6F 20 E3 78 65 6C 73 65 20 E3 16 69 6E 20 50 6F 70 73 60 73 CD E3 79 E3 15 64 61 79 2E 2E 2E CD C9 1E E3 36 69 74 20 77 61 73 6E 60 74 20 6D 65 2E 2E 2E	15:1 16:1 19:1 1E:1 C9:1 CD:3 D7:1 E3:7	56	3	0	False	confirmed-record	[TOP][E3][19][E3]PI do? It seems\nno [E3]xelse [E3][16]in Pops`s\n[E3]y[E3][15]day...\n[C9][1E][E3]6it wasn`t me...		pending			
EN-0AB11B	main-dialogue-6	0x0AB11B	0x0AB186	107	D7 E3 5B E3 A7 50 6F 70 73 20 63 61 6D 65 CD 74 6F 20 61 70 6F 6C 6F 67 69 7A 65 2E CD 48 65 20 E3 2F E3 00 6A 65 77 65 6C 73 2E CD E3 62 E3 16 67 6F 6F 64 21 DE D7 E3 8F E3 25 74 6F 20 62 65 CD 6E 65 69 67 68 62 6F 72 73 2E 20 57 65 20 E3 0F 73 74 61 72 74 CD 6F 66 66 20 6F 6E 20 E3 00 77 72 6F 6E 67 20 66 6F 6F 74 2E	00:2 0F:1 16:1 8F:1 A7:1 CD:5 D7:2 DE:1 E3:10	83	5	0	False	confirmed-record	[TOP][E3][[E3][A7]Pops came\nto apologize.\nHe [E3]/[E3][00]jewels.\n[E3]b[E3][16]good![DE][TOP][E3][8F][E3]%to be\nneighbors. We [E3][0F]start\noff on [E3][00]wrong foot.		pending			
EN-0AB187	main-dialogue-6	0x0AB187	0x0AB1B8	49	D7 E3 31 6D 6F 75 73 65 CD 59 6F 75 60 64 20 62 65 74 74 65 72 20 67 6F 20 62 65 66 6F 72 65 CD E3 00 63 61 74 20 63 68 61 73 65 73 20 79 6F 75 2E	00:1 CD:2 D7:1 E3:2	43	2	0	False	confirmed-record	[TOP][E3]1mouse\nYou`d better go before\n[E3][00]cat chases you.		pending			
EN-0AB22B	main-dialogue-6	0x0AB22B	0x0AB232	7	D7 CD 4D 65 6F 77 21	CD:1 D7:1	5	1	0	False	confirmed-record	[TOP]\nMeow!		pending			
EN-0AB233	main-dialogue-6	0x0AB233	0x0AB239	6	D7 48 6D 6D 6D 21	D7:1	5	0	0	False	confirmed-record	[TOP]Hmmm!		pending			
EN-0AB23A	main-dialogue-6	0x0AB23A	0x0AB288	78	D7 E3 09 73 70 65 61 6B 20 43 61 74 3F 20 4D 65 6F 77 21 3F CD E3 03 73 75 72 70 72 69 73 65 64 2E 20 49 66 20 6D 79 CD E3 97 73 70 6F 6B 65 20 63 61 74 2C 20 49 20 63 6F 75 6C 64 CD 61 73 6B 20 E3 0C 66 6F 6F 64 2E 20 4D 65 6F 77 21	03:1 09:1 0C:1 97:1 CD:3 D7:1 E3:4	66	3	0	False	confirmed-record	[TOP][E3][09]speak Cat? Meow!?\n[E3][03]surprised. If my\n[E3][97]spoke cat, I could\nask [E3][0C]food. Meow!		pending			
EN-0AB289	main-dialogue-6	0x0AB289	0x0AB316	141	D7 E3 03 73 6F 72 72 79 20 E3 0C 6D 79 20 6D 61 73 74 65 72 2E CD 49 74 20 E3 D9 E3 00 C3 02 4D 6F 75 73 65 C3 00 CD E3 BC 69 74 2E 20 4D 65 6F 77 21 CD E3 06 E3 26 68 69 6D 21 20 4D 65 6F 77 21 DE D7 E3 45 61 20 C3 02 E3 90 68 6F 6C 65 CD 62 65 74 77 65 65 6E 20 64 72 61 77 65 72 73 20 C3 00 4D 65 6F 77 2E CD E3 04 6D 69 63 65 20 E3 20 E3 4A 77 68 65 6E CD 6E 6F 20 6F 6E 65 60 73 20 74 68 65 72 65 2E 20 4D 65 6F 77 21	00:3 02:2 03:1 04:1 06:1 0C:1 90:1 BC:1 C3:4 CD:6 D7:2 D9:1 DE:1 E3:12	104	6	0	True	confirmed-record	[TOP][E3][03]sorry [E3][0C]my master.\nIt [E3][TOP2][E3][00][YELLOW]Mouse[/HIGHLIGHT]\n[E3][BC]it. Meow!\n[E3][06][E3]&him! Meow![DE][TOP][E3]Ea [YELLOW][E3][90]hole\nbetween drawers [/HIGHLIGHT]Meow.\n[E3][04]mice [E3] [E3]Jwhen\nno one`s there. Meow!		pending			
EN-0AB317	main-dialogue-6	0x0AB317	0x0AB33F	40	D7 49 20 67 6C 61 64 20 6D 79 20 E3 97 69 73 20 77 65 6C 6C 2E CD 49 20 E3 16 77 6F 72 72 69 65 64 2E 20 4D 65 6F 77 2E	16:1 97:1 CD:1 D7:1 E3:2	34	1	0	False	confirmed-record	[TOP]I glad my [E3][97]is well.\nI [E3][16]worried. Meow.		pending			
EN-0AB396	main-dialogue-6	0x0AB396	0x0AB3E0	74	D7 48 65 6C 6C 6F 21 CD C9 1E 41 66 74 65 72 20 49 20 E3 C0 69 6E 2C 20 49 20 CD 66 69 6E 61 6C 6C 79 20 E3 6C 6D 79 20 6F 77 6E 20 72 6F 6F 6D 2E CD C9 1E E3 03 68 61 70 70 79 2E 20 43 61 6E 60 74 20 E3 01 74 65 6C 6C 3F	01:1 03:1 1E:2 C0:1 C9:2 CD:3 D7:1 E3:4	59	3	0	False	confirmed-record	[TOP]Hello!\n[C9][1E]After I [E3][C0]in, I \nfinally [E3]lmy own room.\n[C9][1E][E3][03]happy. Can`t [E3][01]tell?		pending			
EN-0AB3E1	main-dialogue-6	0x0AB3E1	0x0AB419	56	D7 4D 79 20 E3 61 69 73 20 6F 75 74 2E 20 53 68 65 20 CD E3 A8 6F 75 72 20 6E 65 69 67 68 62 6F 72 20 77 6F 75 6C 64 CD E3 85 E3 F6 61 20 62 69 67 20 6A 65 77 65 6C 2E	85:1 A8:1 CD:2 D7:1 E3:4 F6:1	46	2	0	False	confirmed-record	[TOP]My [E3]ais out. She \n[E3][A8]our neighbor would\n[E3][85][E3][F6]a big jewel.		pending			
EN-0AB41A	main-dialogue-6	0x0AB41A	0x0AB45A	64	D7 4D 79 20 E3 61 69 73 CD E3 1E 61 20 74 68 69 65 66 21 CD C9 1E 53 68 65 20 61 6C 77 61 79 73 20 73 61 79 73 20 73 68 65 20 68 61 74 65 73 CD 6C 69 61 72 73 20 E3 08 74 68 69 65 76 65 73 21	08:1 1E:2 C9:1 CD:3 D7:1 E3:3	53	3	0	False	confirmed-record	[TOP]My [E3]ais\n[E3][1E]a thief!\n[C9][1E]She always says she hates\nliars [E3][08]thieves!		pending			
EN-0AB45B	main-dialogue-6	0x0AB45B	0x0AB48D	50	D7 52 69 67 68 74 3F 20 4D 79 20 E3 61 69 73 20 6E 6F 74 CD 61 20 74 68 69 65 66 21 3F CD 49 20 62 65 6C 69 65 76 65 20 6D 79 20 6D 6F 74 68 65 72 21	CD:2 D7:1 E3:1	46	2	0	False	confirmed-record	[TOP]Right? My [E3]ais not\na thief!?\nI believe my mother!		pending			
EN-0AB48E	main-dialogue-6	0x0AB48E	0x0AB4CA	60	D7 E3 2E E3 04 67 69 72 6C 20 6E 65 78 74 20 64 6F 6F 72 CD 77 61 6E 74 73 20 74 6F 20 62 65 20 6D 79 20 66 72 69 65 6E 64 3F CD C9 14 2E 2E 2E C9 14 E3 03 62 61 73 68 66 75 6C 2E	03:1 04:1 14:2 C9:2 CD:2 D7:1 E3:3	48	2	0	False	confirmed-record	[TOP][E3].[E3][04]girl next door\nwants to be my friend?\n[C9][14]...[C9][14][E3][03]bashful.		pending			
EN-0AB559	main-dialogue-6	0x0AB559	0x0AB656	253	D7 57 68 61 74 3F D1 C9 1E E3 53 73 70 65 6E 74 20 E3 71 6D 79 20 6D 6F 6E 65 79 2C CD E3 A7 49 20 E3 0F 6F 70 65 6E 20 6D 79 20 73 68 6F 70 2E CD C9 1E 49 20 E3 29 74 6F 20 62 65 20 72 65 61 64 79 20 77 68 65 6E CD E3 00 E3 27 E3 79 69 73 20 64 6F 6E 65 2C D1 E3 73 49 20 E3 14 E3 26 CD C3 02 35 30 30 30 20 47 50 C3 00 20 66 72 6F 6D CD E3 3A E3 82 70 65 72 73 6F 6E 2E CD C9 1E 57 6F 75 6C 64 20 61 6E 79 E3 78 64 6F 20 74 68 61 74 3F D1 57 6F 75 6C 64 20 E3 01 6C 6F 61 6E CD 6D 65 20 73 6F 6D 65 3F CD 20 53 75 72 65 20 49 20 77 69 6C 6C 2E CD 20 4E 6F 20 77 61 79 2E CC D7 E3 09 E3 5F E3 42 73 75 63 68 CD 61 20 63 75 74 65 20 77 6F 6D 61 6E 20 77 6F 72 72 79 2E CD C9 1E E3 36 E3 65 61 74 20 68 69 6D 2C CD 68 65 20 E3 D9 68 65 6E 70 65 63 6B 65 64 2E	00:2 01:1 02:1 09:1 0F:1 14:1 1E:4 82:1 A7:1 C3:2 C9:4 CC:1 CD:12 D1:3 D7:2 D9:1 E3:21	194	12	3	True	confirmed-record	[TOP]What?\f[C9][1E][E3]Sspent [E3]qmy money,\n[E3][A7]I [E3][0F]open my shop.\n[C9][1E]I [E3])to be ready when\n[E3][00][E3]'[E3]yis done,\f[E3]sI [E3][14][E3]&\n[YELLOW]5000 GP[/HIGHLIGHT] from\n[E3]:[E3][82]person.\n[C9][1E]Would any[E3]xdo that?\fWould [E3][01]loan\nme some?\n Sure I will.\n No way.[CC][TOP][E3][09][E3]_[E3]Bsuch\na cute woman worry.\n[C9][1E][E3]6[E3]eat him,\nhe [E3][TOP2]henpecked.		pending			
EN-0AB6E8	main-dialogue-6	0x0AB6E8	0x0AB70F	39	D7 CF F1 F5 85 CC D7 E3 52 74 6F 20 E3 00 73 68 6F 70 21 20 49 60 6C 6C CD 74 72 65 61 74 20 E3 01 72 69 67 68 74 21	00:1 01:1 85:1 CC:1 CD:1 CF:1 D7:2 E3:3 F1:1 F5:1	26	1	0	False	confirmed-record	[TOP][CF][F1][F5][85][CC][TOP][E3]Rto [E3][00]shop! I`ll\ntreat [E3][01]right!		pending			
EN-0AB716	main-dialogue-6	0x0AB716	0x0AB71B	5	D7 CF C5 F5 85	85:1 C5:1 CF:1 D7:1 F5:1	0	0	0	False	confirmed-record	[TOP][CF][C5][F5][85]		pending			
EN-0AB7CA	main-dialogue-6	0x0AB7CA	0x0AB8FD	307	D7 2E 2E 2E C9 3C DC 01 C3 02 52 61 73 6B C3 00 21 21 CD 49 20 E3 16 E3 65 E3 0C 79 6F 75 21 CD DC 00 C9 1E 48 65 79 21 20 41 6E 79 62 6F 64 79 20 68 6F 6D 65 3F CD E3 0D C9 1E C3 03 43 6F 6F 6B 69 65 C3 00 21 D1 2E 2E 2E C9 1E 49 20 E3 0F E3 3D 68 65 72 65 2E CD 4F 4B 3F C9 1E 20 4F 75 74 20 69 6E 20 74 68 65 CD C3 02 46 6F 72 65 73 74 20 6F 66 20 49 6C 6C 75 73 69 6F 6E C3 00 20 49 20 68 69 64 CD 6F 75 72 20 C3 02 73 70 61 63 65 73 68 69 70 C3 00 2E DE D7 E3 ED E3 01 6C 6F 73 65 20 E3 05 67 6C 61 73 73 65 73 3F CD 57 65 20 E3 0F E3 4D E3 00 73 68 69 70 CD E3 69 74 68 65 6D 2E CD E3 06 E3 37 E3 01 74 68 65 73 65 2E D1 20 C2 00 20 72 65 63 65 69 76 65 64 20 E3 00 CD C3 02 20 43 68 61 6D 65 6C 65 6F 6E 20 47 6C 61 73 73 65 73 C3 00 21 CC D7 E3 19 E3 9F 74 6F CD E3 00 47 6C 61 73 73 65 73 3F CD E3 40 49 6E 76 65 6E 74 6F 72 79 60 73 20 66 75 6C 6C 2E CD E3 33 73 74 72 61 69 67 68 74 65 6E 20 69 74 20 75 70 21	00:10 01:3 02:4 03:1 05:1 06:1 0C:1 0D:1 0F:2 16:1 19:1 1E:4 9F:1 C2:1 C3:10 C9:5 CC:1 CD:13 D1:2 D7:3 DC:2 DE:1 E3:22 ED:1	215	13	2	True	confirmed-record	[TOP]...[C9]<[DC][01][YELLOW]Rask[/HIGHLIGHT]!!\nI [E3][16][E3]e[E3][0C]you!\n[DC][00][C9][1E]Hey! Anybody home?\n[E3][0D][C9][1E][PINK]Cookie[/HIGHLIGHT]!\f...[C9][1E]I [E3][0F][E3]=here.\nOK?[C9][1E] Out in the\n[YELLOW]Forest of Illusion[/HIGHLIGHT] I hid\nour [YELLOW]spaceship[/HIGHLIGHT].[DE][TOP][E3][ED][E3][01]lose [E3][05]glasses?\nWe [E3][0F][E3]M[E3][00]ship\n[E3]ithem.\n[E3][06][E3]7[E3][01]these.\f [NAME] received [E3][00]\n[YELLOW] Chameleon Glasses[/HIGHLIGHT]![CC][TOP][E3][19][E3][9F]to\n[E3][00]Glasses?\n[E3]@Inventory`s full.\n[E3]3straighten it up!		pending			
EN-0AB8FE	main-dialogue-6	0x0AB8FE	0x0AB954	86	D7 E3 03 E3 25 74 6F 20 E3 00 73 68 69 70 2E D1 E3 06 E3 4F C3 02 47 61 74 65 61 75 C3 00 2E CD E3 8C E3 3D E3 0A 69 74 2E CD C9 1E 4F 4B 3F C3 02 20 E3 04 46 6F 72 65 73 74 20 6F 66 20 49 6C 6C 75 73 69 6F 6E C3 00 C9 1E CD 69 73 20 77 61 69 74 69 6E 67 2E	00:3 02:2 03:1 04:1 06:1 0A:1 1E:2 8C:1 C3:4 C9:2 CD:3 D1:1 D7:1 E3:9	54	3	1	True	confirmed-record	[TOP][E3][03][E3]%to [E3][00]ship.\f[E3][06][E3]O[YELLOW]Gateau[/HIGHLIGHT].\n[E3][8C][E3]=[E3][0A]it.\n[C9][1E]OK?[YELLOW] [E3][04]Forest of Illusion[/HIGHLIGHT][C9][1E]\nis waiting.		pending			
EN-0AB955	main-dialogue-6	0x0AB955	0x0AB966	17	D7 E3 2A 61 20 71 75 69 65 74 20 6D 6F 75 73 65 2E	D7:1 E3:1	15	0	0	False	confirmed-record	[TOP][E3]*a quiet mouse.		pending			
EN-0AB98C	main-dialogue-6	0x0AB98C	0x0AB9C6	58	D7 E0 0C 48 65 79 C9 1E 2C 20 E3 D2 E3 1C E3 01 67 6F 69 6E 67 3F CD C9 14 52 61 73 6B 20 E3 2B 62 65 20 69 6E 20 61 20 68 6F 75 73 65 21 CD E3 D0 6D 65 20 74 68 65 72 65 21	01:1 0C:1 14:1 1C:1 1E:1 C9:2 CD:2 D0:1 D2:1 D7:1 E0:1 E3:5	40	2	0	False	confirmed-record	[TOP][SPEAKER:0C]Hey[C9][1E], [E3][WAIT][E3][1C][E3][01]going?\n[C9][14]Rask [E3]+be in a house!\n[E3][WIPE]me there!		pending			
EN-0ABA64	main-dialogue-6	0x0ABA64	0x0ABADA	118	D7 E0 13 E3 24 69 73 CD 4A 6F 68 6E 20 50 61 75 6C 20 42 65 6C 6D 6F 6E 74 2E CD E3 09 63 E3 71 E3 5A 43 6F 75 6E 74 20 50 72 69 6E 6B 79 2E D1 43 6F 75 6E 74 2C 20 49 20 E3 16 74 68 69 6E 6B 69 6E 67 20 6F 66 CD 62 75 69 6C 64 69 6E 67 20 61 20 6D 61 6E 73 69 6F 6E CD E3 70 68 65 72 65 2E 2E 2E CD C9 1E E3 36 E3 4B E3 16 61 20 70 72 6F 62 6C 65 6D 2E	09:1 13:1 16:2 1E:1 C9:1 CD:5 D1:1 D7:1 E0:1 E3:9	95	5	1	False	confirmed-record	[TOP][SPEAKER:13][E3]$is\nJohn Paul Belmont.\n[E3][09]c[E3]q[E3]ZCount Prinky.\fCount, I [E3][16]thinking of\nbuilding a mansion\n[E3]phere...\n[C9][1E][E3]6[E3]K[E3][16]a problem.		pending			
EN-0ABADB	main-dialogue-6	0x0ABADB	0x0ABB42	103	D7 E0 13 53 69 72 2C 20 E3 0E 69 73 20 61 6E CD 75 6E 6C 75 63 6B 79 20 70 6C 61 63 65 2E CD C9 1E 50 69 63 6B 20 61 6E 6F 74 E3 F6 70 6C 61 63 65 2E D1 E0 14 2E 2E 2E 48 6D 6D 6D 2E D1 C9 1E 49 20 E3 6A 69 74 20 E3 2B 62 65 CD 61 20 E3 5D 73 70 6F 74 2C 20 62 75 74 2E 2E 2E CD C9 1E E3 03 73 6F 72 72 79 2E	03:1 0E:1 13:1 14:1 1E:3 C9:3 CD:4 D1:2 D7:1 E0:2 E3:6 F6:1	77	4	2	False	confirmed-record	[TOP][SPEAKER:13]Sir, [E3][0E]is an\nunlucky place.\n[C9][1E]Pick anot[E3][F6]place.\f[SPEAKER:14]...Hmmm.\f[C9][1E]I [E3]jit [E3]+be\na [E3]]spot, but...\n[C9][1E][E3][03]sorry.		pending			
EN-0ABB43	main-dialogue-6	0x0ABB43	0x0ABB54	17	D7 57 65 6C 6C 2E 2E 2E 20 41 20 6D 6F 75 73 65 3F	D7:1	16	0	0	False	confirmed-record	[TOP]Well... A mouse?		pending			
EN-0ABBCB	main-dialogue-6	0x0ABBCB	0x0ABC73	168	D7 E0 14 E3 0D 61 20 E3 5D E3 54 74 6F 20 63 6F 6D 65 CD 68 65 72 65 2E 20 4C 6F 6F 6B 20 61 74 20 74 68 69 73 21 D1 E3 45 E3 66 68 65 72 65 2C CD E3 22 E3 1B E3 8D 73 74 72 61 6E 67 65 2E 2E 2E CD C9 1E 49 66 20 E3 01 77 61 6C 6B 20 E3 2D 74 68 69 73 2C 20 CD C3 02 73 6F 6D 65 74 68 69 6E 67 C3 00 20 69 73 20 68 65 72 65 21 D1 41 20 62 69 67 20 E3 93 E3 2D 74 68 69 73 CD E3 2B 62 65 20 61 20 E3 5D E3 93 74 6F CD 62 75 69 6C 64 2C 20 62 75 74 2E 2E 2E 2E CD C9 1E 49 20 E3 02 74 6F 20 E3 37 75 70 2E	00:1 01:1 02:2 0D:1 14:1 1B:1 1E:2 8D:1 93:2 C3:2 C9:2 CD:7 D1:2 D7:1 E0:1 E3:17	124	7	2	True	confirmed-record	[TOP][SPEAKER:14][E3][0D]a [E3]][E3]Tto come\nhere. Look at this!\f[E3]E[E3]fhere,\n[E3]"[E3][1B][E3][8D]strange...\n[C9][1E]If [E3][01]walk [E3]-this, \n[YELLOW]something[/HIGHLIGHT] is here!\fA big [E3][93][E3]-this\n[E3]+be a [E3]][E3][93]to\nbuild, but....\n[C9][1E]I [E3][02]to [E3]7up.		pending			
EN-0ABC74	main-dialogue-6	0x0ABC74	0x0ABD72	254	D7 E0 14 2E 2E 2E 49 67 6F 72 2C 20 E3 BC E3 01 E3 5E 74 68 61 74 21 CD E3 62 62 6F 79 21 D1 E0 13 59 65 73 2C 20 49 20 73 61 77 20 68 69 6D 21 20 48 65 20 77 65 6E 74 CD 69 6E 20 E3 D2 E3 4B 77 61 73 CD 6E 6F 74 68 69 6E 67 2C 20 74 68 65 6E 20 61 70 70 65 61 72 65 64 21 D1 E0 14 41 20 6D 79 73 74 65 72 69 6F 75 73 20 62 6F 79 2E 20 49 20 77 61 6E 74 CD E3 5A 74 6F 20 E3 20 E3 08 70 6C 61 79 20 77 68 65 6E CD E3 00 E3 79 69 73 20 64 6F 6E 65 2E D1 57 65 6C 6C 2C C9 1E 20 77 65 20 E3 02 74 6F 20 6C 6F 6F 6B CD E3 0C 61 6E 6F 74 E3 F6 70 6C 61 63 65 2E D1 E3 06 62 75 69 6C 64 20 E3 EF 69 6E CD E3 0E 66 6F 72 65 73 74 2E 20 49 20 68 6F 70 65 20 74 68 61 74 CD 68 65 20 E3 12 E3 20 74 6F 20 76 69 73 69 74 2E CD C9 1E E3 34 49 67 6F 72 2E 20 E3 8C 67 6F 2E	00:1 01:1 02:1 06:1 08:1 0C:1 0E:1 12:1 13:1 14:2 1E:2 8C:1 BC:1 C9:2 CD:9 D1:4 D2:1 D7:1 E0:3 E3:21 EF:1 F6:1	196	9	4	False	confirmed-record	[TOP][SPEAKER:14]...Igor, [E3][BC][E3][01][E3]^that!\n[E3]bboy!\f[SPEAKER:13]Yes, I saw him! He went\nin [E3][WAIT][E3]Kwas\nnothing, then appeared!\f[SPEAKER:14]A mysterious boy. I want\n[E3]Zto [E3] [E3][08]play when\n[E3][00][E3]yis done.\fWell,[C9][1E] we [E3][02]to look\n[E3][0C]anot[E3][F6]place.\f[E3][06]build [E3][EF]in\n[E3][0E]forest. I hope that\nhe [E3][12][E3] to visit.\n[C9][1E][E3]4Igor. [E3][8C]go.		pending			
EN-0ABD73	main-dialogue-6	0x0ABD73	0x0ABD92	31	D7 48 6D 6D 6D 2E 2E 2E 20 53 75 63 68 20 61 CD 66 72 69 65 6E 64 6C 79 20 6D 6F 75 73 65 2E	CD:1 D7:1	29	1	0	False	confirmed-record	[TOP]Hmmm... Such a\nfriendly mouse.		pending			
EN-0AC086	main-dialogue-6	0x0AC086	0x0AC089	3	D7 CF FC	CF:1 D7:1 FC:1	0	0	0	False	confirmed-record	[TOP][CF][FC]		pending			
EN-0AC0F6	main-dialogue-6	0x0AC0F6	0x0AC0F9	3	D7 CF FC	CF:1 D7:1 FC:1	0	0	0	False	confirmed-record	[TOP][CF][FC]		pending			
EN-0AC1C6	main-dialogue-6	0x0AC1C6	0x0AC204	62	D7 E3 31 E3 DD 54 68 65 72 65 60 73 CD 61 20 C3 02 4D 65 65 74 69 6E 67 C3 00 20 E3 25 6F 6E 2E CD 53 75 73 70 69 63 69 6F 75 73 20 6C 61 64 73 20 E3 2D 79 6F 75 CD E3 0F 70 61 73 73 2E	00:1 02:1 0F:1 C3:2 CD:3 D7:1 DD:1 E3:5	47	3	0	True	confirmed-record	[TOP][E3]1[E3][DD]There`s\na [YELLOW]Meeting[/HIGHLIGHT] [E3]%on.\nSuspicious lads [E3]-you\n[E3][0F]pass.		pending			
EN-0AC205	main-dialogue-6	0x0AC205	0x0AC23B	54	D7 E3 04 6D 6F 72 6E 69 6E 67 20 6D 65 65 74 69 6E 67 CD E3 12 73 74 61 72 74 20 73 6F 6F 6E 2E CD 42 6C 61 63 6B E3 C1 E3 18 73 6F 6D 65 CD E3 FC 6E 65 77 73 2E	04:1 12:1 18:1 C1:1 CD:3 D7:1 E3:5 FC:1	40	3	0	False	confirmed-record	[TOP][E3][04]morning meeting\n[E3][12]start soon.\nBlack[E3][C1][E3][18]some\n[E3][FC]news.		pending			
EN-0AC23C	main-dialogue-6	0x0AC23C	0x0AC274	56	D7 59 6F 75 2E 2E 2E 20 C9 1E E3 09 E3 63 69 6E 20 E3 00 CD 4C 65 61 64 65 72 73 20 63 6C 61 73 73 2E CD E3 03 73 6F 20 73 6F 72 72 79 21 CD 47 6F 20 6F 6E 20 69 6E 21	00:1 03:1 09:1 1E:1 C9:1 CD:3 D7:1 E3:4	43	3	0	False	confirmed-record	[TOP]You... [C9][1E][E3][09][E3]cin [E3][00]\nLeaders class.\n[E3][03]so sorry!\nGo on in!		pending			
EN-0AC2D6	main-dialogue-6	0x0AC2D6	0x0AC32E	88	D7 4E 6F 77 2C D1 C3 02 51 75 69 6E 74 65 6E 69 78 20 42 72 61 6E 63 68 20 43 6F 6D 6D 61 6E 64 65 72 CD 42 6C 61 63 6B 6D 6F 72 65 C3 00 20 77 69 6C 6C CD 65 78 70 6C 61 69 6E 20 E3 00 73 74 72 61 74 65 67 79 2E CD 49 20 E3 14 68 61 72 64 6C 79 20 77 61 69 74 21	00:2 02:1 14:1 C3:2 CD:3 D1:1 D7:1 E3:2	75	3	1	True	confirmed-record	[TOP]Now,\f[YELLOW]Quintenix Branch Commander\nBlackmore[/HIGHLIGHT] will\nexplain [E3][00]strategy.\nI [E3][14]hardly wait!		pending			
EN-0AC373	main-dialogue-6	0x0AC373	0x0AC39F	44	D7 42 6C 61 63 6B E3 C1 E3 12 62 65 CD 73 70 65 61 6B 69 6E 67 20 73 6F 6F 6E 2E CD 4C 69 6E 65 20 75 70 20 71 75 69 65 74 6C 79 21	12:1 C1:1 CD:2 D7:1 E3:2	37	2	0	False	confirmed-record	[TOP]Black[E3][C1][E3][12]be\nspeaking soon.\nLine up quietly!		pending			
EN-0AC430	main-dialogue-6	0x0AC430	0x0AC47D	77	D7 DC 09 2E 2E 2E DC 01 57 68 61 74 3F C9 1E 20 5B 46 61 74 68 65 72 5D 21 3F CD DC 00 E3 03 66 6F 6F 74 6C 6F 6F 73 65 20 61 6E 64 CD 66 61 6E 63 79 2D 66 72 65 65 21 20 49 20 E3 07 6B 6E 6F 77 CD 67 75 79 73 20 E3 2D 79 6F 75 21	00:1 01:1 03:1 07:1 09:1 1E:1 C9:1 CD:3 D7:1 DC:3 E3:3	60	3	0	False	confirmed-record	[TOP][DC][09]...[DC][01]What?[C9][1E] [Father]!?\n[DC][00][E3][03]footloose and\nfancy-free! I [E3][07]know\nguys [E3]-you!		pending			
EN-0AC47E	main-dialogue-6	0x0AC47E	0x0AC4E8	106	D7 47 6F 20 61 77 61 79 2C 20 6B 69 64 2C 20 79 61 20 62 6F 74 68 65 72 CD 6D 65 2E 20 E3 03 E3 78 6F 66 20 74 68 65 CD E3 38 73 63 69 65 6E 74 69 73 74 73 2C 20 CD C3 02 44 72 2E 41 6B 69 68 61 62 61 72 61 C3 00 21 D1 49 66 20 49 20 73 61 79 20 49 20 E3 07 6B 6E 6F 77 CD 79 6F 75 2C 20 49 20 E3 07 E3 3B 79 6F 75 21	00:1 02:1 03:1 07:2 C3:2 CD:4 D1:1 D7:1 E3:6	87	4	1	True	confirmed-record	[TOP]Go away, kid, ya bother\nme. [E3][03][E3]xof the\n[E3]8scientists, \n[YELLOW]Dr.Akihabara[/HIGHLIGHT]!\fIf I say I [E3][07]know\nyou, I [E3][07][E3];you!		pending			
EN-0AC4E9	main-dialogue-6	0x0AC4E9	0x0AC4F6	13	D7 2E 2E 2E 20 41 20 6D 6F 75 73 65 3F	D7:1	12	0	0	False	confirmed-record	[TOP]... A mouse?		pending			
EN-0AC644	main-dialogue-6	0x0AC644	0x0AC659	21	D7 CD 20 4C 6F 63 6B 65 64 20 E3 1F E3 00 69 6E 73 69 64 65 2E	00:1 1F:1 CD:1 D7:1 E3:2	15	1	0	False	confirmed-record	[TOP]\n Locked [E3][1F][E3][00]inside.		pending			
EN-0AC6B5	main-dialogue-6	0x0AC6B5	0x0AC827	370	D7 E0 0A 48 65 79 2C C9 1E 20 44 72 2E 41 6B 69 68 61 62 61 72 61 21 20 54 68 65 CD C9 1E E0 00 20 64 6F 65 73 6E 60 74 20 77 6F 72 6B 2E 20 57 68 61 74 60 73 CD 77 72 6F 6E 67 20 E3 10 69 74 21 3F D1 E0 02 E3 0D 6F 62 76 69 6F 75 73 20 E3 0E 69 73 6E 60 74 CD E3 35 61 20 6E 6F 72 6D 61 6C 20 73 74 6F 6E 65 2E D1 E3 0D E3 1E 70 65 72 66 65 63 74 65 64 20 79 65 74 2E CD E3 0D E3 8D 6D 69 73 73 69 6E 67 20 61 20 70 61 72 74 2E CD C9 1E E3 0D 6D 69 73 73 69 6E 67 20 61 20 70 61 72 74 3F CD 49 73 20 E3 4B E3 3A 74 65 63 68 6E 69 71 75 65 2E 2E 2E D1 E0 0A DC 09 48 65 2E 2E 2E 20 C9 1E DC 00 E3 1A 75 73 65 6C 65 73 73 21 CD 48 65 20 64 6F 65 73 6E 60 74 20 75 6E 64 65 72 73 74 61 6E 64 2E CD 49 20 E3 12 6C 65 74 20 E3 01 E3 5E 69 74 2E D1 4D 79 20 70 6C 61 6E 20 E3 16 74 6F 20 E3 26 74 68 65 CD 6A 75 6D 70 20 6F 6E 20 E3 00 68 6F 6D 65 20 70 6C 61 6E 65 74 2E CD 49 66 20 49 20 E3 07 E3 72 74 68 69 73 CD 70 6F 77 65 72 20 E3 1B E3 71 69 6E 20 76 61 69 6E 2E D1 53 74 6F 70 20 69 74 2E CD 49 20 E3 67 61 73 6B 20 E3 01 61 67 61 69 6E 21 CD 48 65 79 21 21 20 49 73 20 73 6F 6D 65 E3 78 74 68 65 72 65 3F	00:3 01:2 02:1 07:1 09:1 0A:2 0D:4 0E:1 10:1 12:1 16:1 1A:1 1B:1 1E:5 8D:1 C9:4 CD:13 D1:5 D7:1 DC:2 E0:4 E3:25	290	13	5	False	confirmed-record	[TOP][SPEAKER:0A]Hey,[C9][1E] Dr.Akihabara! The\n[C9][1E][SPEAKER:00] doesn`t work. What`s\nwrong [E3][10]it!?\f[SPEAKER:02][E3][0D]obvious [E3][0E]isn`t\n[E3]5a normal stone.\f[E3][0D][E3][1E]perfected yet.\n[E3][0D][E3][8D]missing a part.\n[C9][1E][E3][0D]missing a part?\nIs [E3]K[E3]:technique...\f[SPEAKER:0A][DC][09]He... [C9][1E][DC][00][E3][1A]useless!\nHe doesn`t understand.\nI [E3][12]let [E3][01][E3]^it.\fMy plan [E3][16]to [E3]&the\njump on [E3][00]home planet.\nIf I [E3][07][E3]rthis\npower [E3][1B][E3]qin vain.\fStop it.\nI [E3]gask [E3][01]again!\nHey!! Is some[E3]xthere?		pending			
EN-0AC87F	main-dialogue-6	0x0AC87F	0x0AC900	129	D7 E0 0B 2E 2E 2E 4F 4B 3F CD C9 1E 49 73 20 E3 00 E0 00 20 73 74 69 6C 6C CD E3 1E 63 6C 65 61 72 3F D1 E0 0A 49 20 E3 0F 72 65 6C 79 20 6F 6E 20 E3 5A 66 6F 72 CD E3 00 E0 00 2E CD E3 0D E3 E6 69 6D 70 6F 72 74 61 6E 74 21 D1 E0 0B 41 6E 20 69 6D 70 61 74 69 65 6E 74 20 6D 61 6E 2E CD C9 1E E3 04 E0 00 20 E3 12 62 65 CD 69 6E 76 65 73 74 69 67 61 74 65 64 20 66 75 72 74 68 65 72 2E	00:5 04:1 0A:1 0B:2 0D:1 0F:1 12:1 1E:3 C9:2 CD:6 D1:2 D7:1 E0:6 E3:9 E6:1	87	6	2	False	confirmed-record	[TOP][SPEAKER:0B]...OK?\n[C9][1E]Is [E3][00][SPEAKER:00] still\n[E3][1E]clear?\f[SPEAKER:0A]I [E3][0F]rely on [E3]Zfor\n[E3][00][SPEAKER:00].\n[E3][0D][E3][E6]important!\f[SPEAKER:0B]An impatient man.\n[C9][1E][E3][04][SPEAKER:00] [E3][12]be\ninvestigated further.		pending			
EN-0AC901	main-dialogue-6	0x0AC901	0x0AC9AD	172	D7 E0 0B 41 6E 20 75 6E 75 73 75 61 6C 20 C9 1E 6D 6F 75 73 65 2E CD C9 1E 48 69 73 20 67 6F 6F 66 79 20 66 61 63 65 20 72 65 6D 69 6E 64 73 CD 6D 65 20 6F 66 20 E3 15 62 6F 79 2E D1 E0 0A E3 19 62 6F 79 3F 20 54 68 61 74 60 73 CD 61 6E 20 75 6E 66 6F 72 67 69 76 61 62 6C 65 20 6C 69 6E 65 2E D1 E0 0B 2E 2E 2E E3 2C 61 20 73 65 63 72 65 74 2E D1 C9 3C E3 8C 67 6F 2E 20 49 20 E3 29 74 6F 20 66 69 6E 69 73 68 CD E3 0E E3 F2 E3 00 68 6F 6D 65 CD 70 6C 61 6E 65 74 20 67 65 74 73 20 77 69 6E 64 20 6F 66 20 69 74 2E	00:1 0A:1 0B:2 0E:1 15:1 19:1 1E:2 8C:1 C9:3 CD:5 D1:3 D7:1 E0:3 E3:8 F2:1	138	5	3	False	confirmed-record	[TOP][SPEAKER:0B]An unusual [C9][1E]mouse.\n[C9][1E]His goofy face reminds\nme of [E3][15]boy.\f[SPEAKER:0A][E3][19]boy? That`s\nan unforgivable line.\f[SPEAKER:0B]...[E3],a secret.\f[C9]<[E3][8C]go. I [E3])to finish\n[E3][0E][E3][F2][E3][00]home\nplanet gets wind of it.		pending			
EN-0ACA36	main-dialogue-6	0x0ACA36	0x0ACA82	76	D7 E3 D0 E3 5A 61 77 61 79 21 20 E3 04 4C 61 73 65 72 CD 69 73 20 66 69 6E 69 73 68 65 64 2C 20 49 20 E3 07 6E 65 65 64 CD E3 5A 61 6E 79 6D 6F 72 65 2E 20 49 20 E3 12 74 68 72 6F 77 CD E3 5A E3 4A E3 10 E3 00 74 72 61 73 68 21	00:1 04:1 07:1 10:1 12:1 CD:3 D0:1 D7:1 E3:10	56	3	0	False	confirmed-record	[TOP][E3][WIPE][E3]Zaway! [E3][04]Laser\nis finished, I [E3][07]need\n[E3]Zanymore. I [E3][12]throw\n[E3]Z[E3]J[E3][10][E3][00]trash!		pending			
EN-0ACD04	main-dialogue-6	0x0ACD04	0x0ACE3A	310	D7 4D 79 20 6E 61 6D 65 20 69 73 20 C3 02 44 72 2E 47 C3 00 2E CD E3 03 61 20 63 6F 6D 70 75 74 65 72 20 65 6E 67 69 6E 65 65 72 2E CD 49 20 70 72 6F 67 72 61 6D 6D 65 64 20 E3 0E 77 68 6F 6C 65 CD E3 38 63 6F 6D 70 75 74 65 72 2E D1 57 61 6E 74 20 74 6F 20 68 65 61 72 20 61 62 6F 75 74 CD 6D 79 20 6C 61 74 65 73 74 20 69 6E 76 65 6E 74 69 6F 6E 3F CD 20 54 65 6C 6C 20 6D 65 2E CD 20 4E 6F 74 20 72 65 61 6C 6C 79 2E CC D0 4F 4B 2C 20 49 20 E3 12 E3 4F 79 6F 75 2E CD D3 B5 CD D0 E3 5B 6C 69 73 74 65 6E 20 74 6F 20 6D 65 2E CD 41 20 C3 02 48 75 6D 61 6E 73 20 65 6E 74 65 72 69 6E 67 CD 63 6F 6D 70 75 74 65 72 73 20 70 72 6F 6A 65 63 74 C3 00 CD 69 73 20 75 6E 64 65 72 20 77 61 79 2E D1 E3 BF 61 20 C3 02 4D 6F 75 73 65 C3 00 CD 65 78 70 65 72 69 6D 65 6E 74 20 69 73 20 6E 65 63 65 73 73 61 72 79 2E CD E3 36 E3 B7 6E 6F 20 6D 69 63 65 20 68 65 72 65 2E CD 57 61 6E 74 20 74 6F 20 62 65 20 6D 79 20 73 75 62 6A 65 63 74 3F	00:3 02:3 03:1 0E:1 12:1 B5:1 B7:1 BF:1 C3:6 CC:1 CD:14 D0:2 D1:2 D3:1 D7:1 E3:9	262	14	2	True	confirmed-record	[TOP]My name is [YELLOW]Dr.G[/HIGHLIGHT].\n[E3][03]a computer engineer.\nI programmed [E3][0E]whole\n[E3]8computer.\fWant to hear about\nmy latest invention?\n Tell me.\n Not really.[CC][WIPE]OK, I [E3][12][E3]Oyou.\n[D3][B5]\n[WIPE][E3][listen to me.\nA [YELLOW]Humans entering\ncomputers project[/HIGHLIGHT]\nis under way.\f[E3][BF]a [YELLOW]Mouse[/HIGHLIGHT]\nexperiment is necessary.\n[E3]6[E3][B7]no mice here.\nWant to be my subject?		pending			
EN-0ACE3B	main-dialogue-6	0x0ACE3B	0x0ACE80	69	D7 53 6F 6D 65 74 68 69 6E 67 20 C3 03 73 71 75 65 61 6B 65 64 C3 00 21 CD 41 73 73 69 73 74 61 6E 74 20 41 21 20 4E 6F 20 66 75 6E 6E 79 CD 6E 6F 69 73 65 73 21 20 49 74 20 62 6F 74 68 65 72 73 20 6D 65 2E	00:1 03:1 C3:2 CD:2 D7:1	62	2	0	True	confirmed-record	[TOP]Something [PINK]squeaked[/HIGHLIGHT]!\nAssistant A! No funny\nnoises! It bothers me.		pending			
EN-0ACE81	main-dialogue-6	0x0ACE81	0x0ACF02	129	D7 E0 16 41 73 73 69 73 74 61 6E 74 20 41 21 20 4B E3 A7 74 68 65 CD 70 72 6F 63 65 64 75 72 65 3F DE D7 E0 17 59 65 73 2C 20 44 72 2E 47 21 20 49 20 66 61 73 74 65 6E CD E3 0E 74 6F 20 68 69 6D 21 D1 E3 0D 65 61 73 69 65 72 20 74 68 61 6E CD 77 61 73 68 69 6E 67 20 E3 05 70 61 6E 74 73 21 D1 C3 02 CD 20 C2 00 60 73 20 65 61 72 20 68 61 73 CD 20 E3 21 61 74 74 61 63 68 65 64 21 C3 00	00:2 02:1 05:1 0D:1 0E:1 16:1 17:1 A7:1 C2:1 C3:2 CD:5 D1:2 D7:2 DE:1 E0:2 E3:5	100	5	2	True	confirmed-record	[TOP][SPEAKER:16]Assistant A! K[E3][A7]the\nprocedure?[DE][TOP][SPEAKER:17]Yes, Dr.G! I fasten\n[E3][0E]to him!\f[E3][0D]easier than\nwashing [E3][05]pants!\f[YELLOW]\n [NAME]`s ear has\n [E3]!attached![/HIGHLIGHT]		pending			
EN-0ACF03	main-dialogue-6	0x0ACF03	0x0ACFB5	178	D7 E0 16 41 73 73 69 73 74 61 6E 74 20 41 21 20 4C 6F 6F 6B 21 CD E3 04 E3 90 E3 7E 62 61 63 6B 21 D1 E0 17 E3 0D 61 20 E3 16 73 75 63 63 65 73 73 21 CD 44 72 2E 47 21 CD 43 6F 6E 67 72 61 74 75 6C 61 74 69 6F 6E 73 21 D1 E0 16 51 75 69 63 6B 21 20 E3 D0 74 68 65 CD 73 74 75 66 66 20 6F 66 66 20 6F 66 20 68 69 6D 21 20 4C 65 74 60 73 CD 67 6F 20 69 6E 74 6F 20 E3 00 63 6F 6D 70 75 74 65 72 21 D1 E0 17 59 65 73 2C 20 73 69 72 2C 20 44 72 2E 47 21 CD E3 0D 65 61 73 69 65 72 20 E3 C9 77 61 73 68 69 6E 67 CD E3 05 70 61 6E 74 73 21	00:1 04:1 05:1 0D:2 16:3 17:2 90:1 C9:1 CD:7 D0:1 D1:3 D7:1 E0:4 E3:10	140	7	3	False	confirmed-record	[TOP][SPEAKER:16]Assistant A! Look!\n[E3][04][E3][90][E3]~back!\f[SPEAKER:17][E3][0D]a [E3][16]success!\nDr.G!\nCongratulations!\f[SPEAKER:16]Quick! [E3][WIPE]the\nstuff off of him! Let`s\ngo into [E3][00]computer!\f[SPEAKER:17]Yes, sir, Dr.G!\n[E3][0D]easier [E3][C9]washing\n[E3][05]pants!		pending			
EN-0ACFB6	main-dialogue-6	0x0ACFB6	0x0AD1F5	575	D7 E0 16 E3 2A 77 65 20 6D 61 6E 61 67 65 64 20 74 6F CD E3 26 6F 75 74 2E 2E 2E DE D7 4F 4B 2C 20 4F 4B 2E 20 49 20 E3 12 6B 65 65 70 CD 6D 79 20 70 72 6F 6D 69 73 65 21 CD 41 73 73 69 73 74 61 6E 74 20 41 21 20 44 6F 20 79 6F 75 CD E3 02 E3 BE 6D 6F 6E 65 79 21 3F DE D7 E0 17 57 68 61 74 3F C9 14 20 57 68 61 74 3F C9 14 20 57 68 61 74 3F CD C9 3C 4D 2E 2E 2E 6D 79 20 6D 6F 6E 65 79 21 3F D1 E0 16 E3 04 41 73 73 69 73 74 61 6E 74 60 73 20 6D 6F 6E 65 79 20 69 73 CD E3 00 44 6F 63 74 6F 72 60 73 20 6D 6F 6E 65 79 21 20 47 69 76 65 CD E3 5A E3 71 E3 01 68 61 76 65 21 D1 E0 17 49 20 2E 2E 2E 20 49 20 75 6E 64 65 72 73 74 61 6E 64 2E CD C9 3C 49 20 E3 07 E3 42 6D 75 63 68 20 6D 6F 6E 65 79 2C CD E3 0E 69 73 20 E3 71 49 20 68 61 76 65 2E 2E 2E D1 20 C2 00 20 72 65 63 65 69 76 65 64 20 C3 02 35 30 30 20 47 50 C3 00 21 CC D7 E3 2A 49 20 72 65 6D 65 6D 62 65 72 2E 20 E3 04 6D 61 6E CD 69 6E 20 E3 00 77 68 69 74 65 20 73 75 69 74 2E D1 48 69 73 20 6D 65 6D 6F 72 79 20 69 73 20 69 6E 20 74 68 65 CD C3 02 4D 61 69 6E 66 72 61 6D 65 C3 00 2E CD 49 74 20 E3 16 E3 95 74 68 65 72 65 2E D1 E3 36 6D 79 20 CD C3 02 50 72 6F 74 65 63 74 6F 72 C3 00 20 69 73 CD 67 75 61 72 64 69 6E 67 20 69 74 2E 20 49 74 20 E3 67 62 65 CD 65 61 73 79 20 74 6F 20 E3 26 69 6E 20 74 68 65 72 65 2E D1 E3 34 64 6F 20 E3 23 E3 01 63 61 6E 2E CD 49 74 20 E3 12 62 65 20 61 20 E3 5D 63 68 61 6E 63 65 CD 74 6F 20 74 65 73 74 20 E3 00 63 69 72 63 75 69 74 2E CD 49 20 E3 12 E3 37 E3 01 74 68 69 73 2E DE D7 E3 62 E3 16 E3 00 6B 65 79 CD 49 20 E3 12 E3 37 74 6F 20 79 6F 75 21 DE D7 20 C2 00 20 72 65 63 65 69 76 65 64 20 E3 00 C3 02 4B 65 79 21 C3 00 CC D7 E3 40 E3 8B 69 73 CD 66 75 6C 6C 2E 20 49 20 E3 0F 67 69 76 65 CD E3 01 E3 00 6B 65 79 2E	00:12 01:4 02:5 04:2 07:1 0E:1 0F:1 12:4 14:2 16:4 17:2 8B:1 95:1 BE:1 C2:2 C3:8 C9:4 CC:2 CD:21 D1:6 D7:7 DE:4 E0:4 E3:42	434	21	6	True	confirmed-record	[TOP][SPEAKER:16][E3]*we managed to\n[E3]&out...[DE][TOP]OK, OK. I [E3][12]keep\nmy promise!\nAssistant A! Do you\n[E3][02][E3][BE]money!?[DE][TOP][SPEAKER:17]What?[C9][14] What?[C9][14] What?\n[C9]<M...my money!?\f[SPEAKER:16][E3][04]Assistant`s money is\n[E3][00]Doctor`s money! Give\n[E3]Z[E3]q[E3][01]have!\f[SPEAKER:17]I ... I understand.\n[C9]<I [E3][07][E3]Bmuch money,\n[E3][0E]is [E3]qI have...\f [NAME] received [YELLOW]500 GP[/HIGHLIGHT]![CC][TOP][E3]*I remember. [E3][04]man\nin [E3][00]white suit.\fHis memory is in the\n[YELLOW]Mainframe[/HIGHLIGHT].\nIt [E3][16][E3][95]there.\f[E3]6my \n[YELLOW]Protector[/HIGHLIGHT] is\nguarding it. It [E3]gbe\neasy to [E3]&in there.\f[E3]4do [E3]#[E3][01]can.\nIt [E3][12]be a [E3]]chance\nto test [E3][00]circuit.\nI [E3][12][E3]7[E3][01]this.[DE][TOP][E3]b[E3][16][E3][00]key\nI [E3][12][E3]7to you![DE][TOP] [NAME] received [E3][00][YELLOW]Key![/HIGHLIGHT][CC][TOP][E3]@[E3][8B]is\nfull. I [E3][0F]give\n[E3][01][E3][00]key.		pending			
EN-0AD1F6	main-dialogue-6	0x0AD1F6	0x0AD22B	53	D7 E3 03 64 E3 78 6E 6F 77 2C 20 E3 03 67 6F 69 6E 67 CD 68 6F 6D 65 2E 20 E3 03 62 75 73 79 20 77 69 74 68 CD 6D 79 20 6E 65 78 74 20 70 72 6F 6A 65 63 74 21	03:3 CD:2 D7:1 E3:4	43	2	0	False	confirmed-record	[TOP][E3][03]d[E3]xnow, [E3][03]going\nhome. [E3][03]busy with\nmy next project!		pending			
EN-0AD3B2	main-dialogue-6	0x0AD3B2	0x0AD46D	187	D7 6B 02 1D 63 D6 6B 02 1D 2F D6 6B D7 49 20 61 6D CD C3 02 44 72 2E 47 C3 00 60 73 20 41 73 73 69 73 74 61 6E 74 CD 48 65 20 73 61 79 73 20 44 6F 63 74 6F 72 2C 20 E3 22 68 65 60 73 CD 61 20 63 6F 6D 70 75 74 65 72 20 73 70 65 63 69 61 6C 69 73 74 2E D1 E3 1A E3 60 74 6F CD C3 02 73 61 76 65 20 61 20 70 65 72 73 6F 6E 60 73 20 6D 65 6D 6F 72 79 20 69 6E CD E3 00 63 6F 6D 70 75 74 65 72 C3 00 2E CD 52 65 73 75 6C 74 73 20 E3 1C 67 6F 6F 64 2E D1 E3 04 73 75 62 6A 65 63 74 20 68 61 64 CD C3 02 6D 65 6D 6F 72 79 20 6C 6F 73 73 C3 00 2C 20 62 75 74 2E 2E 2E	00:4 02:5 04:1 1A:1 1C:1 1D:2 C3:6 CD:7 D1:2 D6:2 D7:2 E3:6	148	7	2	True	confirmed-record	[TOP]k[02][1D]c[D6]k[02][1D]/[D6]k[TOP]I am\n[YELLOW]Dr.G[/HIGHLIGHT]`s Assistant\nHe says Doctor, [E3]"he`s\na computer specialist.\f[E3][1A][E3]`to\n[YELLOW]save a person`s memory in\n[E3][00]computer[/HIGHLIGHT].\nResults [E3][1C]good.\f[E3][04]subject had\n[YELLOW]memory loss[/HIGHLIGHT], but...		pending			
EN-0AD46E	main-dialogue-6	0x0AD46E	0x0AD4B3	69	D7 5B 41 73 73 69 73 74 61 6E 74 5D 20 73 6F 75 6E 64 73 20 67 6F 6F 64 2C CD E3 22 E3 1B 61 20 E3 9C 6A 6F 62 2E CD 49 20 65 76 65 6E 20 E3 02 74 6F 20 77 61 73 68 CD 44 72 2E 47 60 73 20 70 61 6E 74 73 2E	02:1 1B:1 9C:1 CD:3 D7:1 E3:4	58	3	0	False	confirmed-record	[TOP][Assistant] sounds good,\n[E3]"[E3][1B]a [E3][9C]job.\nI even [E3][02]to wash\nDr.G`s pants.		pending			
EN-0AD4B4	main-dialogue-6	0x0AD4B4	0x0AD4D1	29	D7 41 20 6D 6F 75 73 65 2E 2E 2E 3F CD 2E 2E 2E E3 2E C9 1E 41 20 6D 6F 75 73 65 21 3F	1E:1 C9:1 CD:1 D7:1 E3:1	24	1	0	False	confirmed-record	[TOP]A mouse...?\n...[E3].[C9][1E]A mouse!?		pending			
EN-0AD4D2	main-dialogue-6	0x0AD4D2	0x0AD57D	171	D7 E0 17 2E 2E 2E 44 72 2E 47 21 CD 41 2E 2E 2E 20 61 20 6D 6F 75 73 65 21 D1 E0 16 E3 17 E3 3D 6E 6F 6E 73 65 6E 73 65 2E CD 41 20 E3 90 68 65 72 65 3F 2E 2E 2E CD C9 1E DC 01 57 68 61 74 3F DE D7 DC 09 2E 2E 2E 2E 2E 2E 2E 2E 2E DC 01 48 65 79 21 CD C9 1E 41 20 70 72 65 73 65 6E 74 20 E3 1F 61 62 6F 76 65 3F 21 CD C9 1E DC 00 41 73 73 69 73 74 61 6E 74 20 41 21 20 41 20 74 65 73 74 21 21 CD 57 65 60 6C 6C 20 E3 B9 E3 0E 6D 6F 75 73 65 21 D1 E0 17 52 6F 67 65 72 20 77 69 6C 63 6F 21 CD 41 20 74 65 73 74 21	00:1 01:2 09:1 0E:1 16:1 17:3 1E:3 1F:1 90:1 B9:1 C9:3 CD:7 D1:2 D7:2 DC:4 DE:1 E0:3 E3:6	128	7	2	False	confirmed-record	[TOP][SPEAKER:17]...Dr.G!\nA... a mouse!\f[SPEAKER:16][E3][17][E3]=nonsense.\nA [E3][90]here?...\n[C9][1E][DC][01]What?[DE][TOP][DC][09].........[DC][01]Hey!\n[C9][1E]A present [E3][1F]above?!\n[C9][1E][DC][00]Assistant A! A test!!\nWe`ll [E3][B9][E3][0E]mouse!\f[SPEAKER:17]Roger wilco!\nA test!		pending			
EN-0AD57E	main-dialogue-6	0x0AD57E	0x0AD5BD	63	D7 49 20 68 65 61 72 20 E3 E7 E3 A0 77 6F 72 6B CD E3 10 63 6F 6D 70 75 74 65 72 73 20 61 72 65 CD 73 74 72 61 6E 67 65 2C 20 E3 08 E3 1B 74 72 75 65 2E CD 42 65 20 63 61 72 65 66 75 6C 2E	08:1 10:1 1B:1 A0:1 CD:3 D7:1 E3:5 E7:1	49	3	0	False	confirmed-record	[TOP]I hear [E3][E7][E3][A0]work\n[E3][10]computers are\nstrange, [E3][08][E3][1B]true.\nBe careful.		pending			
EN-0AD5BE	main-dialogue-6	0x0AD5BE	0x0AD662	164	D7 55 68 6D 6D 6D 2E 2E 2E 2E CD C9 1E 44 6F 63 2E 2E 2E 20 44 72 2E 47 CD 61 73 6B 65 64 20 6D 65 20 74 6F 20 CD E3 37 E3 01 C3 03 6D 79 20 C3 00 6D 6F 6E 65 79 2E D1 49 66 20 E3 01 E3 37 69 74 20 62 61 63 6B CD 49 20 E3 12 E3 4F E3 01 E3 0A 68 69 6D 2E CD 20 49 20 E3 12 E3 37 69 74 20 62 61 63 6B 2E CD 20 E3 BA E3 1B 6D 69 6E 65 2E CC D0 49 66 2E 2E 2E 20 49 66 20 E3 01 E3 7B 79 6F 75 72 CD 6D 69 6E 64 2C 20 E3 20 61 6E 64 CD E3 3D 74 6F 20 6D 65 2E CD C9 1E 2E 2E 2E 53 6E 69 66 66 21	00:1 01:4 03:1 0A:1 12:2 1B:1 1E:2 BA:1 C3:2 C9:2 CC:1 CD:9 D0:1 D1:1 D7:1 E3:16	118	9	1	True	confirmed-record	[TOP]Uhmmm....\n[C9][1E]Doc... Dr.G\nasked me to \n[E3]7[E3][01][PINK]my [/HIGHLIGHT]money.\fIf [E3][01][E3]7it back\nI [E3][12][E3]O[E3][01][E3][0A]him.\n I [E3][12][E3]7it back.\n [E3][BA][E3][1B]mine.[CC][WIPE]If... If [E3][01][E3]{your\nmind, [E3] and\n[E3]=to me.\n[C9][1E]...Sniff!		pending			
EN-0AD7D7	main-dialogue-6	0x0AD7D7	0x0AD874	157	D7 02 63 D8 D7 02 80 06 02 97 80 F5 02 62 02 00 06 D8 02 0B FA 80 01 D8 02 0C E9 10 04 00 FC D7 02 1D 0B D8 6B 02 1D 75 D8 6B 02 1D B4 D8 6B 02 20 2F E5 6B D7 E3 04 63 6F 6D 70 75 74 65 72 73 20 69 6E 20 74 68 69 73 CD 46 6F 72 74 72 65 73 73 20 E3 1C E3 71 6F 6E CD 61 20 6E 65 74 77 6F 72 6B 2E D1 E3 24 69 73 20 E3 00 C3 02 4D 61 69 6E 66 72 61 6D 65 C3 00 2E CD 4F 6E 6C 79 20 44 72 2E 47 20 E3 14 65 6E 74 65 72 CD E3 04 4D 61 69 6E 66 72 61 6D 65 20 72 6F 6F 6D 2E	00:4 01:1 02:12 04:3 06:2 0B:2 0C:1 10:1 14:1 1C:1 1D:3 80:3 97:1 B4:1 C3:2 CD:4 D1:1 D7:4 D8:6 E3:7 E5:1 E9:1 F5:1 FA:1 FC:1	92	4	1	True	confirmed-record	[TOP][02]c[BOTTOM][TOP][02][80][06][02][97][80][F5][02]b[02][00][06][BOTTOM][02][0B][FA][80][01][BOTTOM][02][0C][E9][10][04][00][FC][TOP][02][1D][0B][BOTTOM]k[02][1D]u[BOTTOM]k[02][1D][B4][BOTTOM]k[02] /[E5]k[TOP][E3][04]computers in this\nFortress [E3][1C][E3]qon\na network.\f[E3]$is [E3][00][YELLOW]Mainframe[/HIGHLIGHT].\nOnly Dr.G [E3][14]enter\n[E3][04]Mainframe room.		pending			
EN-0AD875	main-dialogue-6	0x0AD875	0x0AD8B3	62	D7 44 72 2E 47 20 68 61 73 6E 60 74 20 E3 20 E3 4A 6F 66 CD E3 00 43 6F 6D 70 75 74 65 72 2E 2E 2E CD C9 1E 53 6F 6D 65 74 68 69 6E 67 20 68 61 70 70 65 6E 20 69 6E 20 74 68 65 72 65 3F	00:1 1E:1 C9:1 CD:2 D7:1 E3:3	53	2	0	False	confirmed-record	[TOP]Dr.G hasn`t [E3] [E3]Jof\n[E3][00]Computer...\n[C9][1E]Something happen in there?		pending			
EN-0AD8B4	main-dialogue-6	0x0AD8B4	0x0AD8CD	25	D7 49 20 E3 6A 69 74 20 68 61 64 CD 66 61 69 6C 65 64 20 61 67 61 69 6E 2E	CD:1 D7:1 E3:1	22	1	0	False	confirmed-record	[TOP]I [E3]jit had\nfailed again.		pending			
EN-0AD944	main-dialogue-6	0x0AD944	0x0AD979	53	D7 20 C2 00 20 E3 2F 61 20 62 6F 6F 6B 2E CD 20 E3 04 C3 02 43 79 62 65 72 6A 61 63 6B C3 00 20 77 61 73 CD 20 64 65 73 63 72 69 62 65 64 20 74 68 65 72 65 2E	00:2 02:1 04:1 C2:1 C3:2 CD:2 D7:1 E3:2	41	2	0	True	confirmed-record	[TOP] [NAME] [E3]/a book.\n [E3][04][YELLOW]Cyberjack[/HIGHLIGHT] was\n described there.		pending			
EN-0AD97A	main-dialogue-6	0x0AD97A	0x0AD9AA	48	D7 E3 31 E3 F4 69 6D 70 6F 72 74 61 6E 74 CD 72 65 73 65 61 72 63 68 20 69 6E 66 6F 72 6D 61 74 69 6F 6E 2E CD E3 17 74 6F 75 63 68 20 69 74 21	17:1 CD:2 D7:1 E3:3 F4:1	40	2	0	False	confirmed-record	[TOP][E3]1[E3][F4]important\nresearch information.\n[E3][17]touch it!		pending			
EN-0AD9AB	main-dialogue-6	0x0AD9AB	0x0ADAFE	339	D7 C3 03 20 41 20 74 65 73 74 21 20 41 20 74 65 73 74 21 CD 20 E3 03 73 6F 20 68 61 70 70 79 21 CD 20 41 20 74 65 73 74 21 20 41 20 74 65 73 74 21 CD 20 E3 03 73 6F 20 67 6C 61 64 21 C3 00 CC 00 00 68 00 00 02 CB 02 10 14 01 FF 01 DA 02 10 14 03 FF 06 DA 6B 02 0A EE 80 6B 02 0A EE 00 6B 00 00 49 00 00 02 75 52 83 02 44 02 22 93 DA 02 63 1A DA 02 80 04 02 97 80 F5 02 84 14 08 02 98 02 80 00 02 97 02 1D 3D DB 02 84 01 10 02 98 02 42 10 02 4D 00 FF F9 02 0A 52 83 02 45 64 30 02 55 03 00 08 01 02 97 80 F6 02 53 0B 01 0C 02 51 02 97 02 52 80 F3 02 84 16 03 02 98 02 80 02 02 97 02 1D BF DB 02 54 08 01 3C 02 51 02 97 02 52 80 F3 02 53 0B 01 15 02 51 02 97 02 52 80 F3 02 45 02 33 50 FF 02 B2 6B 02 62 02 00 06 D8 02 1D B6 DA 02 22 A2 DA 6B 02 62 02 00 06 D8 02 1D FF DA 02 34 50 FF 02 CF 25 DA 8A 6B D7 E3 19 64 6F 20 E3 01 77 61 6E 74 3F CD E3 24 69 73 6E 60 74 20 E3 00 74 72 61 73 68 20 72 6F 6F 6D 2E CD E3 04 70 72 69 73 6F 6E 65 72 73 20 E3 1C 69 6E 20 68 65 72 65 2E CD 49 20 E3 0F 6C 65 74 20 E3 01 69 6E 2E	00:16 01:9 02:54 03:6 04:2 06:3 08:3 0A:3 0B:2 0C:1 0F:1 10:4 14:3 15:1 16:1 19:1 1A:1 1C:1 1D:4 80:9 83:2 84:3 8A:1 93:1 97:7 98:3 A2:1 B2:1 B6:1 BF:1 C3:2 CB:1 CC:1 CD:6 CF:1 D7:2 D8:2 DA:8 DB:2 E3:10 EE:2 F3:3 F5:1 F6:1 F9:1 FF:6	144	6	0	True	confirmed-record	[TOP][PINK] A test! A test!\n [E3][03]so happy!\n A test! A test!\n [E3][03]so glad![/HIGHLIGHT][CC][00][00]h[00][00][02][CB][02][10][14][01][FF][01][DA][02][10][14][03][FF][06][DA]k[02][0A][EE][80]k[02][0A][EE][00]k[00][00]I[00][00][02]uR[83][02]D[02]"[93][DA][02]c[1A][DA][02][80][04][02][97][80][F5][02][84][14][08][02][98][02][80][00][02][97][02][1D]=[DB][02][84][01][10][02][98][02]B[10][02]M[00][FF][F9][02][0A]R[83][02]Ed0[02]U[03][00][08][01][02][97][80][F6][02]S[0B][01][0C][02]Q[02][97][02]R[80][F3][02][84][16][03][02][98][02][80][02][02][97][02][1D][BF][DB][02]T[08][01]<[02]Q[02][97][02]R[80][F3][02]S[0B][01][15][02]Q[02][97][02]R[80][F3][02]E[02]3P[FF][02][B2]k[02]b[02][00][06][BOTTOM][02][1D][B6][DA][02]"[A2][DA]k[02]b[02][00][06][BOTTOM][02][1D][FF][DA][02]4P[FF][02][CF]%[DA][8A]k[TOP][E3][19]do [E3][01]want?\n[E3]$isn`t [E3][00]trash room.\n[E3][04]prisoners [E3][1C]in here.\nI [E3][0F]let [E3][01]in.		pending			
EN-0ADAFF	main-dialogue-6	0x0ADAFF	0x0ADB3C	61	D7 E3 2E E3 40 72 65 61 6C CD E3 1D 69 73 20 69 6E 20 68 65 72 65 3F CD E3 FA E3 3C 73 65 70 61 72 61 74 65 64 3F CD C9 1E 41 6E 64 20 E3 44 6D 65 6D 6F 72 79 60 73 20 67 6F 6E 65 3F	1D:1 1E:1 C9:1 CD:3 D7:1 E3:6 FA:1	47	3	0	False	confirmed-record	[TOP][E3].[E3]@real\n[E3][1D]is in here?\n[E3][FA][E3]<separated?\n[C9][1E]And [E3]Dmemory`s gone?		pending			
EN-0ADB3D	main-dialogue-6	0x0ADB3D	0x0ADBBE	129	D7 4F 68 2E 2E 2E 20 E3 E6 62 61 64 2E CD C9 1E 49 20 E3 26 65 6D 6F 74 69 6F 6E 61 6C 20 E3 43 49 CD 68 65 61 72 20 61 20 73 74 6F 72 79 20 E3 2D 74 68 61 74 2E 2E 2E D1 E3 03 73 6F 6D 65 62 6F 64 79 60 73 20 63 68 69 6C 64 2C 20 74 6F 6F 21 CD 49 20 E3 12 E3 30 E3 01 74 6F 20 79 6F 75 72 CD 66 61 74 68 65 72 2E 20 49 20 E3 67 73 61 79 CD E3 B2 74 6F 20 42 6C 61 63 6B 6D 6F 72 65 21	01:1 03:1 12:1 1E:1 B2:1 C9:1 CD:5 D1:1 D7:1 E3:10 E6:1	105	5	1	False	confirmed-record	[TOP]Oh... [E3][E6]bad.\n[C9][1E]I [E3]&emotional [E3]CI\nhear a story [E3]-that...\f[E3][03]somebody`s child, too!\nI [E3][12][E3]0[E3][01]to your\nfather. I [E3]gsay\n[E3][B2]to Blackmore!		pending			
EN-0ADBBF	main-dialogue-6	0x0ADBBF	0x0ADBEE	47	D7 42 65 20 73 74 72 6F 6E 67 21 20 47 6F 20 E3 0C 69 74 21 CD 5B 43 61 72 70 65 20 64 69 65 6D 5D 21 CD 53 65 69 7A 65 20 E3 00 64 61 79 21	00:1 0C:1 CD:2 D7:1 E3:2	40	2	0	False	confirmed-record	[TOP]Be strong! Go [E3][0C]it!\n[Carpe diem]!\nSeize [E3][00]day!		pending			
EN-0ADC87	main-dialogue-6	0x0ADC87	0x0ADCBD	54	D7 E0 02 55 6E 64 65 72 73 74 E3 08 E3 23 49 20 66 65 65 6C 3F CD C9 1E 49 20 73 65 72 76 65 20 E3 00 48 61 63 6B 65 72 73 CD E3 BE E3 FB 49 20 63 61 6E 2E 2E 2E	00:1 02:1 08:1 1E:1 BE:1 C9:1 CD:2 D7:1 E0:1 E3:5 FB:1	38	2	0	False	confirmed-record	[TOP][SPEAKER:02]Underst[E3][08][E3]#I feel?\n[C9][1E]I serve [E3][00]Hackers\n[E3][BE][E3][FB]I can...		pending			
EN-0ADCBE	main-dialogue-6	0x0ADCBE	0x0ADCD1	19	D7 E0 02 CD 2E 2E 2E 2E 2E 2E 2E 2E 2E 2E 2E 2E 2E 2E 2E	02:1 CD:1 D7:1 E0:1	15	1	0	False	confirmed-record	[TOP][SPEAKER:02]\n...............		pending			
EN-0ADCD2	main-dialogue-6	0x0ADCD2	0x0ADE00	302	D7 E0 02 DC 09 2E 2E 2E 57 68 61 2E 2E 2E DC 00 20 57 68 61 74 CD E3 02 49 20 64 6F 6E 65 3F 21 D1 2E 2E 2E 2E 2E 2E 2E 2E 2E 2E 2E 2E 2E 2E 2E CD C2 00 3F 2E 2E 2E CD C9 3C E3 0D E3 71 63 6F 6D 69 6E 67 20 E3 3E 74 6F CD C9 1E 6D 65 2E 20 49 20 E3 BC E3 21 62 61 64 2E 2E 2E D1 C2 00 2C 20 6C 69 73 74 65 6E 20 74 6F 20 6D 65 2E CD C9 1E 45 76 65 6E 20 74 68 6F 75 67 68 20 49 20 E3 6F 6D 79 CD 6D 65 6D 6F 72 79 2C 20 E3 03 61 66 72 61 69 64 20 49 60 76 65 CD 6D 61 64 65 20 61 20 74 65 72 72 69 62 6C 65 20 74 68 69 6E 67 2E D1 49 20 6D 61 64 65 20 61 20 E3 96 70 6F 77 65 72 66 75 6C CD 6E 65 77 20 C3 02 4C 61 73 65 72 C3 00 2E CD 54 68 65 79 60 72 65 20 74 68 69 6E 6B 69 6E 67 20 6F 66 CD 74 61 72 67 65 74 69 6E 67 20 52 6F 63 6F 63 6F 2E D1 49 66 20 E3 F4 74 72 75 65 2C 20 52 6F 63 6F 63 6F CD 69 73 20 69 6E 20 64 61 6E 67 65 72 21 CD C9 1E 51 75 69 63 6B 2C 20 CD 66 6F 6C 6C 6F 77 20 6D 65 21	00:4 02:3 03:1 09:1 0D:1 1E:3 96:1 BC:1 C2:2 C3:2 C9:4 CD:13 D1:4 D7:1 DC:2 E0:1 E3:10 F4:1	247	13	4	True	confirmed-record	[TOP][SPEAKER:02][DC][09]...Wha...[DC][00] What\n[E3][02]I done?!\f...............\n[NAME]?...\n[C9]<[E3][0D][E3]qcoming [E3]>to\n[C9][1E]me. I [E3][BC][E3]!bad...\f[NAME], listen to me.\n[C9][1E]Even though I [E3]omy\nmemory, [E3][03]afraid I`ve\nmade a terrible thing.\fI made a [E3][96]powerful\nnew [YELLOW]Laser[/HIGHLIGHT].\nThey`re thinking of\ntargeting Rococo.\fIf [E3][F4]true, Rococo\nis in danger!\n[C9][1E]Quick, \nfollow me!		pending			
EN-0ADED2	main-dialogue-6	0x0ADED2	0x0ADEE8	22	D7 E0 02 C2 00 2C 20 E3 0E 77 61 79 2E CD C9 1E 48 75 72 72 79 21	00:1 02:1 0E:1 1E:1 C2:1 C9:1 CD:1 D7:1 E0:1 E3:1	12	1	0	False	confirmed-record	[TOP][SPEAKER:02][NAME], [E3][0E]way.\n[C9][1E]Hurry!		pending			
EN-0ADEE9	main-dialogue-6	0x0ADEE9	0x0ADF7D	148	D7 E0 02 C2 00 2C 20 E3 1C E3 01 4F 4B 3F CD C9 1E 49 20 E3 12 64 65 73 74 72 6F 79 20 74 68 65 CD 4C 61 73 65 72 20 69 6E 20 E3 0E 72 6F 6F 6D 2E D1 E3 09 70 75 73 68 20 74 68 65 CD C3 02 57 61 74 65 72 E3 FB 44 72 61 69 6E 20 53 77 69 74 63 68 C3 00 CD 69 6E 20 E3 00 B3 20 72 6F 6F 6D 2E D1 E3 04 70 61 74 68 20 74 6F 20 74 68 65 CD C3 02 54 6F 77 65 72 C3 00 20 E3 D2 42 6C 61 63 6B 6D 6F 72 65 CD 69 73 20 6C 69 65 73 20 74 68 65 72 65 2E	00:4 01:1 02:3 04:1 09:1 0E:1 12:1 1C:1 1E:1 B3:1 C2:1 C3:4 C9:1 CD:6 D1:2 D2:1 D7:1 E0:1 E3:9 FB:1	106	6	2	True	confirmed-record	[TOP][SPEAKER:02][NAME], [E3][1C][E3][01]OK?\n[C9][1E]I [E3][12]destroy the\nLaser in [E3][0E]room.\f[E3][09]push the\n[YELLOW]Water[E3][FB]Drain Switch[/HIGHLIGHT]\nin [E3][00][B3] room.\f[E3][04]path to the\n[YELLOW]Tower[/HIGHLIGHT] [E3][WAIT]Blackmore\nis lies there.		pending			
EN-0ADF7E	main-dialogue-6	0x0ADF7E	0x0ADF99	27	D7 E0 02 C2 00 2E CD C9 3C E3 03 63 6F 75 6E 74 69 6E 67 20 6F 6E 20 79 6F 75 2E	00:1 02:1 03:1 C2:1 C9:1 CD:1 D7:1 E0:1 E3:1	18	1	0	False	confirmed-record	[TOP][SPEAKER:02][NAME].\n[C9]<[E3][03]counting on you.		pending			
EN-0ADFBE	main-dialogue-6	0x0ADFBE	0x0AE004	70	D7 E0 02 E3 24 69 73 20 E3 00 4C 61 73 65 72 20 53 79 73 74 65 6D CD 72 6F 6F 6D 2E 20 49 20 E3 12 77 6F 72 6B 20 6F 6E 20 69 74 2C D1 E3 22 69 74 20 E3 12 E3 30 E3 3A 74 69 6D 65 2E CD 43 E3 71 E3 00 E0 00 2E	00:3 02:1 12:2 CD:2 D1:1 D7:1 E0:2 E3:9	49	2	1	False	confirmed-record	[TOP][SPEAKER:02][E3]$is [E3][00]Laser System\nroom. I [E3][12]work on it,\f[E3]"it [E3][12][E3]0[E3]:time.\nC[E3]q[E3][00][SPEAKER:00].		pending			
EN-0AE0E5	main-dialogue-6	0x0AE0E5	0x0AE0F5	16	D7 E0 0A 57 68 6F 60 73 20 74 68 65 72 65 3F 21	0A:1 D7:1 E0:1	13	0	0	False	confirmed-record	[TOP][SPEAKER:0A]Who`s there?!		pending			
EN-0AE0F6	main-dialogue-6	0x0AE0F6	0x0AE117	33	D7 E0 0A E3 88 69 73 20 E3 4B 61 CD E3 90 69 6E 20 68 65 72 65 3F 21 CD E3 0D E3 E6 6D 75 63 68 21	0A:1 0D:1 88:1 90:1 CD:2 D7:1 E0:1 E3:5 E6:1	19	2	0	False	confirmed-record	[TOP][SPEAKER:0A][E3][88]is [E3]Ka\n[E3][90]in here?!\n[E3][0D][E3][E6]much!		pending			
EN-0AE118	main-dialogue-6	0x0AE118	0x0AE239	289	D7 E0 0A 2E 2E 2E 20 57 68 61 74 3F CD 52 65 74 75 72 6E 20 E3 00 E0 00 3F CD E3 6B E3 01 63 72 61 7A 79 3F D1 48 61 20 68 61 20 68 61 2E CD E3 2C 73 6F 20 72 69 64 69 63 75 6C 6F 75 73 21 CD E3 04 6A 6F 6B 65 20 6F 66 20 E3 00 63 65 6E 74 75 72 79 21 DE D7 E0 0B E3 1A 67 61 74 68 65 72 65 64 20 33 20 E0 00 CD 62 79 20 68 69 6D 73 65 6C 66 2E 2E 2E D1 E0 0A 2E 2E 2E 20 57 68 61 74 3F D1 E3 88 E3 2B E3 01 74 72 65 61 74 CD 6D 79 20 63 75 74 65 20 E3 39 68 65 6C 70 65 72 CD 73 6F 20 68 61 72 73 68 6C 79 21 3F D1 49 20 E3 67 66 6F 72 E3 26 E3 23 79 6F 75 CD 73 61 69 64 2E 20 52 6F 73 65 2C 20 E3 26 62 61 63 6B 2E CD 49 20 E3 12 E3 30 E3 AC 6F 66 20 74 68 69 73 2E DE D7 E0 0A E3 6B E3 01 4F 4B 2C 20 6B 69 64 3F CD 49 20 E3 12 E3 6D E3 01 67 65 74 CD 72 65 76 65 6E 67 65 20 6F 6E 20 42 6C 61 63 6B 6D 6F 72 65 2E D1 50 72 65 70 E3 1C 79 6F 75 72 73 65 6C 66 21	00:4 01:4 04:1 0A:3 0B:1 12:2 1A:1 1C:1 88:1 AC:1 CD:11 D1:5 D7:3 DE:2 E0:6 E3:24	219	11	5	False	confirmed-record	[TOP][SPEAKER:0A]... What?\nReturn [E3][00][SPEAKER:00]?\n[E3]k[E3][01]crazy?\fHa ha ha.\n[E3],so ridiculous!\n[E3][04]joke of [E3][00]century![DE][TOP][SPEAKER:0B][E3][1A]gathered 3 [SPEAKER:00]\nby himself...\f[SPEAKER:0A]... What?\f[E3][88][E3]+[E3][01]treat\nmy cute [E3]9helper\nso harshly!?\fI [E3]gfor[E3]&[E3]#you\nsaid. Rose, [E3]&back.\nI [E3][12][E3]0[E3][AC]of this.[DE][TOP][SPEAKER:0A][E3]k[E3][01]OK, kid?\nI [E3][12][E3]m[E3][01]get\nrevenge on Blackmore.\fPrep[E3][1C]yourself!		pending			
EN-0AE23A	main-dialogue-6	0x0AE23A	0x0AE260	38	D7 E0 0A E3 09 E3 07 E3 37 75 70 20 65 61 73 69 6C 79 2E CD E3 24 69 73 20 E3 00 65 6E 64 20 6F 66 20 79 6F 75 21	00:1 07:1 09:1 0A:1 CD:1 D7:1 E0:1 E3:5	26	1	0	False	confirmed-record	[TOP][SPEAKER:0A][E3][09][E3][07][E3]7up easily.\n[E3]$is [E3][00]end of you!		pending			
EN-0AE48E	main-dialogue-6	0x0AE48E	0x0AE615	391	D7 E0 0A 52 6F 73 65 21 20 48 6F 77 20 E3 94 79 6F 75 CD 62 65 74 72 61 79 20 6D 65 20 E3 0E 77 61 79 3F D1 E0 0B 49 20 E3 F0 6D 65 61 6E 20 74 6F 20 62 65 74 72 61 79 CD E3 DD E3 09 E3 BC 69 74 20 61 6C 6C CD 6F 6E 20 E3 05 6F 77 6E 2E D1 54 6F 6F 20 6C 61 74 65 21 20 54 68 65 79 60 72 65 20 63 6F 6D 69 6E 67 CD E3 A6 74 6F 20 E3 26 74 68 65 CD E0 00 21 CD 54 6F 6F 20 62 61 64 20 E3 0C 79 6F 75 2E D1 E0 0A 2E 2E 2E 20 E3 2A 6E 6F 21 CD 49 66 20 E3 15 68 61 70 70 65 6E 73 2E 2E 2E D1 E0 0A E3 17 E3 01 E3 3B E3 23 74 68 69 73 CD 69 73 3F D1 E3 04 4C 61 73 65 72 20 72 65 6D 6F 74 65 21 CD E3 0D 74 61 72 67 65 74 65 64 20 6F 6E 20 74 68 69 73 CD 70 6C 61 6E 65 74 20 6F 66 20 51 75 69 6E 74 65 6E 69 78 21 D1 49 66 20 49 20 70 75 73 68 20 74 68 69 73 2C 20 47 61 6D 65 20 4F 76 65 72 21 CD 49 66 20 E3 DB 6B 6E 65 77 20 E3 0A 6D 65 CD 74 68 65 79 60 64 20 E3 42 6D 65 20 70 61 79 2C 20 73 6F CD E3 53 E3 6C E3 66 74 6F 20 6C 6F 73 65 2E DE D7 E0 0B E3 24 69 73 20 63 72 61 7A 79 21 CD 53 74 6F 70 2C 20 42 6C 61 63 6B 6D 6F 72 65 21 D1 E0 0A 43 6F 6D 70 6C 61 69 6E 20 69 6E 20 E3 00 6E 65 78 74 CD 6C 69 66 65 21 20 41 68 20 68 61 20 68 61 21 20 53 65 65 20 79 61 21	00:2 01:1 04:1 05:1 09:1 0A:5 0B:2 0C:1 0D:1 0E:1 15:1 17:1 94:1 A6:1 BC:1 CD:15 D1:7 D7:2 DB:1 DD:1 DE:1 E0:7 E3:26 F0:1	309	15	7	False	confirmed-record	[TOP][SPEAKER:0A]Rose! How [E3][94]you\nbetray me [E3][0E]way?\f[SPEAKER:0B]I [E3][F0]mean to betray\n[E3][DD][E3][09][E3][BC]it all\non [E3][05]own.\fToo late! They`re coming\n[E3][A6]to [E3]&the\n[SPEAKER:00]!\nToo bad [E3][0C]you.\f[SPEAKER:0A]... [E3]*no!\nIf [E3][15]happens...\f[SPEAKER:0A][E3][17][E3][01][E3];[E3]#this\nis?\f[E3][04]Laser remote!\n[E3][0D]targeted on this\nplanet of Quintenix!\fIf I push this, Game Over!\nIf [E3][DB]knew [E3][0A]me\nthey`d [E3]Bme pay, so\n[E3]S[E3]l[E3]fto lose.[DE][TOP][SPEAKER:0B][E3]$is crazy!\nStop, Blackmore!\f[SPEAKER:0A]Complain in [E3][00]next\nlife! Ah ha ha! See ya!		pending			
EN-0AE68C	main-dialogue-6	0x0AE68C	0x0AE706	122	D7 E0 0B E3 31 6B 69 64 2C 20 E3 91 E3 2D 79 6F 75 CD 77 6F 6E 21 20 49 20 6B 6E 65 77 20 E3 01 77 6F 75 6C 64 21 CD 42 6C 61 63 6B E3 C1 69 73 20 E3 71 6D 6F 75 74 68 21 D1 C9 14 49 20 E3 12 E3 30 E3 CC 74 6F 20 74 68 65 CD C3 02 53 6B 79 20 46 6F 72 74 C3 00 2E CD C9 14 E3 1A 67 6F 6E 65 2C 20 73 6F 20 E3 01 63 61 6E CD 62 65 E3 20 43 6F 6D 6D 61 6E 64 65 72 2E	00:1 01:2 02:1 0B:1 12:1 14:2 1A:1 91:1 C1:1 C3:2 C9:2 CC:1 CD:5 D1:1 D7:1 E0:1 E3:12	86	5	1	True	confirmed-record	[TOP][SPEAKER:0B][E3]1kid, [E3][91][E3]-you\nwon! I knew [E3][01]would!\nBlack[E3][C1]is [E3]qmouth!\f[C9][14]I [E3][12][E3]0[E3][CC]to the\n[YELLOW]Sky Fort[/HIGHLIGHT].\n[C9][14][E3][1A]gone, so [E3][01]can\nbe[E3] Commander.		pending			
EN-0AE707	main-dialogue-6	0x0AE707	0x0AE71A	19	D7 E3 0D 61 20 6D 6F 75 73 65 21 CD E3 A5 61 77 61 79 21	0D:1 A5:1 CD:1 D7:1 E3:2	13	1	0	False	confirmed-record	[TOP][E3][0D]a mouse!\n[E3][A5]away!		pending			
EN-0AE7CE	main-dialogue-6	0x0AE7CE	0x0AE890	194	D7 48 6F 77 20 E3 BC E3 01 67 65 74 CD 68 65 72 65 21 3F CD E3 34 E3 15 64 6F 65 73 6E 60 74 20 6D 61 74 74 65 72 21 CD 49 20 61 6D 20 C3 02 44 72 2E 47 C3 00 2E D1 41 73 20 61 20 74 65 73 74 20 77 65 20 63 61 6D 65 CD 69 6E 74 6F 20 E3 00 63 6F 6D 70 75 74 65 72 2E CD E3 36 6D 79 20 73 74 75 70 69 64 20 41 73 73 69 73 74 61 6E 74 CD E3 0F E3 4D E3 00 65 78 69 74 21 D1 43 61 6E 20 E3 01 6C 65 61 64 20 6D 65 20 74 6F CD 6D 79 20 6C 61 62 6F 72 61 74 6F 72 79 3F CD CF 81 E9 8A CC D7 E0 16 E3 CE E3 1C 79 6F 75 CD 67 6F 69 6E 67 21 20 50 6C 65 61 73 65 CD 6C 65 61 64 20 6D 65 2E	00:3 01:2 02:1 0F:1 15:1 16:1 1C:1 81:1 8A:1 BC:1 C3:2 CC:1 CD:10 CE:1 CF:1 D1:2 D7:2 E0:1 E3:12 E9:1	148	10	2	True	confirmed-record	[TOP]How [E3][BC][E3][01]get\nhere!?\n[E3]4[E3][15]doesn`t matter!\nI am [YELLOW]Dr.G[/HIGHLIGHT].\fAs a test we came\ninto [E3][00]computer.\n[E3]6my stupid Assistant\n[E3][0F][E3]M[E3][00]exit!\fCan [E3][01]lead me to\nmy laboratory?\n[CF][81][E9][8A][CC][TOP][SPEAKER:16][E3][CE][E3][1C]you\ngoing! Please\nlead me.		pending			
EN-0AE95A	main-dialogue-6	0x0AE95A	0x0AE980	38	D7 48 65 79 20 79 6F 75 21 20 4F 6E 20 E3 00 72 6F 61 64 21 CD E3 6B E3 01 69 67 6E 6F 72 69 6E 67 20 6D 65 21 3F	00:1 01:1 CD:1 D7:1 E3:3	31	1	0	False	confirmed-record	[TOP]Hey you! On [E3][00]road!\n[E3]k[E3][01]ignoring me!?		pending			
EN-0AE9D4	main-dialogue-6	0x0AE9D4	0x0AEA1E	74	D7 E9 6B D7 4F 68 2E 2E 2E C9 1E 20 4C 69 73 74 65 6E 2E CD 44 72 2E 47 20 62 6C 61 6D 65 64 20 6D 65 20 66 6F 72 CD E3 44 67 65 74 74 69 6E 67 20 6C 6F 73 74 21 CD C9 1E 53 6E 69 66 66 21 C9 1E 20 50 6F 6F 72 20 6D 65 21	1E:3 C9:3 CD:3 D7:2 E3:1 E9:1	61	3	0	False	confirmed-record	[TOP][E9]k[TOP]Oh...[C9][1E] Listen.\nDr.G blamed me for\n[E3]Dgetting lost!\n[C9][1E]Sniff![C9][1E] Poor me!		pending			
EN-0AEB00	main-dialogue-6	0x0AEB00	0x0AEBDB	219	D7 57 68 6F 20 E3 1C 79 6F 75 3F 20 E3 03 74 68 65 CD 65 6C 65 63 74 72 6F 6E 69 63 20 67 75 61 72 64 20 77 68 6F CD 70 72 6F 74 65 63 74 73 20 E3 0E 63 79 62 65 72 73 70 61 63 65 2E CD 4D 79 20 6E 61 6D 65 20 69 73 20 42 75 67 62 75 67 2E D1 E3 2E 52 65 74 75 72 6E 20 E3 00 70 65 6F 70 6C 65 60 73 CD 6D 65 6D 6F 72 79 20 E3 15 49 20 61 74 65 3F CD 57 65 60 6C 6C 20 E3 02 74 6F 20 6E 65 67 6F 74 69 61 74 65 2E CD 48 75 6D 61 6E 20 6D 65 6D 6F 72 79 20 74 61 73 74 65 73 20 67 6F 6F 64 2E D1 42 79 20 E3 00 77 61 79 2C 20 E3 03 68 75 6E 67 72 79 CD 6E 6F 77 2E 20 4C 65 74 20 6D 65 20 74 61 73 74 65 20 79 6F 75 72 CD 6D 65 6D 6F 72 79 2C 20 74 6F 6F 2E	00:2 02:1 03:2 0E:1 15:1 1C:1 CD:8 D1:2 D7:1 E3:9	191	8	2	False	confirmed-record	[TOP]Who [E3][1C]you? [E3][03]the\nelectronic guard who\nprotects [E3][0E]cyberspace.\nMy name is Bugbug.\f[E3].Return [E3][00]people`s\nmemory [E3][15]I ate?\nWe`ll [E3][02]to negotiate.\nHuman memory tastes good.\fBy [E3][00]way, [E3][03]hungry\nnow. Let me taste your\nmemory, too.		pending			
EN-0AEBDC	main-dialogue-6	0x0AEBDC	0x0AEC28	76	D7 DC 06 49 66 20 49 60 64 20 68 61 64 20 61 20 66 61 73 74 65 72 CD 6D 61 6E 61 67 65 6D 65 6E 74 20 72 6F 75 74 69 6E 65 2C CD 49 20 E3 94 E3 02 77 6F 6E 2E 2E 2E CD C9 3C 42 75 67 20 62 75 67 20 62 75 67 2E 2E 2E 2E 2E DC 00	00:1 02:1 06:1 94:1 C9:1 CD:3 D7:1 DC:2 E3:2	63	3	0	False	confirmed-record	[TOP][DC][06]If I`d had a faster\nmanagement routine,\nI [E3][94][E3][02]won...\n[C9]<Bug bug bug.....[DC][00]		pending			
EN-0AFC92	main-dialogue-6	0x0AFC92	0x0AFCA6	20	D7 90 10 C9 DC B0 0C 5A 08 8C 00 01 22 88 92 84 28 7A C8 C8	00:1 01:1 08:1 0C:1 10:1 84:1 88:1 8C:1 90:1 92:1 B0:1 C8:2 C9:1 D7:1 DC:1	4	0	0	False	confirmed-record	[TOP][90][10][C9][DC][B0][0C]Z[08][8C][00][01]"[88][92][84](z[C8][C8]		pending			
